# Blender 4.0.2
# www.blender.org
mtllib bazooka.mtl
o Object_4.001
v 0.017500 0.091244 -0.916242
v 0.069645 0.069645 -0.958623
v 0.024898 0.088180 -0.950284
v 0.069645 0.069645 0.911425
v 0.098493 0.000000 -0.958623
v 0.069645 0.069645 -0.958623
v 0.098493 -0.000000 0.911425
v 0.069645 -0.069645 -0.958623
v 0.098493 0.000000 -0.958623
v 0.069645 -0.069645 0.911425
v -0.000000 -0.098493 -0.958623
v 0.069645 -0.069645 -0.958623
v -0.000000 -0.098493 0.911425
v -0.069645 -0.069645 -0.958623
v -0.000000 -0.098493 -0.958623
v -0.069645 -0.069645 0.911425
v -0.098493 0.000000 -0.958623
v -0.069645 -0.069645 -0.958623
v -0.000000 0.098493 0.911425
v -0.069645 0.069645 0.911425
v -0.000000 0.093429 0.911425
v -0.000000 -0.098493 0.911425
v 0.066065 -0.066065 0.911425
v -0.000000 -0.093430 0.911425
v -0.098493 -0.000000 0.911425
v -0.069645 0.069645 -0.958623
v -0.098493 0.000000 -0.958623
v -0.017500 0.091244 -0.916242
v -0.017500 0.091244 -0.950284
v -0.024899 0.088179 -0.950284
v -0.069645 -0.069645 -0.958623
v -0.098493 0.000000 -0.958623
v -0.093429 0.000000 -0.958623
v 0.069645 0.069645 -0.958623
v 0.098493 0.000000 -0.958623
v 0.066065 0.066065 -0.958623
v 0.066065 -0.066064 -0.958623
v -0.000000 -0.098493 -0.958623
v -0.000000 -0.093429 -0.958623
v -0.024899 0.083116 -0.950284
v -0.017500 0.086181 -0.916242
v -0.066065 0.066065 -0.958623
v -0.093429 -0.000000 0.911425
v -0.066065 -0.066064 -0.958623
v -0.093429 0.000000 -0.958623
v 0.066065 -0.066065 0.911425
v -0.000000 -0.093429 -0.958623
v -0.000000 -0.093430 0.911425
v 0.066065 0.066065 -0.958623
v 0.093429 -0.000000 0.911425
v 0.066065 0.066064 0.911425
v -0.066065 0.066064 0.911425
v -0.093429 0.000000 -0.958623
v -0.066065 0.066065 -0.958623
v -0.066065 -0.066065 0.911425
v -0.000000 -0.093429 -0.958623
v -0.066065 -0.066064 -0.958623
v 0.066065 -0.066065 0.911425
v 0.093429 0.000000 -0.958623
v 0.066065 -0.066064 -0.958623
v 0.024898 0.083116 -0.950284
v 0.066065 0.066065 -0.958623
v 0.017500 0.086181 -0.916242
v -0.017500 0.091244 -0.916242
v -0.017500 0.086181 -0.950284
v -0.017500 0.091244 -0.950284
v 0.017500 0.091244 -0.916242
v 0.017500 0.086181 -0.950284
v 0.017500 0.086181 -0.916242
v -0.000000 0.093430 -0.916242
v -0.017500 0.091244 -0.916242
v -0.000000 0.098493 -0.916242
v -0.024899 0.088179 -0.958623
v -0.024899 0.083116 -0.950284
v -0.024899 0.083116 -0.958623
v 0.024898 0.083116 -0.950284
v 0.024898 0.088180 -0.958623
v 0.024898 0.083116 -0.958623
v 0.024898 0.088180 -0.950284
v 0.017500 0.086181 -0.950284
v 0.017500 0.091244 -0.950284
v -0.024899 0.088179 -0.950284
v -0.017500 0.086181 -0.950284
v -0.024899 0.083116 -0.950284
v 0.000000 0.146167 0.200925
v -0.016990 0.136358 0.200925
v -0.010000 0.140393 0.200925
v 0.016990 0.136358 0.200925
v 0.000000 0.146167 0.200925
v 0.009999 0.140394 0.200925
v 0.009999 0.146906 0.005925
v 0.000000 0.146907 0.005925
v 0.009999 0.141131 0.005925
v -0.010000 0.146906 0.005925
v -0.010000 0.141130 0.005925
v 0.017500 0.148952 0.103257
v 0.027053 0.150997 0.101212
v 0.027053 0.148952 0.103257
v 0.027053 0.148952 0.099167
v 0.017500 0.150997 0.101212
v 0.017500 0.148952 0.099167
v -0.027054 0.148952 0.099167
v -0.017500 0.146907 0.101212
v -0.017500 0.148952 0.099167
v -0.017500 0.150120 0.034256
v -0.027054 0.157405 0.008504
v -0.027054 0.150120 0.034256
v -0.027054 0.112278 0.056990
v -0.027054 0.117402 0.065864
v -0.027054 0.150120 0.034256
v -0.015436 0.098536 -0.046042
v -0.015436 0.092148 0.213871
v -0.015436 0.092149 -0.046042
v 0.014313 0.115194 0.065864
v 0.016990 0.116740 0.200925
v 0.016990 0.116740 0.020352
v -0.027054 0.102031 0.074739
v -0.027054 0.087287 0.213871
v -0.027054 0.157405 0.129741
v 0.015435 0.092149 -0.046042
v 0.015435 0.098536 0.213871
v 0.015435 0.098536 -0.046042
v -0.017628 0.116371 -0.046042
v -0.017628 0.136726 0.020352
v -0.017628 0.116371 0.020352
v -0.016990 0.116740 0.200925
v 0.000000 0.146167 0.200925
v 0.016990 0.116740 0.200925
v -0.010000 0.146907 0.106516
v -0.010000 0.159342 0.157908
v -0.010000 0.140393 0.200925
v 0.017500 0.146906 -0.007531
v 0.017500 0.146907 0.101212
v 0.017500 0.150120 0.034256
v 0.015435 0.098536 0.213871
v -0.015436 0.098536 -0.046042
v 0.015435 0.098536 -0.046042
v 0.000000 0.106931 0.020352
v 0.017628 0.116371 0.020352
v 0.000000 0.106194 0.020352
v 0.015435 0.092148 0.213871
v 0.027053 0.087287 -0.046042
v 0.027053 0.087287 0.213871
v 0.017628 0.136726 -0.046042
v 0.017628 0.116371 0.020352
v 0.017628 0.136726 0.020352
v 0.027053 0.117402 0.065864
v 0.027053 0.112278 0.056990
v 0.027053 0.150120 0.034256
v 0.000000 0.146907 -0.046042
v 0.000000 0.146907 0.005925
v -0.010000 0.141130 0.005925
v 0.009999 0.141131 0.005925
v 0.000000 0.146907 0.005925
v 0.000000 0.146907 -0.046042
v -0.010000 0.157405 0.106516
v -0.017500 0.146907 0.106516
v -0.017500 0.157405 0.106516
v -0.024382 0.103135 0.072826
v -0.027054 0.112278 0.074739
v -0.024382 0.111174 0.072826
v 0.009999 0.166496 0.157908
v -0.010000 0.159342 0.157908
v -0.010000 0.166496 0.157908
v -0.027054 0.096907 0.065864
v -0.024382 0.103135 0.058902
v -0.027054 0.102031 0.056990
v -0.024382 0.103135 0.058902
v 0.024381 0.103135 0.058902
v 0.000000 0.106931 0.058902
v 0.027053 0.152335 0.213871
v -0.027054 0.166496 0.165688
v -0.027054 0.152335 0.213871
v -0.017500 0.157405 -0.007531
v 0.017500 0.157405 -0.007531
v 0.027053 0.157405 -0.046042
v 0.027053 0.157405 -0.046042
v 0.017628 0.136726 -0.046042
v 0.000000 0.146907 -0.046042
v 0.027053 0.157405 0.129742
v 0.017500 0.157405 0.106516
v 0.009999 0.157405 0.129742
v -0.014313 0.115194 0.065864
v -0.016990 0.116740 0.020352
v -0.016990 0.116740 0.200925
v -0.014313 0.115194 0.065864
v -0.024382 0.111174 0.058902
v -0.007350 0.111174 0.058902
v -0.016990 0.136358 0.020352
v -0.016990 0.116740 0.200925
v -0.016990 0.116740 0.020352
v 0.027053 0.112278 0.056990
v 0.024381 0.103135 0.058902
v 0.027053 0.102031 0.056990
v -0.027054 0.157405 0.060007
v -0.017500 0.150120 0.034256
v -0.027054 0.150120 0.034256
v 0.017500 0.157405 0.106516
v 0.017500 0.148952 0.103257
v 0.017500 0.146907 0.106516
v -0.017500 0.148952 0.103257
v -0.027054 0.146907 0.101212
v -0.027054 0.148952 0.103257
v 0.017500 0.146907 0.101212
v 0.027053 0.148952 0.103257
v 0.027053 0.146907 0.101212
v -0.017500 0.146907 0.106516
v -0.017500 0.146907 0.101212
v -0.017500 0.148952 0.103257
v 0.009999 0.157405 0.129742
v 0.027053 0.166496 0.139487
v 0.027053 0.157405 0.129742
v -0.027054 0.117402 0.065864
v -0.024382 0.111174 0.058902
v -0.024382 0.115194 0.065864
v 0.014313 0.115194 0.065864
v 0.024381 0.111174 0.058902
v 0.024381 0.115194 0.065864
v -0.027054 0.150997 0.101212
v -0.017500 0.148952 0.099167
v -0.017500 0.150997 0.101212
v 0.009999 0.140394 0.200925
v 0.016990 0.136358 0.020352
v 0.016990 0.136358 0.200925
v 0.024381 0.103135 0.072826
v -0.024382 0.103135 0.072826
v 0.000000 0.106931 0.072826
v 0.017628 0.116371 0.020352
v 0.000000 0.106194 -0.046042
v 0.000000 0.106194 0.020352
v 0.027053 0.117402 0.065864
v 0.024381 0.111174 0.072826
v 0.024381 0.115194 0.065864
v -0.010000 0.140393 0.200925
v -0.016990 0.136358 0.020352
v -0.010000 0.140393 0.020352
v -0.015436 0.092148 0.213871
v -0.027054 0.087287 -0.046042
v -0.015436 0.092149 -0.046042
v 0.027053 0.112278 0.074739
v 0.024381 0.103135 0.072826
v 0.024381 0.111174 0.072826
v 0.009999 0.146907 0.106516
v 0.009999 0.140394 0.200925
v 0.009999 0.159342 0.157908
v 0.024381 0.103135 0.058902
v -0.024382 0.099115 0.065864
v 0.024381 0.099115 0.065864
v -0.017628 0.116371 -0.046042
v 0.000000 0.106194 -0.046042
v -0.015436 0.098536 -0.046042
v 0.027053 0.146907 0.101212
v 0.017500 0.148952 0.099167
v 0.017500 0.146907 0.101212
v -0.027054 0.117402 0.065864
v -0.024382 0.111174 0.072826
v -0.027054 0.112278 0.074739
v -0.015436 0.098536 0.213871
v 0.015435 0.098536 0.213871
v 0.027053 0.152335 0.213871
v 0.024381 0.099115 0.065864
v -0.024382 0.103135 0.072826
v 0.024381 0.103135 0.072826
v 0.017500 0.146906 -0.007531
v -0.017500 0.157405 -0.007531
v -0.017500 0.146906 -0.007531
v -0.010000 0.166496 0.139487
v -0.027054 0.157405 0.129741
v -0.027054 0.166496 0.139487
v 0.014313 0.115194 0.065864
v 0.024381 0.111174 0.072826
v 0.007350 0.111174 0.072826
v -0.027054 0.166496 0.165688
v 0.027053 0.166496 0.165688
v -0.010000 0.166496 0.157908
v 0.027053 0.157405 0.060007
v 0.017500 0.150120 0.034256
v 0.017500 0.157405 0.060007
v 0.009999 0.146907 0.106516
v 0.017500 0.157405 0.106516
v 0.017500 0.146907 0.106516
v 0.027053 0.096907 0.065864
v 0.024381 0.103135 0.058902
v 0.024381 0.099115 0.065864
v -0.017500 0.157405 0.106516
v -0.027054 0.157405 0.060007
v -0.027054 0.157405 0.129741
v 0.024381 0.103135 0.072826
v 0.027053 0.096907 0.065864
v 0.024381 0.099115 0.065864
v 0.017500 0.157405 0.008504
v 0.027053 0.150120 0.034256
v 0.027053 0.157405 0.008504
v 0.016990 0.136358 0.020352
v 0.016990 0.116740 0.200925
v 0.016990 0.136358 0.200925
v -0.010000 0.149306 0.200925
v 0.009999 0.149306 0.200925
v 0.027053 0.087287 0.213871
v 0.027053 0.102031 0.074739
v 0.027053 0.157405 0.129742
v -0.017500 0.148952 0.103257
v -0.027054 0.150997 0.101212
v -0.017500 0.150997 0.101212
v -0.027054 0.102031 0.074739
v -0.024382 0.099115 0.065864
v -0.027054 0.096907 0.065864
v -0.017628 0.116371 0.020352
v 0.000000 0.106194 -0.046042
v -0.017628 0.116371 -0.046042
v -0.010000 0.149306 0.200925
v 0.009999 0.159342 0.157908
v 0.009999 0.149306 0.200925
v 0.000000 0.146907 0.005925
v 0.017500 0.146906 -0.007531
v -0.017500 0.146906 -0.007531
v -0.027054 0.102031 0.056990
v -0.024382 0.111174 0.058902
v -0.027054 0.112278 0.056990
v -0.017500 0.146906 -0.007531
v -0.017500 0.157405 0.008504
v -0.017500 0.150120 0.034256
v -0.024382 0.111174 0.072826
v -0.014313 0.115194 0.065864
v -0.007350 0.111174 0.072826
v 0.024381 0.111174 0.058902
v 0.027053 0.117402 0.065864
v 0.024381 0.115194 0.065864
v 0.027054 0.151222 0.134093
v 0.027054 0.159124 0.120343
v 0.027054 0.151222 0.106593
v 0.102941 -0.000000 0.134092
v 0.072790 -0.072790 0.106592
v 0.102941 -0.000000 0.106592
v 0.000000 -0.100437 0.106592
v -0.071020 -0.071020 0.134092
v 0.000000 -0.100437 0.134092
v -0.071020 0.071020 0.134092
v -0.027588 0.122239 0.106593
v -0.027588 0.122239 0.134093
v 0.029554 0.151222 0.106593
v 0.029554 0.151222 0.134093
v 0.029554 0.123777 0.134093
v -0.071020 -0.071020 0.134092
v -0.100437 -0.000000 0.106592
v -0.100437 -0.000000 0.134092
v -0.072790 -0.072790 0.106592
v -0.102941 -0.000000 0.134092
v -0.102941 -0.000000 0.106592
v -0.029554 0.151222 0.134093
v -0.029554 0.159124 0.120343
v -0.029554 0.151222 0.106593
v 0.071020 -0.071020 0.134092
v 0.000000 -0.100437 0.106592
v 0.000000 -0.100437 0.134092
v -0.071020 0.071020 0.134092
v -0.100437 -0.000000 0.106592
v -0.071020 0.071020 0.106592
v 0.000000 -0.102941 0.106592
v -0.072790 -0.072790 0.134092
v -0.072790 -0.072790 0.106592
v -0.027054 0.151222 0.106593
v -0.027054 0.159124 0.120343
v -0.027054 0.151222 0.134093
v 0.072790 -0.072790 0.134092
v 0.000000 -0.102941 0.106592
v 0.072790 -0.072790 0.106592
v 0.100437 -0.000000 0.106592
v 0.071020 0.071020 0.134092
v 0.071020 0.071020 0.106592
v 0.029554 0.159124 0.120343
v 0.027054 0.151222 0.106593
v 0.027054 0.159124 0.120343
v -0.072790 0.072790 0.106592
v -0.029554 0.123777 0.134093
v -0.029554 0.123777 0.106593
v 0.027588 0.122239 0.106593
v 0.071020 0.071020 0.134092
v 0.027588 0.122239 0.134093
v -0.027054 0.151222 0.106593
v -0.029554 0.159124 0.120343
v -0.027054 0.159124 0.120343
v 0.100437 -0.000000 0.106592
v 0.071020 -0.071020 0.134092
v 0.100437 -0.000000 0.134092
v -0.027054 0.159124 0.120343
v -0.029554 0.151222 0.134093
v -0.027054 0.151222 0.134093
v -0.102941 -0.000000 0.106592
v -0.072790 0.072790 0.134092
v -0.072790 0.072790 0.106592
v 0.029554 0.123777 0.134093
v 0.072790 0.072790 0.106592
v 0.029554 0.123777 0.106593
v 0.000000 -0.102941 0.106592
v -0.072790 -0.072790 0.106592
v -0.071020 -0.071020 0.106592
v 0.029554 0.151222 0.134093
v 0.027054 0.159124 0.120343
v 0.027054 0.151222 0.134093
v 0.072790 0.072790 0.134092
v 0.102941 -0.000000 0.106592
v 0.072790 0.072790 0.106592
v 0.071020 -0.071020 0.134092
v 0.000000 -0.100437 0.134092
v 0.000000 -0.102941 0.134092
v -0.029554 0.143670 0.113603
v -0.033804 0.137834 0.116973
v -0.033804 0.143670 0.113603
v -0.029554 0.137834 0.116973
v -0.033804 0.137834 0.123712
v -0.033804 0.137834 0.116973
v -0.029554 0.137834 0.123712
v -0.033804 0.143670 0.127082
v -0.033804 0.137834 0.123712
v -0.029554 0.143670 0.127082
v -0.033804 0.149506 0.123712
v -0.033804 0.143670 0.127082
v -0.029554 0.143670 0.113603
v -0.029554 0.149507 0.116973
v -0.029554 0.143670 0.127082
v -0.029554 0.149506 0.123712
v -0.033804 0.149507 0.116973
v -0.033804 0.149506 0.123712
v -0.029554 0.149507 0.116973
v -0.033804 0.143670 0.113603
v -0.033804 0.149507 0.116973
v -0.033804 0.143670 0.127082
v -0.033804 0.149506 0.123712
v -0.033804 0.143670 0.113603
v -0.033955 0.150409 0.120343
v -0.038205 0.147040 0.114506
v -0.038205 0.150409 0.120343
v -0.033955 0.147040 0.114506
v -0.038205 0.140300 0.114506
v -0.038205 0.147040 0.114506
v -0.033955 0.140300 0.114506
v -0.038205 0.136931 0.120343
v -0.038205 0.140300 0.114506
v -0.033955 0.136931 0.120343
v -0.038205 0.140300 0.126179
v -0.038205 0.136931 0.120343
v -0.033955 0.150409 0.120343
v -0.033955 0.147040 0.126179
v -0.033955 0.136931 0.120343
v -0.033955 0.140300 0.126179
v -0.038205 0.147040 0.126179
v -0.038205 0.140300 0.126179
v -0.033955 0.147040 0.126179
v -0.038205 0.150409 0.120343
v -0.038205 0.147040 0.126179
v -0.038205 0.136931 0.120343
v -0.038205 0.140300 0.126179
v -0.038205 0.150409 0.120343
v 0.029554 0.151493 0.120343
v 0.032394 0.151493 0.120343
v 0.032394 0.150771 0.119093
v 0.034190 0.147581 0.113568
v 0.029554 0.139759 0.113568
v 0.029554 0.147581 0.113568
v 0.034190 0.139759 0.113568
v 0.034190 0.136569 0.119093
v 0.032394 0.136569 0.119093
v 0.029554 0.135847 0.120343
v 0.032394 0.135847 0.120343
v 0.032394 0.136569 0.121593
v 0.034190 0.147581 0.113568
v 0.034190 0.136569 0.119093
v 0.034190 0.139759 0.113568
v 0.034190 0.139759 0.127117
v 0.034190 0.150771 0.121593
v 0.034190 0.147581 0.127117
v 0.034190 0.139759 0.127117
v 0.029554 0.147581 0.127117
v 0.029554 0.139759 0.127117
v 0.034190 0.147581 0.127117
v 0.034190 0.150771 0.121593
v 0.032394 0.150771 0.121593
v 0.029554 0.135847 0.120343
v 0.029554 0.139759 0.127117
v 0.029554 0.151493 0.120343
v -0.041193 0.142214 0.117820
v -0.041193 0.140758 0.120343
v -0.041193 0.142214 0.122865
v 0.032013 0.145126 0.122865
v -0.041193 0.146582 0.120343
v -0.041193 0.145126 0.122865
v 0.032013 0.140758 0.120343
v -0.041193 0.142214 0.122865
v -0.041193 0.140758 0.120343
v 0.032013 0.145126 0.117820
v -0.041193 0.142214 0.117820
v -0.041193 0.145126 0.117820
v 0.032013 0.142214 0.122865
v -0.041193 0.145126 0.122865
v -0.041193 0.142214 0.122865
v 0.032013 0.142214 0.117820
v -0.041193 0.140758 0.120343
v -0.041193 0.142214 0.117820
v 0.032013 0.146582 0.120343
v -0.041193 0.145126 0.117820
v -0.041193 0.146582 0.120343
v 0.032394 0.150771 0.121593
v 0.032394 0.136569 0.121593
v 0.032394 0.136569 0.119093
v 0.032394 0.150771 0.119093
v 0.034190 0.136569 0.119093
v 0.034190 0.150771 0.119093
v 0.032394 0.136569 0.121593
v 0.034190 0.150771 0.121593
v 0.034190 0.136569 0.121593
v 0.000000 -0.098743 0.103951
v 0.069802 -0.069831 0.136734
v 0.069802 -0.069831 0.103951
v -0.098715 -0.000029 0.136734
v -0.069802 0.069773 0.103951
v -0.069802 0.069773 0.136734
v -0.072311 -0.072311 0.103951
v 0.000000 -0.102263 0.106451
v -0.072311 -0.072311 0.106451
v 0.053149 0.080249 0.134234
v 0.072311 0.072311 0.136734
v 0.072311 0.072311 0.134234
v -0.098715 -0.000029 0.136734
v -0.069802 -0.069831 0.103951
v -0.098715 -0.000029 0.103951
v -0.071073 -0.071120 0.106451
v -0.100512 -0.000047 0.134234
v -0.100512 -0.000047 0.106451
v 0.069802 -0.069831 0.103951
v 0.072311 -0.072311 0.103951
v 0.000000 -0.102263 0.103951
v -0.072311 -0.072311 0.106451
v -0.102263 0.000000 0.103951
v -0.072311 -0.072311 0.103951
v 0.069802 -0.069831 0.103951
v 0.098715 -0.000029 0.136734
v 0.098715 -0.000029 0.103951
v -0.072311 -0.072311 0.136734
v -0.102263 -0.000000 0.134234
v -0.072311 -0.072311 0.134234
v 0.071073 -0.071120 0.106451
v 0.100512 -0.000047 0.134234
v 0.071073 -0.071120 0.134234
v 0.052238 0.078827 0.106451
v 0.071073 0.071026 0.134234
v 0.071073 0.071026 0.106451
v -0.071073 0.071026 0.106451
v -0.100512 -0.000047 0.134234
v -0.071073 0.071026 0.134234
v -0.069802 -0.069831 0.103951
v 0.000000 -0.098743 0.136734
v 0.000000 -0.098743 0.103951
v 0.072311 0.072311 0.103951
v 0.053149 0.080249 0.106451
v 0.072311 0.072311 0.106451
v 0.098715 -0.000029 0.136734
v 0.069802 0.069773 0.103951
v 0.098715 -0.000029 0.103951
v 0.000000 -0.102263 0.134234
v -0.071073 -0.071120 0.134234
v 0.000000 -0.100559 0.134234
v 0.072311 0.072311 0.134234
v 0.102263 -0.000000 0.136734
v 0.102263 -0.000000 0.134234
v -0.072311 0.072311 0.103951
v -0.102263 0.000000 0.106451
v -0.072311 0.072311 0.106451
v -0.071073 -0.071120 0.106451
v 0.000000 -0.100559 0.134234
v -0.071073 -0.071120 0.134234
v -0.072311 0.072311 0.134234
v -0.102263 -0.000000 0.136734
v -0.072311 0.072311 0.136734
v -0.072311 0.072311 0.106451
v -0.053149 0.080249 0.103951
v -0.072311 0.072311 0.103951
v 0.072311 -0.072311 0.103951
v 0.000000 -0.102263 0.106451
v 0.000000 -0.102263 0.103951
v 0.051304 0.077435 0.103951
v 0.069802 0.069773 0.136734
v 0.051304 0.077435 0.136734
v -0.072311 -0.072311 0.134234
v 0.000000 -0.102264 0.136734
v -0.072311 -0.072311 0.136734
v 0.072311 -0.072311 0.134234
v 0.000000 -0.102264 0.136734
v 0.000000 -0.102263 0.134234
v 0.051304 0.077435 0.136734
v 0.052238 0.078827 0.106451
v 0.051304 0.077435 0.103951
v -0.053149 0.080249 0.134234
v -0.072311 0.072311 0.136734
v -0.053149 0.080249 0.136734
v 0.000000 -0.102263 0.106451
v 0.071073 -0.071120 0.106451
v 0.000000 -0.100559 0.106451
v -0.069802 0.069773 0.136734
v -0.051304 0.077435 0.103951
v -0.051304 0.077435 0.136734
v 0.072311 0.072311 0.103951
v 0.102263 0.000000 0.106451
v 0.102263 0.000000 0.103951
v -0.069802 -0.069831 0.136734
v -0.072311 -0.072311 0.136734
v 0.000000 -0.102264 0.136734
v 0.071073 0.071026 0.106451
v 0.100512 -0.000047 0.134234
v 0.100512 -0.000047 0.106451
v -0.052238 0.078827 0.106451
v -0.071073 0.071026 0.134234
v -0.052238 0.078827 0.134234
v 0.071073 -0.071120 0.106451
v 0.000000 -0.100559 0.134234
v 0.000000 -0.100559 0.106451
v 0.102263 -0.000000 0.134234
v 0.072311 -0.072311 0.136734
v 0.072311 -0.072311 0.134234
v 0.102263 0.000000 0.103951
v 0.072311 -0.072311 0.106451
v 0.072311 -0.072311 0.103951
v -0.051304 0.077435 0.136734
v -0.051304 0.077435 0.103951
v -0.052238 0.078827 0.134234
v 0.014456 0.092505 0.229459
v 0.048743 0.078303 0.229459
v 0.048743 0.078303 0.343858
v -0.014457 0.092505 0.229459
v -0.014457 0.092505 0.195238
v -0.000000 0.098493 0.195238
v 0.014456 0.095005 0.229459
v 0.014456 0.095005 0.195238
v -0.000000 0.100993 0.195238
v -0.014457 0.095005 0.229459
v -0.049973 0.080293 0.229459
v -0.049973 0.080293 0.343858
v 0.048743 0.078303 0.229459
v 0.048743 0.080803 0.343858
v 0.048743 0.078303 0.343858
v -0.049087 0.078160 0.343858
v -0.049973 0.080293 0.229459
v -0.049087 0.078160 0.229459
v 0.014456 0.092505 0.195238
v 0.014456 0.095005 0.229459
v 0.014456 0.092505 0.229459
v -0.000000 0.098493 0.343858
v 0.048743 0.080803 0.343858
v -0.000000 0.100993 0.343858
v -0.014457 0.092505 0.229459
v -0.049973 0.080293 0.229459
v -0.014457 0.095005 0.229459
v -0.014457 0.092505 0.229459
v -0.014457 0.095005 0.195238
v -0.014457 0.092505 0.195238
v 0.014456 0.092505 0.229459
v 0.048743 0.080803 0.229459
v 0.048743 0.078303 0.229459
v -0.000000 0.098493 0.195238
v -0.014457 0.095005 0.195238
v -0.000000 0.100993 0.195238
v 0.019200 0.137634 -0.083929
v 0.005200 0.145717 -0.108032
v 0.005200 0.145717 -0.102027
v 0.019200 0.137634 -0.882561
v 0.019200 0.131749 -0.108032
v 0.019200 0.126549 -0.111034
v 0.019200 0.115464 -0.083929
v 0.019200 0.124301 -0.100323
v 0.019200 0.126549 -0.099025
v 0.019200 0.115464 -0.083929
v 0.005200 0.107381 -0.102027
v 0.005200 0.107381 -0.108032
v -0.019200 0.115464 -0.083929
v -0.005200 0.107381 -0.108032
v -0.005200 0.107381 -0.102027
v 0.015689 0.135607 -0.083929
v 0.005200 0.141663 -0.102027
v 0.005200 0.141663 -0.108032
v -0.019200 0.115464 -0.882561
v -0.019200 0.121349 -0.108032
v -0.019200 0.126549 -0.111034
v -0.019200 0.126549 -0.099025
v -0.019200 0.137634 -0.083929
v -0.019200 0.127500 -0.099574
v -0.019200 0.137634 -0.882561
v -0.019200 0.137634 -0.083929
v -0.005200 0.145717 -0.108032
v 0.000000 0.148719 -0.882561
v 0.019200 0.115464 -0.882561
v -0.019200 0.115464 -0.882561
v 0.015689 0.117491 -0.083929
v 0.019200 0.115464 -0.083929
v 0.019200 0.137634 -0.083929
v -0.015689 0.135607 -0.083929
v -0.019200 0.137634 -0.083929
v -0.019200 0.115464 -0.083929
v 0.015689 0.135607 -0.142493
v -0.015689 0.135607 -0.142493
v 0.000000 0.108433 -0.142493
v -0.015689 0.135607 -0.083929
v -0.005200 0.141663 -0.108032
v -0.005200 0.141663 -0.102027
v -0.015689 0.117491 -0.083929
v -0.005200 0.111435 -0.102027
v -0.005200 0.111435 -0.108032
v 0.015689 0.117491 -0.083929
v 0.015689 0.126549 -0.099025
v 0.015689 0.124118 -0.100428
v 0.015689 0.135607 -0.142493
v 0.015689 0.117491 -0.142493
v 0.015689 0.126549 -0.111034
v -0.015689 0.135607 -0.083929
v -0.015689 0.126549 -0.099025
v -0.015689 0.127683 -0.099679
v -0.015689 0.126549 -0.111034
v -0.015689 0.121349 -0.108032
v -0.015689 0.117491 -0.142493
v 0.015689 0.117491 -0.083929
v 0.005200 0.111435 -0.108032
v 0.005200 0.111435 -0.102027
v -0.005200 0.107381 -0.108032
v -0.000000 0.108433 -0.111034
v -0.005200 0.111435 -0.108032
v -0.000000 0.144665 -0.111034
v -0.005200 0.145717 -0.108032
v -0.005200 0.141663 -0.108032
v -0.005200 0.107381 -0.108032
v -0.005200 0.111435 -0.102027
v -0.005200 0.107381 -0.102027
v -0.005200 0.145717 -0.102027
v -0.005200 0.141663 -0.108032
v -0.005200 0.145717 -0.108032
v -0.005200 0.107381 -0.102027
v -0.000000 0.108433 -0.099025
v -0.000000 0.104378 -0.099025
v -0.005200 0.145717 -0.102027
v -0.000000 0.144665 -0.099025
v -0.005200 0.141663 -0.102027
v 0.005200 0.107381 -0.102027
v -0.000000 0.108433 -0.099025
v 0.005200 0.111435 -0.102027
v 0.005200 0.145717 -0.102027
v -0.000000 0.144665 -0.099025
v -0.000000 0.148719 -0.099025
v 0.005200 0.107381 -0.108032
v 0.005200 0.111435 -0.102027
v 0.005200 0.111435 -0.108032
v 0.005200 0.141663 -0.108032
v 0.005200 0.145717 -0.102027
v 0.005200 0.145717 -0.108032
v 0.005200 0.107381 -0.108032
v -0.000000 0.108433 -0.111034
v -0.000000 0.104378 -0.111034
v 0.005200 0.145717 -0.108032
v -0.000000 0.144665 -0.111034
v 0.005200 0.141663 -0.108032
v 0.015689 0.131749 -0.102027
v 0.019200 0.131749 -0.102027
v 0.019200 0.129501 -0.100729
v -0.019200 0.131749 -0.102027
v -0.015689 0.131749 -0.102027
v -0.015689 0.127683 -0.099679
v 0.019200 0.131749 -0.102027
v 0.015689 0.131749 -0.108032
v 0.019200 0.131749 -0.108032
v -0.019200 0.131749 -0.102027
v -0.015689 0.131749 -0.108032
v -0.015689 0.131749 -0.102027
v 0.019200 0.131749 -0.108032
v 0.015689 0.126549 -0.111034
v 0.019200 0.126549 -0.111034
v -0.019200 0.131749 -0.108032
v -0.015689 0.126549 -0.111034
v -0.015689 0.131749 -0.108032
v 0.019200 0.126549 -0.111034
v 0.015689 0.121349 -0.108032
v 0.019200 0.121349 -0.108032
v -0.019200 0.121349 -0.108032
v -0.015689 0.126549 -0.111034
v -0.019200 0.126549 -0.111034
v 0.015689 0.121349 -0.108032
v 0.019200 0.121349 -0.102027
v 0.019200 0.121349 -0.108032
v -0.019200 0.121349 -0.108032
v -0.015689 0.121349 -0.102027
v -0.015689 0.121349 -0.108032
v 0.015689 0.126549 -0.099025
v 0.019200 0.126549 -0.099025
v 0.019200 0.124301 -0.100323
v -0.015689 0.126549 -0.099025
v -0.019200 0.121349 -0.102027
v -0.019200 0.126549 -0.099025
v 0.000000 0.145140 -0.880712
v 0.016100 0.135844 -0.888109
v 0.000000 0.145140 -0.888109
v 0.016100 0.135844 -0.880712
v 0.016100 0.117253 -0.888109
v 0.016100 0.135844 -0.888109
v 0.016100 0.117253 -0.880712
v 0.000000 0.107958 -0.888109
v 0.016100 0.117253 -0.888109
v 0.000000 0.107958 -0.880712
v -0.016100 0.117253 -0.888109
v 0.000000 0.107958 -0.888109
v -0.016100 0.117253 -0.880712
v -0.016100 0.135844 -0.888109
v -0.016100 0.117253 -0.888109
v -0.016100 0.135844 -0.880712
v 0.000000 0.145140 -0.888109
v -0.016100 0.135844 -0.888109
v 0.000000 0.147519 -0.045488
v 0.018160 0.137034 -0.085348
v 0.000000 0.147519 -0.085348
v 0.018160 0.137034 -0.085348
v 0.018160 0.116064 -0.045488
v 0.018160 0.116064 -0.085348
v 0.018160 0.116064 -0.045488
v 0.000000 0.105579 -0.085348
v 0.018160 0.116064 -0.085348
v 0.000000 0.105579 -0.045488
v -0.018160 0.116064 -0.085348
v 0.000000 0.105579 -0.085348
v -0.018160 0.116064 -0.045488
v -0.018160 0.137034 -0.085348
v -0.018160 0.116064 -0.085348
v -0.018160 0.137034 -0.045488
v 0.000000 0.147519 -0.085348
v -0.018160 0.137034 -0.085348
v 0.100020 0.015080 -0.831140
v 0.089777 0.039809 -0.908214
v 0.088364 0.043221 -0.831140
v 0.069626 -0.069625 -0.831140
v 0.098465 0.000000 -0.959017
v 0.069626 -0.069625 -0.959017
v 0.000000 -0.103560 -0.831140
v 0.073228 -0.073228 -0.831140
v 0.000000 -0.098465 -0.831140
v -0.015230 -0.099810 -0.831140
v -0.011127 -0.100409 -0.909598
v -0.011671 -0.099810 -0.908214
v 0.011536 -0.099810 -0.908214
v 0.011103 -0.115097 -0.917704
v 0.011102 -0.097310 -0.909598
v 0.011536 -0.099810 -0.908214
v 0.014918 -0.097310 -0.831765
v 0.015229 -0.099810 -0.831140
v 0.011536 -0.099810 -0.908214
v -0.000001 -0.105570 -0.831140
v -0.000068 -0.105570 -0.908214
v -0.011127 -0.100409 -0.909598
v 0.000000 -0.103070 -0.831765
v -0.000012 -0.103070 -0.909598
v 0.010936 -0.117169 -0.916320
v 0.009629 -0.115097 -0.947408
v 0.011103 -0.115097 -0.917704
v -0.095828 0.019719 -0.951866
v -0.089380 0.037268 -0.954248
v -0.088680 0.036977 -0.951866
v 0.073228 -0.073228 -0.959017
v 0.000000 -0.103560 -0.831140
v 0.000000 -0.103560 -0.959017
v -0.011127 -0.100409 -0.909598
v -0.011204 -0.117169 -0.916320
v -0.011671 -0.099810 -0.908214
v -0.011204 -0.117169 -0.916320
v -0.009599 -0.115097 -0.947408
v -0.009594 -0.117169 -0.948912
v 0.000000 -0.103070 -0.831765
v -0.015230 -0.099810 -0.831140
v -0.000001 -0.105570 -0.831140
v -0.009599 -0.115097 -0.947408
v -0.009341 -0.104230 -0.954248
v -0.009594 -0.117169 -0.948912
v 0.009629 -0.115097 -0.947408
v 0.009340 -0.104230 -0.954248
v 0.009339 -0.103472 -0.951866
v -0.000001 -0.107542 -0.844055
v -0.000001 -0.101590 -0.856610
v 0.007766 -0.101590 -0.848539
v -0.000001 -0.107542 -0.844055
v 0.007766 -0.101590 -0.848539
v 0.007766 -0.101590 -0.839571
v -0.000001 -0.107542 -0.844055
v 0.007766 -0.101590 -0.839571
v -0.000001 -0.101590 -0.831499
v -0.000001 -0.107542 -0.844055
v -0.000001 -0.101590 -0.831499
v -0.007767 -0.101590 -0.839571
v -0.000001 -0.107542 -0.844055
v -0.007767 -0.101590 -0.839571
v -0.007767 -0.101590 -0.848539
v -0.000001 -0.107542 -0.844055
v -0.007767 -0.101590 -0.848539
v -0.000001 -0.101590 -0.856610
v -0.000001 -0.107542 -0.870560
v -0.000001 -0.101590 -0.883115
v 0.007766 -0.101590 -0.875043
v -0.000001 -0.107542 -0.870560
v 0.007766 -0.101590 -0.875043
v 0.007766 -0.101590 -0.866075
v -0.000001 -0.107542 -0.870560
v 0.007766 -0.101590 -0.866075
v -0.000001 -0.101590 -0.858004
v -0.000001 -0.107542 -0.870560
v -0.000001 -0.101590 -0.858004
v -0.007767 -0.101590 -0.866075
v -0.000001 -0.107542 -0.870560
v -0.007767 -0.101590 -0.866075
v -0.007767 -0.101590 -0.875043
v -0.000001 -0.107542 -0.870560
v -0.007767 -0.101590 -0.875043
v -0.000001 -0.101590 -0.883115
v -0.000012 -0.103070 -0.909598
v -0.011105 -0.115097 -0.917704
v -0.011127 -0.100409 -0.909598
v -0.000068 -0.105570 -0.908214
v 0.010936 -0.117169 -0.916320
v 0.011536 -0.099810 -0.908214
v 0.011102 -0.097310 -0.909598
v 0.000000 -0.103070 -0.831765
v 0.014918 -0.097310 -0.831765
v -0.011671 -0.099810 -0.908214
v -0.000001 -0.105570 -0.831140
v -0.015230 -0.099810 -0.831140
v -0.086174 0.041976 -0.831765
v -0.089726 0.039933 -0.908214
v -0.088364 0.043221 -0.831140
v -0.098607 0.018492 -0.908214
v -0.109701 0.023556 -0.917703
v -0.096131 0.017936 -0.909598
v -0.098607 0.018492 -0.908214
v -0.097591 0.014411 -0.831765
v -0.100020 0.015080 -0.831140
v -0.111551 0.024504 -0.916320
v -0.109137 0.024919 -0.947408
v -0.109701 0.023556 -0.917703
v -0.089726 0.039933 -0.908214
v -0.101203 0.044074 -0.917703
v -0.103079 0.044958 -0.916320
v -0.103079 0.044958 -0.916320
v -0.101779 0.042682 -0.947408
v -0.103695 0.043471 -0.948912
v -0.101779 0.042682 -0.947408
v -0.089380 0.037268 -0.954248
v -0.103695 0.043471 -0.948912
v -0.109137 0.024919 -0.947408
v -0.096529 0.020009 -0.954248
v -0.095828 0.019719 -0.951866
v -0.100011 0.031561 -0.844055
v -0.096345 0.030042 -0.850033
v -0.098326 0.025259 -0.847044
v -0.100011 0.031561 -0.844055
v -0.098326 0.025259 -0.847044
v -0.098326 0.025259 -0.841065
v -0.100011 0.031561 -0.844055
v -0.098326 0.025259 -0.841065
v -0.096345 0.030042 -0.838076
v -0.100011 0.031561 -0.844055
v -0.096345 0.030042 -0.838076
v -0.094363 0.034826 -0.841065
v -0.100011 0.031561 -0.844055
v -0.094363 0.034826 -0.841065
v -0.094363 0.034826 -0.847044
v -0.100011 0.031561 -0.844055
v -0.094363 0.034826 -0.847044
v -0.096345 0.030042 -0.850033
v -0.100011 0.031561 -0.870560
v -0.096345 0.030043 -0.876538
v -0.098326 0.025259 -0.873549
v -0.100011 0.031561 -0.870560
v -0.098326 0.025259 -0.873549
v -0.098326 0.025259 -0.867570
v -0.100011 0.031561 -0.870560
v -0.098326 0.025259 -0.867570
v -0.096345 0.030042 -0.864581
v -0.100011 0.031561 -0.870560
v -0.096345 0.030042 -0.864581
v -0.094363 0.034826 -0.867570
v -0.100011 0.031561 -0.870560
v -0.094363 0.034826 -0.867570
v -0.094363 0.034826 -0.873549
v -0.100011 0.031561 -0.870560
v -0.094363 0.034826 -0.873549
v -0.096345 0.030043 -0.876538
v 0.097591 0.014412 -0.831765
v 0.098658 0.018369 -0.908214
v 0.100020 0.015080 -0.831140
v 0.089777 0.039809 -0.908214
v 0.101203 0.044074 -0.917703
v 0.087633 0.038452 -0.909598
v 0.089777 0.039809 -0.908214
v 0.086173 0.041977 -0.831765
v 0.088364 0.043221 -0.831140
v 0.103181 0.044712 -0.916320
v 0.101767 0.042711 -0.947408
v 0.101203 0.044074 -0.917703
v 0.098658 0.018369 -0.908214
v 0.109702 0.023556 -0.917703
v 0.111653 0.024257 -0.916320
v 0.111653 0.024257 -0.916320
v 0.109125 0.024947 -0.947408
v 0.111037 0.025745 -0.948912
v 0.109125 0.024947 -0.947408
v 0.096529 0.020009 -0.954248
v 0.111037 0.025745 -0.948912
v 0.101767 0.042711 -0.947408
v 0.089380 0.037268 -0.954248
v 0.088680 0.036977 -0.951866
v 0.097758 0.030628 -0.844055
v 0.094092 0.029109 -0.850033
v 0.092111 0.033893 -0.847044
v 0.097758 0.030628 -0.844055
v 0.092111 0.033893 -0.847044
v 0.092111 0.033893 -0.841065
v 0.097758 0.030628 -0.844055
v 0.092111 0.033893 -0.841065
v 0.094092 0.029109 -0.838076
v 0.097758 0.030628 -0.844055
v 0.094092 0.029109 -0.838076
v 0.096074 0.024326 -0.841065
v 0.097758 0.030628 -0.844055
v 0.096074 0.024326 -0.841065
v 0.096074 0.024326 -0.847044
v 0.097758 0.030628 -0.844055
v 0.096074 0.024326 -0.847044
v 0.094092 0.029109 -0.850033
v 0.097758 0.030628 -0.870560
v 0.094092 0.029109 -0.876538
v 0.092111 0.033893 -0.873549
v 0.097758 0.030628 -0.870560
v 0.092111 0.033893 -0.873549
v 0.092111 0.033893 -0.867570
v 0.097758 0.030628 -0.870560
v 0.092111 0.033893 -0.867570
v 0.094092 0.029109 -0.864581
v 0.097758 0.030628 -0.870560
v 0.094092 0.029109 -0.864581
v 0.096074 0.024326 -0.867570
v 0.097758 0.030628 -0.870560
v 0.096074 0.024326 -0.867570
v 0.096074 0.024326 -0.873549
v 0.097758 0.030628 -0.870560
v 0.096074 0.024326 -0.873549
v 0.094092 0.029109 -0.876538
v 0.089380 0.037268 -0.954248
v 0.111037 0.025745 -0.948912
v 0.096529 0.020009 -0.954248
v 0.009340 -0.104230 -0.954248
v -0.009594 -0.117169 -0.948912
v -0.009341 -0.104230 -0.954248
v 0.009339 -0.103472 -0.951866
v -0.009341 -0.104230 -0.954248
v -0.009341 -0.103472 -0.951866
v 0.011103 -0.115097 -0.917704
v -0.011105 -0.115097 -0.917704
v -0.000012 -0.103070 -0.909598
v 0.069626 0.069626 -0.959017
v 0.025171 0.088040 -0.893640
v 0.017500 0.091217 -0.916242
v 0.103560 0.000000 -0.959017
v 0.073228 -0.073228 -0.831140
v 0.073228 -0.073228 -0.959017
v -0.025174 0.093133 -0.893640
v -0.025171 0.088040 -0.831140
v -0.025171 0.088040 -0.893640
v -0.101779 0.042682 -0.947408
v -0.109701 0.023556 -0.917703
v -0.109137 0.024919 -0.947408
v -0.098465 0.000000 -0.831140
v -0.069626 -0.069625 -0.959017
v -0.098465 0.000000 -0.959017
v -0.086174 0.041976 -0.831765
v -0.096131 0.017936 -0.909598
v -0.087624 0.038473 -0.909598
v -0.011204 -0.117169 -0.916320
v 0.010936 -0.117169 -0.916320
v -0.000068 -0.105570 -0.908214
v 0.000000 -0.098465 -0.959017
v 0.073228 -0.073228 -0.959017
v 0.000000 -0.103560 -0.959017
v -0.101203 0.044074 -0.917703
v -0.096131 0.017936 -0.909598
v -0.109701 0.023556 -0.917703
v -0.015230 -0.099810 -0.831140
v -0.014918 -0.097310 -0.831765
v -0.011127 -0.100409 -0.909598
v 0.011536 -0.099810 -0.908214
v 0.010936 -0.117169 -0.916320
v 0.011103 -0.115097 -0.917704
v 0.011536 -0.099810 -0.908214
v 0.011102 -0.097310 -0.909598
v 0.014918 -0.097310 -0.831765
v 0.011536 -0.099810 -0.908214
v 0.015229 -0.099810 -0.831140
v -0.000001 -0.105570 -0.831140
v -0.011127 -0.100409 -0.909598
v -0.014918 -0.097310 -0.831765
v 0.000000 -0.103070 -0.831765
v 0.010936 -0.117169 -0.916320
v 0.009678 -0.117169 -0.948912
v 0.009629 -0.115097 -0.947408
v -0.000068 -0.105570 -0.908214
v -0.011671 -0.099810 -0.908214
v -0.011204 -0.117169 -0.916320
v -0.000012 -0.103070 -0.909598
v 0.011102 -0.097310 -0.909598
v 0.011103 -0.115097 -0.917704
v -0.011127 -0.100409 -0.909598
v -0.011105 -0.115097 -0.917704
v -0.011204 -0.117169 -0.916320
v 0.009339 -0.103472 -0.951866
v -0.009599 -0.115097 -0.947408
v 0.009629 -0.115097 -0.947408
v -0.009599 -0.115097 -0.947408
v 0.011103 -0.115097 -0.917704
v 0.009629 -0.115097 -0.947408
v -0.009594 -0.117169 -0.948912
v 0.010936 -0.117169 -0.916320
v -0.011204 -0.117169 -0.916320
v -0.011204 -0.117169 -0.916320
v -0.011105 -0.115097 -0.917704
v -0.009599 -0.115097 -0.947408
v -0.000001 -0.105570 -0.831140
v 0.015229 -0.099810 -0.831140
v 0.000000 -0.103070 -0.831765
v 0.015229 -0.099810 -0.831140
v 0.014918 -0.097310 -0.831765
v 0.000000 -0.103070 -0.831765
v 0.000000 -0.103070 -0.831765
v -0.014918 -0.097310 -0.831765
v -0.015230 -0.099810 -0.831140
v -0.009599 -0.115097 -0.947408
v -0.009341 -0.103472 -0.951866
v -0.009341 -0.104230 -0.954248
v 0.009629 -0.115097 -0.947408
v 0.009678 -0.117169 -0.948912
v 0.009340 -0.104230 -0.954248
v 0.011102 -0.097310 -0.909598
v -0.000012 -0.103070 -0.909598
v 0.000000 -0.103070 -0.831765
v -0.011671 -0.099810 -0.908214
v -0.000068 -0.105570 -0.908214
v -0.000001 -0.105570 -0.831140
v -0.086174 0.041976 -0.831765
v -0.087624 0.038473 -0.909598
v -0.089726 0.039933 -0.908214
v -0.098607 0.018492 -0.908214
v -0.111551 0.024504 -0.916320
v -0.109701 0.023556 -0.917703
v -0.098607 0.018492 -0.908214
v -0.096131 0.017936 -0.909598
v -0.097591 0.014411 -0.831765
v 0.000000 -0.098465 -0.831140
v 0.069626 -0.069625 -0.959017
v 0.000000 -0.098465 -0.959017
v 0.111037 0.025745 -0.948912
v 0.103181 0.044712 -0.916320
v 0.111653 0.024257 -0.916320
v -0.088364 0.043221 -0.831140
v -0.098607 0.018492 -0.908214
v -0.100020 0.015080 -0.831140
v -0.111551 0.024504 -0.916320
v -0.111070 0.025666 -0.948912
v -0.109137 0.024919 -0.947408
v 0.017500 0.096312 -0.916242
v 0.025174 0.093133 -0.893640
v 0.073228 0.073229 -0.959017
v -0.089726 0.039933 -0.908214
v -0.087624 0.038473 -0.909598
v -0.101203 0.044074 -0.917703
v 0.000000 -0.103560 -0.831140
v -0.073228 -0.073228 -0.959017
v 0.000000 -0.103560 -0.959017
v -0.103695 0.043471 -0.948912
v -0.111551 0.024504 -0.916320
v -0.103079 0.044958 -0.916320
v -0.103079 0.044958 -0.916320
v -0.101203 0.044074 -0.917703
v -0.101779 0.042682 -0.947408
v -0.101779 0.042682 -0.947408
v -0.088680 0.036977 -0.951866
v -0.089380 0.037268 -0.954248
v -0.109137 0.024919 -0.947408
v -0.111070 0.025666 -0.948912
v -0.096529 0.020009 -0.954248
v 0.097591 0.014412 -0.831765
v 0.096140 0.017915 -0.909598
v 0.098658 0.018369 -0.908214
v 0.089777 0.039809 -0.908214
v 0.103181 0.044712 -0.916320
v 0.101203 0.044074 -0.917703
v 0.089777 0.039809 -0.908214
v 0.087633 0.038452 -0.909598
v 0.086173 0.041977 -0.831765
v -0.096529 0.020009 -0.954248
v -0.103695 0.043471 -0.948912
v -0.089380 0.037268 -0.954248
v 0.103181 0.044712 -0.916320
v 0.103662 0.043549 -0.948912
v 0.101767 0.042711 -0.947408
v 0.097591 0.014412 -0.831765
v 0.087633 0.038452 -0.909598
v 0.096140 0.017915 -0.909598
v 0.103181 0.044712 -0.916320
v 0.098658 0.018369 -0.908214
v 0.111653 0.024257 -0.916320
v 0.098658 0.018369 -0.908214
v 0.096140 0.017915 -0.909598
v 0.109702 0.023556 -0.917703
v 0.109702 0.023556 -0.917703
v 0.087633 0.038452 -0.909598
v 0.101203 0.044074 -0.917703
v 0.088680 0.036977 -0.951866
v 0.109125 0.024947 -0.947408
v 0.101767 0.042711 -0.947408
v -0.103560 0.000000 -0.831140
v -0.073228 -0.073228 -0.959017
v -0.073228 -0.073228 -0.831140
v 0.111653 0.024257 -0.916320
v 0.109702 0.023556 -0.917703
v 0.109125 0.024947 -0.947408
v 0.109125 0.024947 -0.947408
v 0.101203 0.044074 -0.917703
v 0.101767 0.042711 -0.947408
v 0.109125 0.024947 -0.947408
v 0.095828 0.019719 -0.951866
v 0.096529 0.020009 -0.954248
v 0.101767 0.042711 -0.947408
v 0.103662 0.043549 -0.948912
v 0.089380 0.037268 -0.954248
v 0.025174 0.093133 -0.893640
v 0.025171 0.088040 -0.831140
v 0.025174 0.093133 -0.831140
v 0.088680 0.036977 -0.951866
v 0.096529 0.020009 -0.954248
v 0.095828 0.019719 -0.951866
v -0.025174 0.093133 -0.959017
v -0.025171 0.088040 -0.950267
v -0.025171 0.088040 -0.959017
v -0.095828 0.019719 -0.951866
v -0.101779 0.042682 -0.947408
v -0.109137 0.024919 -0.947408
v -0.086174 0.041976 -0.831765
v -0.100020 0.015080 -0.831140
v -0.097591 0.014411 -0.831765
v 0.069626 0.069626 -0.959017
v 0.098465 0.000000 -0.831140
v 0.069626 0.069626 -0.831140
v -0.069626 0.069626 -0.831140
v -0.098465 0.000000 -0.959017
v -0.069626 0.069626 -0.959017
v 0.000000 -0.098465 -0.831140
v -0.069626 -0.069625 -0.959017
v -0.069626 -0.069625 -0.831140
v 0.025174 0.093133 -0.959017
v 0.025171 0.088040 -0.950267
v 0.025174 0.093133 -0.950267
v -0.073228 0.073229 -0.959017
v -0.025174 0.093133 -0.893640
v -0.017500 0.096312 -0.916242
v -0.073228 0.073229 -0.831140
v -0.103560 0.000000 -0.959017
v -0.103560 0.000000 -0.831140
v 0.097591 0.014412 -0.831765
v 0.088364 0.043221 -0.831140
v 0.086173 0.041977 -0.831765
v -0.111551 0.024504 -0.916320
v -0.089726 0.039933 -0.908214
v -0.103079 0.044958 -0.916320
v -0.017500 0.091217 -0.916242
v -0.025171 0.088040 -0.893640
v -0.069626 0.069626 -0.959017
v 0.025174 0.093133 -0.950267
v 0.017500 0.091217 -0.950267
v 0.017500 0.096312 -0.950267
v -0.025174 0.093133 -0.950267
v -0.017500 0.091217 -0.950267
v -0.025171 0.088040 -0.950267
v 0.073228 0.073229 -0.831140
v 0.103560 0.000000 -0.959017
v 0.073228 0.073229 -0.959017
v 0.000000 0.103561 -0.893640
v 0.000000 0.098466 -0.893640
v 0.025174 0.093133 -0.893640
v 0.105639 -0.000002 -0.904284
v 0.100510 -0.005955 -0.907723
v 0.100518 0.000001 -0.916946
v 0.100510 -0.005955 -0.907723
v 0.105639 -0.000002 -0.904284
v 0.100510 -0.005955 -0.900845
v 0.100518 0.000001 -0.891623
v 0.100510 -0.005955 -0.900845
v 0.105639 -0.000002 -0.904284
v 0.100518 0.000001 -0.891623
v 0.105639 -0.000002 -0.904284
v 0.100527 0.005956 -0.900845
v 0.100527 0.005956 -0.900845
v 0.105639 -0.000002 -0.904284
v 0.100527 0.005956 -0.907723
v 0.100527 0.005956 -0.907723
v 0.105639 -0.000002 -0.904284
v 0.100518 0.000001 -0.916946
v 0.105639 -0.000002 -0.930534
v 0.100510 -0.005955 -0.933973
v 0.100518 0.000001 -0.943195
v 0.100510 -0.005955 -0.933973
v 0.105639 -0.000002 -0.930534
v 0.100510 -0.005955 -0.927096
v 0.100518 0.000001 -0.917873
v 0.100510 -0.005955 -0.927096
v 0.105639 -0.000002 -0.930534
v 0.100518 0.000001 -0.917873
v 0.105639 -0.000002 -0.930534
v 0.100527 0.005956 -0.927096
v 0.100527 0.005956 -0.927096
v 0.105639 -0.000002 -0.930534
v 0.100527 0.005956 -0.933973
v 0.100527 0.005956 -0.933973
v 0.105639 -0.000002 -0.930534
v 0.100518 0.000001 -0.943195
v -0.105639 -0.000002 -0.904284
v -0.100518 0.000001 -0.916946
v -0.100510 -0.005955 -0.907723
v -0.100510 -0.005955 -0.907723
v -0.100510 -0.005955 -0.900845
v -0.105639 -0.000002 -0.904284
v -0.100518 0.000001 -0.891623
v -0.105639 -0.000002 -0.904284
v -0.100510 -0.005955 -0.900845
v -0.100518 0.000001 -0.891623
v -0.100527 0.005956 -0.900845
v -0.105639 -0.000002 -0.904284
v -0.100527 0.005956 -0.900845
v -0.100527 0.005956 -0.907723
v -0.105639 -0.000002 -0.904284
v -0.100527 0.005956 -0.907723
v -0.100518 0.000001 -0.916946
v -0.105639 -0.000002 -0.904284
v -0.105639 -0.000002 -0.930534
v -0.100518 0.000001 -0.943195
v -0.100510 -0.005955 -0.933973
v -0.100510 -0.005955 -0.933973
v -0.100510 -0.005955 -0.927096
v -0.105639 -0.000002 -0.930534
v -0.100518 0.000001 -0.917873
v -0.105639 -0.000002 -0.930534
v -0.100510 -0.005955 -0.927096
v -0.100518 0.000001 -0.917873
v -0.100527 0.005956 -0.927096
v -0.105639 -0.000002 -0.930534
v -0.100527 0.005956 -0.927096
v -0.100527 0.005956 -0.933973
v -0.105639 -0.000002 -0.930534
v -0.100527 0.005956 -0.933973
v -0.100518 0.000001 -0.943195
v -0.105639 -0.000002 -0.930534
v -0.017500 0.096312 -0.916242
v -0.017500 0.091217 -0.950267
v -0.017500 0.096312 -0.950267
v 0.017500 0.091217 -0.916242
v 0.017500 0.096312 -0.950267
v 0.017500 0.091217 -0.950267
v 0.000000 0.098466 -0.916242
v -0.017500 0.096312 -0.916242
v 0.000000 0.103561 -0.916242
v -0.131952 0.009417 -0.850295
v -0.138208 0.011506 -0.840040
v -0.137387 0.013849 -0.840040
v -0.131952 0.009417 -0.829762
v -0.131051 0.011823 -0.829762
v -0.137387 0.013849 -0.840040
v -0.112980 0.069559 -0.850295
v -0.113621 0.067071 -0.850295
v -0.119974 0.069045 -0.840040
v -0.131952 0.009417 -0.850295
v -0.137387 0.013849 -0.840040
v -0.131051 0.011823 -0.850295
v -0.131952 0.009417 -0.829762
v -0.137387 0.013849 -0.840040
v -0.138208 0.011506 -0.840040
v -0.112980 0.069559 -0.829762
v -0.119302 0.071435 -0.840040
v -0.119974 0.069045 -0.840040
v -0.112980 0.069559 -0.829762
v -0.119974 0.069045 -0.840040
v -0.113621 0.067071 -0.829762
v -0.112980 0.069559 -0.850295
v -0.119974 0.069045 -0.840040
v -0.119302 0.071435 -0.840040
v -0.087853 0.062101 -0.850295
v -0.084344 0.053363 -0.850433
v -0.089324 0.059403 -0.850295
v -0.084344 0.053363 -0.850433
v -0.086864 0.053145 -0.850429
v -0.089324 0.059403 -0.850295
v -0.104382 0.004987 -0.850147
v -0.112232 0.002830 -0.829592
v -0.112248 0.002836 -0.850295
v -0.111294 0.005503 -0.850295
v -0.105927 0.007125 -0.850157
v -0.104382 0.004987 -0.850147
v -0.087853 0.062101 -0.850295
v -0.084328 0.053477 -0.829901
v -0.084344 0.053363 -0.850433
v -0.113433 0.067012 -0.837465
v -0.108989 0.065631 -0.834778
v -0.113621 0.067071 -0.829762
v -0.104382 0.004987 -0.850147
v -0.104366 0.005102 -0.829615
v -0.112232 0.002830 -0.829592
v -0.111294 0.005503 -0.829608
v -0.121468 0.008757 -0.829762
v -0.112232 0.002830 -0.829592
v -0.112232 0.002830 -0.829592
v -0.121468 0.008757 -0.829762
v -0.122269 0.006183 -0.829762
v -0.087836 0.062096 -0.829941
v -0.103193 0.066654 -0.829762
v -0.089324 0.059403 -0.829919
v -0.103193 0.066654 -0.829762
v -0.103877 0.064043 -0.829762
v -0.089324 0.059403 -0.829919
v -0.084328 0.053477 -0.829901
v -0.087836 0.062096 -0.829941
v -0.089324 0.059403 -0.829919
v -0.112248 0.002836 -0.850295
v -0.111294 0.005503 -0.850295
v -0.104382 0.004987 -0.850147
v -0.087853 0.062101 -0.850295
v -0.087836 0.062096 -0.829941
v -0.084328 0.053477 -0.829901
v -0.105927 0.007125 -0.850157
v -0.105927 0.007125 -0.829625
v -0.101861 0.016867 -0.850215
v -0.086864 0.053145 -0.829897
v -0.086864 0.053145 -0.850429
v -0.090903 0.043320 -0.850372
v -0.089324 0.059403 -0.850295
v -0.104545 0.064251 -0.842838
v -0.108989 0.065631 -0.845525
v -0.113621 0.067071 -0.850295
v -0.089324 0.059403 -0.850295
v -0.108989 0.065631 -0.845525
v -0.126431 0.010345 -0.845525
v -0.121999 0.008927 -0.842838
v -0.111294 0.005503 -0.850295
v -0.104545 0.064251 -0.842838
v -0.089324 0.059403 -0.850295
v -0.089324 0.059403 -0.829919
v -0.103193 0.066654 -0.829762
v -0.113621 0.067071 -0.829762
v -0.103877 0.064043 -0.829762
v -0.113433 0.067012 -0.837465
v -0.112663 0.069465 -0.842838
v -0.112663 0.069465 -0.837465
v -0.122269 0.006183 -0.829762
v -0.131051 0.011823 -0.829762
v -0.131952 0.009417 -0.829762
v -0.112980 0.069559 -0.850295
v -0.089324 0.059403 -0.850295
v -0.113621 0.067071 -0.850295
v -0.131051 0.011823 -0.829762
v -0.126431 0.010345 -0.834778
v -0.130863 0.011762 -0.837465
v -0.088855 0.042472 -0.850369
v -0.086864 0.053145 -0.850429
v -0.084344 0.053363 -0.850433
v -0.086864 0.053145 -0.829897
v -0.105927 0.007125 -0.829625
v -0.104366 0.005102 -0.829615
v -0.122269 0.006183 -0.829762
v -0.127225 0.007838 -0.834778
v -0.122811 0.006364 -0.837465
v -0.112248 0.002836 -0.850295
v -0.131051 0.011823 -0.850295
v -0.111294 0.005503 -0.850295
v -0.131639 0.009312 -0.837465
v -0.130863 0.011762 -0.842838
v -0.130863 0.011762 -0.837465
v -0.131639 0.009312 -0.842838
v -0.126431 0.010345 -0.845525
v -0.130863 0.011762 -0.842838
v -0.101861 0.016867 -0.850215
v -0.086864 0.053145 -0.829897
v -0.090903 0.043320 -0.850372
v -0.131639 0.009312 -0.837465
v -0.126431 0.010345 -0.834778
v -0.127225 0.007838 -0.834778
v -0.112980 0.069559 -0.829762
v -0.112663 0.069465 -0.837465
v -0.119302 0.071435 -0.840040
v -0.105927 0.007125 -0.850157
v -0.099813 0.016019 -0.850212
v -0.104382 0.004987 -0.850147
v -0.138208 0.011506 -0.840040
v -0.131639 0.009312 -0.837465
v -0.131952 0.009417 -0.829762
v -0.112663 0.069465 -0.837465
v -0.108989 0.065631 -0.834778
v -0.113433 0.067012 -0.837465
v -0.112663 0.069465 -0.842838
v -0.108989 0.065631 -0.845525
v -0.108202 0.068140 -0.845525
v -0.127225 0.007838 -0.845525
v -0.121999 0.008927 -0.842838
v -0.126431 0.010345 -0.845525
v -0.127225 0.007838 -0.834778
v -0.121999 0.008927 -0.837465
v -0.122811 0.006364 -0.837465
v -0.103740 0.066816 -0.842838
v -0.104545 0.064251 -0.837465
v -0.103740 0.066816 -0.837465
v -0.101889 0.016675 -0.884619
v -0.099813 0.016019 -0.850212
v -0.101861 0.016867 -0.850215
v -0.104366 0.005102 -0.829615
v -0.099813 0.016019 -0.850212
v -0.088855 0.042472 -0.850369
v -0.105927 0.007125 -0.850157
v -0.111294 0.005503 -0.829608
v -0.105927 0.007125 -0.829625
v -0.099841 0.015827 -0.884616
v -0.090931 0.043128 -0.884775
v -0.088884 0.042280 -0.884772
v -0.088884 0.042280 -0.884772
v -0.090903 0.043320 -0.850372
v -0.088855 0.042472 -0.850369
v -0.108202 0.068140 -0.834778
v -0.104545 0.064251 -0.837465
v -0.108989 0.065631 -0.834778
v -0.108202 0.068140 -0.845525
v -0.104545 0.064251 -0.842838
v -0.103740 0.066816 -0.842838
v -0.122811 0.006364 -0.842838
v -0.121999 0.008927 -0.837465
v -0.121999 0.008927 -0.842838
v -0.089324 0.059403 -0.850295
v -0.086864 0.053145 -0.829897
v -0.089324 0.059403 -0.829919
v -0.108202 0.068140 -0.845525
v -0.103740 0.066816 -0.842838
v -0.087853 0.062101 -0.850295
v -0.034565 0.110985 -0.950360
v -0.040395 0.103035 -0.950360
v -0.040376 0.103060 -0.950360
v 0.040376 0.103060 -0.950360
v 0.040395 0.103035 -0.950360
v 0.034565 0.110985 -0.950360
v 0.040395 0.103035 -0.950360
v 0.040376 0.103060 -0.950360
v 0.066002 0.092445 -0.950360
v -0.066003 0.092445 -0.950360
v -0.040376 0.103060 -0.950360
v -0.040395 0.103035 -0.950360
v 0.019200 0.134795 -0.920871
v 0.033537 0.144893 -0.918902
v 0.019200 0.144895 -0.918902
v 0.019200 0.148719 -0.915853
v -0.019200 0.148719 -0.922019
v -0.019200 0.148719 -0.915853
v 0.000000 0.148719 -0.915853
v 0.019200 0.137634 -0.886259
v 0.019200 0.137634 -0.915853
v -0.022679 0.110390 -0.886259
v -0.022679 0.110390 -0.915853
v -0.040376 0.103060 -0.915853
v -0.019200 0.137634 -0.915853
v 0.000000 0.148719 -0.886259
v 0.000000 0.148719 -0.915853
v -0.029675 0.148719 -0.922019
v -0.019200 0.144895 -0.918902
v -0.019200 0.148719 -0.922019
v -0.073228 0.073229 -0.950360
v -0.017500 0.096312 -0.950360
v -0.017500 0.096312 -0.916242
v 0.040376 0.103060 -0.915853
v 0.034565 0.110985 -0.950360
v 0.034565 0.110985 -0.915853
v 0.066002 0.092445 -0.950360
v 0.040376 0.103060 -0.950360
v 0.040376 0.103060 -0.915853
v -0.081342 0.053640 -0.886259
v -0.073228 0.073229 -0.950360
v -0.073228 0.073229 -0.886259
v 0.033537 0.134795 -0.920871
v 0.019200 0.127847 -0.915853
v 0.039335 0.127847 -0.915853
v 0.066002 0.092445 -0.950360
v 0.086241 0.069785 -0.886259
v 0.086241 0.069785 -0.950360
v 0.081342 0.053641 -0.950360
v 0.086907 0.063180 -0.886259
v 0.081342 0.053641 -0.886259
v 0.022679 0.110390 -0.915853
v 0.019200 0.115464 -0.886259
v 0.022679 0.110390 -0.886259
v -0.033537 0.134795 -0.920871
v -0.039335 0.127847 -0.950360
v -0.039335 0.127847 -0.915853
v -0.066003 0.092445 -0.886259
v -0.086242 0.069785 -0.950360
v -0.086242 0.069785 -0.886259
v -0.039335 0.127847 -0.950360
v -0.034565 0.110985 -0.915853
v -0.039335 0.127847 -0.915853
v -0.086908 0.063180 -0.950360
v -0.086242 0.069785 -0.886259
v -0.086242 0.069785 -0.950360
v -0.040376 0.103060 -0.950360
v -0.040376 0.103060 -0.915853
v -0.034565 0.110985 -0.950360
v -0.019200 0.137634 -0.915853
v -0.019200 0.148719 -0.915853
v -0.019200 0.144895 -0.918902
v 0.086907 0.063180 -0.886259
v 0.086241 0.069785 -0.950360
v 0.086241 0.069785 -0.886259
v 0.081342 0.053641 -0.886259
v 0.073228 0.073229 -0.950360
v 0.081342 0.053641 -0.950360
v -0.033537 0.134795 -0.920871
v -0.033537 0.144892 -0.950083
v -0.033537 0.134795 -0.950360
v 0.034565 0.110985 -0.950360
v 0.040395 0.103035 -0.950360
v 0.017500 0.096312 -0.950360
v -0.034565 0.110985 -0.950360
v -0.017500 0.134795 -0.950360
v -0.017500 0.096312 -0.950360
v 0.033537 0.144892 -0.950083
v 0.033537 0.134795 -0.950360
v 0.017500 0.134795 -0.950360
v 0.019200 0.115464 -0.886259
v 0.019200 0.115464 -0.915853
v 0.019200 0.127847 -0.915853
v -0.029675 0.148719 -0.922019
v 0.029675 0.148719 -0.949978
v -0.029675 0.148719 -0.949978
v -0.029675 0.148719 -0.922019
v -0.033537 0.144892 -0.950083
v -0.033537 0.144893 -0.918902
v 0.040376 0.103060 -0.915853
v 0.040395 0.103035 -0.950360
v 0.040376 0.103060 -0.950360
v 0.029675 0.148719 -0.922019
v 0.033537 0.144892 -0.950083
v 0.029675 0.148719 -0.949978
v 0.039335 0.127847 -0.950360
v 0.034565 0.110985 -0.915853
v 0.034565 0.110985 -0.950360
v 0.033537 0.134795 -0.920871
v 0.039335 0.127847 -0.950360
v 0.033537 0.134795 -0.950360
v 0.000000 0.103561 -0.886259
v 0.000000 0.103561 -0.916242
v 0.017500 0.096312 -0.916242
v -0.019200 0.115464 -0.886259
v -0.022679 0.110390 -0.915853
v -0.022679 0.110390 -0.886259
v -0.081342 0.053640 -0.886259
v -0.086908 0.063180 -0.950360
v -0.081342 0.053640 -0.950360
v -0.086242 0.069785 -0.886259
v -0.086908 0.063180 -0.886259
v -0.073228 0.073229 -0.886259
v -0.033537 0.134795 -0.920871
v -0.019200 0.127847 -0.915853
v -0.019200 0.134795 -0.920871
v 0.039335 0.127847 -0.915853
v 0.019200 0.127847 -0.915853
v 0.019200 0.115464 -0.915853
v -0.019200 0.115464 -0.915853
v -0.039335 0.127847 -0.915853
v -0.034565 0.110985 -0.915853
v 0.033537 0.134795 -0.920871
v 0.033537 0.144892 -0.950083
v 0.033537 0.144893 -0.918902
v -0.019200 0.134795 -0.920871
v -0.033537 0.144893 -0.918902
v -0.033537 0.134795 -0.920871
v 0.029675 0.148719 -0.922019
v 0.019200 0.144895 -0.918902
v 0.033537 0.144893 -0.918902
v 0.055707 0.100698 -0.904284
v 0.059775 0.094955 -0.907723
v 0.054272 0.097234 -0.911161
v 0.059775 0.094955 -0.907723
v 0.055707 0.100698 -0.904284
v 0.059775 0.094955 -0.900846
v 0.054272 0.097234 -0.897407
v 0.059775 0.094955 -0.900846
v 0.055707 0.100698 -0.904284
v 0.054272 0.097234 -0.897407
v 0.055707 0.100698 -0.904284
v 0.048770 0.099513 -0.900846
v 0.048770 0.099513 -0.900846
v 0.055707 0.100698 -0.904284
v 0.048770 0.099513 -0.907723
v 0.048770 0.099513 -0.907723
v 0.055707 0.100698 -0.904284
v 0.054272 0.097234 -0.911161
v 0.055707 0.100698 -0.930534
v 0.059775 0.094955 -0.933973
v 0.054272 0.097234 -0.937411
v 0.059775 0.094955 -0.933973
v 0.055707 0.100698 -0.930534
v 0.059775 0.094955 -0.927096
v 0.054272 0.097234 -0.923657
v 0.059775 0.094955 -0.927096
v 0.055707 0.100698 -0.930534
v 0.054272 0.097234 -0.923657
v 0.055707 0.100698 -0.930534
v 0.048770 0.099513 -0.927096
v 0.048770 0.099513 -0.927096
v 0.055707 0.100698 -0.930534
v 0.048770 0.099513 -0.933973
v 0.048770 0.099513 -0.933973
v 0.055707 0.100698 -0.930534
v 0.054272 0.097234 -0.937411
v 0.079099 0.083371 -0.904284
v 0.080237 0.076426 -0.907723
v 0.076291 0.080886 -0.911161
v 0.080237 0.076426 -0.907723
v 0.079099 0.083371 -0.904284
v 0.080237 0.076426 -0.900846
v 0.076291 0.080886 -0.897407
v 0.080237 0.076426 -0.900846
v 0.079099 0.083371 -0.904284
v 0.076291 0.080886 -0.897407
v 0.079099 0.083371 -0.904284
v 0.072345 0.085347 -0.900846
v 0.072345 0.085347 -0.900846
v 0.079099 0.083371 -0.904284
v 0.072345 0.085347 -0.907723
v 0.072345 0.085347 -0.907723
v 0.079099 0.083371 -0.904284
v 0.076291 0.080886 -0.911161
v 0.079099 0.083371 -0.930534
v 0.080237 0.076426 -0.933973
v 0.076291 0.080886 -0.937411
v 0.080237 0.076426 -0.933973
v 0.079099 0.083371 -0.930534
v 0.080237 0.076426 -0.927096
v 0.076291 0.080886 -0.923657
v 0.080237 0.076426 -0.927096
v 0.079099 0.083371 -0.930534
v 0.076291 0.080886 -0.923657
v 0.079099 0.083371 -0.930534
v 0.072345 0.085347 -0.927096
v 0.072345 0.085347 -0.927096
v 0.079099 0.083371 -0.930534
v 0.072345 0.085347 -0.933973
v 0.072345 0.085347 -0.933973
v 0.079099 0.083371 -0.930534
v 0.076291 0.080886 -0.937411
v -0.055707 0.100698 -0.904284
v -0.054272 0.097234 -0.911161
v -0.059775 0.094955 -0.907723
v -0.059775 0.094955 -0.907723
v -0.059775 0.094955 -0.900846
v -0.055707 0.100698 -0.904284
v -0.054272 0.097234 -0.897407
v -0.055707 0.100698 -0.904284
v -0.059775 0.094955 -0.900846
v -0.054272 0.097234 -0.897407
v -0.048770 0.099513 -0.900846
v -0.055707 0.100698 -0.904284
v -0.048770 0.099513 -0.900846
v -0.048770 0.099513 -0.907723
v -0.055707 0.100698 -0.904284
v -0.048770 0.099513 -0.907723
v -0.054272 0.097234 -0.911161
v -0.055707 0.100698 -0.904284
v -0.055707 0.100698 -0.930534
v -0.054272 0.097234 -0.937411
v -0.059775 0.094955 -0.933973
v -0.059775 0.094955 -0.933973
v -0.059775 0.094955 -0.927096
v -0.055707 0.100698 -0.930534
v -0.054272 0.097234 -0.923657
v -0.055707 0.100698 -0.930534
v -0.059775 0.094955 -0.927096
v -0.054272 0.097234 -0.923657
v -0.048770 0.099513 -0.927096
v -0.055707 0.100698 -0.930534
v -0.048770 0.099513 -0.927096
v -0.048770 0.099513 -0.933973
v -0.055707 0.100698 -0.930534
v -0.048770 0.099513 -0.933973
v -0.054272 0.097234 -0.937411
v -0.055707 0.100698 -0.930534
v -0.079099 0.083371 -0.904284
v -0.076291 0.080886 -0.911161
v -0.080237 0.076426 -0.907723
v -0.080237 0.076426 -0.907723
v -0.080237 0.076426 -0.900846
v -0.079099 0.083371 -0.904284
v -0.076291 0.080886 -0.897407
v -0.079099 0.083371 -0.904284
v -0.080237 0.076426 -0.900846
v -0.076291 0.080886 -0.897407
v -0.072345 0.085347 -0.900846
v -0.079099 0.083371 -0.904284
v -0.072345 0.085347 -0.900846
v -0.072345 0.085347 -0.907723
v -0.079099 0.083371 -0.904284
v -0.072345 0.085347 -0.907723
v -0.076291 0.080886 -0.911161
v -0.079099 0.083371 -0.904284
v -0.079099 0.083371 -0.930534
v -0.076291 0.080886 -0.937411
v -0.080237 0.076426 -0.933973
v -0.080237 0.076426 -0.933973
v -0.080237 0.076426 -0.927096
v -0.079099 0.083371 -0.930534
v -0.076291 0.080886 -0.923657
v -0.079099 0.083371 -0.930534
v -0.080237 0.076426 -0.927096
v -0.076291 0.080886 -0.923657
v -0.072345 0.085347 -0.927096
v -0.079099 0.083371 -0.930534
v -0.072345 0.085347 -0.927096
v -0.072345 0.085347 -0.933973
v -0.079099 0.083371 -0.930534
v -0.072345 0.085347 -0.933973
v -0.076291 0.080886 -0.937411
v -0.079099 0.083371 -0.930534
v -0.017500 0.134795 -0.916431
v -0.017500 0.096312 -0.950360
v -0.017500 0.134795 -0.950360
v 0.017500 0.134795 -0.916431
v 0.017500 0.096312 -0.950360
v 0.017500 0.096312 -0.916242
v 0.017500 0.134795 -0.916431
v 0.017500 0.096312 -0.916242
v 0.000000 0.103561 -0.916242
v 0.000000 0.143758 -0.950170
v -0.017500 0.134795 -0.916431
v -0.017500 0.134795 -0.950360
v 0.017500 0.134795 -0.916431
v 0.000000 0.143758 -0.950170
v 0.017500 0.134795 -0.950360
v -0.021455 0.087383 -0.950322
v 0.021453 0.087383 -0.950322
v -0.019158 0.144519 -0.950322
v 0.023769 0.135270 -0.959072
v 0.034835 0.132296 -0.959072
v 0.032788 0.130063 -0.959072
v 0.014750 0.130063 -0.959072
v 0.014750 0.119648 -0.959072
v -0.014779 0.130063 -0.959072
v 0.037455 0.121301 -0.950322
v 0.021453 0.087383 -0.959072
v 0.037455 0.121301 -0.959072
v -0.019158 0.144519 -0.959072
v 0.019157 0.144519 -0.950322
v 0.019157 0.144519 -0.959072
v 0.021453 0.087383 -0.959072
v -0.021455 0.087383 -0.950322
v -0.021455 0.087383 -0.959072
v -0.019158 0.144519 -0.950322
v -0.034837 0.132296 -0.959072
v -0.034837 0.132296 -0.950322
v 0.019157 0.144519 -0.959072
v 0.034835 0.132296 -0.950322
v 0.034835 0.132296 -0.959072
v -0.034837 0.132296 -0.959072
v -0.023798 0.135270 -0.959072
v -0.032817 0.130063 -0.959072
v -0.030092 0.121189 -0.955618
v -0.032818 0.119648 -0.959072
v -0.032817 0.130004 -0.959072
v -0.030092 0.128521 -0.955618
v -0.023798 0.135270 -0.959072
v -0.023742 0.132187 -0.955618
v -0.014779 0.130063 -0.959072
v -0.023742 0.132187 -0.955618
v -0.023798 0.135270 -0.959072
v -0.030092 0.121189 -0.955618
v -0.023798 0.114441 -0.959072
v -0.032818 0.119648 -0.959072
v -0.023742 0.117523 -0.955618
v -0.014779 0.119648 -0.959072
v -0.023798 0.114441 -0.959072
v -0.017392 0.121189 -0.955618
v -0.014779 0.130063 -0.959072
v -0.014779 0.119648 -0.959072
v 0.017475 0.121189 -0.955618
v 0.014750 0.130063 -0.959072
v 0.017475 0.128521 -0.955618
v 0.017475 0.128521 -0.955618
v 0.023769 0.135270 -0.959072
v 0.023825 0.132187 -0.955618
v 0.032788 0.130063 -0.959072
v 0.023825 0.132187 -0.955618
v 0.023769 0.135270 -0.959072
v 0.017475 0.121189 -0.955618
v 0.023769 0.114441 -0.959072
v 0.014750 0.119648 -0.959072
v 0.023825 0.117523 -0.955618
v 0.032788 0.119648 -0.959072
v 0.023769 0.114441 -0.959072
v 0.030175 0.121189 -0.955618
v 0.032788 0.130063 -0.959072
v 0.032788 0.119648 -0.959072
v 0.028494 0.120219 -0.955618
v 0.028762 0.120374 -0.955618
v 0.023825 0.117523 -0.955618
v 0.028842 0.123900 -0.957409
v 0.023825 0.130649 -0.957409
v 0.028842 0.127752 -0.957409
v 0.023825 0.132187 -0.955618
v 0.020489 0.128723 -0.957409
v 0.019157 0.129492 -0.955618
v 0.028842 0.127752 -0.957409
v 0.023825 0.132187 -0.955618
v 0.030175 0.128521 -0.955618
v 0.023825 0.119062 -0.957409
v 0.018808 0.125811 -0.957409
v 0.027161 0.120988 -0.957409
v -0.023742 0.119062 -0.957409
v -0.017392 0.121189 -0.955618
v -0.023742 0.117523 -0.955618
v -0.028410 0.120219 -0.955618
v -0.030092 0.121189 -0.955618
v -0.030092 0.122820 -0.955618
v 0.017475 0.126580 -0.955618
v 0.027161 0.120988 -0.957409
v 0.018808 0.125811 -0.957409
v -0.030092 0.128521 -0.955618
v -0.028759 0.123900 -0.957409
v -0.030092 0.123131 -0.955618
v -0.023742 0.117523 -0.955618
v -0.027078 0.120988 -0.957409
v -0.023742 0.119062 -0.957409
v 0.018808 0.125811 -0.957409
v 0.017475 0.121189 -0.955618
v 0.017475 0.126580 -0.955618
v 0.028494 0.120219 -0.955618
v 0.017475 0.126580 -0.955618
v 0.030175 0.123131 -0.955618
v -0.030092 0.123131 -0.955618
v -0.030092 0.122820 -0.955618
v -0.030092 0.128521 -0.955618
v 0.023825 0.119062 -0.957409
v 0.017475 0.121189 -0.955618
v 0.018808 0.121959 -0.957409
v -0.030092 0.128521 -0.955618
v -0.023742 0.130649 -0.957409
v -0.028759 0.127752 -0.957409
v -0.028759 0.127752 -0.957409
v -0.020406 0.128723 -0.957409
v -0.028759 0.123900 -0.957409
v -0.019073 0.129492 -0.955618
v -0.028759 0.123900 -0.957409
v -0.020406 0.128723 -0.957409
v -0.017392 0.121189 -0.955618
v -0.018725 0.125811 -0.957409
v -0.017392 0.126580 -0.955618
v -0.027078 0.120988 -0.957409
v -0.018725 0.121959 -0.957409
v -0.023742 0.119062 -0.957409
v 0.019157 0.129492 -0.955618
v 0.028842 0.123900 -0.957409
v 0.030175 0.123131 -0.955618
v 0.030175 0.123131 -0.955618
v 0.028842 0.127752 -0.957409
v 0.030175 0.128521 -0.955618
v 0.023825 0.117523 -0.955618
v 0.027161 0.120988 -0.957409
v 0.028494 0.120219 -0.955618
v -0.017392 0.126580 -0.955618
v -0.027078 0.120988 -0.957409
v -0.028410 0.120219 -0.955618
v -0.020406 0.128723 -0.957409
v -0.023742 0.132187 -0.955618
v -0.019073 0.129492 -0.955618
v -0.034837 0.132296 -0.959072
v -0.037457 0.121301 -0.950322
v -0.034837 0.132296 -0.950322
v 0.037455 0.121301 -0.959072
v 0.034835 0.132296 -0.950322
v 0.037455 0.121301 -0.950322
v -0.037457 0.121301 -0.959072
v -0.021455 0.087383 -0.950322
v -0.037457 0.121301 -0.950322
v 0.000000 0.118892 -0.943061
v -0.008260 0.081667 -0.938292
v -0.008260 0.118892 -0.938292
v -0.008260 0.118892 -0.938292
v -0.008260 0.081667 -0.928753
v -0.008260 0.118892 -0.928753
v 0.012118 0.119553 -0.914738
v 0.012118 0.133546 -0.950848
v 0.012118 0.133546 -0.914738
v 0.004002 0.081667 -0.935833
v 0.004002 0.081667 -0.931212
v 0.000000 0.112556 -0.933523
v -0.004002 0.081667 -0.931212
v -0.004002 0.081667 -0.935833
v 0.000000 0.112556 -0.933523
v 0.004002 0.081667 -0.931212
v 0.000000 0.081667 -0.928901
v 0.000000 0.112556 -0.933523
v 0.000000 0.081667 -0.938144
v 0.004002 0.081667 -0.935833
v 0.000000 0.112556 -0.933523
v -0.004002 0.081667 -0.935833
v 0.000000 0.081667 -0.938144
v 0.000000 0.112556 -0.933523
v 0.000000 0.081667 -0.928901
v -0.004002 0.081667 -0.931212
v 0.000000 0.112556 -0.933523
v 0.000000 0.140542 -0.914738
v -0.012118 0.133546 -0.950848
v -0.012118 0.133546 -0.914738
v 0.000000 0.112556 -0.914738
v 0.012118 0.119553 -0.950848
v 0.012118 0.119553 -0.914738
v -0.012118 0.119553 -0.914738
v 0.000000 0.112556 -0.950848
v 0.000000 0.112556 -0.914738
v -0.012118 0.133546 -0.914738
v -0.012118 0.119553 -0.950848
v -0.012118 0.119553 -0.914738
v 0.000000 0.081667 -0.938144
v -0.004002 0.081667 -0.935833
v -0.008260 0.081667 -0.938292
v 0.012118 0.133546 -0.914738
v 0.000000 0.140542 -0.950848
v 0.000000 0.140542 -0.914738
v 0.000000 0.081667 -0.928901
v 0.004002 0.081667 -0.931212
v 0.000000 0.081667 -0.923984
v 0.008260 0.118892 -0.928753
v 0.008260 0.081667 -0.938292
v 0.008260 0.118892 -0.938292
v 0.000000 0.081667 -0.943061
v 0.008260 0.118892 -0.938292
v 0.008260 0.081667 -0.938292
v 0.008260 0.118892 -0.928753
v 0.000000 0.081667 -0.923984
v 0.008260 0.081667 -0.928753
v -0.008260 0.118892 -0.928753
v 0.000000 0.081667 -0.923984
v 0.000000 0.118892 -0.923984
v 0.008547 0.135239 0.853835
v 0.012533 0.133055 0.851533
v 0.008547 0.133055 0.849232
v 0.008547 0.135239 0.853835
v 0.012533 0.133055 0.856137
v 0.012533 0.133055 0.851533
v 0.008547 0.133055 0.858439
v 0.012533 0.133055 0.856137
v 0.008547 0.135239 0.853835
v 0.004560 0.133055 0.856137
v 0.008547 0.133055 0.858439
v 0.008547 0.135239 0.853835
v 0.004560 0.133055 0.856137
v 0.008547 0.135239 0.853835
v 0.004560 0.133055 0.851533
v 0.004560 0.133055 0.851533
v 0.008547 0.135239 0.853835
v 0.008547 0.133055 0.849232
v -0.008547 0.135239 0.853835
v -0.004560 0.133055 0.851533
v -0.008547 0.133055 0.849232
v -0.008547 0.135239 0.853835
v -0.004560 0.133055 0.856137
v -0.004560 0.133055 0.851533
v -0.008547 0.133055 0.858439
v -0.004560 0.133055 0.856137
v -0.008547 0.135239 0.853835
v -0.012533 0.133055 0.856137
v -0.008547 0.133055 0.858439
v -0.008547 0.135239 0.853835
v -0.012533 0.133055 0.856137
v -0.008547 0.135239 0.853835
v -0.012533 0.133055 0.851533
v -0.012533 0.133055 0.851533
v -0.008547 0.135239 0.853835
v -0.008547 0.133055 0.849232
v 0.054863 0.082556 0.853835
v 0.059333 0.076243 0.850056
v 0.053285 0.078748 0.846276
v 0.059333 0.076243 0.850056
v 0.054863 0.082556 0.853835
v 0.059333 0.076243 0.857615
v 0.053285 0.078748 0.861394
v 0.059333 0.076243 0.857615
v 0.054863 0.082556 0.853835
v 0.053285 0.078748 0.861394
v 0.054863 0.082556 0.853835
v 0.047238 0.081253 0.857615
v 0.047238 0.081253 0.857615
v 0.054863 0.082556 0.853835
v 0.047238 0.081253 0.850056
v 0.047238 0.081253 0.850056
v 0.054863 0.082556 0.853835
v 0.053285 0.078748 0.846276
v -0.054863 0.082556 0.853835
v -0.053285 0.078748 0.846276
v -0.059333 0.076243 0.850056
v -0.059333 0.076243 0.857615
v -0.054863 0.082556 0.853835
v -0.059333 0.076243 0.850056
v -0.059333 0.076243 0.857615
v -0.053285 0.078748 0.861394
v -0.054863 0.082556 0.853835
v -0.053285 0.078748 0.861394
v -0.047238 0.081253 0.857615
v -0.054863 0.082556 0.853835
v -0.054863 0.082556 0.853835
v -0.047238 0.081253 0.857615
v -0.047238 0.081253 0.850056
v -0.054863 0.082556 0.853835
v -0.047238 0.081253 0.850056
v -0.053285 0.078748 0.846276
v 0.032262 0.085129 0.818141
v 0.034762 0.086496 0.818141
v 0.069645 0.069645 0.828233
v 0.034762 0.086496 0.818141
v 0.071343 0.071343 0.828233
v 0.069645 0.069645 0.828233
v -0.095048 0.075754 0.850679
v -0.093938 0.078072 0.856053
v -0.095048 0.075754 0.856053
v -0.034762 0.086496 0.818141
v -0.034762 0.128659 0.863741
v -0.034762 0.128659 0.818141
v -0.100895 -0.000000 0.843223
v -0.071343 -0.071344 0.912318
v -0.100895 -0.000000 0.912318
v 0.112890 -0.001283 0.912318
v 0.079825 0.078543 0.914818
v 0.112890 -0.001283 0.914818
v -0.095900 0.006260 0.863756
v -0.095900 0.006260 0.873560
v -0.098493 -0.000000 0.843223
v 0.003751 0.096939 0.912068
v 0.003751 0.096939 0.871621
v 0.040741 0.081617 0.871621
v -0.000000 -0.114173 0.914818
v 0.079826 -0.081108 0.914818
v -0.000000 -0.101470 0.914818
v -0.032262 0.127409 0.818141
v -0.030288 0.133133 0.818141
v -0.029038 0.130633 0.818141
v 0.112890 -0.001283 0.914818
v 0.079826 -0.081108 0.912318
v 0.112890 -0.001283 0.912318
v -0.101666 0.015408 0.863756
v -0.098241 0.006406 0.843223
v -0.098241 0.006406 0.863756
v 0.003751 0.096939 0.871621
v 0.041590 0.083667 0.871621
v 0.040741 0.081617 0.871621
v 0.089791 0.026807 0.843223
v 0.069645 0.069645 0.828233
v 0.071343 0.071343 0.828233
v -0.081384 0.047103 0.873560
v -0.071343 0.071343 0.912318
v -0.071343 0.071343 0.873560
v -0.040741 0.081617 0.871621
v -0.069645 0.069645 0.912068
v -0.065540 0.071345 0.873560
v -0.095048 0.075754 0.856053
v -0.090857 0.073731 0.858739
v -0.095222 0.075838 0.863755
v -0.069645 -0.069645 0.912068
v 0.000000 -0.098493 0.843223
v -0.069645 -0.069645 0.843223
v -0.111315 0.020213 0.850679
v -0.115481 0.022287 0.847993
v -0.101666 0.015408 0.843223
v -0.089722 0.076103 0.847993
v -0.094206 0.078196 0.843203
v -0.093938 0.078072 0.850679
v -0.079825 -0.081108 0.914818
v -0.000000 -0.114173 0.912318
v -0.000000 -0.114173 0.914818
v 0.069645 0.069645 0.912068
v 0.069645 0.069645 0.828233
v 0.088093 0.025108 0.843223
v -0.003751 0.096939 0.912068
v -0.004380 0.099080 0.871621
v -0.004380 0.099080 0.912318
v -0.119647 0.024361 0.850679
v -0.119647 0.024361 0.856053
v -0.125847 0.027448 0.853478
v -0.100174 -0.001703 0.850056
v -0.097669 -0.007751 0.846276
v -0.101476 -0.009328 0.853835
v -0.100174 -0.001703 0.857615
v -0.100174 -0.001703 0.850056
v -0.101476 -0.009328 0.853835
v -0.100174 -0.001703 0.857615
v -0.101476 -0.009328 0.853835
v -0.097669 -0.007751 0.861394
v -0.097669 -0.007751 0.861394
v -0.101476 -0.009328 0.853835
v -0.095163 -0.013799 0.857615
v -0.101476 -0.009328 0.853835
v -0.095163 -0.013799 0.850056
v -0.095163 -0.013799 0.857615
v -0.101476 -0.009328 0.853835
v -0.097669 -0.007751 0.846276
v -0.095163 -0.013799 0.850056
v 0.073841 -0.073841 0.853835
v 0.064100 -0.074285 0.849677
v 0.071229 -0.071230 0.845520
v 0.064100 -0.074285 0.849677
v 0.073841 -0.073841 0.853835
v 0.064100 -0.074285 0.857993
v 0.071229 -0.071230 0.862150
v 0.064100 -0.074285 0.857993
v 0.073841 -0.073841 0.853835
v 0.071229 -0.071230 0.862150
v 0.073841 -0.073841 0.853835
v 0.074284 -0.064100 0.857993
v 0.074284 -0.064100 0.857993
v 0.073841 -0.073841 0.853835
v 0.074284 -0.064100 0.849677
v 0.074284 -0.064100 0.849677
v 0.073841 -0.073841 0.853835
v 0.071229 -0.071230 0.845520
v -0.119943 0.024508 0.843223
v -0.125847 0.027448 0.853478
v -0.124708 0.029654 0.853478
v -0.119943 0.024508 0.863755
v -0.118716 0.026765 0.863755
v -0.124708 0.029654 0.853478
v -0.094206 0.078196 0.843203
v -0.101218 0.078731 0.853464
v -0.100159 0.080977 0.853464
v -0.094206 0.078196 0.863755
v -0.101218 0.078731 0.853464
v -0.095222 0.075838 0.863755
v -0.066518 0.073342 0.873560
v -0.065540 0.071345 0.873560
v -0.069645 0.069645 0.873560
v 0.098493 -0.000000 0.912068
v 0.071750 0.071749 0.914818
v 0.069645 0.069645 0.912068
v -0.089722 0.076103 0.847993
v -0.086666 0.071709 0.850679
v -0.085506 0.074134 0.850679
v -0.093938 0.078072 0.856053
v -0.090857 0.073731 0.858739
v -0.095048 0.075754 0.856053
v -0.095900 0.006260 0.863756
v -0.100031 0.017758 0.843223
v -0.100031 0.017758 0.863756
v 0.040741 0.081617 0.863741
v 0.041590 0.083667 0.871621
v 0.041590 0.083667 0.863741
v 0.079826 -0.081108 0.914818
v -0.000000 -0.114173 0.912318
v 0.079826 -0.081108 0.912318
v -0.086666 0.071709 0.856053
v -0.089722 0.076103 0.858739
v -0.085506 0.074134 0.856053
v -0.000000 -0.100895 0.912318
v 0.071343 -0.071344 0.912318
v 0.079826 -0.081108 0.912318
v 0.030288 0.133133 0.818141
v 0.034762 0.128659 0.818141
v 0.032262 0.127409 0.818141
v 0.032262 0.127409 0.818141
v 0.029038 0.130633 0.863741
v 0.029038 0.130633 0.818141
v 0.004380 0.099080 0.871621
v 0.003751 0.096939 0.871621
v 0.003751 0.096939 0.912068
v -0.041590 0.083667 0.871621
v -0.003751 0.096939 0.871621
v -0.040741 0.081617 0.871621
v -0.086666 0.071709 0.856053
v -0.085506 0.074134 0.850679
v -0.086666 0.071709 0.850679
v 0.079825 0.078543 0.912318
v 0.007190 0.108629 0.914818
v 0.079825 0.078543 0.914818
v -0.034762 0.086496 0.818141
v -0.051099 0.077327 0.822910
v -0.051339 0.079629 0.822338
v 0.071750 -0.071750 0.914818
v -0.000000 -0.098493 0.912068
v -0.000000 -0.101470 0.914818
v 0.029038 0.130633 0.863741
v 0.030288 0.133133 0.863741
v -0.030288 0.133133 0.863741
v -0.098241 0.006406 0.873560
v -0.100895 -0.000000 0.843223
v -0.100895 -0.000000 0.912318
v -0.034762 0.128659 0.863741
v -0.030288 0.133133 0.818141
v -0.034762 0.128659 0.818141
v 0.023208 0.130633 0.840641
v 0.029038 0.130633 0.863741
v -0.029038 0.130633 0.863741
v -0.079825 0.078543 0.914818
v -0.071750 0.071749 0.914818
v -0.007190 0.108629 0.914818
v -0.000000 -0.098493 0.912068
v -0.071750 -0.071750 0.914818
v -0.000000 -0.101470 0.914818
v 0.029038 0.130633 0.818141
v 0.023208 0.133133 0.840641
v 0.029038 0.133133 0.818141
v -0.076503 0.066804 0.843204
v -0.086666 0.071709 0.856053
v -0.086666 0.071709 0.850679
v 0.034762 0.086496 0.818141
v 0.034762 0.128659 0.863741
v 0.034762 0.086496 0.863741
v -0.101666 0.015408 0.863756
v -0.095900 0.006260 0.863756
v -0.100031 0.017758 0.863756
v -0.098493 -0.000000 0.912068
v -0.069645 -0.069645 0.843223
v -0.098493 -0.000000 0.843223
v -0.081384 0.047103 0.912318
v -0.081800 0.047487 0.914818
v -0.089674 0.054768 0.912318
v -0.095900 0.006260 0.873560
v -0.085647 0.036812 0.873560
v -0.083283 0.036720 0.873560
v -0.069645 0.069645 0.873560
v -0.079647 0.045497 0.912068
v -0.079647 0.045497 0.873560
v 0.032262 0.127409 0.863741
v 0.032262 0.085129 0.818141
v 0.032262 0.085129 0.863741
v -0.075682 0.069546 0.843204
v -0.059916 0.073674 0.843204
v -0.076503 0.066804 0.843204
v 0.034762 0.128659 0.863741
v 0.030288 0.133133 0.818141
v 0.030288 0.133133 0.863741
v -0.069645 -0.069645 0.912068
v -0.101469 -0.000000 0.914818
v -0.071750 -0.071750 0.914818
v -0.041590 0.083667 0.863741
v -0.034762 0.086496 0.818141
v -0.051339 0.079629 0.822338
v -0.114346 0.024659 0.847993
v -0.110154 0.022638 0.850679
v -0.100031 0.017758 0.843223
v 0.098493 -0.000000 0.843223
v 0.069645 -0.069645 0.912068
v 0.098493 -0.000000 0.912068
v 0.071343 0.071343 0.828233
v 0.041590 0.083667 0.863741
v 0.041590 0.083667 0.871621
v 0.089791 0.026807 0.843223
v 0.071343 0.071343 0.828233
v 0.071343 0.071343 0.912318
v -0.000000 -0.100895 0.912318
v -0.071343 -0.071344 0.843223
v -0.000000 -0.100895 0.843223
v -0.029038 0.130633 0.863741
v -0.032262 0.127409 0.818141
v -0.029038 0.130633 0.818141
v 0.100895 -0.000000 0.912318
v 0.071343 -0.071344 0.843223
v 0.100895 -0.000000 0.843223
v -0.071343 0.071343 0.912318
v -0.089674 0.054768 0.912318
v -0.079826 0.078543 0.912318
v 0.023208 0.133133 0.840641
v -0.023208 0.130633 0.840641
v -0.023208 0.133133 0.840641
v -0.069645 -0.069645 0.843223
v 0.000000 -0.098493 0.843223
v -0.000000 -0.100895 0.843223
v -0.032262 0.127409 0.863741
v -0.032262 0.085129 0.818141
v -0.032262 0.127409 0.818141
v -0.000000 -0.100895 0.912318
v 0.071343 -0.071344 0.843223
v 0.071343 -0.071344 0.912318
v -0.079826 -0.081108 0.912318
v -0.112890 -0.001283 0.914818
v -0.112890 -0.001283 0.912318
v -0.089722 0.076103 0.858739
v -0.094206 0.078196 0.863755
v -0.075682 0.069546 0.863756
v -0.086212 0.036834 0.914818
v -0.098493 -0.000000 0.912068
v -0.083283 0.036720 0.912068
v -0.118716 0.026765 0.863755
v -0.114346 0.024659 0.858739
v -0.118538 0.026680 0.856053
v -0.095900 0.006260 0.863756
v -0.098241 0.006406 0.873560
v -0.095900 0.006260 0.873560
v -0.086212 0.036834 0.914818
v -0.083283 0.036720 0.912068
v -0.085647 0.036812 0.912318
v -0.029038 0.130633 0.818141
v -0.023208 0.133133 0.840641
v -0.023208 0.130633 0.840641
v -0.079825 0.078543 0.914818
v -0.007190 0.108629 0.912318
v -0.079826 0.078543 0.912318
v 0.101469 -0.000000 0.914818
v 0.069645 -0.069645 0.912068
v 0.071750 -0.071750 0.914818
v -0.089674 0.054768 0.912318
v -0.079825 0.078543 0.914818
v -0.079826 0.078543 0.912318
v 0.069645 0.069645 0.912068
v 0.004531 0.099592 0.914818
v 0.003751 0.096939 0.912068
v -0.065540 0.071345 0.863756
v -0.066518 0.073342 0.863756
v -0.075682 0.069546 0.863756
v -0.096928 0.037254 0.912318
v -0.112890 -0.001283 0.914818
v -0.096928 0.037254 0.914818
v -0.060406 0.075874 0.843204
v -0.051099 0.077327 0.822910
v -0.059916 0.073674 0.843204
v 0.069645 -0.069645 0.912068
v 0.000000 -0.098493 0.843223
v -0.000000 -0.098493 0.912068
v 0.023208 0.133133 0.840641
v -0.023208 0.133133 0.840641
v -0.030288 0.133133 0.863741
v -0.066518 0.073342 0.873560
v -0.065540 0.071345 0.863756
v -0.065540 0.071345 0.873560
v -0.119943 0.024508 0.843223
v -0.124708 0.029654 0.853478
v -0.118716 0.026765 0.843223
v -0.119943 0.024508 0.863755
v -0.124708 0.029654 0.853478
v -0.125847 0.027448 0.853478
v -0.094206 0.078196 0.843203
v -0.095222 0.075838 0.843203
v -0.101218 0.078731 0.853464
v -0.094206 0.078196 0.863755
v -0.100159 0.080977 0.853464
v -0.101218 0.078731 0.853464
v -0.069645 0.069645 0.912068
v -0.081800 0.047487 0.914818
v -0.079647 0.045497 0.912068
v -0.004531 0.099592 0.914818
v -0.069645 0.069645 0.912068
v -0.003751 0.096939 0.912068
v -0.118716 0.026765 0.843223
v -0.101666 0.015408 0.843223
v -0.119943 0.024508 0.843223
v -0.040741 0.081617 0.863741
v -0.041590 0.083667 0.871621
v -0.040741 0.081617 0.871621
v -0.093938 0.078072 0.850679
v -0.090857 0.073731 0.847993
v -0.089722 0.076103 0.847993
v -0.118538 0.026680 0.850679
v -0.119647 0.024361 0.856053
v -0.119647 0.024361 0.850679
v -0.114346 0.024659 0.847993
v -0.119647 0.024361 0.850679
v -0.115481 0.022287 0.847993
v -0.110154 0.022638 0.850679
v -0.115481 0.022287 0.847993
v -0.111315 0.020213 0.850679
v -0.110154 0.022638 0.856053
v -0.111315 0.020213 0.850679
v -0.111315 0.020213 0.856053
v -0.110154 0.022638 0.856053
v -0.115481 0.022287 0.858739
v -0.114346 0.024659 0.858739
v -0.114346 0.024659 0.858739
v -0.119647 0.024361 0.856053
v -0.118538 0.026680 0.856053
v -0.110738 0.021722 0.855977
v -0.086410 0.072743 0.849804
v -0.086334 0.072706 0.855977
v -0.111750 0.021794 0.850387
v -0.112769 0.016352 0.856258
v -0.111808 0.021822 0.855395
v -0.082500 0.077213 0.848883
v -0.086334 0.072706 0.855977
v -0.086410 0.072743 0.849804
v -0.087153 0.073526 0.850387
v -0.111808 0.021822 0.855395
v -0.087077 0.073489 0.855395
v -0.110738 0.021722 0.855977
v -0.110680 0.021694 0.849804
v -0.086410 0.072743 0.849804
v -0.110680 0.021694 0.849804
v -0.111768 0.015873 0.856899
v -0.111710 0.015845 0.848883
v -0.116792 0.018278 0.846061
v -0.118897 0.025627 0.850755
v -0.114322 0.023437 0.847749
v -0.094493 0.076611 0.850755
v -0.087448 0.079582 0.846061
v -0.089918 0.074422 0.847749
v -0.083505 0.077694 0.849526
v -0.087077 0.073489 0.855395
v -0.083428 0.077657 0.856256
v -0.087153 0.073526 0.850387
v -0.111750 0.021794 0.850387
v -0.111808 0.021822 0.855395
v -0.116792 0.018278 0.846061
v -0.122806 0.021156 0.849833
v -0.118897 0.025627 0.850755
v -0.092458 0.081980 0.850476
v -0.089752 0.074770 0.848991
v -0.087448 0.079582 0.847269
v -0.122806 0.021156 0.856899
v -0.118897 0.025627 0.850755
v -0.122806 0.021156 0.849833
v -0.092458 0.081980 0.856256
v -0.093416 0.076524 0.851337
v -0.092458 0.081980 0.850476
v -0.094493 0.076611 0.850755
v -0.093463 0.082460 0.849833
v -0.087448 0.079582 0.846061
v -0.086410 0.072743 0.849804
v -0.110680 0.021694 0.849804
v -0.111750 0.021794 0.850387
v -0.111750 0.021794 0.850387
v -0.112711 0.016324 0.849524
v -0.112769 0.016352 0.856258
v -0.082500 0.077213 0.848883
v -0.082424 0.077177 0.856899
v -0.086334 0.072706 0.855977
v -0.089918 0.074422 0.847749
v -0.118897 0.025627 0.850755
v -0.094493 0.076611 0.850755
v -0.083428 0.077657 0.856256
v -0.090247 0.075007 0.857424
v -0.087943 0.079818 0.859146
v -0.110680 0.021694 0.849804
v -0.110738 0.021722 0.855977
v -0.111768 0.015873 0.856899
v -0.117287 0.018514 0.860432
v -0.110738 0.021722 0.855977
v -0.114817 0.023674 0.858588
v -0.087943 0.079818 0.860431
v -0.086334 0.072706 0.855977
v -0.082424 0.077177 0.856899
v -0.092458 0.081980 0.856256
v -0.093463 0.082460 0.856899
v -0.087943 0.079818 0.860431
v -0.117287 0.018514 0.859150
v -0.112769 0.016352 0.856258
v -0.117287 0.018514 0.860432
v -0.121805 0.020677 0.856258
v -0.118147 0.024856 0.851337
v -0.118147 0.024856 0.855395
v -0.093416 0.076524 0.855395
v -0.087943 0.079818 0.859146
v -0.090247 0.075007 0.857424
v -0.083505 0.077694 0.849526
v -0.087153 0.073526 0.850387
v -0.087077 0.073489 0.855395
v -0.118147 0.024856 0.851337
v -0.089752 0.074770 0.848991
v -0.093416 0.076524 0.851337
v -0.110738 0.021722 0.855977
v -0.090413 0.074659 0.858588
v -0.114817 0.023674 0.858588
v -0.117287 0.018514 0.859150
v -0.118147 0.024856 0.855395
v -0.114978 0.023339 0.857424
v -0.118147 0.024856 0.855395
v -0.093416 0.076524 0.851337
v -0.093416 0.076524 0.855395
v -0.093463 0.082460 0.856899
v -0.094493 0.076611 0.850755
v -0.094493 0.076611 0.855977
v -0.087943 0.079818 0.860431
v -0.094493 0.076611 0.855977
v -0.090413 0.074659 0.858588
v -0.117287 0.018514 0.860432
v -0.118897 0.025627 0.855977
v -0.122806 0.021156 0.856899
v -0.118147 0.024856 0.855395
v -0.090247 0.075007 0.857424
v -0.114978 0.023339 0.857424
v -0.114483 0.023102 0.848991
v -0.121805 0.020677 0.850474
v -0.116792 0.018278 0.847265
v -0.089752 0.074770 0.848991
v -0.114483 0.023102 0.848991
v -0.089918 0.074422 0.847749
v -0.090247 0.075007 0.857424
v -0.111808 0.021822 0.855395
v -0.114978 0.023339 0.857424
v -0.114817 0.023674 0.858588
v -0.094493 0.076611 0.855977
v -0.118897 0.025627 0.855977
v -0.118897 0.025627 0.855977
v -0.094493 0.076611 0.850755
v -0.118897 0.025627 0.850755
v -0.111808 0.021822 0.855395
v -0.117287 0.018514 0.859150
v -0.114978 0.023339 0.857424
v 0.036553 0.108039 0.828015
v 0.036553 0.107884 0.828284
v 0.036553 0.110734 0.823346
v -0.034755 0.107747 0.825855
v -0.034755 0.121054 0.825855
v -0.034755 0.114401 0.837379
v 0.034958 0.116433 0.826177
v -0.042482 0.112369 0.826177
v -0.042482 0.116433 0.826177
v -0.034755 0.107747 0.825855
v -0.039945 0.107747 0.833538
v -0.039945 0.107747 0.825855
v 0.034958 0.116433 0.833216
v -0.042482 0.112369 0.833216
v 0.034958 0.112369 0.833216
v -0.039945 0.121054 0.833538
v -0.039945 0.114401 0.822014
v -0.039945 0.107747 0.833538
v 0.036553 0.120762 0.828015
v 0.036553 0.118067 0.823346
v 0.034762 0.118067 0.823346
v 0.036553 0.118067 0.836046
v 0.038344 0.119223 0.831378
v 0.036553 0.120762 0.831378
v 0.038344 0.117297 0.834713
v 0.036553 0.110734 0.836046
v 0.038344 0.111504 0.834713
v 0.034762 0.118067 0.823346
v 0.036553 0.110734 0.823346
v 0.034762 0.110734 0.823346
v 0.034958 0.116433 0.826177
v -0.042482 0.118465 0.829696
v 0.034958 0.118465 0.829696
v 0.034762 0.118067 0.836046
v 0.036553 0.118067 0.836046
v 0.036553 0.120762 0.831378
v -0.034755 0.114401 0.822014
v -0.039945 0.121054 0.825855
v -0.034755 0.121054 0.825855
v -0.042482 0.112369 0.833216
v 0.034958 0.110337 0.829696
v 0.034958 0.112369 0.833216
v -0.042482 0.118465 0.829696
v -0.042482 0.116433 0.826177
v -0.042482 0.112369 0.826177
v -0.042482 0.118465 0.829696
v 0.034958 0.116433 0.833216
v 0.034958 0.118465 0.829696
v 0.038344 0.109578 0.828015
v 0.038344 0.117297 0.824679
v 0.038344 0.119223 0.828015
v 0.036553 0.108039 0.828015
v 0.038344 0.119223 0.828015
v 0.036553 0.120762 0.828015
v 0.038344 0.109578 0.831378
v 0.038344 0.117297 0.834713
v 0.038344 0.111504 0.834713
v 0.036553 0.107884 0.828284
v 0.036553 0.107068 0.829696
v 0.034762 0.107068 0.829696
v 0.038344 0.109578 0.831378
v 0.036553 0.120762 0.831378
v 0.038344 0.119223 0.831378
v 0.036553 0.108039 0.828015
v 0.036553 0.120762 0.828015
v 0.036553 0.108039 0.831378
v 0.034762 0.118067 0.836046
v 0.036553 0.110734 0.836046
v 0.036553 0.118067 0.836046
v -0.039945 0.121054 0.825855
v -0.034755 0.121054 0.833538
v -0.034755 0.121054 0.825855
v -0.042482 0.110337 0.829696
v 0.034958 0.112369 0.826177
v 0.034958 0.110337 0.829696
v 0.038344 0.117297 0.824679
v 0.036553 0.110734 0.823346
v 0.036553 0.118067 0.823346
v 0.036553 0.120762 0.828015
v 0.038344 0.117297 0.824679
v 0.036553 0.118067 0.823346
v 0.036553 0.108039 0.828015
v 0.038344 0.111504 0.824679
v 0.038344 0.109578 0.828015
v 0.034762 0.107068 0.829696
v 0.036553 0.107068 0.829696
v 0.036553 0.108039 0.831378
v 0.036553 0.110734 0.836046
v 0.038344 0.109578 0.831378
v 0.038344 0.111504 0.834713
v -0.034755 0.121054 0.833538
v -0.039945 0.114401 0.837379
v -0.034755 0.114401 0.837379
v -0.039945 0.114401 0.822014
v -0.034755 0.107747 0.825855
v -0.039945 0.107747 0.825855
v 0.034762 0.118067 0.823346
v 0.034762 0.110734 0.823346
v 0.034762 0.107068 0.829696
v -0.039945 0.107747 0.833538
v -0.034755 0.114401 0.837379
v -0.039945 0.114401 0.837379
v -0.122956 0.007603 -0.843133
v -0.109342 0.068502 -0.846226
v -0.104212 0.066855 -0.843213
v -0.128138 0.008839 -0.845110
v -0.124176 0.002194 -0.843405
v -0.124039 0.007524 -0.842550
v -0.107659 0.073762 -0.848077
v -0.104212 0.066855 -0.843213
v -0.109342 0.068502 -0.846226
v -0.109214 0.068908 -0.845062
v -0.124039 0.007524 -0.842550
v -0.105044 0.067569 -0.842631
v -0.122956 0.007603 -0.843133
v -0.128016 0.009227 -0.846275
v -0.109342 0.068502 -0.846226
v -0.128016 0.009227 -0.846275
v -0.123120 0.001854 -0.844046
v -0.129701 0.003961 -0.848110
v -0.134708 0.005575 -0.844641
v -0.131564 0.010383 -0.837910
v -0.131631 0.010394 -0.843805
v -0.112820 0.069635 -0.837991
v -0.112596 0.075353 -0.844738
v -0.112887 0.069647 -0.843885
v -0.107659 0.073763 -0.846792
v -0.105044 0.067569 -0.842631
v -0.102067 0.071972 -0.843500
v -0.109214 0.068908 -0.845062
v -0.128138 0.008839 -0.845110
v -0.124039 0.007524 -0.842550
v -0.134708 0.005575 -0.844641
v -0.134769 0.005607 -0.836981
v -0.131564 0.010383 -0.837910
v -0.111599 0.075034 -0.844134
v -0.111732 0.069729 -0.838574
v -0.111735 0.069722 -0.843265
v -0.127258 0.009001 -0.835299
v -0.134769 0.005607 -0.836981
v -0.128941 0.003741 -0.833448
v -0.106829 0.073516 -0.834830
v -0.111732 0.069729 -0.838574
v -0.111597 0.075043 -0.837720
v -0.112820 0.069635 -0.837991
v -0.112656 0.075384 -0.837077
v -0.112596 0.075353 -0.844738
v -0.109342 0.068502 -0.846226
v -0.128016 0.009227 -0.846275
v -0.128138 0.008839 -0.845110
v -0.128138 0.008839 -0.845110
v -0.129700 0.003963 -0.846829
v -0.124176 0.002194 -0.843405
v -0.107659 0.073762 -0.848077
v -0.101007 0.071631 -0.844143
v -0.104212 0.066855 -0.843213
v -0.112887 0.069647 -0.843885
v -0.131564 0.010383 -0.837910
v -0.112820 0.069635 -0.837991
v -0.102067 0.071972 -0.843500
v -0.105042 0.067575 -0.838574
v -0.102064 0.071981 -0.837720
v -0.128016 0.009227 -0.846275
v -0.122956 0.007603 -0.843133
v -0.123120 0.001854 -0.844046
v -0.123116 0.001864 -0.836981
v -0.122956 0.007603 -0.843133
v -0.122953 0.007611 -0.837910
v -0.104209 0.066863 -0.837991
v -0.101007 0.071631 -0.844143
v -0.101004 0.071641 -0.837077
v -0.106829 0.073516 -0.834830
v -0.106828 0.073518 -0.833544
v -0.101004 0.071641 -0.837077
v -0.124174 0.002203 -0.837622
v -0.123116 0.001864 -0.836981
v -0.128941 0.003741 -0.833448
v -0.133712 0.005267 -0.837622
v -0.127381 0.008610 -0.836463
v -0.128942 0.003739 -0.834730
v -0.108386 0.068655 -0.836545
v -0.102064 0.071981 -0.837720
v -0.105042 0.067575 -0.838574
v -0.107659 0.073763 -0.846792
v -0.109214 0.068908 -0.845062
v -0.105044 0.067569 -0.842631
v -0.130728 0.009683 -0.838492
v -0.111735 0.069722 -0.843265
v -0.111732 0.069729 -0.838574
v -0.122953 0.007611 -0.837910
v -0.104212 0.066855 -0.843213
v -0.104209 0.066863 -0.837991
v -0.128942 0.003739 -0.834730
v -0.124037 0.007530 -0.838492
v -0.124174 0.002203 -0.837622
v -0.108386 0.068655 -0.836545
v -0.130728 0.009683 -0.838492
v -0.111732 0.069729 -0.838574
v -0.106828 0.073518 -0.833544
v -0.112820 0.069635 -0.837991
v -0.108513 0.068253 -0.835379
v -0.101004 0.071641 -0.837077
v -0.108513 0.068253 -0.835379
v -0.104209 0.066863 -0.837991
v -0.122953 0.007611 -0.837910
v -0.128941 0.003741 -0.833448
v -0.123116 0.001864 -0.836981
v -0.127381 0.008610 -0.836463
v -0.105042 0.067575 -0.838574
v -0.124037 0.007530 -0.838492
v -0.130730 0.009676 -0.843184
v -0.133712 0.005267 -0.837622
v -0.133715 0.005257 -0.844039
v -0.111735 0.069722 -0.843265
v -0.130730 0.009676 -0.843184
v -0.112887 0.069647 -0.843885
v -0.124037 0.007530 -0.838492
v -0.105044 0.067569 -0.842631
v -0.124039 0.007524 -0.842550
v -0.127258 0.009001 -0.835299
v -0.104209 0.066863 -0.837991
v -0.108513 0.068253 -0.835379
v -0.131564 0.010383 -0.837910
v -0.108513 0.068253 -0.835379
v -0.112820 0.069635 -0.837991
v -0.124039 0.007524 -0.842550
v -0.124174 0.002203 -0.837622
v -0.124037 0.007530 -0.838492
v -0.000000 0.098493 -0.916242
v -0.000000 0.098493 0.911425
v 0.069645 0.069645 0.911425
v 0.024898 0.088180 -0.958623
v 0.017500 0.091244 -0.950284
v 0.098493 -0.000000 0.911425
v 0.069645 -0.069645 0.911425
v -0.000000 -0.098493 0.911425
v -0.069645 -0.069645 0.911425
v -0.098493 -0.000000 0.911425
v 0.093429 -0.000000 0.911425
v 0.069645 -0.069645 0.911425
v -0.069645 -0.069645 0.911425
v -0.066065 -0.066065 0.911425
v 0.098493 -0.000000 0.911425
v 0.066065 0.066064 0.911425
v -0.098493 -0.000000 0.911425
v -0.093429 -0.000000 0.911425
v 0.069645 0.069645 0.911425
v -0.066065 0.066064 0.911425
v -0.069645 0.069645 0.911425
v -0.024899 0.088179 -0.958623
v -0.069645 0.069645 -0.958623
v -0.069645 0.069645 0.911425
v -0.000000 0.098493 0.911425
v -0.000000 0.098493 -0.916242
v -0.066065 -0.066064 -0.958623
v -0.069645 0.069645 -0.958623
v -0.024899 0.088179 -0.958623
v -0.024899 0.083116 -0.958623
v -0.066065 0.066065 -0.958623
v 0.024898 0.083116 -0.958623
v 0.024898 0.088180 -0.958623
v 0.069645 -0.069645 -0.958623
v 0.093429 0.000000 -0.958623
v -0.017500 0.086181 -0.950284
v -0.000000 0.093430 -0.916242
v -0.000000 0.093429 0.911425
v -0.066065 0.066064 0.911425
v -0.024899 0.083116 -0.958623
v -0.066065 -0.066065 0.911425
v 0.066065 -0.066064 -0.958623
v 0.093429 0.000000 -0.958623
v -0.093429 -0.000000 0.911425
v -0.000000 -0.093430 0.911425
v 0.093429 -0.000000 0.911425
v 0.024898 0.083116 -0.958623
v 0.066065 0.066064 0.911425
v -0.000000 0.093429 0.911425
v -0.000000 0.093430 -0.916242
v 0.017500 0.086181 -0.950284
v -0.017500 0.086181 -0.916242
v 0.017500 0.091244 -0.950284
v -0.017500 0.086181 -0.916242
v 0.017500 0.091244 -0.916242
v 0.017500 0.086181 -0.916242
v -0.024899 0.088179 -0.950284
v 0.024898 0.088180 -0.950284
v 0.024898 0.083116 -0.950284
v -0.017500 0.091244 -0.950284
v 0.017500 0.150997 0.101212
v 0.027053 0.150997 0.101212
v -0.027054 0.146907 0.101212
v -0.017500 0.157405 0.008504
v -0.027054 0.157405 -0.046042
v -0.027054 0.087287 -0.046042
v -0.027054 0.157405 0.008504
v -0.027054 0.102031 0.056990
v -0.027054 0.157405 0.060007
v -0.027054 0.150997 0.101212
v -0.027054 0.148952 0.099167
v -0.027054 0.148952 0.103257
v -0.027054 0.112278 0.074739
v -0.027054 0.146907 0.101212
v -0.015436 0.098536 0.213871
v 0.007350 0.111174 0.072826
v 0.000000 0.106931 0.072826
v 0.000000 0.106931 0.200925
v 0.000000 0.106931 0.020352
v 0.007350 0.111174 0.058902
v 0.000000 0.106931 0.058902
v -0.027054 0.096907 0.065864
v -0.027054 0.152335 0.213871
v -0.027054 0.166496 0.165688
v -0.027054 0.166496 0.139487
v 0.015435 0.092148 0.213871
v -0.017628 0.136726 -0.046042
v 0.000000 0.106931 0.200925
v -0.016990 0.136358 0.200925
v 0.016990 0.136358 0.200925
v -0.010000 0.141130 0.005925
v -0.010000 0.146906 0.005925
v -0.010000 0.141130 0.020352
v -0.010000 0.157405 0.106516
v -0.010000 0.157405 0.129741
v -0.010000 0.166496 0.139487
v -0.010000 0.166496 0.157908
v -0.010000 0.149306 0.200925
v -0.010000 0.140393 0.020352
v 0.017500 0.148952 0.099167
v 0.017500 0.150997 0.101212
v 0.017500 0.157405 0.060007
v 0.017500 0.157405 0.008504
v 0.017500 0.157405 -0.007531
v -0.015436 0.098536 0.213871
v -0.017628 0.136726 0.020352
v -0.010000 0.141130 0.020352
v -0.016990 0.136358 0.020352
v -0.010000 0.140393 0.020352
v 0.009999 0.140394 0.020352
v 0.009999 0.141131 0.020352
v 0.016990 0.136358 0.020352
v 0.017628 0.136726 0.020352
v -0.017628 0.116371 0.020352
v -0.016990 0.116740 0.020352
v 0.016990 0.116740 0.020352
v 0.015435 0.092149 -0.046042
v 0.017628 0.116371 -0.046042
v 0.027053 0.096907 0.065864
v 0.027053 0.087287 -0.046042
v 0.027053 0.157405 -0.046042
v 0.027053 0.157405 0.008504
v 0.027053 0.157405 0.060007
v 0.027053 0.150997 0.101212
v 0.027053 0.102031 0.056990
v 0.027053 0.148952 0.103257
v 0.027053 0.148952 0.099167
v 0.027053 0.146907 0.101212
v 0.027053 0.112278 0.074739
v -0.010000 0.141130 0.020352
v -0.017628 0.136726 0.020352
v -0.010000 0.141130 0.005925
v -0.017628 0.136726 -0.046042
v -0.017628 0.136726 -0.046042
v 0.000000 0.146907 -0.046042
v -0.010000 0.141130 0.005925
v 0.000000 0.146907 -0.046042
v 0.017628 0.136726 -0.046042
v 0.009999 0.141131 0.005925
v 0.017628 0.136726 -0.046042
v 0.017628 0.136726 0.020352
v 0.009999 0.141131 0.005925
v 0.009999 0.141131 0.020352
v -0.010000 0.146907 0.106516
v -0.027054 0.102031 0.074739
v 0.009999 0.159342 0.157908
v -0.024382 0.099115 0.065864
v -0.007350 0.111174 0.058902
v -0.024382 0.111174 0.058902
v 0.024381 0.111174 0.058902
v 0.007350 0.111174 0.058902
v 0.027053 0.166496 0.165688
v 0.017500 0.157405 0.008504
v 0.027053 0.157405 0.008504
v -0.027054 0.157405 -0.046042
v -0.027054 0.157405 0.008504
v -0.017500 0.157405 0.008504
v -0.017628 0.136726 -0.046042
v -0.027054 0.157405 -0.046042
v -0.027054 0.087287 -0.046042
v 0.027053 0.087287 -0.046042
v 0.017628 0.116371 -0.046042
v 0.015435 0.092149 -0.046042
v 0.015435 0.098536 -0.046042
v 0.027053 0.157405 0.060007
v 0.017500 0.157405 0.060007
v 0.009999 0.157405 0.106516
v -0.007350 0.111174 0.058902
v 0.000000 0.106931 0.058902
v 0.000000 0.106931 0.020352
v 0.000000 0.106931 0.200925
v -0.007350 0.111174 0.072826
v 0.000000 0.106931 0.072826
v -0.024382 0.115194 0.065864
v -0.016990 0.136358 0.200925
v 0.024381 0.111174 0.058902
v -0.017500 0.157405 0.060007
v -0.017500 0.146907 0.101212
v 0.017500 0.148952 0.103257
v 0.009999 0.166496 0.139487
v -0.027054 0.112278 0.056990
v 0.007350 0.111174 0.058902
v -0.027054 0.148952 0.099167
v 0.009999 0.140394 0.020352
v 0.007350 0.111174 0.072826
v 0.024381 0.111174 0.072826
v -0.024382 0.111174 0.072826
v -0.007350 0.111174 0.072826
v 0.017628 0.116371 -0.046042
v 0.027053 0.112278 0.074739
v -0.016990 0.136358 0.200925
v -0.027054 0.087287 0.213871
v 0.027053 0.102031 0.074739
v 0.009999 0.157405 0.129742
v 0.009999 0.157405 0.106516
v 0.009999 0.146906 0.005925
v 0.009999 0.141131 0.020352
v 0.009999 0.141131 0.005925
v 0.009999 0.140394 0.020352
v 0.009999 0.166496 0.157908
v 0.009999 0.166496 0.139487
v 0.009999 0.149306 0.200925
v -0.024382 0.103135 0.058902
v -0.015436 0.092149 -0.046042
v 0.027053 0.148952 0.099167
v -0.024382 0.115194 0.065864
v -0.027054 0.152335 0.213871
v -0.027054 0.087287 0.213871
v -0.015436 0.092148 0.213871
v 0.015435 0.092148 0.213871
v 0.027053 0.087287 0.213871
v -0.024382 0.099115 0.065864
v 0.017500 0.157405 -0.007531
v -0.010000 0.157405 0.129741
v 0.024381 0.115194 0.065864
v 0.027053 0.166496 0.139487
v 0.009999 0.166496 0.157908
v 0.009999 0.166496 0.139487
v -0.010000 0.166496 0.139487
v -0.027054 0.166496 0.139487
v 0.027053 0.150120 0.034256
v 0.009999 0.157405 0.106516
v 0.027053 0.102031 0.056990
v -0.010000 0.157405 0.129741
v -0.010000 0.157405 0.106516
v -0.017500 0.157405 0.060007
v 0.027053 0.102031 0.074739
v 0.017500 0.150120 0.034256
v 0.016990 0.116740 0.020352
v 0.009999 0.140394 0.200925
v -0.010000 0.140393 0.200925
v 0.027053 0.166496 0.139487
v 0.027053 0.166496 0.165688
v 0.027053 0.152335 0.213871
v -0.027054 0.148952 0.103257
v -0.027054 0.102031 0.074739
v -0.024382 0.103135 0.072826
v -0.024382 0.099115 0.065864
v 0.000000 0.106194 0.020352
v -0.010000 0.159342 0.157908
v -0.017500 0.146907 0.101212
v -0.017500 0.146907 0.106516
v -0.010000 0.146907 0.106516
v -0.010000 0.146906 0.005925
v 0.017500 0.146907 0.106516
v 0.017500 0.146907 0.101212
v 0.009999 0.146907 0.106516
v 0.009999 0.146906 0.005925
v -0.024382 0.103135 0.058902
v -0.017500 0.157405 0.106516
v -0.017500 0.150997 0.101212
v -0.017500 0.148952 0.099167
v -0.017500 0.157405 0.060007
v -0.017500 0.157405 -0.007531
v -0.024382 0.115194 0.065864
v 0.027053 0.112278 0.056990
v 0.027588 0.122239 0.106593
v 0.027588 0.122239 0.134093
v 0.027054 0.151222 0.106593
v 0.027054 0.151222 0.134093
v 0.072790 -0.072790 0.134092
v -0.071020 -0.071020 0.106592
v -0.071020 0.071020 0.106592
v 0.029554 0.123777 0.106593
v 0.029554 0.159124 0.120343
v -0.071020 -0.071020 0.106592
v -0.072790 -0.072790 0.134092
v -0.029554 0.123777 0.106593
v -0.029554 0.123777 0.134093
v 0.071020 -0.071020 0.106592
v -0.100437 -0.000000 0.134092
v 0.000000 -0.102941 0.134092
v -0.027054 0.151222 0.134093
v -0.027588 0.122239 0.134093
v -0.027588 0.122239 0.106593
v -0.027054 0.151222 0.106593
v 0.000000 -0.102941 0.134092
v 0.100437 -0.000000 0.134092
v 0.029554 0.151222 0.106593
v -0.072790 0.072790 0.106592
v -0.072790 0.072790 0.134092
v -0.029554 0.123777 0.134093
v 0.071020 0.071020 0.106592
v -0.029554 0.151222 0.106593
v 0.071020 -0.071020 0.106592
v -0.029554 0.159124 0.120343
v -0.102941 -0.000000 0.134092
v 0.029554 0.123777 0.134093
v 0.072790 0.072790 0.134092
v 0.072790 0.072790 0.106592
v 0.027588 0.122239 0.106593
v 0.027054 0.151222 0.106593
v 0.029554 0.123777 0.106593
v 0.029554 0.151222 0.106593
v 0.071020 0.071020 0.106592
v 0.072790 0.072790 0.106592
v -0.029554 0.123777 0.106593
v -0.029554 0.151222 0.106593
v -0.027054 0.151222 0.106593
v -0.027588 0.122239 0.106593
v -0.072790 0.072790 0.106592
v -0.071020 0.071020 0.106592
v 0.102941 -0.000000 0.106592
v 0.100437 -0.000000 0.106592
v -0.100437 -0.000000 0.106592
v 0.072790 -0.072790 0.106592
v 0.071020 -0.071020 0.106592
v -0.102941 -0.000000 0.106592
v 0.000000 -0.100437 0.106592
v 0.029554 0.159124 0.120343
v 0.102941 -0.000000 0.134092
v 0.029554 0.123777 0.134093
v 0.029554 0.151222 0.134093
v 0.027054 0.151222 0.134093
v -0.027588 0.122239 0.134093
v -0.027054 0.151222 0.134093
v -0.029554 0.123777 0.134093
v -0.029554 0.151222 0.134093
v -0.071020 0.071020 0.134092
v -0.072790 0.072790 0.134092
v 0.027588 0.122239 0.134093
v 0.072790 0.072790 0.134092
v 0.071020 0.071020 0.134092
v -0.100437 -0.000000 0.134092
v -0.102941 -0.000000 0.134092
v 0.100437 -0.000000 0.134092
v -0.071020 -0.071020 0.134092
v -0.072790 -0.072790 0.134092
v 0.102941 -0.000000 0.134092
v 0.072790 -0.072790 0.134092
v -0.029554 0.137834 0.116973
v -0.029554 0.137834 0.123712
v -0.029554 0.143670 0.127082
v -0.029554 0.149506 0.123712
v -0.029554 0.149506 0.123712
v -0.029554 0.137834 0.123712
v -0.029554 0.137834 0.116973
v -0.029554 0.149507 0.116973
v -0.029554 0.143670 0.113603
v -0.033804 0.149507 0.116973
v -0.033804 0.137834 0.116973
v -0.033804 0.137834 0.123712
v -0.033955 0.147040 0.114506
v -0.033955 0.140300 0.114506
v -0.033955 0.136931 0.120343
v -0.033955 0.140300 0.126179
v -0.033955 0.140300 0.126179
v -0.033955 0.140300 0.114506
v -0.033955 0.147040 0.114506
v -0.033955 0.147040 0.126179
v -0.033955 0.150409 0.120343
v -0.038205 0.147040 0.126179
v -0.038205 0.147040 0.114506
v -0.038205 0.140300 0.114506
v 0.034190 0.150771 0.119093
v 0.034190 0.147581 0.113568
v 0.029554 0.147581 0.113568
v 0.034190 0.139759 0.113568
v 0.032394 0.135847 0.120343
v 0.029554 0.135847 0.120343
v 0.029554 0.139759 0.113568
v 0.034190 0.136569 0.121593
v 0.034190 0.139759 0.127117
v 0.029554 0.139759 0.127117
v 0.034190 0.150771 0.119093
v 0.034190 0.136569 0.121593
v 0.034190 0.147581 0.127117
v 0.032394 0.151493 0.120343
v 0.029554 0.151493 0.120343
v 0.029554 0.147581 0.127117
v 0.029554 0.147581 0.127117
v 0.029554 0.147581 0.113568
v 0.029554 0.139759 0.113568
v -0.041193 0.145126 0.122865
v -0.041193 0.146582 0.120343
v -0.041193 0.145126 0.117820
v 0.032013 0.146582 0.120343
v 0.032013 0.142214 0.122865
v 0.032013 0.142214 0.117820
v 0.032013 0.145126 0.122865
v 0.032013 0.140758 0.120343
v 0.032013 0.145126 0.117820
v 0.032394 0.135847 0.120343
v 0.032394 0.150771 0.119093
v 0.032394 0.151493 0.120343
v 0.032394 0.136569 0.119093
v 0.032394 0.150771 0.121593
v 0.000000 -0.098743 0.136734
v -0.098715 -0.000029 0.103951
v 0.000000 -0.102263 0.103951
v 0.053149 0.080249 0.136734
v -0.069802 -0.069831 0.136734
v -0.071073 -0.071120 0.134234
v 0.069802 0.069773 0.103951
v 0.051304 0.077435 0.103951
v 0.053149 0.080249 0.103951
v -0.072311 0.072311 0.103951
v -0.053149 0.080249 0.103951
v -0.069802 0.069773 0.103951
v -0.051304 0.077435 0.103951
v 0.072311 0.072311 0.103951
v 0.098715 -0.000029 0.103951
v 0.102263 0.000000 0.103951
v -0.102263 0.000000 0.103951
v -0.098715 -0.000029 0.103951
v -0.072311 -0.072311 0.103951
v -0.069802 -0.069831 0.103951
v 0.000000 -0.098743 0.103951
v -0.102263 0.000000 0.106451
v 0.069802 -0.069831 0.136734
v -0.102263 -0.000000 0.136734
v 0.100512 -0.000047 0.106451
v 0.052238 0.078827 0.134234
v -0.100512 -0.000047 0.106451
v -0.069802 -0.069831 0.136734
v 0.053149 0.080249 0.103951
v 0.069802 0.069773 0.136734
v -0.072311 0.072311 0.134234
v -0.053149 0.080249 0.134234
v -0.071073 0.071026 0.134234
v -0.052238 0.078827 0.134234
v 0.052238 0.078827 0.134234
v 0.053149 0.080249 0.134234
v 0.071073 0.071026 0.134234
v 0.072311 0.072311 0.134234
v -0.102263 -0.000000 0.134234
v -0.100512 -0.000047 0.134234
v 0.102263 -0.000000 0.134234
v 0.100512 -0.000047 0.134234
v -0.072311 -0.072311 0.134234
v 0.072311 -0.072311 0.134234
v 0.071073 -0.071120 0.134234
v 0.072311 0.072311 0.136734
v -0.102263 0.000000 0.103951
v 0.000000 -0.100559 0.106451
v -0.102263 -0.000000 0.134234
v -0.053149 0.080249 0.106451
v 0.072311 -0.072311 0.106451
v 0.069802 0.069773 0.103951
v 0.000000 -0.102263 0.134234
v 0.072311 -0.072311 0.136734
v 0.051304 0.077435 0.136734
v 0.053149 0.080249 0.136734
v 0.052238 0.078827 0.134234
v 0.053149 0.080249 0.136734
v 0.053149 0.080249 0.134234
v 0.052238 0.078827 0.134234
v 0.053149 0.080249 0.106451
v 0.053149 0.080249 0.103951
v 0.052238 0.078827 0.106451
v 0.053149 0.080249 0.103951
v 0.051304 0.077435 0.103951
v 0.052238 0.078827 0.106451
v 0.052238 0.078827 0.134234
v -0.072311 0.072311 0.134234
v 0.072311 0.072311 0.106451
v 0.053149 0.080249 0.106451
v 0.071073 0.071026 0.106451
v 0.052238 0.078827 0.106451
v -0.052238 0.078827 0.106451
v -0.053149 0.080249 0.106451
v -0.071073 0.071026 0.106451
v -0.072311 0.072311 0.106451
v 0.102263 0.000000 0.106451
v 0.100512 -0.000047 0.106451
v -0.102263 0.000000 0.106451
v -0.100512 -0.000047 0.106451
v 0.072311 -0.072311 0.106451
v -0.072311 -0.072311 0.106451
v -0.071073 -0.071120 0.106451
v -0.069802 0.069773 0.103951
v 0.072311 0.072311 0.106451
v -0.051304 0.077435 0.136734
v -0.053149 0.080249 0.136734
v -0.069802 0.069773 0.136734
v -0.072311 0.072311 0.136734
v 0.072311 0.072311 0.136734
v 0.053149 0.080249 0.136734
v 0.069802 0.069773 0.136734
v 0.051304 0.077435 0.136734
v -0.098715 -0.000029 0.136734
v -0.102263 -0.000000 0.136734
v 0.102263 -0.000000 0.136734
v 0.098715 -0.000029 0.136734
v 0.072311 -0.072311 0.136734
v 0.069802 -0.069831 0.136734
v 0.000000 -0.098743 0.136734
v 0.071073 0.071026 0.134234
v -0.071073 0.071026 0.106451
v 0.071073 -0.071120 0.134234
v 0.102263 -0.000000 0.136734
v 0.102263 0.000000 0.106451
v -0.053149 0.080249 0.134234
v -0.053149 0.080249 0.136734
v -0.052238 0.078827 0.134234
v -0.053149 0.080249 0.136734
v -0.051304 0.077435 0.136734
v -0.052238 0.078827 0.134234
v -0.051304 0.077435 0.103951
v -0.053149 0.080249 0.103951
v -0.052238 0.078827 0.106451
v -0.053149 0.080249 0.103951
v -0.053149 0.080249 0.106451
v -0.052238 0.078827 0.106451
v -0.052238 0.078827 0.106451
v -0.000000 0.098493 0.343858
v -0.000000 0.098493 0.195238
v 0.014456 0.092505 0.195238
v -0.000000 0.098493 0.343858
v -0.049087 0.078160 0.343858
v -0.049087 0.078160 0.229459
v -0.000000 0.100993 0.343858
v 0.048743 0.080803 0.343858
v 0.048743 0.080803 0.229459
v -0.000000 0.100993 0.343858
v -0.000000 0.100993 0.195238
v -0.014457 0.095005 0.195238
v 0.048743 0.080803 0.229459
v -0.049973 0.080293 0.343858
v 0.014456 0.095005 0.195238
v -0.049973 0.080293 0.343858
v -0.049087 0.078160 0.343858
v 0.048743 0.078303 0.343858
v -0.049087 0.078160 0.229459
v -0.014457 0.095005 0.229459
v 0.014456 0.095005 0.229459
v 0.014456 0.095005 0.195238
v 0.014456 0.092505 0.195238
v -0.014457 0.092505 0.195238
v -0.000000 0.148719 -0.099025
v 0.000000 0.148719 -0.083929
v 0.019200 0.137634 -0.882561
v 0.000000 0.148719 -0.882561
v -0.000000 0.148719 -0.111034
v 0.019200 0.115464 -0.882561
v 0.019200 0.121349 -0.108032
v 0.019200 0.137634 -0.083929
v 0.019200 0.129501 -0.100729
v 0.019200 0.131749 -0.102027
v 0.019200 0.121349 -0.102027
v -0.000000 0.104378 -0.111034
v 0.019200 0.115464 -0.882561
v 0.000000 0.104379 -0.882561
v 0.000000 0.104378 -0.083929
v -0.000000 0.104378 -0.099025
v -0.000000 0.104378 -0.099025
v 0.000000 0.104378 -0.083929
v -0.019200 0.115464 -0.882561
v 0.000000 0.104379 -0.882561
v -0.000000 0.104378 -0.111034
v -0.000000 0.144665 -0.111034
v 0.015689 0.135607 -0.142493
v 0.000000 0.144665 -0.142493
v 0.000000 0.144665 -0.083929
v -0.000000 0.144665 -0.099025
v -0.019200 0.131749 -0.102027
v -0.019200 0.137634 -0.882561
v -0.019200 0.131749 -0.108032
v -0.019200 0.115464 -0.083929
v -0.019200 0.121349 -0.102027
v -0.000000 0.148719 -0.111034
v 0.000000 0.148719 -0.882561
v 0.000000 0.148719 -0.083929
v -0.005200 0.145717 -0.102027
v -0.000000 0.148719 -0.099025
v -0.019200 0.137634 -0.882561
v 0.019200 0.137634 -0.882561
v 0.000000 0.104379 -0.882561
v 0.000000 0.108433 -0.083929
v 0.000000 0.104378 -0.083929
v 0.000000 0.148719 -0.083929
v 0.000000 0.144665 -0.083929
v 0.015689 0.135607 -0.083929
v -0.015689 0.117491 -0.083929
v 0.015689 0.117491 -0.142493
v 0.000000 0.144665 -0.142493
v -0.015689 0.117491 -0.142493
v -0.000000 0.144665 -0.099025
v 0.000000 0.144665 -0.083929
v -0.015689 0.135607 -0.142493
v 0.000000 0.144665 -0.142493
v -0.000000 0.144665 -0.111034
v -0.000000 0.108433 -0.111034
v -0.015689 0.117491 -0.142493
v 0.000000 0.108433 -0.142493
v 0.000000 0.108433 -0.083929
v -0.000000 0.108433 -0.099025
v 0.015689 0.135607 -0.083929
v 0.015689 0.131749 -0.102027
v 0.015689 0.121349 -0.102027
v 0.015689 0.121349 -0.108032
v 0.015689 0.131749 -0.108032
v -0.015689 0.117491 -0.083929
v -0.015689 0.131749 -0.102027
v -0.015689 0.131749 -0.108032
v -0.015689 0.121349 -0.102027
v -0.015689 0.135607 -0.142493
v -0.000000 0.108433 -0.099025
v 0.000000 0.108433 -0.083929
v 0.015689 0.117491 -0.142493
v 0.000000 0.108433 -0.142493
v -0.000000 0.108433 -0.111034
v -0.000000 0.104378 -0.111034
v -0.000000 0.148719 -0.111034
v -0.005200 0.111435 -0.108032
v -0.005200 0.141663 -0.102027
v -0.005200 0.111435 -0.102027
v -0.000000 0.148719 -0.099025
v -0.000000 0.104378 -0.099025
v 0.005200 0.141663 -0.102027
v 0.005200 0.107381 -0.102027
v 0.005200 0.141663 -0.102027
v 0.005200 0.111435 -0.108032
v -0.000000 0.148719 -0.111034
v 0.019200 0.126549 -0.099025
v 0.015689 0.126549 -0.099025
v -0.015689 0.126549 -0.099025
v -0.019200 0.127500 -0.099574
v -0.019200 0.126549 -0.099025
v 0.015689 0.131749 -0.102027
v -0.019200 0.131749 -0.108032
v 0.015689 0.131749 -0.108032
v -0.019200 0.126549 -0.111034
v 0.015689 0.126549 -0.111034
v -0.015689 0.121349 -0.108032
v 0.015689 0.121349 -0.102027
v -0.019200 0.121349 -0.102027
v 0.019200 0.121349 -0.102027
v 0.015689 0.124118 -0.100428
v 0.015689 0.121349 -0.102027
v -0.015689 0.121349 -0.102027
v 0.016100 0.135844 -0.880712
v 0.016100 0.117253 -0.880712
v 0.000000 0.107958 -0.880712
v -0.016100 0.117253 -0.880712
v -0.016100 0.135844 -0.880712
v 0.000000 0.145140 -0.880712
v 0.018160 0.137034 -0.045488
v 0.018160 0.137034 -0.045488
v 0.000000 0.105579 -0.045488
v -0.018160 0.116064 -0.045488
v -0.018160 0.137034 -0.045488
v 0.000000 0.147519 -0.045488
v 0.098658 0.018369 -0.908214
v 0.098465 0.000000 -0.831140
v -0.069626 0.069626 -0.831140
v -0.025171 0.088040 -0.831140
v -0.025174 0.093133 -0.831140
v 0.073228 0.073229 -0.831140
v 0.025174 0.093133 -0.831140
v 0.069626 0.069626 -0.831140
v 0.025171 0.088040 -0.831140
v -0.073228 0.073229 -0.831140
v -0.098465 0.000000 -0.831140
v 0.103560 0.000000 -0.831140
v 0.098465 0.000000 -0.831140
v -0.103560 0.000000 -0.831140
v -0.069626 -0.069625 -0.831140
v 0.069626 -0.069625 -0.831140
v -0.073228 -0.073228 -0.831140
v -0.095828 0.019719 -0.951866
v -0.096529 0.020009 -0.954248
v -0.089380 0.037268 -0.954248
v 0.073228 -0.073228 -0.831140
v 0.103662 0.043549 -0.948912
v 0.009678 -0.117169 -0.948912
v 0.009340 -0.104230 -0.954248
v 0.025171 0.088040 -0.950267
v 0.025171 0.088040 -0.959017
v 0.069626 0.069626 -0.831140
v 0.025171 0.088040 -0.831140
v 0.000000 0.098466 -0.893640
v 0.000000 0.098466 -0.916242
v 0.017500 0.091217 -0.950267
v 0.103560 0.000000 -0.831140
v -0.025174 0.093133 -0.831140
v -0.101203 0.044074 -0.917703
v -0.069626 -0.069625 -0.831140
v -0.097591 0.014411 -0.831765
v -0.073228 0.073229 -0.959017
v -0.025174 0.093133 -0.959017
v -0.069626 0.069626 -0.959017
v -0.025171 0.088040 -0.959017
v 0.025171 0.088040 -0.959017
v 0.025174 0.093133 -0.959017
v 0.069626 0.069626 -0.959017
v 0.073228 0.073229 -0.959017
v -0.103560 0.000000 -0.959017
v -0.098465 0.000000 -0.959017
v 0.103560 0.000000 -0.959017
v 0.098465 0.000000 -0.959017
v -0.073228 -0.073228 -0.959017
v -0.069626 -0.069625 -0.959017
v 0.069626 -0.069625 -0.959017
v -0.087624 0.038473 -0.909598
v -0.009341 -0.103472 -0.951866
v -0.011105 -0.115097 -0.917704
v 0.009678 -0.117169 -0.948912
v 0.069626 -0.069625 -0.831140
v 0.103662 0.043549 -0.948912
v -0.089726 0.039933 -0.908214
v 0.000000 0.103561 -0.916242
v 0.000000 0.103561 -0.893640
v 0.025174 0.093133 -0.831140
v 0.073228 0.073229 -0.831140
v 0.025174 0.093133 -0.950267
v 0.017500 0.096312 -0.950267
v 0.025174 0.093133 -0.959017
v -0.073228 -0.073228 -0.831140
v -0.111070 0.025666 -0.948912
v -0.111070 0.025666 -0.948912
v 0.086173 0.041977 -0.831765
v 0.089777 0.039809 -0.908214
v 0.096140 0.017915 -0.909598
v 0.095828 0.019719 -0.951866
v -0.103560 0.000000 -0.959017
v 0.109702 0.023556 -0.917703
v 0.025171 0.088040 -0.893640
v 0.088680 0.036977 -0.951866
v 0.089380 0.037268 -0.954248
v 0.096529 0.020009 -0.954248
v -0.025174 0.093133 -0.950267
v -0.088680 0.036977 -0.951866
v -0.088364 0.043221 -0.831140
v 0.098465 0.000000 -0.959017
v -0.098465 0.000000 -0.831140
v 0.000000 -0.098465 -0.959017
v 0.025171 0.088040 -0.959017
v -0.025174 0.093133 -0.950267
v -0.025174 0.093133 -0.959017
v -0.073228 0.073229 -0.831140
v -0.025174 0.093133 -0.831140
v 0.000000 0.103561 -0.893640
v 0.000000 0.103561 -0.916242
v -0.017500 0.096312 -0.950267
v -0.073228 0.073229 -0.959017
v 0.100020 0.015080 -0.831140
v -0.098607 0.018492 -0.908214
v 0.000000 0.098466 -0.916242
v 0.000000 0.098466 -0.893640
v -0.025171 0.088040 -0.831140
v -0.069626 0.069626 -0.831140
v -0.025171 0.088040 -0.950267
v -0.017500 0.091217 -0.950267
v -0.025171 0.088040 -0.959017
v 0.025171 0.088040 -0.950267
v -0.017500 0.096312 -0.950267
v 0.103560 0.000000 -0.831140
v -0.025174 0.093133 -0.893640
v -0.025171 0.088040 -0.893640
v 0.025171 0.088040 -0.893640
v -0.017500 0.091217 -0.916242
v 0.017500 0.096312 -0.916242
v 0.017500 0.096312 -0.916242
v 0.017500 0.091217 -0.916242
v -0.017500 0.091217 -0.916242
v -0.119974 0.069045 -0.840040
v -0.113621 0.067071 -0.850295
v -0.113433 0.067012 -0.842838
v -0.113621 0.067071 -0.850295
v -0.108989 0.065631 -0.845525
v -0.113433 0.067012 -0.842838
v -0.103877 0.064043 -0.829762
v -0.119974 0.069045 -0.840040
v -0.108989 0.065631 -0.834778
v -0.104545 0.064251 -0.837465
v -0.103877 0.064043 -0.829762
v -0.121999 0.008927 -0.837465
v -0.121468 0.008757 -0.829762
v -0.111294 0.005503 -0.829608
v -0.131051 0.011823 -0.850295
v -0.137387 0.013849 -0.840040
v -0.130863 0.011762 -0.842838
v -0.103877 0.064043 -0.829762
v -0.104545 0.064251 -0.837465
v -0.089324 0.059403 -0.829919
v -0.104545 0.064251 -0.837465
v -0.104545 0.064251 -0.842838
v -0.089324 0.059403 -0.829919
v -0.112980 0.069559 -0.829762
v -0.113433 0.067012 -0.842838
v -0.121468 0.008757 -0.829762
v -0.087853 0.062101 -0.850295
v -0.088855 0.042472 -0.850369
v -0.090903 0.043320 -0.850372
v -0.086864 0.053145 -0.850429
v -0.105927 0.007125 -0.829625
v -0.111294 0.005503 -0.829608
v -0.104366 0.005102 -0.829615
v -0.111294 0.005503 -0.829608
v -0.112232 0.002830 -0.829592
v -0.104366 0.005102 -0.829615
v -0.084328 0.053477 -0.829901
v -0.089324 0.059403 -0.829919
v -0.086864 0.053145 -0.829897
v -0.084328 0.053477 -0.829901
v -0.127225 0.007838 -0.845525
v -0.131639 0.009312 -0.842838
v -0.131952 0.009417 -0.850295
v -0.112248 0.002836 -0.850295
v -0.112232 0.002830 -0.829592
v -0.122811 0.006364 -0.842838
v -0.131952 0.009417 -0.850295
v -0.131639 0.009312 -0.842838
v -0.131639 0.009312 -0.842838
v -0.127225 0.007838 -0.845525
v -0.126431 0.010345 -0.845525
v -0.090931 0.043128 -0.884775
v -0.101889 0.016675 -0.884619
v -0.105927 0.007125 -0.829625
v -0.130863 0.011762 -0.837465
v -0.112980 0.069559 -0.829762
v -0.108202 0.068140 -0.834778
v -0.112663 0.069465 -0.837465
v -0.105927 0.007125 -0.850157
v -0.101861 0.016867 -0.850215
v -0.099813 0.016019 -0.850212
v -0.108202 0.068140 -0.834778
v -0.113433 0.067012 -0.842838
v -0.122811 0.006364 -0.842838
v -0.126431 0.010345 -0.834778
v -0.104545 0.064251 -0.842838
v -0.099841 0.015827 -0.884616
v -0.084344 0.053363 -0.850433
v -0.084328 0.053477 -0.829901
v -0.104382 0.004987 -0.850147
v -0.099841 0.015827 -0.884616
v -0.088884 0.042280 -0.884772
v -0.111294 0.005503 -0.850295
v -0.101889 0.016675 -0.884619
v -0.090931 0.043128 -0.884775
v -0.103740 0.066816 -0.837465
v -0.108989 0.065631 -0.845525
v -0.122811 0.006364 -0.837465
v -0.086864 0.053145 -0.850429
v -0.112980 0.069559 -0.850295
v -0.112663 0.069465 -0.842838
v -0.103193 0.066654 -0.829762
v -0.087836 0.062096 -0.829941
v -0.103740 0.066816 -0.837465
v -0.108202 0.068140 -0.834778
v -0.103740 0.066816 -0.842838
v -0.103740 0.066816 -0.837465
v -0.087836 0.062096 -0.829941
v -0.112980 0.069559 -0.850295
v -0.108202 0.068140 -0.845525
v -0.087853 0.062101 -0.850295
v 0.033537 0.134795 -0.920871
v 0.019200 0.148719 -0.922019
v 0.000000 0.148719 -0.886259
v -0.040376 0.103060 -0.915853
v -0.040395 0.103035 -0.950360
v -0.066003 0.092445 -0.950360
v -0.066003 0.092445 -0.950360
v -0.066003 0.092445 -0.886259
v -0.019200 0.137634 -0.886259
v -0.029675 0.148719 -0.922019
v -0.033537 0.144893 -0.918902
v -0.019200 0.144895 -0.918902
v 0.000000 0.103561 -0.916242
v 0.000000 0.103561 -0.886259
v -0.073228 0.073229 -0.886259
v 0.040376 0.103060 -0.950360
v 0.022679 0.110390 -0.915853
v 0.022679 0.110390 -0.886259
v 0.066002 0.092445 -0.886259
v -0.081342 0.053640 -0.950360
v 0.019200 0.134795 -0.920871
v 0.066002 0.092445 -0.886259
v 0.086907 0.063180 -0.950360
v 0.019200 0.115464 -0.915853
v -0.033537 0.134795 -0.950360
v -0.066003 0.092445 -0.950360
v -0.034565 0.110985 -0.950360
v -0.086908 0.063180 -0.886259
v -0.040376 0.103060 -0.950360
v -0.040395 0.103035 -0.950360
v -0.040376 0.103060 -0.915853
v -0.034565 0.110985 -0.915853
v -0.019200 0.148719 -0.922019
v -0.019200 0.134795 -0.920871
v -0.019200 0.127847 -0.915853
v -0.019200 0.115464 -0.915853
v -0.019200 0.115464 -0.886259
v -0.019200 0.137634 -0.886259
v 0.086907 0.063180 -0.950360
v 0.073228 0.073229 -0.886259
v -0.033537 0.144893 -0.918902
v 0.000000 0.148719 -0.915853
v 0.019200 0.137634 -0.915853
v 0.019200 0.148719 -0.915853
v -0.019200 0.148719 -0.915853
v -0.019200 0.137634 -0.915853
v 0.017500 0.134795 -0.950360
v 0.033537 0.134795 -0.950360
v 0.039335 0.127847 -0.950360
v 0.086907 0.063180 -0.950360
v 0.081342 0.053641 -0.950360
v 0.073228 0.073229 -0.950360
v 0.066002 0.092445 -0.950360
v 0.086241 0.069785 -0.950360
v -0.073228 0.073229 -0.950360
v -0.081342 0.053640 -0.950360
v -0.086908 0.063180 -0.950360
v -0.086242 0.069785 -0.950360
v -0.066003 0.092445 -0.950360
v -0.040395 0.103035 -0.950360
v -0.039335 0.127847 -0.950360
v -0.033537 0.134795 -0.950360
v 0.000000 0.143758 -0.950170
v -0.017500 0.134795 -0.950360
v -0.029675 0.148719 -0.949978
v -0.017500 0.134795 -0.950360
v -0.033537 0.134795 -0.950360
v -0.033537 0.144892 -0.950083
v -0.029675 0.148719 -0.949978
v -0.029675 0.148719 -0.949978
v 0.029675 0.148719 -0.949978
v 0.000000 0.143758 -0.950170
v 0.029675 0.148719 -0.949978
v 0.000000 0.143758 -0.950170
v 0.029675 0.148719 -0.949978
v 0.017500 0.134795 -0.950360
v 0.019200 0.144895 -0.918902
v 0.019200 0.148719 -0.922019
v 0.019200 0.148719 -0.915853
v 0.019200 0.137634 -0.915853
v 0.019200 0.137634 -0.886259
v 0.019200 0.134795 -0.920871
v 0.029675 0.148719 -0.922019
v -0.029675 0.148719 -0.922019
v -0.029675 0.148719 -0.949978
v -0.033537 0.144892 -0.950083
v 0.040376 0.103060 -0.915853
v 0.040395 0.103035 -0.915853
v 0.040395 0.103035 -0.950360
v 0.029675 0.148719 -0.922019
v 0.033537 0.144893 -0.918902
v 0.033537 0.144892 -0.950083
v 0.039335 0.127847 -0.915853
v 0.039335 0.127847 -0.915853
v 0.017500 0.096312 -0.950360
v 0.073228 0.073229 -0.950360
v 0.073228 0.073229 -0.886259
v -0.019200 0.115464 -0.915853
v -0.081342 0.053640 -0.886259
v -0.086908 0.063180 -0.886259
v -0.086908 0.063180 -0.950360
v 0.073228 0.073229 -0.886259
v 0.081342 0.053641 -0.886259
v 0.086907 0.063180 -0.886259
v 0.086241 0.069785 -0.886259
v 0.066002 0.092445 -0.886259
v 0.022679 0.110390 -0.886259
v 0.019200 0.115464 -0.886259
v 0.019200 0.137634 -0.886259
v -0.019200 0.137634 -0.886259
v 0.000000 0.148719 -0.886259
v 0.000000 0.103561 -0.886259
v -0.081342 0.053640 -0.886259
v -0.022679 0.110390 -0.886259
v -0.019200 0.115464 -0.886259
v -0.066003 0.092445 -0.886259
v -0.039335 0.127847 -0.915853
v 0.022679 0.110390 -0.915853
v 0.034565 0.110985 -0.915853
v 0.040376 0.103060 -0.915853
v -0.040376 0.103060 -0.915853
v -0.022679 0.110390 -0.915853
v -0.019200 0.127847 -0.915853
v 0.033537 0.134795 -0.950360
v -0.019200 0.144895 -0.918902
v 0.029675 0.148719 -0.922019
v 0.019200 0.148719 -0.922019
v 0.019200 0.144895 -0.918902
v -0.017500 0.096312 -0.916242
v 0.017500 0.134795 -0.950360
v -0.017500 0.096312 -0.916242
v -0.017500 0.134795 -0.916431
v 0.000000 0.103561 -0.916242
v -0.017500 0.134795 -0.916431
v 0.000000 0.143758 -0.916242
v 0.000000 0.103561 -0.916242
v 0.000000 0.143758 -0.916242
v 0.017500 0.134795 -0.916431
v 0.000000 0.103561 -0.916242
v 0.000000 0.143758 -0.916242
v 0.000000 0.143758 -0.916242
v 0.037455 0.121301 -0.950322
v 0.019157 0.144519 -0.950322
v 0.034835 0.132296 -0.950322
v -0.034837 0.132296 -0.950322
v -0.037457 0.121301 -0.950322
v 0.019157 0.144519 -0.959072
v 0.037455 0.121301 -0.959072
v 0.021453 0.087383 -0.959072
v 0.032788 0.119648 -0.959072
v -0.021455 0.087383 -0.959072
v 0.023769 0.114441 -0.959072
v -0.037457 0.121301 -0.959072
v -0.032817 0.130004 -0.959072
v -0.032818 0.119648 -0.959072
v -0.023798 0.114441 -0.959072
v -0.014779 0.119648 -0.959072
v -0.019158 0.144519 -0.959072
v 0.021453 0.087383 -0.950322
v -0.019158 0.144519 -0.950322
v 0.021453 0.087383 -0.950322
v -0.019158 0.144519 -0.959072
v 0.019157 0.144519 -0.950322
v -0.032817 0.130004 -0.959072
v -0.032817 0.130063 -0.959072
v -0.030092 0.128521 -0.955618
v -0.030092 0.128521 -0.955618
v -0.032817 0.130063 -0.959072
v -0.014779 0.130063 -0.959072
v -0.017392 0.128521 -0.955618
v -0.023742 0.132187 -0.955618
v -0.030092 0.121189 -0.955618
v -0.023742 0.117523 -0.955618
v -0.023798 0.114441 -0.959072
v -0.017392 0.121189 -0.955618
v -0.017392 0.128521 -0.955618
v 0.014750 0.119648 -0.959072
v 0.014750 0.130063 -0.959072
v 0.032788 0.130063 -0.959072
v 0.030175 0.128521 -0.955618
v 0.023825 0.132187 -0.955618
v 0.023825 0.117523 -0.955618
v 0.023825 0.117523 -0.955618
v 0.030175 0.121189 -0.955618
v 0.032788 0.119648 -0.959072
v 0.030175 0.128521 -0.955618
v 0.020489 0.128723 -0.957409
v 0.023825 0.132187 -0.955618
v 0.023825 0.130649 -0.957409
v 0.020489 0.128723 -0.957409
v 0.028842 0.127752 -0.957409
v 0.023825 0.130649 -0.957409
v 0.023825 0.132187 -0.955618
v 0.018808 0.121959 -0.957409
v -0.018725 0.121959 -0.957409
v -0.030092 0.122820 -0.955618
v -0.030092 0.123131 -0.955618
v -0.028410 0.120219 -0.955618
v -0.019073 0.129492 -0.955618
v -0.019073 0.129492 -0.955618
v -0.017392 0.128521 -0.955618
v -0.017392 0.126580 -0.955618
v -0.017392 0.126580 -0.955618
v 0.028494 0.120219 -0.955618
v -0.028759 0.127752 -0.957409
v -0.023742 0.117523 -0.955618
v -0.028410 0.120219 -0.955618
v -0.027078 0.120988 -0.957409
v 0.018808 0.125811 -0.957409
v 0.018808 0.121959 -0.957409
v 0.017475 0.121189 -0.955618
v 0.017475 0.128521 -0.955618
v 0.019157 0.129492 -0.955618
v 0.017475 0.126580 -0.955618
v 0.019157 0.129492 -0.955618
v 0.030175 0.123131 -0.955618
v 0.030175 0.121189 -0.955618
v 0.028762 0.120374 -0.955618
v 0.028762 0.120374 -0.955618
v 0.023825 0.117523 -0.955618
v -0.023742 0.132187 -0.955618
v -0.023742 0.130649 -0.957409
v -0.030092 0.123131 -0.955618
v -0.018725 0.121959 -0.957409
v -0.018725 0.125811 -0.957409
v 0.020489 0.128723 -0.957409
v 0.030175 0.123131 -0.955618
v 0.028842 0.123900 -0.957409
v 0.028842 0.127752 -0.957409
v 0.023825 0.119062 -0.957409
v -0.018725 0.125811 -0.957409
v -0.023742 0.130649 -0.957409
v -0.037457 0.121301 -0.959072
v 0.034835 0.132296 -0.959072
v -0.021455 0.087383 -0.959072
v 0.000000 0.081667 -0.943061
v -0.008260 0.081667 -0.938292
v 0.012118 0.119553 -0.950848
v 0.000000 0.140542 -0.950848
v 0.000000 0.112556 -0.950848
v -0.012118 0.119553 -0.950848
v -0.012118 0.133546 -0.950848
v 0.008260 0.081667 -0.938292
v 0.004002 0.081667 -0.935833
v 0.000000 0.081667 -0.943061
v -0.004002 0.081667 -0.931212
v 0.012118 0.133546 -0.950848
v -0.008260 0.081667 -0.928753
v 0.008260 0.081667 -0.928753
v 0.008260 0.081667 -0.928753
v 0.000000 0.118892 -0.943061
v 0.000000 0.118892 -0.923984
v -0.008260 0.081667 -0.928753
v -0.095048 0.075754 0.850679
v -0.093938 0.078072 0.850679
v -0.093938 0.078072 0.856053
v -0.034762 0.086496 0.863741
v -0.071343 -0.071344 0.843223
v 0.079825 0.078543 0.912318
v -0.083283 0.036720 0.873560
v -0.083283 0.036720 0.912068
v -0.098493 -0.000000 0.912068
v -0.095900 0.006260 0.843223
v 0.040741 0.081617 0.863741
v 0.032262 0.085129 0.863741
v 0.032262 0.085129 0.818141
v 0.069645 0.069645 0.828233
v 0.069645 0.069645 0.912068
v 0.079825 0.078543 0.914818
v 0.007190 0.108629 0.914818
v 0.071750 0.071749 0.914818
v 0.004531 0.099592 0.914818
v -0.086212 0.036834 0.914818
v -0.096928 0.037254 0.914818
v -0.101469 -0.000000 0.914818
v -0.112890 -0.001283 0.914818
v 0.112890 -0.001283 0.914818
v 0.101469 -0.000000 0.914818
v -0.071750 -0.071750 0.914818
v -0.079825 -0.081108 0.914818
v 0.071750 -0.071750 0.914818
v -0.032262 0.085129 0.818141
v -0.034762 0.086496 0.818141
v -0.034762 0.128659 0.818141
v -0.030288 0.133133 0.818141
v -0.029038 0.133133 0.818141
v -0.029038 0.130633 0.818141
v 0.079826 -0.081108 0.914818
v -0.101666 0.015408 0.843223
v 0.004380 0.099080 0.871621
v 0.089791 0.026807 0.843223
v 0.088093 0.025108 0.843223
v 0.069645 0.069645 0.828233
v -0.081384 0.047103 0.912318
v -0.076503 0.066804 0.863756
v -0.076503 0.066804 0.843204
v -0.065540 0.071345 0.863756
v -0.059916 0.073674 0.843204
v -0.051099 0.077327 0.822910
v -0.040741 0.081617 0.863741
v -0.032262 0.085129 0.818141
v -0.032262 0.085129 0.863741
v -0.003751 0.096939 0.871621
v -0.003751 0.096939 0.912068
v -0.069645 0.069645 0.873560
v -0.076503 0.066804 0.863756
v -0.101218 0.078731 0.853464
v -0.095222 0.075838 0.843203
v -0.095048 0.075754 0.850679
v -0.095048 0.075754 0.856053
v -0.101218 0.078731 0.853464
v -0.095048 0.075754 0.850679
v -0.090857 0.073731 0.847993
v -0.000000 -0.098493 0.912068
v -0.101666 0.015408 0.863756
v -0.119943 0.024508 0.863755
v -0.115481 0.022287 0.858739
v -0.111315 0.020213 0.856053
v -0.119943 0.024508 0.843223
v -0.085506 0.074134 0.850679
v -0.075682 0.069546 0.843204
v -0.100159 0.080977 0.853464
v -0.093938 0.078072 0.856053
v -0.079826 -0.081108 0.912318
v 0.098493 -0.000000 0.843223
v 0.098493 -0.000000 0.912068
v -0.007190 0.108629 0.912318
v -0.004531 0.099592 0.914818
v -0.007190 0.108629 0.914818
v -0.004531 0.099592 0.914818
v -0.003751 0.096939 0.912068
v -0.004380 0.099080 0.912318
v -0.003751 0.096939 0.871621
v -0.079647 0.045497 0.873560
v -0.081384 0.047103 0.873560
v -0.069645 0.069645 0.873560
v -0.081384 0.047103 0.873560
v -0.071343 0.071343 0.873560
v 0.101469 -0.000000 0.914818
v -0.090857 0.073731 0.847993
v -0.089722 0.076103 0.858739
v -0.095900 0.006260 0.843223
v 0.040741 0.081617 0.871621
v -0.000000 -0.114173 0.914818
v -0.090857 0.073731 0.858739
v 0.071343 0.071343 0.912318
v 0.004380 0.099080 0.912318
v 0.007190 0.108629 0.912318
v -0.112890 -0.001283 0.912318
v -0.096928 0.037254 0.912318
v -0.100895 -0.000000 0.912318
v -0.085647 0.036812 0.912318
v 0.079825 0.078543 0.912318
v 0.100895 -0.000000 0.912318
v -0.079826 -0.081108 0.912318
v -0.071343 -0.071344 0.912318
v 0.112890 -0.001283 0.912318
v -0.000000 -0.114173 0.912318
v 0.034762 0.128659 0.818141
v 0.034762 0.086496 0.818141
v 0.032262 0.127409 0.818141
v 0.034762 0.086496 0.818141
v 0.032262 0.085129 0.818141
v 0.029038 0.130633 0.818141
v 0.029038 0.133133 0.818141
v 0.032262 0.127409 0.863741
v 0.003751 0.096939 0.912068
v 0.004531 0.099592 0.914818
v 0.004380 0.099080 0.912318
v 0.007190 0.108629 0.914818
v 0.007190 0.108629 0.912318
v 0.004380 0.099080 0.912318
v 0.004531 0.099592 0.914818
v 0.007190 0.108629 0.912318
v -0.004380 0.099080 0.871621
v -0.085506 0.074134 0.856053
v 0.007190 0.108629 0.912318
v -0.032262 0.085129 0.818141
v 0.069645 -0.069645 0.912068
v -0.034762 0.086496 0.863741
v -0.041590 0.083667 0.863741
v -0.040741 0.081617 0.863741
v 0.032262 0.085129 0.863741
v 0.040741 0.081617 0.863741
v 0.034762 0.086496 0.863741
v 0.041590 0.083667 0.863741
v 0.032262 0.127409 0.863741
v -0.032262 0.085129 0.863741
v -0.034762 0.086496 0.863741
v -0.032262 0.085129 0.863741
v -0.032262 0.127409 0.863741
v 0.034762 0.128659 0.863741
v -0.034762 0.128659 0.863741
v -0.032262 0.127409 0.863741
v -0.029038 0.130633 0.863741
v -0.098241 0.006406 0.863756
v -0.098241 0.006406 0.843223
v -0.085647 0.036812 0.912318
v -0.085647 0.036812 0.873560
v -0.030288 0.133133 0.863741
v 0.029038 0.130633 0.818141
v -0.029038 0.130633 0.818141
v -0.023208 0.130633 0.840641
v -0.089674 0.054768 0.914818
v -0.081800 0.047487 0.914818
v -0.004531 0.099592 0.914818
v -0.069645 -0.069645 0.912068
v 0.023208 0.130633 0.840641
v 0.034762 0.128659 0.818141
v -0.118716 0.026765 0.863755
v -0.119943 0.024508 0.863755
v -0.098241 0.006406 0.863756
v -0.069645 -0.069645 0.912068
v -0.081384 0.047103 0.873560
v -0.079647 0.045497 0.912068
v -0.079647 0.045497 0.873560
v -0.089674 0.054768 0.914818
v -0.098241 0.006406 0.873560
v -0.069645 0.069645 0.912068
v 0.032262 0.127409 0.818141
v -0.095222 0.075838 0.843203
v -0.095222 0.075838 0.843203
v -0.094206 0.078196 0.843203
v -0.075682 0.069546 0.843204
v -0.060406 0.075874 0.843204
v 0.034762 0.128659 0.818141
v -0.098493 -0.000000 0.912068
v -0.071343 0.071343 0.912318
v -0.004380 0.099080 0.912318
v -0.041590 0.083667 0.871621
v -0.004380 0.099080 0.871621
v -0.066518 0.073342 0.873560
v -0.071343 0.071343 0.873560
v -0.075682 0.069546 0.843204
v -0.075682 0.069546 0.863756
v -0.066518 0.073342 0.863756
v -0.060406 0.075874 0.843204
v -0.034762 0.086496 0.863741
v -0.118716 0.026765 0.843223
v -0.118538 0.026680 0.850679
v -0.114346 0.024659 0.847993
v -0.110154 0.022638 0.850679
v -0.110154 0.022638 0.856053
v -0.100031 0.017758 0.843223
v -0.110154 0.022638 0.856053
v -0.100031 0.017758 0.863756
v -0.118716 0.026765 0.843223
v 0.069645 -0.069645 0.843223
v 0.004380 0.099080 0.871621
v 0.004380 0.099080 0.912318
v 0.071343 0.071343 0.912318
v 0.034762 0.086496 0.818141
v 0.034762 0.086496 0.863741
v 0.100895 -0.000000 0.912318
v 0.100895 -0.000000 0.843223
v -0.071343 -0.071344 0.912318
v -0.032262 0.127409 0.863741
v 0.071343 -0.071344 0.912318
v -0.081384 0.047103 0.912318
v -0.007190 0.108629 0.912318
v -0.004380 0.099080 0.912318
v 0.023208 0.130633 0.840641
v -0.098241 0.006406 0.843223
v -0.095900 0.006260 0.843223
v -0.100031 0.017758 0.843223
v 0.098493 -0.000000 0.843223
v 0.088093 0.025108 0.843223
v 0.100895 -0.000000 0.843223
v 0.089791 0.026807 0.843223
v -0.098493 -0.000000 0.843223
v 0.069645 -0.069645 0.843223
v -0.100895 -0.000000 0.843223
v -0.071343 -0.071344 0.843223
v -0.098493 -0.000000 0.843223
v -0.069645 -0.069645 0.843223
v -0.071343 -0.071344 0.843223
v 0.071343 -0.071344 0.843223
v -0.032262 0.085129 0.863741
v -0.000000 -0.100895 0.843223
v -0.079825 -0.081108 0.914818
v -0.085506 0.074134 0.856053
v -0.101469 -0.000000 0.914818
v -0.124708 0.029654 0.853478
v -0.118538 0.026680 0.850679
v -0.118538 0.026680 0.856053
v -0.124708 0.029654 0.853478
v -0.098241 0.006406 0.863756
v -0.083283 0.036720 0.873560
v -0.085647 0.036812 0.873560
v -0.096928 0.037254 0.912318
v -0.096928 0.037254 0.914818
v -0.029038 0.133133 0.818141
v -0.007190 0.108629 0.914818
v 0.098493 -0.000000 0.912068
v -0.089674 0.054768 0.914818
v 0.071750 0.071749 0.914818
v -0.094206 0.078196 0.863755
v -0.095222 0.075838 0.863755
v -0.095222 0.075838 0.863755
v -0.076503 0.066804 0.863756
v -0.075682 0.069546 0.863756
v -0.076503 0.066804 0.863756
v -0.112890 -0.001283 0.912318
v -0.051339 0.079629 0.822338
v 0.069645 -0.069645 0.843223
v 0.030288 0.133133 0.863741
v 0.030288 0.133133 0.818141
v 0.029038 0.133133 0.818141
v -0.029038 0.133133 0.818141
v -0.030288 0.133133 0.818141
v -0.066518 0.073342 0.863756
v -0.071750 0.071749 0.914818
v -0.071750 0.071749 0.914818
v -0.041590 0.083667 0.863741
v -0.095048 0.075754 0.850679
v -0.118538 0.026680 0.850679
v -0.118538 0.026680 0.856053
v -0.119647 0.024361 0.856053
v -0.118538 0.026680 0.850679
v -0.114346 0.024659 0.847993
v -0.110154 0.022638 0.850679
v -0.111315 0.020213 0.856053
v -0.115481 0.022287 0.858739
v -0.092458 0.081980 0.850476
v -0.093416 0.076524 0.851337
v -0.089752 0.074770 0.848991
v -0.118897 0.025627 0.855977
v -0.093416 0.076524 0.855395
v -0.110680 0.021694 0.849804
v -0.111710 0.015845 0.848883
v -0.112711 0.016324 0.849524
v -0.087153 0.073526 0.850387
v -0.083505 0.077694 0.849526
v -0.086410 0.072743 0.849804
v -0.083505 0.077694 0.849526
v -0.082500 0.077213 0.848883
v -0.086410 0.072743 0.849804
v -0.111750 0.021794 0.850387
v -0.087153 0.073526 0.850387
v -0.086410 0.072743 0.849804
v -0.111750 0.021794 0.850387
v -0.089918 0.074422 0.847749
v -0.114322 0.023437 0.847749
v -0.118897 0.025627 0.850755
v -0.087077 0.073489 0.855395
v -0.111768 0.015873 0.856899
v -0.087943 0.079818 0.860431
v -0.090413 0.074659 0.858588
v -0.086334 0.072706 0.855977
v -0.092458 0.081980 0.850476
v -0.087448 0.079582 0.847269
v -0.087448 0.079582 0.846061
v -0.082424 0.077177 0.856899
v -0.082500 0.077213 0.848883
v -0.083428 0.077657 0.856256
v -0.083505 0.077694 0.849526
v -0.092458 0.081980 0.850476
v -0.087448 0.079582 0.846061
v -0.093463 0.082460 0.849833
v -0.093463 0.082460 0.849833
v -0.087943 0.079818 0.860431
v -0.083428 0.077657 0.856256
v -0.087943 0.079818 0.859146
v -0.092458 0.081980 0.856256
v -0.122806 0.021156 0.849833
v -0.116792 0.018278 0.846061
v -0.121805 0.020677 0.850474
v -0.116792 0.018278 0.846061
v -0.116792 0.018278 0.847265
v -0.121805 0.020677 0.850474
v -0.112711 0.016324 0.849524
v -0.111710 0.015845 0.848883
v -0.111768 0.015873 0.856899
v -0.112711 0.016324 0.849524
v -0.111768 0.015873 0.856899
v -0.122806 0.021156 0.856899
v -0.122806 0.021156 0.856899
v -0.121805 0.020677 0.856258
v -0.112769 0.016352 0.856258
v -0.117287 0.018514 0.860432
v -0.121805 0.020677 0.856258
v -0.121805 0.020677 0.850474
v -0.093416 0.076524 0.855395
v -0.092458 0.081980 0.856256
v -0.087943 0.079818 0.859146
v -0.114483 0.023102 0.848991
v -0.086334 0.072706 0.855977
v -0.121805 0.020677 0.856258
v -0.118147 0.024856 0.855395
v -0.118147 0.024856 0.851337
v -0.093416 0.076524 0.851337
v -0.093463 0.082460 0.849833
v -0.087943 0.079818 0.860431
v -0.093463 0.082460 0.856899
v -0.094493 0.076611 0.855977
v -0.114817 0.023674 0.858588
v -0.093416 0.076524 0.855395
v -0.114483 0.023102 0.848991
v -0.118147 0.024856 0.851337
v -0.121805 0.020677 0.850474
v -0.087448 0.079582 0.846061
v -0.087448 0.079582 0.847269
v -0.089918 0.074422 0.847749
v -0.087448 0.079582 0.847269
v -0.114483 0.023102 0.848991
v -0.116792 0.018278 0.847265
v -0.114322 0.023437 0.847749
v -0.116792 0.018278 0.846061
v -0.087077 0.073489 0.855395
v -0.090413 0.074659 0.858588
v -0.118897 0.025627 0.855977
v -0.094493 0.076611 0.855977
v -0.094493 0.076611 0.850755
v -0.111808 0.021822 0.855395
v -0.112769 0.016352 0.856258
v -0.117287 0.018514 0.859150
v -0.034755 0.107747 0.833538
v -0.034755 0.114401 0.822014
v -0.034755 0.121054 0.833538
v 0.034958 0.112369 0.826177
v -0.034755 0.107747 0.833538
v -0.042482 0.116433 0.833216
v -0.039945 0.114401 0.837379
v -0.039945 0.121054 0.825855
v -0.039945 0.107747 0.825855
v 0.034762 0.121733 0.829696
v 0.036553 0.121733 0.829696
v 0.038344 0.117297 0.834713
v 0.038344 0.117297 0.834713
v 0.036553 0.118067 0.836046
v 0.036553 0.110734 0.836046
v 0.036553 0.118067 0.823346
v -0.042482 0.116433 0.826177
v 0.036553 0.121733 0.829696
v 0.034762 0.121733 0.829696
v -0.039945 0.114401 0.822014
v -0.042482 0.110337 0.829696
v -0.042482 0.110337 0.829696
v -0.042482 0.112369 0.833216
v -0.042482 0.116433 0.833216
v -0.042482 0.116433 0.833216
v 0.038344 0.111504 0.824679
v 0.038344 0.109578 0.828015
v 0.038344 0.119223 0.831378
v 0.034762 0.110734 0.823346
v 0.036553 0.110734 0.823346
v 0.036553 0.108039 0.831378
v 0.036553 0.121733 0.829696
v 0.036553 0.120762 0.831378
v 0.036553 0.107068 0.829696
v 0.036553 0.107884 0.828284
v 0.034762 0.110734 0.836046
v -0.039945 0.121054 0.833538
v -0.042482 0.112369 0.826177
v 0.038344 0.111504 0.824679
v 0.038344 0.119223 0.828015
v 0.036553 0.108039 0.828015
v 0.036553 0.110734 0.823346
v 0.038344 0.111504 0.824679
v 0.036553 0.110734 0.836046
v 0.034762 0.110734 0.836046
v 0.036553 0.110734 0.836046
v 0.036553 0.108039 0.831378
v 0.038344 0.109578 0.831378
v -0.039945 0.121054 0.833538
v -0.034755 0.114401 0.822014
v 0.034762 0.110734 0.836046
v 0.034762 0.118067 0.836046
v 0.034762 0.121733 0.829696
v -0.034755 0.107747 0.833538
v -0.111597 0.075043 -0.837720
v -0.127258 0.009001 -0.835299
v -0.131564 0.010383 -0.837910
v -0.134769 0.005607 -0.836981
v -0.106829 0.073516 -0.834830
v -0.108386 0.068655 -0.836545
v -0.111732 0.069729 -0.838574
v -0.128016 0.009227 -0.846275
v -0.129701 0.003961 -0.848110
v -0.129700 0.003963 -0.846829
v -0.109214 0.068908 -0.845062
v -0.107659 0.073763 -0.846792
v -0.109342 0.068502 -0.846226
v -0.107659 0.073763 -0.846792
v -0.107659 0.073762 -0.848077
v -0.109342 0.068502 -0.846226
v -0.128016 0.009227 -0.846275
v -0.129700 0.003963 -0.846829
v -0.128138 0.008839 -0.845110
v -0.109214 0.068908 -0.845062
v -0.109342 0.068502 -0.846226
v -0.128138 0.008839 -0.845110
v -0.131631 0.010394 -0.843805
v -0.105044 0.067569 -0.842631
v -0.123120 0.001854 -0.844046
v -0.104212 0.066855 -0.843213
v -0.111597 0.075043 -0.837720
v -0.111599 0.075034 -0.844134
v -0.112596 0.075353 -0.844738
v -0.101007 0.071631 -0.844143
v -0.107659 0.073762 -0.848077
v -0.102067 0.071972 -0.843500
v -0.107659 0.073762 -0.848077
v -0.107659 0.073763 -0.846792
v -0.102067 0.071972 -0.843500
v -0.112656 0.075384 -0.837077
v -0.102064 0.071981 -0.837720
v -0.101004 0.071641 -0.837077
v -0.102064 0.071981 -0.837720
v -0.106829 0.073516 -0.834830
v -0.134769 0.005607 -0.836981
v -0.134708 0.005575 -0.844641
v -0.133712 0.005267 -0.837622
v -0.133715 0.005257 -0.844039
v -0.129700 0.003963 -0.846829
v -0.129701 0.003961 -0.848110
v -0.123120 0.001854 -0.844046
v -0.124176 0.002194 -0.843405
v -0.128941 0.003741 -0.833448
v -0.133712 0.005267 -0.837622
v -0.128942 0.003739 -0.834730
v -0.124174 0.002203 -0.837622
v -0.133712 0.005267 -0.837622
v -0.130728 0.009683 -0.838492
v -0.127381 0.008610 -0.836463
v -0.108386 0.068655 -0.836545
v -0.106829 0.073516 -0.834830
v -0.102064 0.071981 -0.837720
v -0.130730 0.009676 -0.843184
v -0.122956 0.007603 -0.843133
v -0.128942 0.003739 -0.834730
v -0.127381 0.008610 -0.836463
v -0.124037 0.007530 -0.838492
v -0.108386 0.068655 -0.836545
v -0.127381 0.008610 -0.836463
v -0.130728 0.009683 -0.838492
v -0.106828 0.073518 -0.833544
v -0.112656 0.075384 -0.837077
v -0.112820 0.069635 -0.837991
v -0.101004 0.071641 -0.837077
v -0.106828 0.073518 -0.833544
v -0.108513 0.068253 -0.835379
v -0.122953 0.007611 -0.837910
v -0.127258 0.009001 -0.835299
v -0.128941 0.003741 -0.833448
v -0.127381 0.008610 -0.836463
v -0.108386 0.068655 -0.836545
v -0.105042 0.067575 -0.838574
v -0.130728 0.009683 -0.838492
v -0.112596 0.075353 -0.844738
v -0.111599 0.075034 -0.844134
v -0.112887 0.069647 -0.843885
v -0.111599 0.075034 -0.844134
v -0.111735 0.069722 -0.843265
v -0.112887 0.069647 -0.843885
v -0.130730 0.009676 -0.843184
v -0.133715 0.005257 -0.844039
v -0.131631 0.010394 -0.843805
v -0.133715 0.005257 -0.844039
v -0.134708 0.005575 -0.844641
v -0.131631 0.010394 -0.843805
v -0.130730 0.009676 -0.843184
v -0.131631 0.010394 -0.843805
v -0.112887 0.069647 -0.843885
v -0.105042 0.067575 -0.838574
v -0.122953 0.007611 -0.837910
v -0.127258 0.009001 -0.835299
v -0.124176 0.002194 -0.843405
v 0.070224 0.070224 -0.513621
v 0.070224 0.070224 0.009438
v 0.099311 -0.000000 -0.513621
v 0.099311 -0.000000 -0.513621
v 0.099311 0.000000 0.009438
v 0.099311 0.000000 0.009438
v 0.070224 -0.070224 -0.513621
v 0.070224 -0.070224 -0.513621
v 0.070224 -0.070224 0.009438
v 0.070224 -0.070224 0.009438
v 0.042585 -0.081672 -0.498626
v 0.042585 -0.081672 -0.005556
v -0.007500 0.135429 0.159416
v -0.007500 0.135429 0.159416
v -0.007500 0.135429 0.159416
v -0.007500 0.142982 0.159416
v -0.007500 0.142982 0.159416
v -0.007500 0.142982 0.159416
v -0.007500 0.143660 0.079389
v -0.007500 0.143660 0.079389
v -0.007500 0.143660 0.079389
v -0.007500 0.158924 0.069630
v -0.007500 0.158924 0.069630
v -0.007500 0.158924 0.069630
v 0.007500 0.135429 0.159416
v 0.007500 0.135429 0.159416
v 0.007500 0.135429 0.159416
v 0.007500 0.142982 0.159416
v 0.007500 0.142982 0.159416
v 0.007500 0.142982 0.159416
v 0.007500 0.143660 0.079389
v 0.007500 0.143660 0.079389
v 0.007500 0.143660 0.079389
v 0.007500 0.158924 0.069630
v 0.007500 0.158924 0.069630
v 0.007500 0.158924 0.069630
v -0.007500 0.162930 0.082459
v -0.007500 0.162930 0.082459
v -0.007500 0.162930 0.082459
v 0.007500 0.162930 0.082459
v 0.007500 0.162930 0.082459
v 0.007500 0.162930 0.082459
v -0.007500 0.172965 0.075535
v -0.007500 0.172965 0.075535
v -0.007500 0.172965 0.075535
v -0.007500 0.172965 0.075535
v -0.007500 0.163770 0.069630
v -0.007500 0.163770 0.069630
v -0.007500 0.163770 0.069630
v -0.007500 0.163770 0.069630
v 0.007500 0.163770 0.069630
v 0.007500 0.163770 0.069630
v 0.007500 0.163770 0.069630
v 0.007500 0.163770 0.069630
v 0.007500 0.172965 0.075535
v 0.007500 0.172965 0.075535
v 0.007500 0.172965 0.075535
v 0.007500 0.172965 0.075535
v -0.007500 0.163770 0.019078
v -0.007500 0.163770 0.019078
v -0.007500 0.163770 0.019078
v 0.007500 0.163770 0.019078
v 0.007500 0.163770 0.019078
v 0.007500 0.163770 0.019078
v -0.007500 0.172965 0.014567
v -0.007500 0.172965 0.014567
v -0.007500 0.172965 0.014567
v -0.007500 0.166951 0.014567
v -0.007500 0.166951 0.014567
v -0.007500 0.166951 0.014567
v 0.007500 0.166951 0.014567
v 0.007500 0.166951 0.014567
v 0.007500 0.166951 0.014567
v 0.007500 0.172965 0.014567
v 0.007500 0.172965 0.014567
v 0.007500 0.172965 0.014567
v 0.007500 0.154441 0.139943
v 0.007500 0.154441 0.139943
v 0.007500 0.154441 0.139943
v -0.007500 0.154441 0.139943
v -0.007500 0.154441 0.139943
v -0.007500 0.154441 0.139943
v 0.007500 0.143660 0.113061
v 0.007500 0.143660 0.113061
v 0.007500 0.143660 0.113061
v -0.007500 0.143660 0.113061
v -0.007500 0.143660 0.113061
v -0.007500 0.143660 0.113061
v -0.007500 0.145143 0.127632
v -0.007500 0.145143 0.127632
v -0.007500 0.145143 0.127632
v 0.007500 0.145143 0.127632
v 0.007500 0.145143 0.127632
v 0.007500 0.145143 0.127632
v -0.007500 0.140255 0.154412
v -0.007500 0.140255 0.154412
v -0.007500 0.140255 0.154412
v 0.007500 0.140255 0.154412
v 0.007500 0.140255 0.154412
v 0.007500 0.140255 0.154412
v -0.007500 0.135429 0.156893
v -0.007500 0.135429 0.156893
v -0.007500 0.135429 0.156893
v 0.007500 0.135429 0.156893
v 0.007500 0.135429 0.156893
v 0.007500 0.135429 0.156893
v 0.007500 0.140151 0.113061
v 0.007500 0.140151 0.113061
v 0.007500 0.140151 0.113061
v -0.007500 0.140151 0.113061
v -0.007500 0.140151 0.113061
v -0.007500 0.140151 0.113061
v 0.007500 0.140151 0.127632
v 0.007500 0.140151 0.127632
v 0.007500 0.140151 0.127632
v -0.007500 0.140151 0.127632
v -0.007500 0.140151 0.127632
v -0.007500 0.140151 0.127632
v 0.007500 0.136131 0.120347
v 0.007500 0.136131 0.120347
v 0.007500 0.136131 0.120347
v -0.007500 0.136131 0.120347
v -0.007500 0.136131 0.120347
v -0.007500 0.136131 0.120347
v -0.010000 0.155074 0.123504
v -0.010000 0.155074 0.123504
v -0.010000 0.155074 0.123504
v -0.010000 0.208433 0.130397
v -0.010000 0.208433 0.130397
v -0.010000 0.208433 0.130397
v 0.010000 0.155074 0.123504
v 0.010000 0.155074 0.123504
v 0.010000 0.155074 0.123504
v 0.010000 0.208433 0.130397
v 0.010000 0.208433 0.130397
v 0.010000 0.208433 0.130397
v -0.035625 0.247367 0.130397
v -0.035625 0.247367 0.130397
v -0.035625 0.247367 0.130397
v 0.035625 0.247367 0.130397
v 0.035625 0.247367 0.130397
v 0.035625 0.247367 0.130397
v -0.035625 0.368180 0.130397
v -0.035625 0.368180 0.130397
v -0.035625 0.368180 0.130397
v 0.035625 0.368180 0.130397
v 0.035625 0.368180 0.130397
v 0.035625 0.368180 0.130397
v -0.005073 0.160203 0.156115
v -0.005073 0.160203 0.156115
v -0.005073 0.160203 0.156115
v -0.010000 0.160203 0.151188
v -0.010000 0.160203 0.151188
v -0.010000 0.160203 0.151188
v -0.005073 0.209903 0.156115
v -0.005073 0.209903 0.156115
v -0.005073 0.209903 0.156115
v -0.003823 0.212403 0.153615
v -0.003823 0.212403 0.153615
v -0.003823 0.212403 0.153615
v -0.010000 0.208433 0.151188
v -0.010000 0.208433 0.151188
v -0.010000 0.208433 0.151188
v -0.010000 0.208433 0.151188
v -0.007500 0.210933 0.149938
v -0.007500 0.210933 0.149938
v -0.007500 0.210933 0.149938
v -0.007500 0.210933 0.149938
v 0.010000 0.160203 0.151188
v 0.010000 0.160203 0.151188
v 0.010000 0.160203 0.151188
v 0.005073 0.160203 0.156115
v 0.005073 0.160203 0.156115
v 0.005073 0.160203 0.156115
v 0.005073 0.209903 0.156115
v 0.005073 0.209903 0.156115
v 0.005073 0.209903 0.156115
v 0.003823 0.212403 0.153615
v 0.003823 0.212403 0.153615
v 0.003823 0.212403 0.153615
v 0.010000 0.208433 0.151188
v 0.010000 0.208433 0.151188
v 0.010000 0.208433 0.151188
v 0.010000 0.208433 0.151188
v 0.007500 0.210933 0.149938
v 0.007500 0.210933 0.149938
v 0.007500 0.210933 0.149938
v 0.007500 0.210933 0.149938
v -0.030698 0.248837 0.156115
v -0.030698 0.248837 0.156115
v -0.030698 0.248837 0.156115
v -0.029448 0.248837 0.153615
v -0.029448 0.248837 0.153615
v -0.029448 0.248837 0.153615
v -0.033125 0.247367 0.149938
v -0.033125 0.247367 0.149938
v -0.033125 0.247367 0.149938
v -0.033125 0.247367 0.149938
v -0.035625 0.247367 0.151188
v -0.035625 0.247367 0.151188
v -0.035625 0.247367 0.151188
v -0.035625 0.247367 0.151188
v 0.029448 0.248837 0.153615
v 0.029448 0.248837 0.153615
v 0.029448 0.248837 0.153615
v 0.030698 0.248837 0.156115
v 0.030698 0.248837 0.156115
v 0.030698 0.248837 0.156115
v 0.035625 0.247367 0.151188
v 0.035625 0.247367 0.151188
v 0.035625 0.247367 0.151188
v 0.035625 0.247367 0.151188
v 0.033125 0.247367 0.149938
v 0.033125 0.247367 0.149938
v 0.033125 0.247367 0.149938
v 0.033125 0.247367 0.149938
v -0.035625 0.368180 0.151188
v -0.035625 0.368180 0.151188
v -0.035625 0.368180 0.151188
v -0.030698 0.368180 0.156115
v -0.030698 0.368180 0.156115
v -0.030698 0.368180 0.156115
v 0.030698 0.368180 0.156115
v 0.030698 0.368180 0.156115
v 0.030698 0.368180 0.156115
v 0.035625 0.368180 0.151188
v 0.035625 0.368180 0.151188
v 0.035625 0.368180 0.151188
v -0.033125 0.247367 0.130397
v -0.033125 0.247367 0.130397
v -0.033125 0.247367 0.130397
v -0.033125 0.368180 0.130397
v -0.033125 0.368180 0.130397
v -0.033125 0.368180 0.130397
v 0.033125 0.368180 0.130397
v 0.033125 0.368180 0.130397
v 0.033125 0.368180 0.130397
v 0.007500 0.155074 0.123504
v 0.007500 0.155074 0.123504
v 0.007500 0.155074 0.123504
v -0.007500 0.155074 0.123504
v -0.007500 0.155074 0.123504
v -0.007500 0.155074 0.123504
v 0.033125 0.247367 0.130397
v 0.033125 0.247367 0.130397
v 0.033125 0.247367 0.130397
v -0.007500 0.210933 0.130397
v -0.007500 0.210933 0.130397
v -0.007500 0.210933 0.130397
v 0.007500 0.210933 0.130397
v 0.007500 0.210933 0.130397
v 0.007500 0.210933 0.130397
v 0.033125 0.368180 0.149938
v 0.033125 0.368180 0.149938
v 0.033125 0.368180 0.149938
v -0.033125 0.368180 0.149938
v -0.033125 0.368180 0.149938
v -0.033125 0.368180 0.149938
v 0.029448 0.368180 0.153615
v 0.029448 0.368180 0.153615
v 0.029448 0.368180 0.153615
v -0.029448 0.368180 0.153615
v -0.029448 0.368180 0.153615
v -0.029448 0.368180 0.153615
v 0.007500 0.160203 0.149938
v 0.007500 0.160203 0.149938
v 0.007500 0.160203 0.149938
v -0.007500 0.160203 0.149938
v -0.007500 0.160203 0.149938
v -0.007500 0.160203 0.149938
v -0.003823 0.160203 0.153615
v -0.003823 0.160203 0.153615
v -0.003823 0.160203 0.153615
v 0.003823 0.160203 0.153615
v 0.003823 0.160203 0.153615
v 0.003823 0.160203 0.153615
v 0.004375 0.368180 0.153615
v 0.004375 0.368180 0.153615
v 0.004375 0.368180 0.153615
v 0.004375 0.368180 0.156115
v 0.004375 0.368180 0.156115
v 0.004375 0.368180 0.156115
v -0.004375 0.368180 0.156115
v -0.004375 0.368180 0.156115
v -0.004375 0.368180 0.156115
v -0.004375 0.368180 0.153615
v -0.004375 0.368180 0.153615
v -0.004375 0.368180 0.153615
v -0.004375 0.361930 0.156115
v -0.004375 0.361930 0.156115
v -0.004375 0.361930 0.156115
v 0.004375 0.361930 0.156115
v 0.004375 0.361930 0.156115
v 0.004375 0.361930 0.156115
v 0.004375 0.361930 0.153615
v 0.004375 0.361930 0.153615
v 0.004375 0.361930 0.153615
v -0.004375 0.361930 0.153615
v -0.004375 0.361930 0.153615
v -0.004375 0.361930 0.153615
v 0.007500 0.160203 0.143293
v 0.007500 0.160203 0.143293
v 0.007500 0.160203 0.143293
v -0.007500 0.160203 0.143293
v -0.007500 0.160203 0.143293
v -0.007500 0.160203 0.143293
v -0.010000 0.160203 0.143294
v -0.010000 0.160203 0.143294
v -0.010000 0.160203 0.143294
v 0.010000 0.160203 0.143293
v 0.010000 0.160203 0.143293
v 0.010000 0.160203 0.143293
v 0.010000 0.154488 0.116543
v 0.010000 0.154488 0.116543
v 0.010000 0.154488 0.116543
v 0.007500 0.154488 0.116543
v 0.007500 0.154488 0.116543
v 0.007500 0.154488 0.116543
v -0.010000 0.154488 0.116543
v -0.010000 0.154488 0.116543
v -0.010000 0.154488 0.116543
v -0.007500 0.154488 0.116543
v -0.007500 0.154488 0.116543
v -0.007500 0.154488 0.116543
v 0.007500 0.143660 0.131760
v 0.007500 0.143660 0.131760
v 0.007500 0.143660 0.131760
v -0.007500 0.143660 0.131760
v -0.007500 0.143660 0.131760
v -0.007500 0.143660 0.131760
v -0.010000 0.143660 0.131760
v -0.010000 0.143660 0.131760
v -0.010000 0.143660 0.131760
v 0.010000 0.143660 0.131760
v 0.010000 0.143660 0.131760
v 0.010000 0.143660 0.131760
v 0.010000 0.190788 0.130397
v 0.010000 0.190788 0.130397
v 0.010000 0.190788 0.130397
v 0.007500 0.190788 0.130397
v 0.007500 0.190788 0.130397
v 0.007500 0.190788 0.130397
v -0.007500 0.190788 0.130397
v -0.007500 0.190788 0.130397
v -0.007500 0.190788 0.130397
v -0.010000 0.190788 0.130397
v -0.010000 0.190788 0.130397
v -0.010000 0.190788 0.130397
v 0.007500 0.132247 0.120346
v 0.007500 0.132247 0.120346
v 0.007500 0.132247 0.120346
v -0.007500 0.132247 0.120346
v -0.007500 0.132247 0.120346
v -0.007500 0.132247 0.120346
v -0.010000 0.132247 0.120347
v -0.010000 0.132247 0.120347
v -0.010000 0.132247 0.120347
v 0.010000 0.132247 0.120346
v 0.010000 0.132247 0.120346
v 0.010000 0.132247 0.120346
v 0.010000 0.134566 0.092884
v 0.010000 0.134566 0.092884
v 0.010000 0.134566 0.092884
v 0.007500 0.134566 0.092884
v 0.007500 0.134566 0.092884
v 0.007500 0.134566 0.092884
v -0.010000 0.134566 0.092884
v -0.010000 0.134566 0.092884
v -0.010000 0.134566 0.092884
v -0.007500 0.134566 0.092884
v -0.007500 0.134566 0.092884
v -0.007500 0.134566 0.092884
v 0.007500 0.126432 0.092884
v 0.007500 0.126432 0.092884
v 0.007500 0.126432 0.092884
v -0.007500 0.126432 0.092884
v -0.007500 0.126432 0.092884
v -0.007500 0.126432 0.092884
v -0.010000 0.126432 0.092884
v -0.010000 0.126432 0.092884
v -0.010000 0.126432 0.092884
v 0.010000 0.126432 0.092884
v 0.010000 0.126432 0.092884
v 0.010000 0.126432 0.092884
v -0.007500 0.112310 0.120347
v -0.007500 0.112310 0.120347
v -0.007500 0.112310 0.120347
v -0.010000 0.112310 0.120347
v -0.010000 0.112310 0.120347
v -0.010000 0.112310 0.120347
v -0.007500 0.122251 0.107265
v -0.007500 0.122251 0.107265
v -0.007500 0.122251 0.107265
v -0.010000 0.122251 0.107265
v -0.010000 0.122251 0.107265
v -0.010000 0.122251 0.107265
v 0.010000 0.122251 0.107265
v 0.010000 0.122251 0.107265
v 0.010000 0.122251 0.107265
v 0.007500 0.122251 0.107265
v 0.007500 0.122251 0.107265
v 0.007500 0.122251 0.107265
v 0.010000 0.112310 0.120347
v 0.010000 0.112310 0.120347
v 0.010000 0.112310 0.120347
v 0.007500 0.112310 0.120347
v 0.007500 0.112310 0.120347
v 0.007500 0.112310 0.120347
v -0.007500 0.112310 0.114645
v -0.007500 0.112310 0.114645
v -0.007500 0.112310 0.114645
v -0.010000 0.112310 0.114645
v -0.010000 0.112310 0.114645
v -0.010000 0.112310 0.114645
v 0.010000 0.112310 0.114645
v 0.010000 0.112310 0.114645
v 0.010000 0.112310 0.114645
v 0.007500 0.112310 0.114645
v 0.007500 0.112310 0.114645
v 0.007500 0.112310 0.114645
v 0.007500 0.135172 0.129389
v 0.007500 0.135172 0.129389
v 0.007500 0.135172 0.129389
v 0.010000 0.135172 0.129389
v 0.010000 0.135172 0.129389
v 0.010000 0.135172 0.129389
v -0.010000 0.135172 0.129389
v -0.010000 0.135172 0.129389
v -0.010000 0.135172 0.129389
v -0.007500 0.135172 0.129389
v -0.007500 0.135172 0.129389
v -0.007500 0.135172 0.129389
v 0.018766 0.294480 0.156115
v 0.018766 0.294480 0.156115
v 0.019090 0.294667 0.156115
v 0.019090 0.294667 0.156115
v 0.019090 0.294667 0.156115
v -0.019090 0.294667 0.156115
v -0.019090 0.294667 0.156115
v -0.019090 0.294667 0.156115
v -0.019090 0.300087 0.156115
v -0.019090 0.300087 0.156115
v -0.019090 0.300087 0.156115
v -0.009702 0.300087 0.156115
v -0.009702 0.300087 0.156115
v -0.009702 0.300087 0.156115
v -0.009702 0.294667 0.156115
v -0.009702 0.294667 0.156115
v -0.009702 0.294667 0.156115
v -0.014396 0.302797 0.156115
v -0.014396 0.302797 0.156115
v -0.014396 0.302797 0.156115
v -0.014396 0.291957 0.156115
v -0.014396 0.291957 0.156115
v -0.014396 0.291957 0.156115
v 0.009702 0.294667 0.156115
v 0.009702 0.294667 0.156115
v 0.009702 0.294667 0.156115
v 0.009702 0.300087 0.156115
v 0.009702 0.300087 0.156115
v 0.009702 0.300087 0.156115
v 0.014396 0.302797 0.156115
v 0.014396 0.302797 0.156115
v 0.014396 0.302797 0.156115
v 0.019090 0.300087 0.156115
v 0.019090 0.300087 0.156115
v 0.019090 0.300087 0.156115
v 0.014396 0.291957 0.156115
v 0.014396 0.291957 0.156115
v 0.014396 0.291957 0.156115
v -0.004694 0.269732 0.156115
v -0.004694 0.269732 0.156115
v -0.004694 0.269732 0.156115
v -0.004694 0.275152 0.156115
v -0.004694 0.275152 0.156115
v -0.004694 0.275152 0.156115
v -0.001471 0.267871 0.156115
v -0.001471 0.267871 0.156115
v 0.000000 0.267022 0.156115
v 0.000000 0.267022 0.156115
v 0.000000 0.267022 0.156115
v 0.000000 0.277862 0.156115
v 0.000000 0.277862 0.156115
v 0.000000 0.277862 0.156115
v 0.000000 0.277862 0.156115
v 0.004694 0.269732 0.156115
v 0.004694 0.269732 0.156115
v 0.004694 0.269732 0.156115
v 0.004694 0.275152 0.156115
v 0.004694 0.275152 0.156115
v 0.004694 0.275152 0.156115
v 0.019090 0.300087 0.153615
v 0.019090 0.300087 0.153615
v 0.019090 0.300087 0.153615
v 0.014396 0.302797 0.153615
v 0.014396 0.302797 0.153615
v 0.014396 0.302797 0.153615
v 0.019090 0.294667 0.153615
v 0.019090 0.294667 0.153615
v 0.019090 0.294667 0.153615
v 0.000242 0.277722 0.153615
v 0.000242 0.277722 0.153615
v 0.000242 0.277722 0.153615
v 0.004694 0.275152 0.153615
v 0.004694 0.275152 0.153615
v 0.004694 0.275152 0.153615
v 0.004694 0.269732 0.153615
v 0.004694 0.269732 0.153615
v 0.004694 0.269732 0.153615
v 0.009702 0.294667 0.153615
v 0.009702 0.294667 0.153615
v 0.009702 0.294667 0.153615
v 0.014396 0.291957 0.153615
v 0.014396 0.291957 0.153615
v 0.014396 0.291957 0.153615
v 0.009702 0.300087 0.153615
v 0.009702 0.300087 0.153615
v 0.009702 0.300087 0.153615
v -0.019090 0.300087 0.153615
v -0.019090 0.300087 0.153615
v -0.019090 0.300087 0.153615
v -0.019090 0.294667 0.153615
v -0.019090 0.294667 0.153615
v -0.019090 0.294667 0.153615
v -0.009702 0.294667 0.153615
v -0.009702 0.294667 0.153615
v -0.009702 0.294667 0.153615
v -0.014396 0.291957 0.153615
v -0.014396 0.291957 0.153615
v -0.014396 0.291957 0.153615
v -0.014396 0.302797 0.153615
v -0.014396 0.302797 0.153615
v -0.014396 0.302797 0.153615
v -0.004694 0.269732 0.153615
v -0.004694 0.269732 0.153615
v -0.004694 0.269732 0.153615
v 0.000000 0.267022 0.153615
v 0.000000 0.267022 0.153615
v 0.000000 0.267022 0.153615
v 0.000000 0.277862 0.153615
v 0.000000 0.277862 0.153615
v 0.000000 0.277862 0.153615
v -0.004694 0.275152 0.153615
v -0.004694 0.275152 0.153615
v -0.004694 0.275152 0.153615
v -0.009702 0.300087 0.153615
v -0.009702 0.300087 0.153615
v -0.009702 0.300087 0.153615
v 0.008773 0.314648 0.156115
v 0.008773 0.314648 0.156115
v 0.008773 0.314648 0.156115
v 0.008773 0.304518 0.156115
v 0.008773 0.304518 0.156115
v 0.008773 0.304518 0.156115
v 0.008703 0.304478 0.156115
v 0.008703 0.304478 0.156115
v 0.008703 0.304478 0.156115
v -0.008773 0.314648 0.156115
v -0.008773 0.314648 0.156115
v -0.008773 0.314648 0.156115
v -0.008773 0.306402 0.156115
v -0.008773 0.306402 0.156115
v 0.000000 0.299453 0.156115
v 0.000000 0.299453 0.156115
v 0.000000 0.299453 0.156115
v 0.000000 0.319713 0.156115
v 0.000000 0.319713 0.156115
v 0.000000 0.319713 0.156115
v -0.008773 0.304518 0.156115
v -0.008773 0.304518 0.156115
v -0.008773 0.304518 0.156115
v 0.000000 0.299453 0.153615
v 0.000000 0.299453 0.153615
v 0.000000 0.299453 0.153615
v 0.005792 0.302797 0.153615
v 0.005792 0.302797 0.153615
v -0.008773 0.304518 0.153615
v -0.008773 0.304518 0.153615
v -0.008773 0.304518 0.153615
v -0.008773 0.314648 0.153615
v -0.008773 0.314648 0.153615
v -0.008773 0.314648 0.153615
v 0.008773 0.304518 0.153615
v 0.008773 0.304518 0.153615
v 0.008773 0.304518 0.153615
v 0.008773 0.304518 0.153615
v 0.008773 0.314648 0.153615
v 0.008773 0.314648 0.153615
v 0.008773 0.314648 0.153615
v 0.000000 0.319713 0.153615
v 0.000000 0.319713 0.153615
v 0.000000 0.319713 0.153615
v -0.000000 0.354380 0.156119
v -0.008911 0.349235 0.156119
v -0.008911 0.338945 0.156119
v -0.000000 0.333800 0.156119
v 0.008911 0.338945 0.156119
v 0.008911 0.349235 0.156119
v -0.015548 0.254719 0.153805
v -0.015548 0.254719 0.153805
v -0.015548 0.254719 0.153805
v -0.015548 0.254719 0.153805
v -0.027672 0.326584 0.153809
v -0.027672 0.326584 0.153809
v -0.027672 0.326584 0.153809
v -0.015548 0.254034 0.152613
v -0.015548 0.254034 0.152613
v -0.015548 0.254034 0.152613
v -0.027672 0.327263 0.152613
v -0.027672 0.327263 0.152613
v -0.027672 0.327263 0.152613
v 0.015548 0.254719 0.153805
v 0.015548 0.254719 0.153805
v 0.015548 0.254719 0.153805
v 0.015548 0.254719 0.153805
v 0.027671 0.326584 0.153809
v 0.027671 0.326584 0.153809
v 0.027671 0.326584 0.153809
v 0.015548 0.254034 0.152613
v 0.015548 0.254034 0.152613
v 0.015548 0.254034 0.152613
v 0.027671 0.327263 0.152613
v 0.027671 0.327263 0.152613
v 0.027671 0.327263 0.152613
v -0.027672 0.291359 0.143965
v -0.027672 0.291359 0.143965
v -0.027672 0.291359 0.143965
v -0.027672 0.291359 0.142849
v -0.027672 0.291359 0.142849
v -0.027672 0.291359 0.142849
v 0.027671 0.291359 0.142849
v 0.027671 0.291359 0.142849
v 0.027671 0.291359 0.142849
v 0.027671 0.291359 0.143965
v 0.027671 0.291359 0.143965
v 0.027671 0.291359 0.143965
v -0.027672 0.266070 0.149465
v -0.027672 0.266070 0.149465
v -0.027672 0.266070 0.149465
v -0.027672 0.266070 0.149465
v 0.027671 0.266070 0.149465
v 0.027671 0.266070 0.149465
v 0.027671 0.266070 0.149465
v 0.027671 0.266070 0.149465
v 0.027671 0.266534 0.150632
v 0.027671 0.266534 0.150632
v 0.027671 0.266534 0.150632
v -0.027672 0.266534 0.150632
v -0.027672 0.266534 0.150632
v -0.027672 0.266534 0.150632
v -0.012957 0.302605 0.145907
v -0.012957 0.302605 0.145907
v -0.012957 0.302605 0.145907
v -0.012957 0.316926 0.149802
v -0.012957 0.316926 0.149802
v -0.012957 0.316926 0.149802
v 0.000000 0.324086 0.151749
v 0.000000 0.324086 0.151749
v 0.000000 0.324086 0.151749
v 0.012957 0.302605 0.145907
v 0.012957 0.302605 0.145907
v 0.012957 0.302605 0.145907
v 0.012957 0.316926 0.149802
v 0.012957 0.316926 0.149802
v 0.012957 0.316926 0.149802
v 0.000000 0.323616 0.152979
v 0.000000 0.323616 0.152979
v 0.000000 0.323616 0.152979
v 0.012957 0.302190 0.146992
v 0.012957 0.302190 0.146992
v 0.012957 0.302190 0.146992
v 0.012957 0.316474 0.150983
v 0.012957 0.316474 0.150983
v 0.012957 0.316474 0.150983
v -0.012957 0.302190 0.146992
v -0.012957 0.302190 0.146992
v -0.012957 0.302190 0.146992
v -0.012957 0.316474 0.150983
v -0.012957 0.316474 0.150983
v -0.012957 0.316474 0.150983
v 0.004179 0.284162 0.145898
v 0.004179 0.284162 0.145898
v 0.004179 0.284162 0.145898
v 0.006335 0.285407 0.145564
v 0.006335 0.285407 0.145564
v 0.006335 0.285407 0.145564
v -0.006335 0.285407 0.145564
v -0.006335 0.285407 0.145564
v -0.006335 0.285407 0.145564
v -0.004179 0.284162 0.145898
v -0.004179 0.284162 0.145898
v -0.004179 0.284162 0.145898
v -0.006335 0.291359 0.143965
v -0.006335 0.291359 0.143965
v -0.006335 0.291359 0.143965
v 0.006335 0.291359 0.143965
v 0.006335 0.291359 0.143965
v 0.006335 0.291359 0.143965
v -0.000828 0.295902 0.144084
v -0.000828 0.295902 0.144084
v -0.000828 0.295902 0.144084
v 0.000828 0.295902 0.144084
v 0.000828 0.295902 0.144084
v 0.000828 0.295902 0.144084
v -0.006335 0.291359 0.142849
v -0.006335 0.291359 0.142849
v -0.006335 0.291359 0.142849
v -0.006335 0.292723 0.143220
v -0.006335 0.292723 0.143220
v -0.006335 0.292723 0.143220
v 0.006335 0.292723 0.143220
v 0.006335 0.292723 0.143220
v 0.006335 0.292723 0.143220
v 0.006335 0.291359 0.142849
v 0.006335 0.291359 0.142849
v 0.006335 0.291359 0.142849
v 0.001180 0.295699 0.145178
v 0.001180 0.295699 0.145178
v 0.001180 0.295699 0.145178
v -0.001180 0.295699 0.145178
v -0.001180 0.295699 0.145178
v -0.001180 0.295699 0.145178
v -0.006335 0.292723 0.144347
v -0.006335 0.292723 0.144347
v -0.006335 0.292723 0.144347
v 0.006335 0.292723 0.144347
v 0.006335 0.292723 0.144347
v 0.006335 0.292723 0.144347
v -0.006335 0.285407 0.144406
v -0.006335 0.285407 0.144406
v -0.006335 0.285407 0.144406
v -0.004091 0.284112 0.144745
v -0.004091 0.284112 0.144745
v -0.004091 0.284112 0.144745
v 0.004091 0.284112 0.144745
v 0.004091 0.284112 0.144745
v 0.004091 0.284112 0.144745
v 0.006335 0.285407 0.144406
v 0.006335 0.285407 0.144406
v 0.006335 0.285407 0.144406
v 0.007156 0.278375 0.147452
v 0.007156 0.278375 0.147452
v 0.007156 0.278375 0.147452
v 0.005657 0.276045 0.148078
v 0.005657 0.276045 0.148078
v 0.005657 0.276045 0.148078
v -0.005657 0.276045 0.148078
v -0.005657 0.276045 0.148078
v -0.005657 0.276045 0.148078
v -0.007156 0.278375 0.147452
v -0.007156 0.278375 0.147452
v -0.007156 0.278375 0.147452
v -0.007156 0.278146 0.146305
v -0.007156 0.278146 0.146305
v -0.007156 0.278146 0.146305
v -0.005657 0.275812 0.146916
v -0.005657 0.275812 0.146916
v -0.005657 0.275812 0.146916
v 0.005657 0.275812 0.146916
v 0.005657 0.275812 0.146916
v 0.005657 0.275812 0.146916
v 0.007156 0.278146 0.146305
v 0.007156 0.278146 0.146305
v 0.007156 0.278146 0.146305
v 0.000000 0.330215 0.156115
v 0.000000 0.330215 0.156115
v 0.000000 0.330215 0.156115
v 0.000000 0.313144 0.160513
v 0.000000 0.313144 0.160513
v 0.000000 0.313144 0.160513
v 0.000000 0.313144 0.160513
v 0.035636 0.268490 0.156115
v 0.035636 0.268490 0.156115
v 0.035636 0.268490 0.156115
v 0.004737 0.310409 0.160513
v 0.004737 0.310409 0.160513
v 0.004737 0.310409 0.160513
v 0.004737 0.310409 0.160513
v -0.035636 0.268490 0.156115
v -0.035636 0.268490 0.156115
v -0.035636 0.268490 0.156115
v 0.004737 0.304939 0.160513
v 0.004737 0.304939 0.160513
v 0.004737 0.304939 0.160513
v 0.004737 0.304939 0.160513
v -0.035636 0.309640 0.156115
v -0.035636 0.309640 0.156115
v -0.035636 0.309640 0.156115
v 0.000000 0.302204 0.160513
v 0.000000 0.302204 0.160513
v 0.000000 0.302204 0.160513
v 0.000000 0.302204 0.160513
v 0.000000 0.297136 0.140735
v 0.000000 0.297136 0.140735
v 0.000000 0.297136 0.140735
v 0.006989 0.293100 0.140735
v 0.006989 0.293100 0.140735
v 0.006989 0.293100 0.140735
v -0.004737 0.304939 0.160513
v -0.004737 0.304939 0.160513
v -0.004737 0.304939 0.160513
v -0.004737 0.304939 0.160513
v 0.006989 0.285030 0.140735
v 0.006989 0.285030 0.140735
v 0.006989 0.285030 0.140735
v 0.000000 0.280994 0.140735
v 0.000000 0.280994 0.140735
v 0.000000 0.280994 0.140735
v -0.004737 0.310409 0.160513
v -0.004737 0.310409 0.160513
v -0.004737 0.310409 0.160513
v -0.004737 0.310409 0.160513
v -0.006989 0.285030 0.140735
v -0.006989 0.285030 0.140735
v -0.006989 0.285030 0.140735
v -0.006989 0.293100 0.140735
v -0.006989 0.293100 0.140735
v -0.006989 0.293100 0.140735
v 0.000000 0.298584 0.157285
v 0.000000 0.298584 0.157285
v 0.008243 0.293824 0.157285
v 0.008243 0.293824 0.157285
v 0.008243 0.284306 0.157285
v 0.008243 0.284306 0.157285
v 0.000000 0.279546 0.157285
v 0.000000 0.279546 0.157285
v -0.008243 0.284306 0.157285
v -0.008243 0.284306 0.157285
v -0.008243 0.293824 0.157285
v -0.008243 0.293824 0.157285
v 0.024555 0.274888 0.160513
v 0.024555 0.274888 0.160513
v 0.024555 0.274888 0.160513
v 0.024555 0.274888 0.160513
v 0.016408 0.320741 0.156115
v 0.016408 0.320741 0.156115
v 0.016408 0.320741 0.156115
v 0.035636 0.287437 0.156115
v 0.035636 0.287437 0.156115
v 0.035636 0.287437 0.156115
v 0.019818 0.272153 0.160513
v 0.019818 0.272153 0.160513
v 0.019818 0.272153 0.160513
v 0.019818 0.272153 0.160513
v 0.021171 0.301288 0.156115
v 0.021171 0.301288 0.156115
v 0.021171 0.301288 0.156115
v 0.015081 0.274888 0.160513
v 0.015081 0.274888 0.160513
v 0.015081 0.274888 0.160513
v 0.015081 0.274888 0.160513
v 0.015081 0.280358 0.160513
v 0.015081 0.280358 0.160513
v 0.015081 0.280358 0.160513
v 0.015081 0.280358 0.160513
v 0.019229 0.259017 0.156115
v 0.019229 0.259017 0.156115
v 0.019229 0.259017 0.156115
v -0.019229 0.259017 0.156115
v -0.019229 0.259017 0.156115
v -0.019229 0.259017 0.156115
v 0.019818 0.283093 0.160513
v 0.019818 0.283093 0.160513
v 0.019818 0.283093 0.160513
v 0.019818 0.283093 0.160513
v 0.000000 0.264618 0.156115
v 0.000000 0.264618 0.156115
v 0.000000 0.264618 0.156115
v 0.024555 0.280358 0.160513
v 0.024555 0.280358 0.160513
v 0.024555 0.280358 0.160513
v 0.024555 0.280358 0.160513
v -0.019013 0.278088 0.160513
v -0.019013 0.278088 0.160513
v -0.019013 0.278088 0.160513
v -0.019013 0.278088 0.160513
v -0.019013 0.283558 0.160513
v -0.019013 0.283558 0.160513
v -0.019013 0.283558 0.160513
v -0.019013 0.283558 0.160513
v -0.014275 0.286293 0.160513
v -0.014275 0.286293 0.160513
v -0.014275 0.286293 0.160513
v -0.014275 0.286293 0.160513
v -0.009538 0.283558 0.160513
v -0.009538 0.283558 0.160513
v -0.009538 0.283558 0.160513
v -0.009538 0.283558 0.160513
v -0.009538 0.278088 0.160513
v -0.009538 0.278088 0.160513
v -0.009538 0.278088 0.160513
v -0.009538 0.278088 0.160513
v -0.014275 0.275353 0.160513
v -0.014275 0.275353 0.160513
v -0.014275 0.275353 0.160513
v -0.014275 0.275353 0.160513
v -0.021277 0.276781 0.162557
v -0.021277 0.276781 0.162557
v -0.021277 0.276781 0.162557
v -0.021277 0.284865 0.162557
v -0.021277 0.284865 0.162557
v -0.021277 0.284865 0.162557
v -0.014275 0.272739 0.162557
v -0.014275 0.272739 0.162557
v -0.014275 0.272739 0.162557
v -0.014275 0.288907 0.162557
v -0.014275 0.288907 0.162557
v -0.014275 0.288907 0.162557
v 0.000000 0.299590 0.162557
v 0.000000 0.299590 0.162557
v 0.000000 0.299590 0.162557
v 0.000000 0.315758 0.162557
v 0.000000 0.315758 0.162557
v 0.000000 0.315758 0.162557
v -0.007274 0.284865 0.162557
v -0.007274 0.284865 0.162557
v -0.007274 0.284865 0.162557
v -0.007001 0.303632 0.162557
v -0.007001 0.303632 0.162557
v -0.007001 0.303632 0.162557
v -0.007001 0.311716 0.162557
v -0.007001 0.311716 0.162557
v -0.007001 0.311716 0.162557
v -0.007274 0.276781 0.162557
v -0.007274 0.276781 0.162557
v -0.007274 0.276781 0.162557
v 0.007001 0.303632 0.162557
v 0.007001 0.303632 0.162557
v 0.007001 0.303632 0.162557
v 0.012817 0.273581 0.162557
v 0.012817 0.273581 0.162557
v 0.012817 0.273581 0.162557
v 0.007001 0.311716 0.162557
v 0.007001 0.311716 0.162557
v 0.007001 0.311716 0.162557
v 0.026819 0.281665 0.162557
v 0.026819 0.281665 0.162557
v 0.026819 0.281665 0.162557
v 0.026819 0.273581 0.162557
v 0.026819 0.273581 0.162557
v 0.026819 0.273581 0.162557
v 0.019818 0.269539 0.162557
v 0.019818 0.269539 0.162557
v 0.019818 0.269539 0.162557
v 0.019818 0.285707 0.162557
v 0.019818 0.285707 0.162557
v 0.019818 0.285707 0.162557
v 0.012817 0.281665 0.162557
v 0.012817 0.281665 0.162557
v 0.012817 0.281665 0.162557
v -0.004737 0.310409 0.156115
v -0.004737 0.310409 0.156115
v -0.004737 0.310409 0.156115
v 0.000000 0.313144 0.156115
v 0.000000 0.313144 0.156115
v 0.000000 0.313144 0.156115
v 0.004737 0.310409 0.156115
v 0.004737 0.310409 0.156115
v 0.004737 0.310409 0.156115
v 0.004737 0.304939 0.156115
v 0.004737 0.304939 0.156115
v 0.004737 0.304939 0.156115
v 0.003033 0.303955 0.156115
v 0.003033 0.303955 0.156115
v -0.019013 0.278088 0.156115
v -0.019013 0.278088 0.156115
v -0.019013 0.278088 0.156115
v -0.019013 0.283558 0.156115
v -0.019013 0.283558 0.156115
v -0.019013 0.283558 0.156115
v -0.014275 0.275353 0.156115
v -0.014275 0.275353 0.156115
v -0.014275 0.275353 0.156115
v -0.004737 0.304939 0.156115
v -0.004737 0.304939 0.156115
v -0.004737 0.304939 0.156115
v 0.000000 0.302204 0.156115
v 0.000000 0.302204 0.156115
v 0.000000 0.302204 0.156115
v 0.015081 0.280358 0.156115
v 0.015081 0.280358 0.156115
v 0.015081 0.280358 0.156115
v 0.019818 0.283093 0.156115
v 0.019818 0.283093 0.156115
v 0.019818 0.283093 0.156115
v 0.024555 0.280358 0.156115
v 0.024555 0.280358 0.156115
v 0.024555 0.280358 0.156115
v -0.014275 0.286293 0.156115
v -0.014275 0.286293 0.156115
v -0.014275 0.286293 0.156115
v -0.009538 0.278088 0.156115
v -0.009538 0.278088 0.156115
v -0.009538 0.278088 0.156115
v -0.009538 0.283558 0.156115
v -0.009538 0.283558 0.156115
v -0.009538 0.283558 0.156115
v 0.015081 0.274888 0.156115
v 0.015081 0.274888 0.156115
v 0.015081 0.274888 0.156115
v 0.024555 0.274888 0.156115
v 0.024555 0.274888 0.156115
v 0.024555 0.274888 0.156115
v 0.019818 0.272153 0.156115
v 0.019818 0.272153 0.156115
v 0.019818 0.272153 0.156115
v -0.014396 0.302452 0.153325
v -0.014396 0.302452 0.153325
v -0.014396 0.302452 0.153325
v -0.010001 0.299915 0.153325
v -0.010001 0.299915 0.153325
v -0.010001 0.299915 0.153325
v -0.010001 0.294839 0.153325
v -0.010001 0.294839 0.153325
v -0.010001 0.294839 0.153325
v -0.014396 0.292301 0.153325
v -0.014396 0.292301 0.153325
v -0.014396 0.292301 0.153325
v -0.018792 0.294839 0.153325
v -0.018792 0.294839 0.153325
v -0.018792 0.294839 0.153325
v -0.018792 0.299915 0.153325
v -0.018792 0.299915 0.153325
v -0.018792 0.299915 0.153325
v -0.014396 0.302452 0.156284
v -0.014396 0.302452 0.156284
v -0.010001 0.299915 0.156284
v -0.010001 0.299915 0.156284
v -0.010001 0.294839 0.156284
v -0.010001 0.294839 0.156284
v -0.014396 0.292301 0.156284
v -0.014396 0.292301 0.156284
v -0.018792 0.294839 0.156284
v -0.018792 0.294839 0.156284
v -0.018792 0.299915 0.156284
v -0.018792 0.299915 0.156284
v 0.000000 0.328314 0.162557
v 0.000000 0.328314 0.162557
v 0.000000 0.328314 0.162557
v 0.000000 0.330215 0.160911
v 0.000000 0.330215 0.160911
v 0.000000 0.330215 0.160911
v 0.000000 0.330215 0.160911
v 0.033990 0.269292 0.162557
v 0.033990 0.269292 0.162557
v 0.033990 0.269292 0.162557
v 0.033990 0.269292 0.162557
v 0.035636 0.268490 0.160911
v 0.035636 0.268490 0.160911
v 0.035636 0.268490 0.160911
v 0.035636 0.268490 0.160911
v -0.035636 0.268490 0.160911
v -0.035636 0.268490 0.160911
v -0.035636 0.268490 0.160911
v -0.035636 0.268490 0.160911
v -0.033990 0.269441 0.162557
v -0.033990 0.269441 0.162557
v -0.033990 0.269441 0.162557
v -0.035636 0.309640 0.160911
v -0.035636 0.309640 0.160911
v -0.035636 0.309640 0.160911
v -0.035636 0.309640 0.160911
v -0.033990 0.308690 0.162557
v -0.033990 0.308690 0.162557
v -0.033990 0.308690 0.162557
v 0.033990 0.286734 0.162557
v 0.033990 0.286734 0.162557
v 0.033990 0.286734 0.162557
v 0.035636 0.287437 0.160911
v 0.035636 0.287437 0.160911
v 0.035636 0.287437 0.160911
v 0.035636 0.287437 0.160911
v 0.016408 0.320741 0.160911
v 0.016408 0.320741 0.160911
v 0.016408 0.320741 0.160911
v 0.016408 0.320741 0.160911
v 0.014976 0.319667 0.162557
v 0.014976 0.319667 0.162557
v 0.014976 0.319667 0.162557
v 0.021171 0.301288 0.160911
v 0.021171 0.301288 0.160911
v 0.021171 0.301288 0.160911
v 0.021171 0.301288 0.160911
v 0.019687 0.300431 0.162557
v 0.019687 0.300431 0.162557
v 0.019687 0.300431 0.162557
v -0.019229 0.259017 0.160911
v -0.019229 0.259017 0.160911
v -0.019229 0.259017 0.160911
v -0.019229 0.259017 0.160911
v -0.019014 0.260794 0.162557
v -0.019014 0.260794 0.162557
v -0.019014 0.260794 0.162557
v 0.019229 0.259017 0.160911
v 0.019229 0.259017 0.160911
v 0.019229 0.259017 0.160911
v 0.019229 0.259017 0.160911
v 0.019229 0.259017 0.160911
v 0.019330 0.260822 0.162557
v 0.019330 0.260822 0.162557
v 0.019330 0.260822 0.162557
v 0.019330 0.260822 0.162557
v 0.000197 0.266390 0.162557
v 0.000197 0.266390 0.162557
v 0.000197 0.266390 0.162557
v 0.000000 0.264618 0.160911
v 0.000000 0.264618 0.160911
v 0.000000 0.264618 0.160911
v 0.000000 0.264618 0.160911
v 0.000000 0.264618 0.160911
v -0.008243 0.284306 0.145501
v -0.008243 0.284306 0.145501
v -0.008243 0.284306 0.145501
v -0.008243 0.293824 0.145501
v -0.008243 0.293824 0.145501
v -0.008243 0.293824 0.145501
v 0.008243 0.284306 0.145501
v 0.008243 0.284306 0.145501
v 0.008243 0.284306 0.145501
v 0.000000 0.279546 0.145501
v 0.000000 0.279546 0.145501
v 0.000000 0.279546 0.145501
v 0.000000 0.298584 0.145501
v 0.000000 0.298584 0.145501
v 0.000000 0.298584 0.145501
v 0.008243 0.293824 0.145501
v 0.008243 0.293824 0.145501
v 0.008243 0.293824 0.145501
v -0.008243 0.284306 0.143195
v -0.008243 0.284306 0.143195
v -0.008243 0.284306 0.143195
v -0.008243 0.293824 0.143195
v -0.008243 0.293824 0.143195
v -0.008243 0.293824 0.143195
v 0.008243 0.284306 0.143195
v 0.008243 0.284306 0.143195
v 0.008243 0.284306 0.143195
v 0.000000 0.279546 0.143195
v 0.000000 0.279546 0.143195
v 0.000000 0.279546 0.143195
v 0.000000 0.298584 0.143195
v 0.000000 0.298584 0.143195
v 0.000000 0.298584 0.143195
v 0.008243 0.293824 0.143195
v 0.008243 0.293824 0.143195
v 0.008243 0.293824 0.143195
v -0.006335 0.285407 0.145501
v -0.006335 0.285407 0.145501
v -0.006335 0.285407 0.145501
v -0.006335 0.292723 0.145501
v -0.006335 0.292723 0.145501
v -0.006335 0.292723 0.145501
v 0.006335 0.285407 0.145501
v 0.006335 0.285407 0.145501
v 0.006335 0.285407 0.145501
v 0.000000 0.281750 0.145501
v 0.000000 0.281750 0.145501
v 0.000000 0.281750 0.145501
v 0.000000 0.296380 0.145501
v 0.000000 0.296380 0.145501
v 0.000000 0.296380 0.145501
v 0.006335 0.292723 0.145501
v 0.006335 0.292723 0.145501
v 0.006335 0.292723 0.145501
v -0.006335 0.285407 0.143195
v -0.006335 0.285407 0.143195
v -0.006335 0.285407 0.143195
v -0.006335 0.292723 0.143195
v -0.006335 0.292723 0.143195
v -0.006335 0.292723 0.143195
v 0.006335 0.285407 0.143195
v 0.006335 0.285407 0.143195
v 0.006335 0.285407 0.143195
v 0.000000 0.281750 0.143195
v 0.000000 0.281750 0.143195
v 0.000000 0.281750 0.143195
v 0.000000 0.296380 0.143195
v 0.000000 0.296380 0.143195
v 0.000000 0.296380 0.143195
v 0.006335 0.292723 0.143195
v 0.006335 0.292723 0.143195
v 0.006335 0.292723 0.143195
v -0.008243 0.284306 0.142092
v -0.008243 0.284306 0.142092
v -0.008243 0.284306 0.142092
v -0.008243 0.284306 0.142092
v -0.008243 0.293824 0.142092
v -0.008243 0.293824 0.142092
v -0.008243 0.293824 0.142092
v -0.008243 0.293824 0.142092
v 0.008243 0.284306 0.142092
v 0.008243 0.284306 0.142092
v 0.008243 0.284306 0.142092
v 0.008243 0.284306 0.142092
v 0.000000 0.279546 0.142092
v 0.000000 0.279546 0.142092
v 0.000000 0.279546 0.142092
v 0.000000 0.279546 0.142092
v 0.000000 0.298584 0.142092
v 0.000000 0.298584 0.142092
v 0.000000 0.298584 0.142092
v 0.000000 0.298584 0.142092
v 0.008243 0.293824 0.142092
v 0.008243 0.293824 0.142092
v 0.008243 0.293824 0.142092
v 0.008243 0.293824 0.142092
v 0.041434 0.114405 0.065864
v 0.041434 0.114405 0.065864
v 0.041434 0.114405 0.065864
v 0.041434 0.114405 0.065864
v 0.041434 0.114405 0.065864
v 0.041434 0.110780 0.059585
v 0.041434 0.110780 0.059585
v 0.041434 0.110780 0.059585
v 0.041434 0.110780 0.059585
v 0.041434 0.103530 0.059585
v 0.041434 0.103530 0.059585
v 0.041434 0.103530 0.059585
v 0.041434 0.103530 0.059585
v 0.041434 0.099905 0.065864
v 0.041434 0.099905 0.065864
v 0.041434 0.099905 0.065864
v 0.041434 0.099905 0.065864
v 0.041434 0.099905 0.065864
v 0.041434 0.103530 0.072143
v 0.041434 0.103530 0.072143
v 0.041434 0.103530 0.072143
v 0.041434 0.103530 0.072143
v 0.041434 0.110780 0.072143
v 0.041434 0.110780 0.072143
v 0.041434 0.110780 0.072143
v 0.041434 0.110780 0.072143
v -0.027560 0.111142 0.058958
v -0.027560 0.111142 0.058958
v -0.027560 0.111142 0.058958
v -0.027560 0.111142 0.058958
v -0.027560 0.111142 0.058958
v -0.027560 0.111142 0.058958
v -0.027560 0.103167 0.058958
v -0.027560 0.103167 0.058958
v -0.027560 0.103167 0.058958
v -0.027560 0.103167 0.058958
v -0.027560 0.103167 0.058958
v -0.027560 0.103167 0.058958
v -0.027560 0.103167 0.072771
v -0.027560 0.103167 0.072771
v -0.027560 0.103167 0.072771
v -0.027560 0.103167 0.072771
v -0.027560 0.103167 0.072771
v -0.027560 0.103167 0.072771
v -0.027560 0.111142 0.072771
v -0.027560 0.111142 0.072771
v -0.027560 0.111142 0.072771
v -0.027560 0.111142 0.072771
v -0.027560 0.111142 0.072771
v -0.027560 0.111142 0.072771
v -0.029913 0.111981 0.057505
v -0.029913 0.111981 0.057505
v -0.029913 0.111981 0.057505
v -0.029913 0.111981 0.057505
v -0.029913 0.102329 0.057505
v -0.029913 0.102329 0.057505
v -0.029913 0.102329 0.057505
v -0.029913 0.102329 0.057505
v -0.029913 0.102329 0.074223
v -0.029913 0.102329 0.074223
v -0.029913 0.102329 0.074223
v -0.029913 0.102329 0.074223
v -0.029913 0.111981 0.074223
v -0.029913 0.111981 0.074223
v -0.029913 0.111981 0.074223
v -0.029913 0.111981 0.074223
v -0.033911 0.111981 0.057505
v -0.033911 0.111981 0.057505
v -0.033911 0.111981 0.057505
v -0.033911 0.111981 0.057505
v -0.033911 0.102329 0.057505
v -0.033911 0.102329 0.057505
v -0.033911 0.102329 0.057505
v -0.033911 0.102329 0.057505
v -0.033911 0.102329 0.074223
v -0.033911 0.102329 0.074223
v -0.033911 0.102329 0.074223
v -0.033911 0.102329 0.074223
v -0.033911 0.111981 0.074223
v -0.033911 0.111981 0.074223
v -0.033911 0.111981 0.074223
v -0.033911 0.111981 0.074223
v -0.041433 0.109711 0.061436
v -0.041433 0.109711 0.061436
v -0.041433 0.109711 0.061436
v -0.041433 0.104598 0.061436
v -0.041433 0.104598 0.061436
v -0.041433 0.104598 0.061436
v -0.041433 0.104598 0.070292
v -0.041433 0.104598 0.070292
v -0.041433 0.104598 0.070292
v -0.041433 0.109711 0.070292
v -0.041433 0.109711 0.070292
v -0.041433 0.109711 0.070292
v -0.027560 0.100838 0.068737
v -0.027560 0.100838 0.068737
v -0.027560 0.100838 0.068737
v -0.029913 0.099198 0.068801
v -0.029913 0.099198 0.068801
v -0.029913 0.099198 0.068801
v -0.002079 0.099448 0.065864
v -0.002079 0.099448 0.065864
v -0.002079 0.099448 0.065864
v -0.002079 0.099448 0.065864
v -0.002079 0.099448 0.065864
v -0.002079 0.099448 0.065864
v -0.002079 0.099448 0.065864
v -0.003436 0.100716 0.063642
v -0.003436 0.100716 0.063642
v -0.003436 0.100716 0.063642
v -0.003436 0.100716 0.063642
v -0.003436 0.100716 0.063642
v -0.027560 0.100839 0.062991
v -0.027560 0.100839 0.062991
v -0.027560 0.100839 0.062991
v -0.003436 0.113593 0.063642
v -0.003436 0.113593 0.063642
v -0.003436 0.113593 0.063642
v -0.003436 0.113593 0.063642
v -0.003436 0.113593 0.063642
v -0.003436 0.113593 0.063642
v -0.027560 0.113471 0.062991
v -0.027560 0.113471 0.062991
v -0.027560 0.113471 0.062991
v -0.002080 0.114862 0.065864
v -0.002080 0.114862 0.065864
v -0.002080 0.114862 0.065864
v -0.002080 0.114862 0.065864
v -0.002080 0.114862 0.065864
v -0.002080 0.114862 0.065864
v -0.003436 0.113594 0.068085
v -0.003436 0.113594 0.068085
v -0.003436 0.113594 0.068085
v -0.003436 0.113594 0.068085
v -0.003436 0.113594 0.068085
v -0.027560 0.113471 0.068737
v -0.027560 0.113471 0.068737
v -0.027560 0.113471 0.068737
v -0.003436 0.100716 0.068085
v -0.003436 0.100716 0.068085
v -0.003436 0.100716 0.068085
v -0.003436 0.100716 0.068085
v -0.003436 0.100716 0.068085
v -0.029913 0.115111 0.062927
v -0.029913 0.115111 0.062927
v -0.029913 0.115111 0.062927
v -0.033911 0.115048 0.062819
v -0.033911 0.115048 0.062819
v -0.033911 0.115048 0.062819
v -0.029913 0.099198 0.062927
v -0.029913 0.099198 0.062927
v -0.029913 0.099198 0.062927
v -0.029913 0.115111 0.068801
v -0.029913 0.115111 0.068801
v -0.029913 0.115111 0.068801
v -0.033911 0.115049 0.068909
v -0.033911 0.115049 0.068909
v -0.033911 0.115049 0.068909
v -0.033911 0.099261 0.068909
v -0.033911 0.099261 0.068909
v -0.033911 0.099261 0.068909
v -0.033911 0.099261 0.062819
v -0.033911 0.099261 0.062819
v -0.033911 0.099261 0.062819
v -0.041433 0.110392 0.062616
v -0.041433 0.110392 0.062616
v -0.041433 0.110392 0.062616
v -0.041433 0.103917 0.062616
v -0.041433 0.103917 0.062616
v -0.041433 0.103917 0.062616
v -0.041433 0.103917 0.069112
v -0.041433 0.103917 0.069112
v -0.041433 0.103917 0.069112
v -0.041433 0.110392 0.069112
v -0.041433 0.110392 0.069112
v -0.041433 0.110392 0.069112
v 0.027529 0.107155 0.072269
v 0.027529 0.107155 0.072269
v 0.027529 0.107155 0.072269
v 0.027529 0.107155 0.072269
v 0.027529 0.107155 0.072269
v 0.031208 0.110780 0.072143
v 0.031208 0.110780 0.072143
v 0.031208 0.110780 0.072143
v 0.031208 0.110780 0.072143
v 0.031208 0.110780 0.072143
v 0.031208 0.110780 0.072143
v 0.031208 0.110780 0.072143
v 0.031208 0.110780 0.072143
v 0.034888 0.107155 0.072202
v 0.034888 0.107155 0.072202
v 0.034888 0.107155 0.072202
v 0.034888 0.107155 0.072202
v 0.034888 0.107155 0.072202
v 0.031208 0.103530 0.072143
v 0.031208 0.103530 0.072143
v 0.031208 0.103530 0.072143
v 0.031208 0.103530 0.072143
v 0.031208 0.103530 0.072143
v 0.031208 0.103530 0.072143
v 0.031208 0.103530 0.072143
v 0.031208 0.103530 0.072143
v 0.027529 0.107155 0.059459
v 0.027529 0.107155 0.059459
v 0.027529 0.107155 0.059459
v 0.027529 0.107155 0.059459
v 0.027529 0.107155 0.059459
v 0.034888 0.107155 0.059526
v 0.034888 0.107155 0.059526
v 0.034888 0.107155 0.059526
v 0.034888 0.107155 0.059526
v 0.034888 0.107155 0.059526
v 0.031208 0.103530 0.059585
v 0.031208 0.103530 0.059585
v 0.031208 0.103530 0.059585
v 0.031208 0.103530 0.059585
v 0.031208 0.103530 0.059585
v 0.031208 0.103530 0.059585
v 0.031208 0.103530 0.059585
v 0.031208 0.103530 0.059585
v 0.031208 0.110780 0.059585
v 0.031208 0.110780 0.059585
v 0.031208 0.110780 0.059585
v 0.031208 0.110780 0.059585
v 0.031208 0.110780 0.059585
v 0.031208 0.110780 0.059585
v 0.031208 0.110780 0.059585
v 0.031208 0.110780 0.059585
v 0.039394 0.091560 0.089754
v 0.039394 0.091560 0.089754
v 0.039394 0.091560 0.089754
v 0.039394 0.091560 0.089754
v 0.039247 0.095374 0.091184
v 0.039247 0.095374 0.091184
v 0.039247 0.095374 0.091184
v 0.039247 0.095374 0.091184
v 0.039247 0.095374 0.091184
v 0.041557 0.097158 0.088617
v 0.041557 0.097158 0.088617
v 0.041557 0.097158 0.088617
v 0.041557 0.097158 0.088617
v 0.041704 0.093344 0.087187
v 0.041704 0.093344 0.087187
v 0.041704 0.093344 0.087187
v 0.060040 0.077100 0.104133
v 0.060040 0.077100 0.104133
v 0.060040 0.077100 0.104133
v 0.060040 0.077100 0.104133
v 0.060040 0.077100 0.104133
v 0.061873 0.079482 0.106959
v 0.061873 0.079482 0.106959
v 0.061873 0.079482 0.106959
v 0.061873 0.079482 0.106959
v 0.061873 0.079482 0.106959
v 0.063578 0.081735 0.103954
v 0.063578 0.081735 0.103954
v 0.063578 0.081735 0.103954
v 0.063578 0.081735 0.103954
v 0.063578 0.081735 0.103954
v 0.063578 0.081735 0.103954
v 0.063578 0.081735 0.103954
v 0.061745 0.079354 0.101128
v 0.061745 0.079354 0.101128
v 0.061745 0.079354 0.101128
v 0.061745 0.079354 0.101128
v 0.061745 0.079354 0.101128
v 0.061745 0.079354 0.101128
v 0.061745 0.079354 0.101128
v 0.092674 0.052482 0.080291
v 0.092674 0.052482 0.080291
v 0.092674 0.052482 0.080291
v 0.092674 0.052482 0.080291
v 0.092674 0.052482 0.080291
v 0.092674 0.052482 0.080291
v 0.096483 0.053299 0.081649
v 0.096483 0.053299 0.081649
v 0.096483 0.053299 0.081649
v 0.096483 0.053299 0.081649
v 0.096483 0.053299 0.081649
v 0.096483 0.053299 0.081649
v 0.096212 0.057117 0.080112
v 0.096212 0.057117 0.080112
v 0.096212 0.057117 0.080112
v 0.096212 0.057117 0.080112
v 0.096212 0.057117 0.080112
v 0.096212 0.057117 0.080112
v 0.092403 0.056301 0.078754
v 0.092403 0.056301 0.078754
v 0.092403 0.056301 0.078754
v 0.092403 0.056301 0.078754
v 0.092403 0.056301 0.078754
v 0.092403 0.056301 0.078754
v 0.092223 0.052210 0.032972
v 0.092223 0.052210 0.032972
v 0.092223 0.052210 0.032972
v 0.092223 0.052210 0.032972
v 0.092223 0.052210 0.032972
v 0.092223 0.052210 0.032972
v 0.095968 0.052963 0.031414
v 0.095968 0.052963 0.031414
v 0.095968 0.052963 0.031414
v 0.095968 0.052963 0.031414
v 0.095968 0.052963 0.031414
v 0.095968 0.052963 0.031414
v 0.095761 0.056845 0.032793
v 0.095761 0.056845 0.032793
v 0.095761 0.056845 0.032793
v 0.095761 0.056845 0.032793
v 0.095761 0.056845 0.032793
v 0.095761 0.056845 0.032793
v 0.092016 0.056092 0.034350
v 0.092016 0.056092 0.034350
v 0.092016 0.056092 0.034350
v 0.092016 0.056092 0.034350
v 0.092016 0.056092 0.034350
v 0.092016 0.056092 0.034350
v 0.059722 0.077320 0.009464
v 0.059722 0.077320 0.009464
v 0.059722 0.077320 0.009464
v 0.059722 0.077320 0.009464
v 0.059722 0.077320 0.009464
v 0.059722 0.077320 0.009464
v 0.061428 0.079574 0.006459
v 0.061428 0.079574 0.006459
v 0.061428 0.079574 0.006459
v 0.061428 0.079574 0.006459
v 0.061428 0.079574 0.006459
v 0.061428 0.079574 0.006459
v 0.063260 0.081955 0.009285
v 0.063260 0.081955 0.009285
v 0.063260 0.081955 0.009285
v 0.063260 0.081955 0.009285
v 0.063260 0.081955 0.009285
v 0.063260 0.081955 0.009285
v 0.061555 0.079702 0.012290
v 0.061555 0.079702 0.012290
v 0.061555 0.079702 0.012290
v 0.061555 0.079702 0.012290
v 0.061555 0.079702 0.012290
v 0.061555 0.079702 0.012290
v 0.028256 0.103467 0.033247
v 0.028256 0.103467 0.033247
v 0.028256 0.103467 0.033247
v 0.028256 0.103467 0.033247
v 0.028256 0.103467 0.033247
v 0.028256 0.103467 0.033247
v 0.027985 0.107286 0.031710
v 0.027985 0.107286 0.031710
v 0.027985 0.107286 0.031710
v 0.027985 0.107286 0.031710
v 0.027985 0.107286 0.031710
v 0.027985 0.107286 0.031710
v 0.031794 0.108102 0.033068
v 0.031794 0.108102 0.033068
v 0.031794 0.108102 0.033068
v 0.031794 0.108102 0.033068
v 0.031794 0.108102 0.033068
v 0.031794 0.108102 0.033068
v 0.032065 0.104284 0.034604
v 0.032065 0.104284 0.034604
v 0.032065 0.104284 0.034604
v 0.032065 0.104284 0.034604
v 0.032065 0.104284 0.034604
v 0.032065 0.104284 0.034604
v 0.029874 0.105269 0.080507
v 0.029874 0.105269 0.080507
v 0.029874 0.105269 0.080507
v 0.029874 0.105269 0.080507
v 0.029874 0.105269 0.080507
v 0.029874 0.105269 0.080507
v 0.029667 0.109152 0.081886
v 0.029667 0.109152 0.081886
v 0.029667 0.109152 0.081886
v 0.029667 0.109152 0.081886
v 0.029667 0.109152 0.081886
v 0.029667 0.109152 0.081886
v 0.033412 0.109904 0.080328
v 0.033412 0.109904 0.080328
v 0.033412 0.109904 0.080328
v 0.033412 0.109904 0.080328
v 0.033412 0.109904 0.080328
v 0.033412 0.109904 0.080328
v 0.033619 0.106022 0.078950
v 0.033619 0.106022 0.078950
v 0.033619 0.106022 0.078950
v 0.033619 0.106022 0.078950
v 0.033619 0.106022 0.078950
v 0.033619 0.106022 0.078950
v 0.063542 0.081689 0.103956
v 0.063542 0.081689 0.103956
v 0.063542 0.081689 0.103956
v 0.063542 0.081689 0.103956
v 0.063542 0.081689 0.103956
v 0.063542 0.081689 0.103956
v 0.065375 0.084070 0.106782
v 0.065375 0.084070 0.106782
v 0.065375 0.084070 0.106782
v 0.065375 0.084070 0.106782
v 0.065375 0.084070 0.106782
v 0.065375 0.084070 0.106782
v 0.067080 0.086324 0.103777
v 0.067080 0.086324 0.103777
v 0.067080 0.086324 0.103777
v 0.067080 0.086324 0.103777
v 0.067080 0.086324 0.103777
v 0.067080 0.086324 0.103777
v 0.065248 0.083942 0.100951
v 0.065248 0.083942 0.100951
v 0.065248 0.083942 0.100951
v 0.065248 0.083942 0.100951
v 0.065248 0.083942 0.100951
v 0.065248 0.083942 0.100951
v 0.096176 0.057071 0.080114
v 0.096176 0.057071 0.080114
v 0.096176 0.057071 0.080114
v 0.096176 0.057071 0.080114
v 0.096176 0.057071 0.080114
v 0.096176 0.057071 0.080114
v 0.099985 0.057887 0.081472
v 0.099985 0.057887 0.081472
v 0.099985 0.057887 0.081472
v 0.099985 0.057887 0.081472
v 0.099985 0.057887 0.081472
v 0.099985 0.057887 0.081472
v 0.099714 0.061706 0.079935
v 0.099714 0.061706 0.079935
v 0.099714 0.061706 0.079935
v 0.099714 0.061706 0.079935
v 0.099714 0.061706 0.079935
v 0.099714 0.061706 0.079935
v 0.095906 0.060889 0.078577
v 0.095906 0.060889 0.078577
v 0.095906 0.060889 0.078577
v 0.095906 0.060889 0.078577
v 0.095906 0.060889 0.078577
v 0.095906 0.060889 0.078577
v 0.095726 0.056798 0.032794
v 0.095726 0.056798 0.032794
v 0.095726 0.056798 0.032794
v 0.095726 0.056798 0.032794
v 0.095726 0.056798 0.032794
v 0.095726 0.056798 0.032794
v 0.099470 0.057551 0.031237
v 0.099470 0.057551 0.031237
v 0.099470 0.057551 0.031237
v 0.099470 0.057551 0.031237
v 0.099470 0.057551 0.031237
v 0.099470 0.057551 0.031237
v 0.099263 0.061433 0.032615
v 0.099263 0.061433 0.032615
v 0.099263 0.061433 0.032615
v 0.099263 0.061433 0.032615
v 0.099263 0.061433 0.032615
v 0.099263 0.061433 0.032615
v 0.095519 0.060681 0.034173
v 0.095519 0.060681 0.034173
v 0.095519 0.060681 0.034173
v 0.095519 0.060681 0.034173
v 0.095519 0.060681 0.034173
v 0.095519 0.060681 0.034173
v 0.063225 0.081909 0.009287
v 0.063225 0.081909 0.009287
v 0.063225 0.081909 0.009287
v 0.063225 0.081909 0.009287
v 0.063225 0.081909 0.009287
v 0.063225 0.081909 0.009287
v 0.064930 0.084162 0.006282
v 0.064930 0.084162 0.006282
v 0.064930 0.084162 0.006282
v 0.064930 0.084162 0.006282
v 0.064930 0.084162 0.006282
v 0.064930 0.084162 0.006282
v 0.066762 0.086544 0.009108
v 0.066762 0.086544 0.009108
v 0.066762 0.086544 0.009108
v 0.066762 0.086544 0.009108
v 0.066762 0.086544 0.009108
v 0.066762 0.086544 0.009108
v 0.065057 0.084290 0.012113
v 0.065057 0.084290 0.012113
v 0.065057 0.084290 0.012113
v 0.065057 0.084290 0.012113
v 0.065057 0.084290 0.012113
v 0.065057 0.084290 0.012113
v 0.031758 0.108056 0.033069
v 0.031758 0.108056 0.033069
v 0.031758 0.108056 0.033069
v 0.031758 0.108056 0.033069
v 0.031758 0.108056 0.033069
v 0.031758 0.108056 0.033069
v 0.031758 0.108056 0.033069
v 0.031487 0.111874 0.031532
v 0.031487 0.111874 0.031532
v 0.031487 0.111874 0.031532
v 0.031487 0.111874 0.031532
v 0.031487 0.111874 0.031532
v 0.035567 0.108873 0.034427
v 0.035567 0.108873 0.034427
v 0.035567 0.108873 0.034427
v 0.035567 0.108873 0.034427
v 0.035567 0.108873 0.034427
v 0.035567 0.108873 0.034427
v 0.035567 0.108873 0.034427
v 0.035296 0.112691 0.032890
v 0.035296 0.112691 0.032890
v 0.035296 0.112691 0.032890
v 0.035296 0.112691 0.032890
v 0.035296 0.112691 0.032890
v 0.032313 0.108673 0.049265
v 0.032313 0.108673 0.049265
v 0.032313 0.108673 0.049265
v 0.032313 0.108673 0.049265
v 0.032005 0.112449 0.046978
v 0.032005 0.112449 0.046978
v 0.032005 0.112449 0.046978
v 0.032005 0.112449 0.046978
v 0.032005 0.112449 0.046978
v 0.035738 0.113183 0.045792
v 0.035738 0.113183 0.045792
v 0.035738 0.113183 0.045792
v 0.035738 0.113183 0.045792
v 0.036045 0.109408 0.048078
v 0.036045 0.109408 0.048078
v 0.036045 0.109408 0.048078
v 0.018684 0.137336 0.192329
v 0.018684 0.137336 0.192329
v 0.018684 0.137336 0.192329
v 0.000000 0.148123 0.192329
v 0.000000 0.148123 0.192329
v 0.000000 0.148123 0.192329
v 0.018684 0.115762 0.192329
v 0.018684 0.115762 0.192329
v 0.018684 0.115762 0.192329
v 0.000000 0.104974 0.192329
v 0.000000 0.104974 0.192329
v 0.000000 0.104974 0.192329
v -0.018684 0.115762 0.192329
v -0.018684 0.115762 0.192329
v -0.018684 0.115762 0.192329
v -0.018684 0.137336 0.192329
v -0.018684 0.137336 0.192329
v -0.018684 0.137336 0.192329
v 0.018684 0.137336 0.186133
v 0.018684 0.137336 0.186133
v 0.018684 0.137336 0.186133
v 0.000000 0.148123 0.186133
v 0.000000 0.148123 0.186133
v 0.000000 0.148123 0.186133
v 0.018684 0.115762 0.186133
v 0.018684 0.115762 0.186133
v 0.018684 0.115762 0.186133
v 0.000000 0.104974 0.186133
v 0.000000 0.104974 0.186133
v 0.000000 0.104974 0.186133
v -0.018684 0.115762 0.186133
v -0.018684 0.115762 0.186133
v -0.018684 0.115762 0.186133
v -0.018684 0.137336 0.186133
v -0.018684 0.137336 0.186133
v -0.018684 0.137336 0.186133
v 0.018684 0.137336 0.172383
v 0.018684 0.137336 0.172383
v 0.018684 0.137336 0.172383
v 0.000000 0.148123 0.172383
v 0.000000 0.148123 0.172383
v 0.000000 0.148123 0.172383
v 0.018684 0.115762 0.172383
v 0.018684 0.115762 0.172383
v 0.018684 0.115762 0.172383
v 0.000000 0.104975 0.172383
v 0.000000 0.104975 0.172383
v 0.000000 0.104975 0.172383
v -0.018684 0.115762 0.172383
v -0.018684 0.115762 0.172383
v -0.018684 0.115762 0.172383
v -0.018684 0.137336 0.172383
v -0.018684 0.137336 0.172383
v -0.018684 0.137336 0.172383
v 0.008392 0.131394 0.159883
v 0.008392 0.131394 0.159883
v 0.008392 0.131394 0.159883
v 0.000000 0.136239 0.159883
v 0.000000 0.136239 0.159883
v 0.000000 0.136239 0.159883
v 0.008392 0.121704 0.159883
v 0.008392 0.121704 0.159883
v 0.008392 0.121704 0.159883
v 0.000000 0.116859 0.159883
v 0.000000 0.116859 0.159883
v 0.000000 0.116859 0.159883
v -0.008392 0.121704 0.159883
v -0.008392 0.121704 0.159883
v -0.008392 0.121704 0.159883
v -0.008392 0.131394 0.159883
v -0.008392 0.131394 0.159883
v -0.008392 0.131394 0.159883
v 0.000000 0.142729 0.186133
v 0.000000 0.142729 0.186133
v 0.000000 0.142729 0.186133
v 0.014013 0.134639 0.186133
v 0.014013 0.134639 0.186133
v 0.014013 0.134639 0.186133
v -0.014013 0.134639 0.186133
v -0.014013 0.134639 0.186133
v -0.014013 0.134639 0.186133
v 0.000000 0.110368 0.186133
v 0.000000 0.110368 0.186133
v 0.000000 0.110368 0.186133
v -0.014013 0.118458 0.186133
v -0.014013 0.118458 0.186133
v -0.014013 0.118458 0.186133
v 0.014013 0.118458 0.186133
v 0.014013 0.118458 0.186133
v 0.014013 0.118458 0.186133
v 0.014013 0.134639 0.172383
v 0.014013 0.134639 0.172383
v 0.014013 0.134639 0.172383
v 0.014013 0.118458 0.172383
v 0.014013 0.118458 0.172383
v 0.014013 0.118458 0.172383
v -0.014013 0.118458 0.172383
v -0.014013 0.118458 0.172383
v -0.014013 0.118458 0.172383
v -0.014013 0.134639 0.172383
v -0.014013 0.134639 0.172383
v -0.014013 0.134639 0.172383
v 0.000000 0.110368 0.172383
v 0.000000 0.110368 0.172383
v 0.000000 0.110368 0.172383
v 0.000000 0.142729 0.172383
v 0.000000 0.142729 0.172383
v 0.000000 0.142729 0.172383
v 0.018684 0.137336 0.159883
v 0.018684 0.137336 0.159883
v 0.018684 0.137336 0.159883
v 0.000000 0.148123 0.159883
v 0.000000 0.148123 0.159883
v 0.000000 0.148123 0.159883
v 0.018684 0.115762 0.159883
v 0.018684 0.115762 0.159883
v 0.018684 0.115762 0.159883
v 0.000000 0.104975 0.159883
v 0.000000 0.104975 0.159883
v 0.000000 0.104975 0.159883
v -0.018684 0.115762 0.159883
v -0.018684 0.115762 0.159883
v -0.018684 0.115762 0.159883
v -0.018684 0.137336 0.159883
v -0.018684 0.137336 0.159883
v -0.018684 0.137336 0.159883
v 0.008392 0.131394 0.147633
v 0.008392 0.131394 0.147633
v 0.008392 0.131394 0.147633
v 0.000000 0.136239 0.147633
v 0.000000 0.136239 0.147633
v 0.000000 0.136239 0.147633
v 0.008392 0.121704 0.147633
v 0.008392 0.121704 0.147633
v 0.008392 0.121704 0.147633
v 0.000000 0.116859 0.147633
v 0.000000 0.116859 0.147633
v 0.000000 0.116859 0.147633
v -0.008392 0.121704 0.147633
v -0.008392 0.121704 0.147633
v -0.008392 0.121704 0.147633
v -0.008392 0.131394 0.147633
v -0.008392 0.131394 0.147633
v -0.008392 0.131394 0.147633
v 0.012113 0.133542 0.147633
v 0.012113 0.133542 0.147633
v 0.012113 0.133542 0.147633
v 0.000000 0.140535 0.147633
v 0.000000 0.140535 0.147633
v 0.000000 0.140535 0.147633
v 0.012113 0.119556 0.147633
v 0.012113 0.119556 0.147633
v 0.012113 0.119556 0.147633
v 0.000000 0.112562 0.147633
v 0.000000 0.112562 0.147633
v 0.000000 0.112562 0.147633
v -0.012113 0.119556 0.147633
v -0.012113 0.119556 0.147633
v -0.012113 0.119556 0.147633
v -0.012113 0.133542 0.147633
v -0.012113 0.133542 0.147633
v -0.012113 0.133542 0.147633
v 0.012113 0.133542 0.141615
v 0.012113 0.133542 0.141615
v 0.012113 0.133542 0.141615
v 0.000000 0.140535 0.141615
v 0.000000 0.140535 0.141615
v 0.000000 0.140535 0.141615
v 0.012113 0.119556 0.141615
v 0.012113 0.119556 0.141615
v 0.012113 0.119556 0.141615
v 0.000000 0.112562 0.141615
v 0.000000 0.112562 0.141615
v 0.000000 0.112562 0.141615
v -0.012113 0.119556 0.141615
v -0.012113 0.119556 0.141615
v -0.012113 0.119556 0.141615
v -0.012113 0.133542 0.141615
v -0.012113 0.133542 0.141615
v -0.012113 0.133542 0.141615
v 0.005377 0.129653 0.141615
v 0.005377 0.129653 0.141615
v 0.005377 0.129653 0.141615
v 0.000000 0.132757 0.141615
v 0.000000 0.132757 0.141615
v 0.000000 0.132757 0.141615
v 0.005377 0.123445 0.141615
v 0.005377 0.123445 0.141615
v 0.005377 0.123445 0.141615
v 0.000000 0.120340 0.141615
v 0.000000 0.120340 0.141615
v 0.000000 0.120340 0.141615
v -0.005377 0.123445 0.141615
v -0.005377 0.123445 0.141615
v -0.005377 0.123445 0.141615
v -0.005377 0.129653 0.141615
v -0.005377 0.129653 0.141615
v -0.005377 0.129653 0.141615
v 0.005377 0.129653 0.066545
v 0.005377 0.129653 0.066545
v 0.005377 0.129653 0.066545
v 0.000000 0.132757 0.066545
v 0.000000 0.132757 0.066545
v 0.000000 0.132757 0.066545
v 0.005377 0.123445 0.066545
v 0.005377 0.123445 0.066545
v 0.005377 0.123445 0.066545
v 0.000000 0.120340 0.066545
v 0.000000 0.120340 0.066545
v 0.000000 0.120340 0.066545
v -0.005377 0.123445 0.066545
v -0.005377 0.123445 0.066545
v -0.005377 0.123445 0.066545
v -0.005377 0.129653 0.066545
v -0.005377 0.129653 0.066545
v -0.005377 0.129653 0.066545
v 0.000000 0.109146 0.880380
v 0.000000 0.109146 0.880380
v 0.000000 0.109146 0.880380
v 0.000000 0.119282 0.863741
v 0.000000 0.119282 0.863741
v 0.000000 0.119282 0.863741
v 0.115581 0.003125 0.923898
v 0.115581 0.003125 0.923898
v 0.115581 0.003125 0.923898
v 0.115581 0.003125 0.923898
v 0.000000 0.115847 0.870963
v 0.000000 0.115847 0.870963
v 0.000000 0.115847 0.870963
v 0.003363 0.109146 0.882322
v 0.003363 0.109146 0.882322
v 0.003363 0.109146 0.882322
v 0.084336 0.084344 0.863741
v 0.084336 0.084344 0.863741
v 0.084336 0.084344 0.863741
v 0.003363 0.109146 0.886205
v 0.003363 0.109146 0.886205
v 0.003363 0.109146 0.886205
v 0.006986 0.001872 0.909593
v 0.006986 0.001872 0.909593
v 0.006986 0.001872 0.909593
v 0.006986 0.001872 0.909593
v 0.115581 -0.003125 0.923898
v 0.115581 -0.003125 0.923898
v 0.115581 -0.003125 0.923898
v 0.115581 -0.003125 0.923898
v 0.000000 0.109146 0.888146
v 0.000000 0.109146 0.888146
v 0.000000 0.109146 0.888146
v 0.081907 0.081915 0.870963
v 0.081907 0.081915 0.870963
v 0.081907 0.081915 0.870963
v 0.119274 -0.000003 0.863741
v 0.119274 -0.000003 0.863741
v 0.119274 -0.000003 0.863741
v -0.003363 0.109146 0.886205
v -0.003363 0.109146 0.886205
v -0.003363 0.109146 0.886205
v -0.071360 0.071367 0.907093
v -0.071360 0.071367 0.907093
v -0.071360 0.071367 0.907093
v 0.115839 -0.000003 0.870963
v 0.115839 -0.000003 0.870963
v 0.115839 -0.000003 0.870963
v -0.100923 -0.000003 0.907093
v -0.100923 -0.000003 0.907093
v -0.100923 -0.000003 0.907093
v -0.003363 0.109146 0.882322
v -0.003363 0.109146 0.882322
v -0.003363 0.109146 0.882322
v 0.084336 -0.084350 0.863741
v 0.084336 -0.084350 0.863741
v 0.084336 -0.084350 0.863741
v 0.000000 0.100929 0.907093
v 0.000000 0.100929 0.907093
v 0.000000 0.100929 0.907093
v 0.081907 -0.081922 0.870963
v 0.081907 -0.081922 0.870963
v 0.081907 -0.081922 0.870963
v 0.071360 0.071367 0.907093
v 0.071360 0.071367 0.907093
v 0.071360 0.071367 0.907093
v 0.000000 -0.119288 0.863741
v 0.000000 -0.119288 0.863741
v 0.000000 -0.119288 0.863741
v -0.115581 0.003125 0.923898
v -0.115581 0.003125 0.923898
v -0.115581 0.003125 0.923898
v -0.115581 0.003125 0.923898
v -0.071360 -0.071373 0.907093
v -0.071360 -0.071373 0.907093
v -0.071360 -0.071373 0.907093
v 0.100923 -0.000003 0.907093
v 0.100923 -0.000003 0.907093
v 0.100923 -0.000003 0.907093
v 0.071360 -0.071373 0.907093
v 0.071360 -0.071373 0.907093
v 0.071360 -0.071373 0.907093
v -0.084336 0.084344 0.863741
v -0.084336 0.084344 0.863741
v -0.084336 0.084344 0.863741
v 0.001863 0.085889 0.909593
v 0.001863 0.085889 0.909593
v 0.001863 0.085889 0.909593
v 0.000000 -0.100936 0.907093
v 0.000000 -0.100936 0.907093
v 0.000000 -0.100936 0.907093
v -0.006986 0.001872 0.909593
v -0.006986 0.001872 0.909593
v -0.006986 0.001872 0.909593
v -0.115581 -0.003125 0.923898
v -0.115581 -0.003125 0.923898
v -0.115581 -0.003125 0.923898
v -0.115581 -0.003125 0.923898
v 0.003125 0.115581 0.923898
v 0.003125 0.115581 0.923898
v 0.003125 0.115581 0.923898
v 0.003125 0.115581 0.923898
v -0.081907 0.081915 0.870963
v -0.081907 0.081915 0.870963
v -0.081907 0.081915 0.870963
v -0.119274 -0.000003 0.863741
v -0.119274 -0.000003 0.863741
v -0.119274 -0.000003 0.863741
v -0.115839 -0.000003 0.870963
v -0.115839 -0.000003 0.870963
v -0.115839 -0.000003 0.870963
v 0.084336 0.084344 0.870963
v 0.084336 0.084344 0.870963
v 0.084336 0.084344 0.870963
v 0.000000 0.119282 0.870963
v 0.000000 0.119282 0.870963
v 0.000000 0.119282 0.870963
v 0.119274 -0.000003 0.870963
v 0.119274 -0.000003 0.870963
v 0.119274 -0.000003 0.870963
v 0.047980 0.086872 0.926018
v 0.047980 0.086872 0.926018
v 0.047980 0.086872 0.926018
v 0.047980 0.086872 0.926018
v 0.084336 -0.084350 0.870963
v 0.084336 -0.084350 0.870963
v 0.084336 -0.084350 0.870963
v 0.000000 -0.119288 0.870963
v 0.000000 -0.119288 0.870963
v 0.000000 -0.119288 0.870963
v -0.084336 -0.084350 0.863741
v -0.084336 -0.084350 0.863741
v -0.084336 -0.084350 0.863741
v 0.051480 0.085432 0.926018
v 0.051480 0.085432 0.926018
v 0.051480 0.085432 0.926018
v 0.081907 0.081915 0.892940
v 0.081907 0.081915 0.892940
v 0.081907 0.081915 0.892940
v 0.038628 0.070673 0.909593
v 0.038628 0.070673 0.909593
v 0.038628 0.070673 0.909593
v 0.000000 0.115847 0.892940
v 0.000000 0.115847 0.892940
v 0.000000 0.115847 0.892940
v 0.115839 -0.000003 0.892940
v 0.115839 -0.000003 0.892940
v 0.115839 -0.000003 0.892940
v 0.042129 0.069236 0.909593
v 0.042129 0.069236 0.909593
v 0.042129 0.069236 0.909593
v 0.042129 0.069236 0.909593
v -0.001863 0.085889 0.909593
v -0.001863 0.085889 0.909593
v -0.001863 0.085889 0.909593
v -0.003125 0.115581 0.923898
v -0.003125 0.115581 0.923898
v -0.003125 0.115581 0.923898
v -0.003125 0.115581 0.923898
v -0.084336 0.084344 0.870963
v -0.084336 0.084344 0.870963
v -0.084336 0.084344 0.870963
v 0.109742 0.109751 0.892940
v 0.109742 0.109751 0.892940
v 0.109742 0.109751 0.892940
v 0.109742 0.109751 0.892940
v 0.000000 0.155212 0.892940
v 0.000000 0.155212 0.892940
v 0.000000 0.155212 0.892940
v 0.000000 0.155212 0.892940
v 0.000000 0.155212 0.892940
v 0.000000 0.155212 0.892940
v 0.000000 0.155212 0.892940
v 0.155204 -0.000003 0.892940
v 0.155204 -0.000003 0.892940
v 0.155204 -0.000003 0.892940
v 0.085424 0.051488 0.926018
v 0.085424 0.051488 0.926018
v 0.085424 0.051488 0.926018
v 0.109742 -0.109757 0.892940
v 0.109742 -0.109757 0.892940
v 0.109742 -0.109757 0.892940
v 0.109742 -0.109757 0.892940
v 0.000000 -0.155218 0.892940
v 0.000000 -0.155218 0.892940
v 0.000000 -0.155218 0.892940
v 0.000000 -0.155218 0.892940
v 0.000000 -0.155218 0.892940
v 0.000000 -0.155218 0.892940
v 0.000000 -0.155218 0.892940
v -0.119274 -0.000003 0.870963
v -0.119274 -0.000003 0.870963
v -0.119274 -0.000003 0.870963
v -0.047980 0.086872 0.926018
v -0.047980 0.086872 0.926018
v -0.047980 0.086872 0.926018
v -0.047980 0.086872 0.926018
v 0.086863 0.047989 0.926018
v 0.086863 0.047989 0.926018
v 0.086863 0.047989 0.926018
v 0.086863 0.047989 0.926018
v -0.084336 -0.084350 0.870963
v -0.084336 -0.084350 0.870963
v -0.084336 -0.084350 0.870963
v 0.126458 -0.069402 0.904342
v 0.126458 -0.069402 0.904342
v 0.126458 -0.069402 0.904342
v 0.126458 -0.069402 0.904342
v 0.126458 -0.069402 0.904342
v 0.109742 0.109751 0.904342
v 0.109742 0.109751 0.904342
v 0.109742 0.109751 0.904342
v 0.069228 0.042137 0.909593
v 0.069228 0.042137 0.909593
v 0.069228 0.042137 0.909593
v 0.069228 0.042137 0.909593
v 0.000000 0.155212 0.904342
v 0.000000 0.155212 0.904342
v 0.000000 0.155212 0.904342
v 0.000000 0.155212 0.904342
v 0.093111 -0.057366 0.923898
v 0.093111 -0.057366 0.923898
v 0.093111 -0.057366 0.923898
v 0.093111 -0.057366 0.923898
v 0.093111 -0.057366 0.923898
v 0.070665 0.038637 0.909593
v 0.070665 0.038637 0.909593
v 0.070665 0.038637 0.909593
v 0.124045 -0.075226 0.904342
v 0.124045 -0.075226 0.904342
v 0.124045 -0.075226 0.904342
v 0.124045 -0.075226 0.904342
v 0.109742 -0.109757 0.904342
v 0.109742 -0.109757 0.904342
v 0.109742 -0.109757 0.904342
v 0.000000 -0.155218 0.904342
v 0.000000 -0.155218 0.904342
v 0.000000 -0.155218 0.904342
v 0.000000 -0.155218 0.904342
v -0.051480 0.085432 0.926018
v -0.051480 0.085432 0.926018
v -0.051480 0.085432 0.926018
v -0.081907 0.081915 0.892940
v -0.081907 0.081915 0.892940
v -0.081907 0.081915 0.892940
v -0.038628 0.070673 0.909593
v -0.038628 0.070673 0.909593
v -0.038628 0.070673 0.909593
v 0.084611 0.084620 0.904342
v 0.084611 0.084620 0.904342
v 0.084611 0.084620 0.904342
v -0.115839 -0.000003 0.892940
v -0.115839 -0.000003 0.892940
v -0.115839 -0.000003 0.892940
v -0.042129 0.069236 0.909593
v -0.042129 0.069236 0.909593
v -0.042129 0.069236 0.909593
v -0.042129 0.069236 0.909593
v 0.105955 0.001872 0.926018
v 0.105955 0.001872 0.926018
v 0.105955 0.001872 0.926018
v 0.084611 -0.084626 0.904342
v 0.084611 -0.084626 0.904342
v 0.084611 -0.084626 0.904342
v -0.081907 -0.081922 0.892940
v -0.081907 -0.081922 0.892940
v -0.081907 -0.081922 0.892940
v 0.105955 -0.001878 0.926018
v 0.105955 -0.001878 0.926018
v 0.105955 -0.001878 0.926018
v 0.085881 0.001872 0.909593
v 0.085881 0.001872 0.909593
v 0.085881 0.001872 0.909593
v 0.080878 0.080887 0.923898
v 0.080878 0.080887 0.923898
v 0.080878 0.080887 0.923898
v 0.080878 0.080887 0.923898
v 0.080878 0.080887 0.923898
v -0.109742 0.109751 0.892940
v -0.109742 0.109751 0.892940
v -0.109742 0.109751 0.892940
v -0.109742 0.109751 0.892940
v 0.000000 0.114392 0.923898
v 0.000000 0.114392 0.923898
v 0.000000 0.114392 0.923898
v 0.000000 0.114392 0.923898
v 0.000000 0.114392 0.923898
v 0.000000 0.114392 0.923898
v 0.000000 0.114392 0.923898
v 0.085881 -0.001878 0.909593
v 0.085881 -0.001878 0.909593
v 0.085881 -0.001878 0.909593
v 0.114384 -0.000003 0.923898
v 0.114384 -0.000003 0.923898
v 0.114384 -0.000003 0.923898
v 0.080878 -0.080893 0.923898
v 0.080878 -0.080893 0.923898
v 0.080878 -0.080893 0.923898
v 0.080878 -0.080893 0.923898
v 0.000000 -0.114399 0.923898
v 0.000000 -0.114399 0.923898
v 0.000000 -0.114399 0.923898
v 0.000000 -0.114399 0.923898
v 0.000000 -0.114399 0.923898
v 0.000000 -0.114399 0.923898
v 0.000000 -0.114399 0.923898
v -0.155204 -0.000003 0.892940
v -0.155204 -0.000003 0.892940
v -0.155204 -0.000003 0.892940
v -0.085424 0.051488 0.926018
v -0.085424 0.051488 0.926018
v -0.085424 0.051488 0.926018
v -0.109742 -0.109757 0.892940
v -0.109742 -0.109757 0.892940
v -0.109742 -0.109757 0.892940
v -0.109742 -0.109757 0.892940
v -0.086863 0.047989 0.926018
v -0.086863 0.047989 0.926018
v -0.086863 0.047989 0.926018
v -0.086863 0.047989 0.926018
v 0.082637 0.082646 0.923898
v 0.082637 0.082646 0.923898
v 0.082637 0.082646 0.923898
v 0.082637 0.082646 0.923898
v 0.082637 0.082646 0.923898
v 0.075230 -0.124052 0.904342
v 0.075230 -0.124052 0.904342
v 0.075230 -0.124052 0.904342
v 0.075230 -0.124052 0.904342
v 0.086863 -0.047995 0.926018
v 0.086863 -0.047995 0.926018
v 0.086863 -0.047995 0.926018
v 0.086863 -0.047995 0.926018
v 0.116872 -0.000003 0.923898
v 0.116872 -0.000003 0.923898
v 0.116872 -0.000003 0.923898
v 0.116872 -0.000003 0.923898
v 0.116872 -0.000003 0.923898
v 0.082637 -0.082652 0.923898
v 0.082637 -0.082652 0.923898
v 0.082637 -0.082652 0.923898
v 0.082637 -0.082652 0.923898
v 0.051546 -0.095530 0.923898
v 0.051546 -0.095530 0.923898
v 0.051546 -0.095530 0.923898
v 0.051546 -0.095530 0.923898
v 0.000000 -0.116886 0.923898
v 0.000000 -0.116886 0.923898
v 0.000000 -0.116886 0.923898
v 0.000000 -0.116886 0.923898
v 0.000000 -0.116886 0.923898
v -0.126458 -0.069402 0.904342
v -0.126458 -0.069402 0.904342
v -0.126458 -0.069402 0.904342
v -0.126458 -0.069402 0.904342
v -0.126458 -0.069402 0.904342
v 0.085424 -0.051494 0.926018
v 0.085424 -0.051494 0.926018
v 0.085424 -0.051494 0.926018
v -0.109742 0.109751 0.904342
v -0.109742 0.109751 0.904342
v -0.109742 0.109751 0.904342
v -0.069228 0.042137 0.909593
v -0.069228 0.042137 0.909593
v -0.069228 0.042137 0.909593
v -0.069228 0.042137 0.909593
v -0.093111 -0.057366 0.923898
v -0.093111 -0.057366 0.923898
v -0.093111 -0.057366 0.923898
v -0.093111 -0.057366 0.923898
v -0.093111 -0.057366 0.923898
v 0.074034 0.074043 0.928518
v 0.074034 0.074043 0.928518
v 0.074034 0.074043 0.928518
v 0.070665 -0.038643 0.909593
v 0.070665 -0.038643 0.909593
v 0.070665 -0.038643 0.909593
v 0.069228 -0.042143 0.909593
v 0.069228 -0.042143 0.909593
v 0.069228 -0.042143 0.909593
v 0.069228 -0.042143 0.909593
v -0.070665 0.038637 0.909593
v -0.070665 0.038637 0.909593
v -0.070665 0.038637 0.909593
v -0.124045 -0.075226 0.904342
v -0.124045 -0.075226 0.904342
v -0.124045 -0.075226 0.904342
v -0.124045 -0.075226 0.904342
v 0.074034 -0.074049 0.928518
v 0.074034 -0.074049 0.928518
v 0.074034 -0.074049 0.928518
v 0.006986 -0.001878 0.909593
v 0.006986 -0.001878 0.909593
v 0.006986 -0.001878 0.909593
v 0.006986 -0.001878 0.909593
v -0.109742 -0.109757 0.904342
v -0.109742 -0.109757 0.904342
v -0.109742 -0.109757 0.904342
v 0.051543 0.095525 0.923898
v 0.051543 0.095525 0.923898
v 0.051543 0.095525 0.923898
v 0.051543 0.095525 0.923898
v 0.080878 0.080887 0.928518
v 0.080878 0.080887 0.928518
v 0.080878 0.080887 0.928518
v 0.051480 -0.085439 0.926018
v 0.051480 -0.085439 0.926018
v 0.051480 -0.085439 0.926018
v 0.080878 -0.080893 0.928518
v 0.080878 -0.080893 0.928518
v 0.080878 -0.080893 0.928518
v -0.084611 0.084620 0.904342
v -0.084611 0.084620 0.904342
v -0.084611 0.084620 0.904342
v 0.047981 -0.086878 0.926018
v 0.047981 -0.086878 0.926018
v 0.047981 -0.086878 0.926018
v 0.047981 -0.086878 0.926018
v -0.105955 0.001872 0.926018
v -0.105955 0.001872 0.926018
v -0.105955 0.001872 0.926018
v 0.059820 0.059829 0.912093
v 0.059820 0.059829 0.912093
v 0.059820 0.059829 0.912093
v -0.084611 -0.084626 0.904342
v -0.084611 -0.084626 0.904342
v -0.084611 -0.084626 0.904342
v 0.042129 -0.069243 0.909593
v 0.042129 -0.069243 0.909593
v 0.042129 -0.069243 0.909593
v 0.042129 -0.069243 0.909593
v 0.038629 -0.070679 0.909593
v 0.038629 -0.070679 0.909593
v 0.038629 -0.070679 0.909593
v 0.038629 -0.070679 0.909593
v -0.105955 -0.001878 0.926018
v -0.105955 -0.001878 0.926018
v -0.105955 -0.001878 0.926018
v 0.059820 -0.059835 0.912093
v 0.059820 -0.059835 0.912093
v 0.059820 -0.059835 0.912093
v -0.085881 0.001872 0.909593
v -0.085881 0.001872 0.909593
v -0.085881 0.001872 0.909593
v -0.080878 0.080887 0.923898
v -0.080878 0.080887 0.923898
v -0.080878 0.080887 0.923898
v -0.080878 0.080887 0.923898
v -0.080878 0.080887 0.923898
v -0.085881 -0.001878 0.909593
v -0.085881 -0.001878 0.909593
v -0.085881 -0.001878 0.909593
v 0.001864 -0.105970 0.926018
v 0.001864 -0.105970 0.926018
v 0.001864 -0.105970 0.926018
v -0.114384 -0.000003 0.923898
v -0.114384 -0.000003 0.923898
v -0.114384 -0.000003 0.923898
v 0.001864 -0.085896 0.909593
v 0.001864 -0.085896 0.909593
v 0.001864 -0.085896 0.909593
v -0.080878 -0.080893 0.923898
v -0.080878 -0.080893 0.923898
v -0.080878 -0.080893 0.923898
v -0.080878 -0.080893 0.923898
v -0.082637 0.082646 0.923898
v -0.082637 0.082646 0.923898
v -0.082637 0.082646 0.923898
v -0.082637 0.082646 0.923898
v -0.082637 0.082646 0.923898
v -0.075230 -0.124052 0.904342
v -0.075230 -0.124052 0.904342
v -0.075230 -0.124052 0.904342
v -0.075230 -0.124052 0.904342
v -0.086863 -0.047995 0.926018
v -0.086863 -0.047995 0.926018
v -0.086863 -0.047995 0.926018
v -0.086863 -0.047995 0.926018
v -0.116872 -0.000003 0.923898
v -0.116872 -0.000003 0.923898
v -0.116872 -0.000003 0.923898
v -0.116872 -0.000003 0.923898
v -0.116872 -0.000003 0.923898
v -0.082637 -0.082652 0.923898
v -0.082637 -0.082652 0.923898
v -0.082637 -0.082652 0.923898
v -0.082637 -0.082652 0.923898
v -0.051546 -0.095530 0.923898
v -0.051546 -0.095530 0.923898
v -0.051546 -0.095530 0.923898
v -0.051546 -0.095530 0.923898
v -0.085424 -0.051494 0.926018
v -0.085424 -0.051494 0.926018
v -0.085424 -0.051494 0.926018
v -0.074034 0.074043 0.928518
v -0.074034 0.074043 0.928518
v -0.074034 0.074043 0.928518
v -0.070665 -0.038643 0.909593
v -0.070665 -0.038643 0.909593
v -0.070665 -0.038643 0.909593
v -0.069228 -0.042143 0.909593
v -0.069228 -0.042143 0.909593
v -0.069228 -0.042143 0.909593
v -0.069228 -0.042143 0.909593
v -0.074034 -0.074049 0.928518
v -0.074034 -0.074049 0.928518
v -0.074034 -0.074049 0.928518
v -0.006986 -0.001878 0.909593
v -0.006986 -0.001878 0.909593
v -0.006986 -0.001878 0.909593
v -0.051543 0.095525 0.923898
v -0.051543 0.095525 0.923898
v -0.051543 0.095525 0.923898
v -0.051543 0.095525 0.923898
v -0.080878 0.080887 0.928518
v -0.080878 0.080887 0.928518
v -0.080878 0.080887 0.928518
v -0.051480 -0.085439 0.926018
v -0.051480 -0.085439 0.926018
v -0.051480 -0.085439 0.926018
v -0.080878 -0.080893 0.928518
v -0.080878 -0.080893 0.928518
v -0.080878 -0.080893 0.928518
v -0.047981 -0.086878 0.926018
v -0.047981 -0.086878 0.926018
v -0.047981 -0.086878 0.926018
v -0.047981 -0.086878 0.926018
v -0.059820 0.059829 0.912093
v -0.059820 0.059829 0.912093
v -0.059820 0.059829 0.912093
v -0.042129 -0.069243 0.909593
v -0.042129 -0.069243 0.909593
v -0.042129 -0.069243 0.909593
v -0.042129 -0.069243 0.909593
v -0.038629 -0.070679 0.909593
v -0.038629 -0.070679 0.909593
v -0.038629 -0.070679 0.909593
v -0.038629 -0.070679 0.909593
v 0.000000 -0.114399 0.926018
v 0.000000 -0.114399 0.926018
v 0.000000 -0.114399 0.926018
v -0.059820 -0.059835 0.912093
v -0.059820 -0.059835 0.912093
v -0.059820 -0.059835 0.912093
v -0.001864 -0.105970 0.926018
v -0.001864 -0.105970 0.926018
v -0.001864 -0.105970 0.926018
v -0.001864 -0.085896 0.909593
v -0.001864 -0.085896 0.909593
v -0.001864 -0.085896 0.909593
v -0.001863 0.105964 0.926018
v -0.001863 0.105964 0.926018
v -0.001863 0.105964 0.926018
v 0.001863 0.105964 0.926018
v 0.001863 0.105964 0.926018
v 0.001863 0.105964 0.926018
v 0.050526 0.083781 0.928518
v 0.050526 0.083781 0.928518
v 0.050526 0.083781 0.928518
v 0.047031 0.085228 0.928518
v 0.047031 0.085228 0.928518
v 0.047031 0.085228 0.928518
v 0.001863 0.103937 0.928518
v 0.001863 0.103937 0.928518
v 0.001863 0.103937 0.928518
v 0.001863 0.083836 0.912093
v 0.001863 0.083836 0.912093
v 0.001863 0.083836 0.912093
v 0.041160 0.067558 0.912093
v 0.041160 0.067558 0.912093
v 0.041160 0.067558 0.912093
v 0.037666 0.069006 0.912093
v 0.037666 0.069006 0.912093
v 0.037666 0.069006 0.912093
v 0.113607 -0.001878 0.926018
v 0.113607 -0.001878 0.926018
v 0.113607 -0.001878 0.926018
v 0.114384 -0.000003 0.926018
v 0.114384 -0.000003 0.926018
v 0.114384 -0.000003 0.926018
v 0.091583 -0.055050 0.928518
v 0.091583 -0.055050 0.928518
v 0.091583 -0.055050 0.928518
v 0.091583 -0.055050 0.926018
v 0.091583 -0.055050 0.926018
v 0.091583 -0.055050 0.926018
v 0.113607 -0.001878 0.928518
v 0.113607 -0.001878 0.928518
v 0.113607 -0.001878 0.928518
v 0.093030 -0.051556 0.928518
v 0.093030 -0.051556 0.928518
v 0.093030 -0.051556 0.928518
v 0.093030 -0.051556 0.926018
v 0.093030 -0.051556 0.926018
v 0.093030 -0.051556 0.926018
v 0.001863 0.113616 0.926018
v 0.001863 0.113616 0.926018
v 0.001863 0.113616 0.926018
v 0.001863 0.113616 0.926018
v 0.001863 0.113616 0.926018
v 0.000000 0.114392 0.926018
v 0.000000 0.114392 0.926018
v 0.000000 0.114392 0.926018
v 0.051541 0.093039 0.926018
v 0.051541 0.093039 0.926018
v 0.051541 0.093039 0.926018
v 0.051541 0.093039 0.926018
v 0.051541 0.093039 0.926018
v 0.051541 0.093039 0.928518
v 0.051541 0.093039 0.928518
v 0.051541 0.093039 0.928518
v 0.001863 0.113616 0.928518
v 0.001863 0.113616 0.928518
v 0.001863 0.113616 0.928518
v 0.055035 0.091591 0.926018
v 0.055035 0.091591 0.926018
v 0.055035 0.091591 0.926018
v 0.055035 0.091591 0.928518
v 0.055035 0.091591 0.928518
v 0.055035 0.091591 0.928518
v -0.050526 0.083781 0.928518
v -0.050526 0.083781 0.928518
v -0.050526 0.083781 0.928518
v -0.047031 0.085228 0.928518
v -0.047031 0.085228 0.928518
v -0.047031 0.085228 0.928518
v -0.001863 0.103937 0.928518
v -0.001863 0.103937 0.928518
v -0.001863 0.103937 0.928518
v -0.001863 0.083836 0.912093
v -0.001863 0.083836 0.912093
v -0.001863 0.083836 0.912093
v -0.041160 0.067558 0.912093
v -0.041160 0.067558 0.912093
v -0.041160 0.067558 0.912093
v -0.037666 0.069006 0.912093
v -0.037666 0.069006 0.912093
v -0.037666 0.069006 0.912093
v -0.113607 -0.001878 0.926018
v -0.113607 -0.001878 0.926018
v -0.113607 -0.001878 0.926018
v -0.114384 -0.000003 0.926018
v -0.114384 -0.000003 0.926018
v -0.114384 -0.000003 0.926018
v -0.091583 -0.055050 0.928518
v -0.091583 -0.055050 0.928518
v -0.091583 -0.055050 0.928518
v -0.091583 -0.055050 0.926018
v -0.091583 -0.055050 0.926018
v -0.091583 -0.055050 0.926018
v -0.113607 -0.001878 0.928518
v -0.113607 -0.001878 0.928518
v -0.113607 -0.001878 0.928518
v -0.093030 -0.051556 0.928518
v -0.093030 -0.051556 0.928518
v -0.093030 -0.051556 0.928518
v -0.093030 -0.051556 0.926018
v -0.093030 -0.051556 0.926018
v -0.093030 -0.051556 0.926018
v 0.051541 -0.093045 0.926018
v 0.051541 -0.093045 0.926018
v 0.051541 -0.093045 0.926018
v 0.051541 -0.093045 0.926018
v 0.051541 -0.093045 0.926018
v 0.055036 -0.091597 0.926018
v 0.055036 -0.091597 0.926018
v 0.055036 -0.091597 0.926018
v 0.001864 -0.113622 0.926018
v 0.001864 -0.113622 0.926018
v 0.001864 -0.113622 0.926018
v 0.001864 -0.113622 0.926018
v 0.001864 -0.113622 0.926018
v 0.001864 -0.113622 0.928518
v 0.001864 -0.113622 0.928518
v 0.001864 -0.113622 0.928518
v 0.055036 -0.091597 0.928518
v 0.055036 -0.091597 0.928518
v 0.055036 -0.091597 0.928518
v 0.051541 -0.093045 0.928518
v 0.051541 -0.093045 0.928518
v 0.051541 -0.093045 0.928518
v 0.093030 0.051550 0.926018
v 0.093030 0.051550 0.926018
v 0.093030 0.051550 0.926018
v 0.093030 0.051550 0.926018
v 0.091583 0.055044 0.926018
v 0.091583 0.055044 0.926018
v 0.091583 0.055044 0.926018
v 0.091583 0.055044 0.926018
v 0.113607 0.001872 0.926018
v 0.113607 0.001872 0.926018
v 0.113607 0.001872 0.926018
v 0.113607 0.001872 0.928518
v 0.113607 0.001872 0.928518
v 0.113607 0.001872 0.928518
v 0.091583 0.055044 0.928518
v 0.091583 0.055044 0.928518
v 0.091583 0.055044 0.928518
v 0.093030 0.051550 0.928518
v 0.093030 0.051550 0.928518
v 0.093030 0.051550 0.928518
v -0.001863 0.113616 0.926018
v -0.001863 0.113616 0.926018
v -0.001863 0.113616 0.926018
v -0.001863 0.113616 0.926018
v -0.001863 0.113616 0.926018
v -0.051541 0.093039 0.926018
v -0.051541 0.093039 0.926018
v -0.051541 0.093039 0.926018
v -0.051541 0.093039 0.926018
v -0.051541 0.093039 0.926018
v -0.051541 0.093039 0.928518
v -0.051541 0.093039 0.928518
v -0.051541 0.093039 0.928518
v -0.001863 0.113616 0.928518
v -0.001863 0.113616 0.928518
v -0.001863 0.113616 0.928518
v -0.055035 0.091591 0.926018
v -0.055035 0.091591 0.926018
v -0.055035 0.091591 0.926018
v 0.083772 0.050535 0.928518
v 0.083772 0.050535 0.928518
v 0.083772 0.050535 0.928518
v 0.103929 0.001872 0.928518
v 0.103929 0.001872 0.928518
v 0.103929 0.001872 0.928518
v 0.085219 0.047040 0.928518
v 0.085219 0.047040 0.928518
v 0.085219 0.047040 0.928518
v 0.103929 -0.001878 0.928518
v 0.103929 -0.001878 0.928518
v 0.103929 -0.001878 0.928518
v 0.083772 -0.050541 0.928518
v 0.083772 -0.050541 0.928518
v 0.083772 -0.050541 0.928518
v 0.085220 -0.047046 0.928518
v 0.085220 -0.047046 0.928518
v 0.085220 -0.047046 0.928518
v 0.001864 -0.103943 0.928518
v 0.001864 -0.103943 0.928518
v 0.001864 -0.103943 0.928518
v 0.050526 -0.083787 0.928518
v 0.050526 -0.083787 0.928518
v 0.050526 -0.083787 0.928518
v 0.047032 -0.085234 0.928518
v 0.047032 -0.085234 0.928518
v 0.047032 -0.085234 0.928518
v -0.055035 0.091591 0.928518
v -0.055035 0.091591 0.928518
v -0.055035 0.091591 0.928518
v -0.051541 -0.093045 0.926018
v -0.051541 -0.093045 0.926018
v -0.051541 -0.093045 0.926018
v -0.051541 -0.093045 0.926018
v -0.051541 -0.093045 0.926018
v -0.055036 -0.091597 0.926018
v -0.055036 -0.091597 0.926018
v -0.055036 -0.091597 0.926018
v -0.001864 -0.113622 0.926018
v -0.001864 -0.113622 0.926018
v -0.001864 -0.113622 0.926018
v -0.001864 -0.113622 0.926018
v -0.001864 -0.113622 0.926018
v -0.001864 -0.113622 0.928518
v -0.001864 -0.113622 0.928518
v -0.001864 -0.113622 0.928518
v -0.055036 -0.091597 0.928518
v -0.055036 -0.091597 0.928518
v -0.055036 -0.091597 0.928518
v -0.051541 -0.093045 0.928518
v -0.051541 -0.093045 0.928518
v -0.051541 -0.093045 0.928518
v -0.093030 0.051550 0.926018
v -0.093030 0.051550 0.926018
v -0.093030 0.051550 0.926018
v -0.093030 0.051550 0.926018
v -0.091583 0.055044 0.926018
v -0.091583 0.055044 0.926018
v -0.091583 0.055044 0.926018
v -0.091583 0.055044 0.926018
v -0.113607 0.001872 0.926018
v -0.113607 0.001872 0.926018
v -0.113607 0.001872 0.926018
v -0.113607 0.001872 0.928518
v -0.113607 0.001872 0.928518
v -0.113607 0.001872 0.928518
v -0.091583 0.055044 0.928518
v -0.091583 0.055044 0.928518
v -0.091583 0.055044 0.928518
v 0.067550 0.041169 0.912093
v 0.067550 0.041169 0.912093
v 0.067550 0.041169 0.912093
v 0.083827 0.001872 0.912093
v 0.083827 0.001872 0.912093
v 0.083827 0.001872 0.912093
v 0.068997 0.037674 0.912093
v 0.068997 0.037674 0.912093
v 0.068997 0.037674 0.912093
v -0.093030 0.051550 0.928518
v -0.093030 0.051550 0.928518
v -0.093030 0.051550 0.928518
v -0.083772 0.050535 0.928518
v -0.083772 0.050535 0.928518
v -0.083772 0.050535 0.928518
v -0.103929 0.001872 0.928518
v -0.103929 0.001872 0.928518
v -0.103929 0.001872 0.928518
v -0.085219 0.047040 0.928518
v -0.085219 0.047040 0.928518
v -0.085219 0.047040 0.928518
v -0.103929 -0.001878 0.928518
v -0.103929 -0.001878 0.928518
v -0.103929 -0.001878 0.928518
v -0.083772 -0.050541 0.928518
v -0.083772 -0.050541 0.928518
v -0.083772 -0.050541 0.928518
v -0.085220 -0.047046 0.928518
v -0.085220 -0.047046 0.928518
v -0.085220 -0.047046 0.928518
v -0.001864 -0.103943 0.928518
v -0.001864 -0.103943 0.928518
v -0.001864 -0.103943 0.928518
v -0.050526 -0.083787 0.928518
v -0.050526 -0.083787 0.928518
v -0.050526 -0.083787 0.928518
v -0.047032 -0.085234 0.928518
v -0.047032 -0.085234 0.928518
v -0.047032 -0.085234 0.928518
v -0.067550 0.041169 0.912093
v -0.067550 0.041169 0.912093
v -0.067550 0.041169 0.912093
v -0.083827 0.001872 0.912093
v -0.083827 0.001872 0.912093
v -0.083827 0.001872 0.912093
v 0.001864 -0.083842 0.912093
v 0.001864 -0.083842 0.912093
v 0.001864 -0.083842 0.912093
v 0.037666 -0.069012 0.912093
v 0.037666 -0.069012 0.912093
v 0.037666 -0.069012 0.912093
v 0.037666 -0.069012 0.912093
v 0.037666 -0.069012 0.912093
v 0.041160 -0.067564 0.912093
v 0.041160 -0.067564 0.912093
v 0.041160 -0.067564 0.912093
v 0.067550 -0.041175 0.912093
v 0.067550 -0.041175 0.912093
v 0.067550 -0.041175 0.912093
v 0.068997 -0.037680 0.912093
v 0.068997 -0.037680 0.912093
v 0.068997 -0.037680 0.912093
v 0.083827 -0.001878 0.912093
v 0.083827 -0.001878 0.912093
v 0.083827 -0.001878 0.912093
v -0.068997 0.037674 0.912093
v -0.068997 0.037674 0.912093
v -0.068997 0.037674 0.912093
v -0.001864 -0.083842 0.912093
v -0.001864 -0.083842 0.912093
v -0.001864 -0.083842 0.912093
v -0.037666 -0.069012 0.912093
v -0.037666 -0.069012 0.912093
v -0.037666 -0.069012 0.912093
v -0.037666 -0.069012 0.912093
v -0.037666 -0.069012 0.912093
v -0.041160 -0.067564 0.912093
v -0.041160 -0.067564 0.912093
v -0.041160 -0.067564 0.912093
v -0.067550 -0.041175 0.912093
v -0.067550 -0.041175 0.912093
v -0.067550 -0.041175 0.912093
v -0.068997 -0.037680 0.912093
v -0.068997 -0.037680 0.912093
v -0.068997 -0.037680 0.912093
v -0.083827 -0.001878 0.912093
v -0.083827 -0.001878 0.912093
v -0.083827 -0.001878 0.912093
v 0.005111 -0.005126 0.912093
v 0.005111 -0.005126 0.912093
v 0.005111 -0.005126 0.912093
v 0.001864 -0.007014 0.912093
v 0.001864 -0.007014 0.912093
v 0.001864 -0.007014 0.912093
v 0.001863 0.006995 0.912093
v 0.001863 0.006995 0.912093
v 0.001863 0.006995 0.912093
v 0.005111 0.005120 0.912093
v 0.005111 0.005120 0.912093
v 0.005111 0.005120 0.912093
v 0.006986 -0.001878 0.912093
v 0.006986 -0.001878 0.912093
v 0.006986 -0.001878 0.912093
v 0.006986 0.001872 0.912093
v 0.006986 0.001872 0.912093
v 0.006986 0.001872 0.912093
v 0.001863 0.006995 0.909593
v 0.001863 0.006995 0.909593
v 0.001863 0.006995 0.909593
v -0.005111 -0.005126 0.912093
v -0.005111 -0.005126 0.912093
v -0.005111 -0.005126 0.912093
v 0.005111 0.005120 0.909593
v 0.005111 0.005120 0.909593
v 0.005111 0.005120 0.909593
v 0.005111 -0.005126 0.909593
v 0.005111 -0.005126 0.909593
v 0.005111 -0.005126 0.909593
v 0.005111 -0.005126 0.909593
v -0.001864 -0.007014 0.912093
v -0.001864 -0.007014 0.912093
v -0.001864 -0.007014 0.912093
v -0.001863 0.006995 0.912093
v -0.001863 0.006995 0.912093
v -0.001863 0.006995 0.912093
v -0.005111 0.005120 0.912093
v -0.005111 0.005120 0.912093
v -0.005111 0.005120 0.912093
v 0.001864 -0.007014 0.909593
v 0.001864 -0.007014 0.909593
v 0.001864 -0.007014 0.909593
v 0.001864 -0.007014 0.909593
v -0.006986 -0.001878 0.912093
v -0.006986 -0.001878 0.912093
v -0.006986 -0.001878 0.912093
v -0.006986 0.001872 0.912093
v -0.006986 0.001872 0.912093
v -0.006986 0.001872 0.912093
v -0.001863 0.006995 0.909593
v -0.001863 0.006995 0.909593
v -0.001863 0.006995 0.909593
v -0.005111 0.005120 0.909593
v -0.005111 0.005120 0.909593
v -0.005111 0.005120 0.909593
v -0.005111 -0.005126 0.909593
v -0.005111 -0.005126 0.909593
v -0.005111 -0.005126 0.909593
v -0.001864 -0.007014 0.909593
v -0.001864 -0.007014 0.909593
v -0.001864 -0.007014 0.909593
v -0.001864 -0.007014 0.909593
v -0.095364 -0.058667 0.904342
v -0.095364 -0.058667 0.904342
v -0.095364 -0.058667 0.904342
v -0.095364 -0.058667 0.904342
v 0.095364 -0.058667 0.904342
v 0.095364 -0.058667 0.904342
v 0.095364 -0.058667 0.904342
v 0.095364 -0.058667 0.904342
v 0.097776 -0.052843 0.904342
v 0.097776 -0.052843 0.904342
v 0.097776 -0.052843 0.904342
v 0.118370 -0.003125 0.904342
v 0.118370 -0.003125 0.904342
v 0.118370 -0.003125 0.904342
v 0.095525 -0.051543 0.923898
v 0.095525 -0.051543 0.923898
v 0.095525 -0.051543 0.923898
v 0.095525 -0.051543 0.923898
v 0.003124 -0.153920 0.904340
v 0.003124 -0.153920 0.904340
v 0.003124 -0.153920 0.904340
v 0.003124 -0.153920 0.904340
v 0.003124 -0.153920 0.904340
v 0.003124 -0.153920 0.904340
v 0.118367 0.003125 0.904342
v 0.118367 0.003125 0.904342
v 0.118367 0.003125 0.904342
v 0.097774 0.052842 0.904342
v 0.097774 0.052842 0.904342
v 0.097774 0.052842 0.904342
v 0.095362 0.058666 0.904342
v 0.095362 0.058666 0.904342
v 0.095362 0.058666 0.904342
v 0.095362 0.058666 0.904342
v 0.095525 0.051543 0.923898
v 0.095525 0.051543 0.923898
v 0.095525 0.051543 0.923898
v 0.095525 0.051543 0.923898
v 0.093109 0.057365 0.923898
v 0.093109 0.057365 0.923898
v 0.093109 0.057365 0.923898
v 0.093109 0.057365 0.923898
v 0.093109 0.057365 0.923898
v 0.155204 -0.000003 0.904338
v 0.155204 -0.000003 0.904338
v 0.155204 -0.000003 0.904338
v 0.155204 -0.000003 0.904338
v 0.153908 0.003125 0.904342
v 0.153908 0.003125 0.904342
v 0.153908 0.003125 0.904342
v 0.153908 0.003125 0.904342
v 0.153908 0.003125 0.904342
v -0.097776 -0.052843 0.904342
v -0.097776 -0.052843 0.904342
v -0.097776 -0.052843 0.904342
v -0.118370 -0.003125 0.904342
v -0.118370 -0.003125 0.904342
v -0.118370 -0.003125 0.904342
v -0.095525 -0.051543 0.923898
v -0.095525 -0.051543 0.923898
v -0.095525 -0.051543 0.923898
v -0.095525 -0.051543 0.923898
v -0.003124 -0.153920 0.904340
v -0.003124 -0.153920 0.904340
v -0.003124 -0.153920 0.904340
v -0.003124 -0.153920 0.904340
v -0.003124 -0.153920 0.904340
v -0.003124 -0.153920 0.904340
v -0.118367 0.003125 0.904342
v -0.118367 0.003125 0.904342
v -0.118367 0.003125 0.904342
v -0.097774 0.052842 0.904342
v -0.097774 0.052842 0.904342
v -0.097774 0.052842 0.904342
v -0.095362 0.058666 0.904342
v -0.095362 0.058666 0.904342
v -0.095362 0.058666 0.904342
v -0.095362 0.058666 0.904342
v 0.003125 0.153913 0.904342
v 0.003125 0.153913 0.904342
v 0.003125 0.153913 0.904342
v 0.003125 0.153913 0.904342
v 0.003125 0.153913 0.904342
v 0.003125 0.153913 0.904342
v 0.058671 -0.095371 0.904342
v 0.058671 -0.095371 0.904342
v 0.058671 -0.095371 0.904342
v 0.052847 -0.097783 0.904342
v 0.052847 -0.097783 0.904342
v 0.052847 -0.097783 0.904342
v 0.052847 -0.097783 0.904342
v 0.003125 -0.118378 0.904342
v 0.003125 -0.118378 0.904342
v 0.003125 -0.118378 0.904342
v 0.003125 -0.118378 0.904342
v 0.003125 -0.115587 0.923898
v 0.003125 -0.115587 0.923898
v 0.003125 -0.115587 0.923898
v 0.003125 -0.115587 0.923898
v 0.003125 -0.115587 0.923898
v 0.057370 -0.093118 0.923898
v 0.057370 -0.093118 0.923898
v 0.057370 -0.093118 0.923898
v 0.057370 -0.093118 0.923898
v 0.052844 0.097778 0.904342
v 0.052844 0.097778 0.904342
v 0.052844 0.097778 0.904342
v 0.003125 0.118372 0.904342
v 0.003125 0.118372 0.904342
v 0.003125 0.118372 0.904342
v 0.058668 0.095366 0.904342
v 0.058668 0.095366 0.904342
v 0.058668 0.095366 0.904342
v 0.058668 0.095366 0.904342
v 0.075226 0.124048 0.904342
v 0.075226 0.124048 0.904342
v 0.075226 0.124048 0.904342
v 0.075226 0.124048 0.904342
v 0.069401 0.126460 0.904342
v 0.069401 0.126460 0.904342
v 0.069401 0.126460 0.904342
v 0.069401 0.126460 0.904342
v 0.069401 0.126460 0.904342
v 0.069401 0.126460 0.904342
v 0.069401 0.126460 0.904342
v -0.095525 0.051543 0.923898
v -0.095525 0.051543 0.923898
v -0.095525 0.051543 0.923898
v -0.095525 0.051543 0.923898
v -0.093109 0.057365 0.923898
v -0.093109 0.057365 0.923898
v -0.093109 0.057365 0.923898
v -0.093109 0.057365 0.923898
v -0.093109 0.057365 0.923898
v -0.155204 -0.000003 0.904338
v -0.155204 -0.000003 0.904338
v -0.155204 -0.000003 0.904338
v -0.155204 -0.000003 0.904338
v 0.069406 -0.126465 0.904342
v 0.069406 -0.126465 0.904342
v 0.069406 -0.126465 0.904342
v 0.069406 -0.126465 0.904342
v 0.069406 -0.126465 0.904342
v 0.069406 -0.126465 0.904342
v 0.069406 -0.126465 0.904342
v -0.153908 0.003125 0.904342
v -0.153908 0.003125 0.904342
v -0.153908 0.003125 0.904342
v -0.153908 0.003125 0.904342
v -0.153908 0.003125 0.904342
v -0.003125 0.153913 0.904342
v -0.003125 0.153913 0.904342
v -0.003125 0.153913 0.904342
v -0.003125 0.153913 0.904342
v -0.003125 0.153913 0.904342
v -0.003125 0.153913 0.904342
v -0.058671 -0.095371 0.904342
v -0.058671 -0.095371 0.904342
v -0.058671 -0.095371 0.904342
v -0.052847 -0.097783 0.904342
v -0.052847 -0.097783 0.904342
v -0.052847 -0.097783 0.904342
v -0.052847 -0.097783 0.904342
v -0.003125 -0.118378 0.904342
v -0.003125 -0.118378 0.904342
v -0.003125 -0.118378 0.904342
v -0.003125 -0.118378 0.904342
v -0.003125 -0.115587 0.923898
v -0.003125 -0.115587 0.923898
v -0.003125 -0.115587 0.923898
v -0.003125 -0.115587 0.923898
v -0.003125 -0.115587 0.923898
v -0.057370 -0.093118 0.923898
v -0.057370 -0.093118 0.923898
v -0.057370 -0.093118 0.923898
v -0.057370 -0.093118 0.923898
v -0.052844 0.097778 0.904342
v -0.052844 0.097778 0.904342
v -0.052844 0.097778 0.904342
v -0.003125 0.118372 0.904342
v -0.003125 0.118372 0.904342
v -0.003125 0.118372 0.904342
v -0.058668 0.095366 0.904342
v -0.058668 0.095366 0.904342
v -0.058668 0.095366 0.904342
v -0.058668 0.095366 0.904342
v -0.075226 0.124048 0.904342
v -0.075226 0.124048 0.904342
v -0.075226 0.124048 0.904342
v -0.075226 0.124048 0.904342
v -0.069401 0.126460 0.904342
v -0.069401 0.126460 0.904342
v -0.069401 0.126460 0.904342
v -0.069401 0.126460 0.904342
v -0.069401 0.126460 0.904342
v -0.069401 0.126460 0.904342
v -0.069401 0.126460 0.904342
v -0.069406 -0.126465 0.904342
v -0.069406 -0.126465 0.904342
v -0.069406 -0.126465 0.904342
v -0.069406 -0.126465 0.904342
v -0.069406 -0.126465 0.904342
v -0.069406 -0.126465 0.904342
v -0.069406 -0.126465 0.904342
v -0.153911 -0.003125 0.904342
v -0.153911 -0.003125 0.904342
v -0.153911 -0.003125 0.904342
v -0.153911 -0.003125 0.904342
v -0.153911 -0.003125 0.904342
v -0.124043 0.075225 0.904342
v -0.124043 0.075225 0.904342
v -0.124043 0.075225 0.904342
v -0.124043 0.075225 0.904342
v -0.126456 0.069401 0.904342
v -0.126456 0.069401 0.904342
v -0.126456 0.069401 0.904342
v -0.126456 0.069401 0.904342
v -0.126456 0.069401 0.904342
v -0.057366 0.093112 0.923898
v -0.057366 0.093112 0.923898
v -0.057366 0.093112 0.923898
v -0.057366 0.093112 0.923898
v -0.057366 0.093112 0.923898
v 0.000000 0.116880 0.923898
v 0.000000 0.116880 0.923898
v 0.000000 0.116880 0.923898
v 0.000000 0.116880 0.923898
v 0.000000 0.116880 0.923898
v 0.153911 -0.003125 0.904342
v 0.153911 -0.003125 0.904342
v 0.153911 -0.003125 0.904342
v 0.153911 -0.003125 0.904342
v 0.153911 -0.003125 0.904342
v 0.124043 0.075225 0.904342
v 0.124043 0.075225 0.904342
v 0.124043 0.075225 0.904342
v 0.124043 0.075225 0.904342
v 0.126456 0.069401 0.904342
v 0.126456 0.069401 0.904342
v 0.126456 0.069401 0.904342
v 0.126456 0.069401 0.904342
v 0.126456 0.069401 0.904342
v 0.057366 0.093112 0.923898
v 0.057366 0.093112 0.923898
v 0.057366 0.093112 0.923898
v 0.057366 0.093112 0.923898
v 0.057366 0.093112 0.923898
v 0.000000 0.101039 0.863741
v 0.000000 0.101039 0.863741
v 0.000000 0.101039 0.863741
v 0.101032 -0.000003 0.863741
v 0.101032 -0.000003 0.863741
v 0.101032 -0.000003 0.863741
v 0.000000 -0.101045 0.863741
v 0.000000 -0.101045 0.863741
v 0.000000 -0.101045 0.863741
v -0.101032 -0.000003 0.863741
v -0.101032 -0.000003 0.863741
v -0.101032 -0.000003 0.863741
v 0.071438 0.071445 0.863741
v 0.071438 0.071445 0.863741
v 0.071438 0.071445 0.863741
v -0.071438 -0.071451 0.863741
v -0.071438 -0.071451 0.863741
v -0.071438 -0.071451 0.863741
v -0.071438 0.071445 0.863741
v -0.071438 0.071445 0.863741
v -0.071438 0.071445 0.863741
v 0.071438 -0.071451 0.863741
v 0.071438 -0.071451 0.863741
v 0.071438 -0.071451 0.863741
v 0.024489 -0.129440 0.872091
v 0.024489 -0.129440 0.872091
v 0.024489 -0.129440 0.872091
v 0.030353 -0.129440 0.872091
v 0.030353 -0.129440 0.872091
v 0.030353 -0.129440 0.872091
v 0.024489 -0.138023 0.877046
v 0.024489 -0.138023 0.877046
v 0.024489 -0.138023 0.877046
v 0.030353 -0.138023 0.877046
v 0.030353 -0.138023 0.877046
v 0.030353 -0.138023 0.877046
v 0.024489 -0.138023 0.886958
v 0.024489 -0.138023 0.886958
v 0.024489 -0.138023 0.886958
v 0.030353 -0.138023 0.886958
v 0.030353 -0.138023 0.886958
v 0.030353 -0.138023 0.886958
v 0.024489 -0.129440 0.891914
v 0.024489 -0.129440 0.891914
v 0.024489 -0.129440 0.891914
v 0.030353 -0.129440 0.891914
v 0.030353 -0.129440 0.891914
v 0.030353 -0.129440 0.891914
v 0.024489 -0.120856 0.886958
v 0.024489 -0.120856 0.886958
v 0.024489 -0.120856 0.886958
v 0.030353 -0.120856 0.886958
v 0.030353 -0.120856 0.886958
v 0.030353 -0.120856 0.886958
v 0.024489 -0.120856 0.877046
v 0.024489 -0.120856 0.877046
v 0.024489 -0.120856 0.877046
v 0.030353 -0.120856 0.877046
v 0.030353 -0.120856 0.877046
v 0.030353 -0.120856 0.877046
v -0.029615 -0.120075 0.882002
v -0.029615 -0.120075 0.882002
v -0.029615 -0.120075 0.882002
v -0.023751 -0.120075 0.882002
v -0.023751 -0.120075 0.882002
v -0.023751 -0.120075 0.882002
v -0.029615 -0.124757 0.873892
v -0.029615 -0.124757 0.873892
v -0.029615 -0.124757 0.873892
v -0.023751 -0.124757 0.873892
v -0.023751 -0.124757 0.873892
v -0.023751 -0.124757 0.873892
v -0.029615 -0.134122 0.873892
v -0.029615 -0.134122 0.873892
v -0.029615 -0.134122 0.873892
v -0.023751 -0.134122 0.873892
v -0.023751 -0.134122 0.873892
v -0.023751 -0.134122 0.873892
v -0.029615 -0.138805 0.882002
v -0.029615 -0.138805 0.882002
v -0.029615 -0.138805 0.882002
v -0.023751 -0.138805 0.882002
v -0.023751 -0.138805 0.882002
v -0.023751 -0.138805 0.882002
v -0.029615 -0.134122 0.890113
v -0.029615 -0.134122 0.890113
v -0.029615 -0.134122 0.890113
v -0.023751 -0.134122 0.890113
v -0.023751 -0.134122 0.890113
v -0.023751 -0.134122 0.890113
v -0.029615 -0.124757 0.890113
v -0.029615 -0.124757 0.890113
v -0.029615 -0.124757 0.890113
v -0.023751 -0.124757 0.890113
v -0.023751 -0.124757 0.890113
v -0.023751 -0.124757 0.890113
v 0.046295 -0.125087 0.882002
v 0.046295 -0.125087 0.882002
v 0.046295 -0.125087 0.882002
v 0.046295 -0.127263 0.878233
v 0.046295 -0.127263 0.878233
v 0.046295 -0.127263 0.878233
v 0.046295 -0.131616 0.878233
v 0.046295 -0.131616 0.878233
v 0.046295 -0.131616 0.878233
v 0.046295 -0.133792 0.882002
v 0.046295 -0.133792 0.882002
v 0.046295 -0.133792 0.882002
v 0.046295 -0.131616 0.885772
v 0.046295 -0.131616 0.885772
v 0.046295 -0.131616 0.885772
v 0.046295 -0.127263 0.885772
v 0.046295 -0.127263 0.885772
v 0.046295 -0.127263 0.885772
v -0.025521 -0.127263 0.878233
v -0.025521 -0.127263 0.878233
v -0.025521 -0.125087 0.882002
v -0.025521 -0.125087 0.882002
v -0.025521 -0.131616 0.878233
v -0.025521 -0.131616 0.878233
v -0.025521 -0.133792 0.882002
v -0.025521 -0.133792 0.882002
v -0.025521 -0.131616 0.885772
v -0.025521 -0.131616 0.885772
v -0.025521 -0.127263 0.885772
v -0.025521 -0.127263 0.885772
v -0.027890 -0.121560 0.879429
v -0.027890 -0.121560 0.879429
v -0.027890 -0.121560 0.879429
v -0.029615 -0.121560 0.879429
v -0.029615 -0.121560 0.879429
v -0.029615 -0.121560 0.879429
v -0.027890 -0.123271 0.876465
v -0.027890 -0.123271 0.876465
v -0.027890 -0.123271 0.876465
v -0.029615 -0.123271 0.876465
v -0.029615 -0.123271 0.876465
v -0.029615 -0.123271 0.876465
v -0.029615 -0.135608 0.887540
v -0.029615 -0.135608 0.887540
v -0.029615 -0.135608 0.887540
v -0.027890 -0.135608 0.887540
v -0.027890 -0.135608 0.887540
v -0.027890 -0.135608 0.887540
v -0.027890 -0.137319 0.884575
v -0.027890 -0.137319 0.884575
v -0.027890 -0.137319 0.884575
v -0.029615 -0.137319 0.884575
v -0.029615 -0.137319 0.884575
v -0.029615 -0.137319 0.884575
v 0.024527 -0.105693 0.870963
v 0.024527 -0.105693 0.870963
v 0.024527 -0.105693 0.870963
v 0.081907 -0.081922 0.892940
v 0.081907 -0.081922 0.892940
v 0.081907 -0.081922 0.892940
v 0.024527 -0.105693 0.892940
v 0.024527 -0.105693 0.892940
v 0.024527 -0.105693 0.892940
v 0.022026 -0.135744 0.892940
v 0.022026 -0.135744 0.892940
v 0.022026 -0.135744 0.892940
v 0.022026 -0.106729 0.892940
v 0.022026 -0.106729 0.892940
v 0.022026 -0.106729 0.892940
v 0.022026 -0.135744 0.870963
v 0.022026 -0.135744 0.870963
v 0.022026 -0.135744 0.870963
v 0.022026 -0.106729 0.870963
v 0.022026 -0.106729 0.870963
v 0.022026 -0.106729 0.870963
v 0.024527 -0.135744 0.892940
v 0.024527 -0.135744 0.892940
v 0.024527 -0.135744 0.892940
v -0.023505 -0.103549 0.870963
v -0.023505 -0.103549 0.870963
v -0.023505 -0.103549 0.870963
v 0.024527 -0.135744 0.870963
v 0.024527 -0.135744 0.870963
v 0.024527 -0.135744 0.870963
v -0.024528 -0.135744 0.892940
v -0.024528 -0.135744 0.892940
v -0.024528 -0.135744 0.892940
v -0.024528 -0.135744 0.870963
v -0.024528 -0.135744 0.870963
v -0.024528 -0.135744 0.870963
v -0.024528 -0.105692 0.870963
v -0.024528 -0.105692 0.870963
v -0.024528 -0.105692 0.870963
v -0.022027 -0.135744 0.892940
v -0.022027 -0.135744 0.892940
v -0.022027 -0.135744 0.892940
v -0.022027 -0.106728 0.892940
v -0.022027 -0.106728 0.892940
v -0.022027 -0.106728 0.892940
v -0.022027 -0.135744 0.870963
v -0.022027 -0.135744 0.870963
v -0.022027 -0.135744 0.870963
v -0.022027 -0.106728 0.870963
v -0.022027 -0.106728 0.870963
v -0.022027 -0.106728 0.870963
v 0.022026 -0.142049 0.882002
v 0.022026 -0.142049 0.882002
v 0.022026 -0.142049 0.882002
v 0.024527 -0.142049 0.882002
v 0.024527 -0.142049 0.882002
v 0.024527 -0.142049 0.882002
v -0.024528 -0.142049 0.882002
v -0.024528 -0.142049 0.882002
v -0.024528 -0.142049 0.882002
v -0.022027 -0.142049 0.882002
v -0.022027 -0.142049 0.882002
v -0.022027 -0.142049 0.882002
v 0.023504 -0.103549 0.892940
v 0.023504 -0.103549 0.892940
v 0.023504 -0.103549 0.892940
v -0.081907 -0.081922 0.870963
v -0.081907 -0.081922 0.870963
v -0.081907 -0.081922 0.870963
v -0.024528 -0.105692 0.892940
v -0.024528 -0.105692 0.892940
v -0.024528 -0.105692 0.892940
v 0.023504 -0.103549 0.870964
v 0.023504 -0.103549 0.870964
v 0.023504 -0.103549 0.870964
v -0.000000 -0.113283 0.870964
v -0.000000 -0.113283 0.870964
v -0.000000 -0.113283 0.870964
v -0.000000 -0.113283 0.892940
v -0.000000 -0.113283 0.892940
v -0.000000 -0.113283 0.892940
v -0.023505 -0.103549 0.892940
v -0.023505 -0.103549 0.892940
v -0.023505 -0.103549 0.892940
v -0.003363 0.114454 0.886205
v -0.003363 0.114454 0.886205
v -0.003363 0.114454 0.886205
v -0.003363 0.114454 0.882322
v -0.003363 0.114454 0.882322
v -0.003363 0.114454 0.882322
v 0.000000 0.115847 0.888146
v 0.000000 0.115847 0.888146
v 0.000000 0.115847 0.888146
v 0.000000 0.115847 0.888146
v 0.000000 0.115847 0.880380
v 0.000000 0.115847 0.880380
v 0.000000 0.115847 0.880380
v 0.000000 0.115847 0.880380
v 0.003363 0.114454 0.882322
v 0.003363 0.114454 0.882322
v 0.003363 0.114454 0.882322
v 0.003363 0.114454 0.886205
v 0.003363 0.114454 0.886205
v 0.003363 0.114454 0.886205
v 0.016258 0.135936 0.085923
v 0.016258 0.135936 0.085923
v 0.016258 0.135936 0.085923
v 0.000000 0.145322 0.085923
v 0.000000 0.145322 0.085923
v 0.000000 0.145322 0.085923
v 0.016258 0.117162 0.085923
v 0.016258 0.117162 0.085923
v 0.016258 0.117162 0.085923
v 0.000000 0.107775 0.085923
v 0.000000 0.107775 0.085923
v 0.000000 0.107775 0.085923
v -0.016258 0.117162 0.085923
v -0.016258 0.117162 0.085923
v -0.016258 0.117162 0.085923
v -0.016258 0.135936 0.085923
v -0.016258 0.135936 0.085923
v -0.016258 0.135936 0.085923
v 0.016258 0.117162 0.114135
v 0.016258 0.117162 0.114135
v 0.016258 0.117162 0.114135
v 0.000000 0.107775 0.114135
v 0.000000 0.107775 0.114135
v 0.000000 0.107775 0.114135
v -0.016258 0.117162 0.114135
v -0.016258 0.117162 0.114135
v -0.016258 0.117162 0.114135
v 0.016258 0.135936 0.075829
v 0.016258 0.135936 0.075829
v 0.016258 0.135936 0.075829
v 0.000000 0.145322 0.075829
v 0.000000 0.145322 0.075829
v 0.000000 0.145322 0.075829
v 0.016258 0.117162 0.075829
v 0.016258 0.117162 0.075829
v 0.016258 0.117162 0.075829
v 0.000000 0.107775 0.075829
v 0.000000 0.107775 0.075829
v 0.000000 0.107775 0.075829
v -0.016258 0.117162 0.075829
v -0.016258 0.117162 0.075829
v -0.016258 0.117162 0.075829
v -0.016258 0.135936 0.075829
v -0.016258 0.135936 0.075829
v -0.016258 0.135936 0.075829
v 0.016258 0.135936 0.068347
v 0.016258 0.135936 0.068347
v 0.016258 0.135936 0.068347
v 0.000000 0.145322 0.068347
v 0.000000 0.145322 0.068347
v 0.000000 0.145322 0.068347
v 0.016258 0.117162 0.068347
v 0.016258 0.117162 0.068347
v 0.016258 0.117162 0.068347
v 0.000000 0.107775 0.068347
v 0.000000 0.107775 0.068347
v 0.000000 0.107775 0.068347
v -0.016258 0.117162 0.068347
v -0.016258 0.117162 0.068347
v -0.016258 0.117162 0.068347
v -0.016258 0.135936 0.068347
v -0.016258 0.135936 0.068347
v -0.016258 0.135936 0.068347
v 0.016258 0.135936 0.046388
v 0.016258 0.135936 0.046388
v 0.016258 0.135936 0.046388
v 0.000000 0.145322 0.046388
v 0.000000 0.145322 0.046388
v 0.000000 0.145322 0.046388
v 0.016258 0.117162 0.046388
v 0.016258 0.117162 0.046388
v 0.016258 0.117162 0.046388
v 0.000000 0.107775 0.046388
v 0.000000 0.107775 0.046388
v 0.000000 0.107775 0.046388
v -0.016258 0.117162 0.046388
v -0.016258 0.117162 0.046388
v -0.016258 0.117162 0.046388
v -0.016258 0.135936 0.046388
v -0.016258 0.135936 0.046388
v -0.016258 0.135936 0.046388
v 0.016258 0.135936 0.040370
v 0.016258 0.135936 0.040370
v 0.016258 0.135936 0.040370
v 0.000000 0.145322 0.040370
v 0.000000 0.145322 0.040370
v 0.000000 0.145322 0.040370
v 0.016258 0.117162 0.040370
v 0.016258 0.117162 0.040370
v 0.016258 0.117162 0.040370
v 0.000000 0.107775 0.040370
v 0.000000 0.107775 0.040370
v 0.000000 0.107775 0.040370
v -0.016258 0.117162 0.040370
v -0.016258 0.117162 0.040370
v -0.016258 0.117162 0.040370
v -0.016258 0.135936 0.040370
v -0.016258 0.135936 0.040370
v -0.016258 0.135936 0.040370
v 0.010508 0.132616 0.085923
v 0.010508 0.132616 0.085923
v 0.010508 0.132616 0.085923
v 0.000000 0.138682 0.085923
v 0.000000 0.138682 0.085923
v 0.000000 0.138682 0.085923
v 0.010508 0.120482 0.085923
v 0.010508 0.120482 0.085923
v 0.010508 0.120482 0.085923
v 0.000000 0.114415 0.085923
v 0.000000 0.114415 0.085923
v 0.000000 0.114415 0.085923
v -0.010508 0.120482 0.085923
v -0.010508 0.120482 0.085923
v -0.010508 0.120482 0.085923
v -0.010508 0.132616 0.085923
v -0.010508 0.132616 0.085923
v -0.010508 0.132616 0.085923
v 0.010508 0.132616 0.075829
v 0.010508 0.132616 0.075829
v 0.010508 0.132616 0.075829
v 0.000000 0.138682 0.075829
v 0.000000 0.138682 0.075829
v 0.000000 0.138682 0.075829
v 0.010508 0.120482 0.075829
v 0.010508 0.120482 0.075829
v 0.010508 0.120482 0.075829
v 0.000000 0.114415 0.075829
v 0.000000 0.114415 0.075829
v 0.000000 0.114415 0.075829
v -0.010508 0.120482 0.075829
v -0.010508 0.120482 0.075829
v -0.010508 0.120482 0.075829
v -0.010508 0.132616 0.075829
v -0.010508 0.132616 0.075829
v -0.010508 0.132616 0.075829
v 0.010508 0.132616 0.068347
v 0.010508 0.132616 0.068347
v 0.010508 0.132616 0.068347
v 0.000000 0.138682 0.068347
v 0.000000 0.138682 0.068347
v 0.000000 0.138682 0.068347
v 0.010508 0.120482 0.068347
v 0.010508 0.120482 0.068347
v 0.010508 0.120482 0.068347
v 0.000000 0.114415 0.068347
v 0.000000 0.114415 0.068347
v 0.000000 0.114415 0.068347
v -0.010508 0.120482 0.068347
v -0.010508 0.120482 0.068347
v -0.010508 0.120482 0.068347
v -0.010508 0.132616 0.068347
v -0.010508 0.132616 0.068347
v -0.010508 0.132616 0.068347
v 0.010508 0.132616 0.046388
v 0.010508 0.132616 0.046388
v 0.010508 0.132616 0.046388
v 0.000000 0.138682 0.046388
v 0.000000 0.138682 0.046388
v 0.000000 0.138682 0.046388
v 0.010508 0.120482 0.046388
v 0.010508 0.120482 0.046388
v 0.010508 0.120482 0.046388
v 0.000000 0.114415 0.046388
v 0.000000 0.114415 0.046388
v 0.000000 0.114415 0.046388
v -0.010508 0.120482 0.046388
v -0.010508 0.120482 0.046388
v -0.010508 0.120482 0.046388
v -0.010508 0.132616 0.046388
v -0.010508 0.132616 0.046388
v -0.010508 0.132616 0.046388
v -0.016258 0.135936 0.092737
v -0.016258 0.135936 0.092737
v -0.016258 0.135936 0.092737
v 0.000000 0.145322 0.092737
v 0.000000 0.145322 0.092737
v 0.000000 0.145322 0.092737
v 0.016258 0.135936 0.092737
v 0.016258 0.135936 0.092737
v 0.016258 0.135936 0.092737
v 0.016258 0.128789 0.085923
v 0.016258 0.128789 0.085923
v 0.016258 0.128789 0.114135
v 0.016258 0.128789 0.114135
v 0.016258 0.128789 0.114135
v 0.016258 0.128789 0.092737
v 0.016258 0.128789 0.092737
v 0.016258 0.128789 0.092737
v -0.016258 0.128789 0.114135
v -0.016258 0.128789 0.114135
v -0.016258 0.128789 0.114135
v -0.016258 0.128789 0.092737
v -0.016258 0.128789 0.092737
v -0.016258 0.128789 0.092737
v 0.008133 0.131244 0.040594
v 0.008133 0.131244 0.040594
v 0.000000 0.135940 0.040594
v 0.000000 0.135940 0.040594
v 0.008133 0.121853 0.040594
v 0.008133 0.121853 0.040594
v 0.000000 0.117158 0.040594
v 0.000000 0.117158 0.040594
v -0.008133 0.121853 0.040594
v -0.008133 0.121853 0.040594
v -0.008133 0.131244 0.040594
v -0.008133 0.131244 0.040594
v 0.008133 0.131244 -0.151938
v 0.008133 0.131244 -0.151938
v 0.000000 0.135940 -0.151938
v 0.000000 0.135940 -0.151938
v 0.008133 0.121853 -0.151938
v 0.008133 0.121853 -0.151938
v 0.000000 0.117158 -0.151938
v 0.000000 0.117158 -0.151938
v -0.008133 0.121853 -0.151938
v -0.008133 0.121853 -0.151938
v -0.008133 0.131244 -0.151938
v -0.008133 0.131244 -0.151938
v -0.110137 0.022400 0.854725
v -0.110137 0.022400 0.854725
v -0.110137 0.022400 0.854725
v -0.110137 0.022400 0.854725
v -0.110137 0.022400 0.854725
v -0.110137 0.022400 0.854725
v -0.110137 0.022400 0.854725
v -0.086310 0.070191 0.854259
v -0.086310 0.070191 0.854259
v -0.086310 0.070191 0.854259
v -0.086310 0.070191 0.854259
v -0.086310 0.070191 0.854259
v -0.086310 0.070191 0.854259
v -0.124265 0.017667 -0.380589
v -0.124265 0.017667 -0.380589
v -0.124265 0.017667 -0.380589
v -0.124265 0.017667 -0.380589
v -0.124265 0.017667 -0.380589
v -0.124265 0.017667 -0.380589
v -0.105019 0.067480 -0.381055
v -0.105019 0.067480 -0.381055
v -0.105019 0.067480 -0.381055
v -0.105019 0.067480 -0.381055
v -0.105019 0.067480 -0.381055
v -0.105019 0.067480 -0.381055
v -0.105663 0.020169 0.853863
v -0.105663 0.020169 0.853863
v -0.105663 0.020169 0.853863
v -0.105663 0.020169 0.853863
v -0.105663 0.020169 0.853863
v -0.081835 0.067960 0.853397
v -0.081835 0.067960 0.853397
v -0.081835 0.067960 0.853397
v -0.081835 0.067960 0.853397
v -0.081835 0.067960 0.853397
v -0.119601 0.015865 -0.382713
v -0.119601 0.015865 -0.382713
v -0.119601 0.015865 -0.382713
v -0.119601 0.015865 -0.382713
v -0.119601 0.015865 -0.382713
v -0.100355 0.065678 -0.383179
v -0.100355 0.065678 -0.383179
v -0.100355 0.065678 -0.383179
v -0.100355 0.065678 -0.383179
v -0.100355 0.065678 -0.383179
v -0.126545 0.030579 0.853739
v -0.126545 0.030579 0.853739
v -0.126545 0.030579 0.853739
v -0.126545 0.030579 0.853739
v -0.126545 0.030579 0.853739
v -0.102717 0.078370 0.853273
v -0.102717 0.078370 0.853273
v -0.102717 0.078370 0.853273
v -0.102717 0.078370 0.853273
v -0.102717 0.078370 0.853273
v -0.098242 0.076140 0.854135
v -0.098242 0.076140 0.854135
v -0.098242 0.076140 0.854135
v -0.098242 0.076140 0.854135
v -0.098242 0.076140 0.854135
v -0.098242 0.076140 0.854135
v -0.122070 0.028348 0.854601
v -0.122070 0.028348 0.854601
v -0.122070 0.028348 0.854601
v -0.122070 0.028348 0.854601
v -0.122070 0.028348 0.854601
v -0.122070 0.028348 0.854601
v -0.122070 0.028348 0.854601
v -0.109964 0.069392 -0.378193
v -0.109964 0.069392 -0.378193
v -0.109964 0.069392 -0.378193
v -0.109964 0.069392 -0.378193
v -0.109964 0.069392 -0.378193
v -0.109964 0.069392 -0.378193
v -0.105300 0.067590 -0.380839
v -0.105300 0.067590 -0.380839
v -0.105300 0.067590 -0.380839
v -0.105300 0.067590 -0.380839
v -0.105300 0.067590 -0.380839
v -0.127016 0.018428 -0.415882
v -0.127016 0.018428 -0.415882
v -0.127016 0.018428 -0.415882
v -0.127016 0.018428 -0.415882
v -0.127016 0.018428 -0.415882
v -0.127016 0.018428 -0.415882
v -0.127016 0.018428 -0.415882
v -0.120848 0.012958 -0.840499
v -0.120848 0.012958 -0.840499
v -0.120848 0.012958 -0.840499
v -0.120848 0.012958 -0.840499
v -0.120848 0.012958 -0.840499
v -0.120848 0.012958 -0.840499
v -0.104677 0.063853 -0.842616
v -0.104677 0.063853 -0.842616
v -0.104677 0.063853 -0.842616
v -0.104677 0.063853 -0.842616
v -0.099911 0.062338 -0.842616
v -0.099911 0.062338 -0.842616
v -0.099911 0.062338 -0.842616
v -0.099911 0.062338 -0.842616
v -0.099911 0.062338 -0.842616
v -0.099911 0.062338 -0.842616
v -0.099911 0.062338 -0.842616
v -0.116083 0.011444 -0.839429
v -0.116083 0.011444 -0.839429
v -0.116083 0.011444 -0.839429
v -0.116083 0.011444 -0.839429
v -0.116083 0.011444 -0.839429
v -0.116083 0.011444 -0.839429
v -0.116083 0.011444 -0.839429
v -0.117157 0.071851 -0.388510
v -0.117157 0.071851 -0.388510
v -0.117157 0.071851 -0.388510
v -0.117157 0.071851 -0.388510
v -0.117157 0.071851 -0.388510
v -0.117157 0.071851 -0.388510
v -0.129209 0.019579 -0.378464
v -0.129209 0.019579 -0.378464
v -0.129209 0.019579 -0.378464
v -0.129209 0.019579 -0.378464
v -0.129209 0.019579 -0.378464
v -0.129209 0.019579 -0.378464
v -0.129209 0.019579 -0.378464
v -0.120977 0.073346 -0.385652
v -0.120977 0.073346 -0.385652
v -0.120977 0.073346 -0.385652
v -0.120977 0.073346 -0.385652
v -0.120977 0.073346 -0.385652
v -0.120977 0.073346 -0.385652
v -0.117540 0.071869 -0.401373
v -0.117540 0.071869 -0.401373
v -0.117540 0.071869 -0.401373
v -0.117540 0.071869 -0.401373
v -0.117540 0.071869 -0.401373
v -0.117540 0.071869 -0.401373
v -0.117540 0.071869 -0.401373
v -0.117540 0.071869 -0.401373
v -0.124545 0.017777 -0.380373
v -0.124545 0.017777 -0.380373
v -0.124545 0.017777 -0.380373
v -0.124545 0.017777 -0.380373
v -0.124545 0.017777 -0.380373
v -0.124545 0.017777 -0.380373
v -0.121350 0.073360 -0.404318
v -0.121350 0.073360 -0.404318
v -0.121350 0.073360 -0.404318
v -0.121350 0.073360 -0.404318
v -0.121350 0.073360 -0.404318
v -0.121350 0.073360 -0.404318
v -0.103188 0.066219 -0.413840
v -0.103188 0.066219 -0.413840
v -0.103188 0.066219 -0.413840
v -0.103188 0.066219 -0.413840
v -0.103188 0.066219 -0.413840
v -0.103188 0.066219 -0.413840
v -0.136932 0.022442 -0.388781
v -0.136932 0.022442 -0.388781
v -0.136932 0.022442 -0.388781
v -0.136932 0.022442 -0.388781
v -0.136932 0.022442 -0.388781
v -0.136932 0.022442 -0.388781
v -0.136932 0.022442 -0.388781
v -0.107663 0.068450 -0.417418
v -0.107663 0.068450 -0.417418
v -0.107663 0.068450 -0.417418
v -0.107663 0.068450 -0.417418
v -0.107663 0.068450 -0.417418
v -0.107663 0.068450 -0.417418
v -0.107663 0.068450 -0.417418
v -0.107663 0.068450 -0.417418
v -0.107663 0.068450 -0.417418
v -0.140752 0.023937 -0.386377
v -0.140752 0.023937 -0.386377
v -0.140752 0.023937 -0.386377
v -0.140752 0.023937 -0.386377
v -0.140752 0.023937 -0.386377
v -0.137315 0.022459 -0.402883
v -0.137315 0.022459 -0.402883
v -0.137315 0.022459 -0.402883
v -0.137315 0.022459 -0.402883
v -0.137315 0.022459 -0.402883
v -0.141125 0.023951 -0.405726
v -0.141125 0.023951 -0.405726
v -0.141125 0.023951 -0.405726
v -0.141125 0.023951 -0.405726
v -0.141125 0.023951 -0.405726
v -0.131491 0.020659 -0.416676
v -0.131491 0.020659 -0.416676
v -0.131491 0.020659 -0.416676
v -0.131491 0.020659 -0.416676
v -0.131491 0.020659 -0.416676
v -0.131491 0.020659 -0.416676
v -0.131491 0.020659 -0.416676
v -0.131491 0.020659 -0.416676
v -0.117018 0.071874 -0.389269
v -0.117018 0.071874 -0.389269
v -0.117018 0.071874 -0.389269
v -0.117018 0.071874 -0.389269
v -0.117018 0.071874 -0.389269
v -0.136263 0.022061 -0.388803
v -0.136263 0.022061 -0.388803
v -0.136263 0.022061 -0.388803
v -0.136263 0.022061 -0.388803
v -0.136263 0.022061 -0.388803
v -0.133253 0.020861 -0.392028
v -0.133253 0.020861 -0.392028
v -0.133253 0.020861 -0.392028
v -0.133253 0.020861 -0.392028
v -0.133253 0.020861 -0.392028
v -0.133253 0.020861 -0.392028
v -0.133253 0.020861 -0.392028
v -0.114008 0.070674 -0.392494
v -0.114008 0.070674 -0.392494
v -0.114008 0.070674 -0.392494
v -0.114008 0.070674 -0.392494
v -0.114008 0.070674 -0.392494
v -0.117308 0.071980 -0.402154
v -0.117308 0.071980 -0.402154
v -0.117308 0.071980 -0.402154
v -0.117308 0.071980 -0.402154
v -0.117308 0.071980 -0.402154
v -0.117308 0.071980 -0.402154
v -0.117308 0.071980 -0.402154
v -0.136030 0.021976 -0.403190
v -0.136030 0.021976 -0.403190
v -0.136030 0.021976 -0.403190
v -0.136030 0.021976 -0.403190
v -0.136030 0.021976 -0.403190
v -0.136030 0.021976 -0.403190
v -0.132963 0.020755 -0.400028
v -0.132963 0.020755 -0.400028
v -0.132963 0.020755 -0.400028
v -0.132963 0.020755 -0.400028
v -0.114241 0.070759 -0.398991
v -0.114241 0.070759 -0.398991
v -0.114241 0.070759 -0.398991
v -0.114241 0.070759 -0.398991
v -0.114241 0.070759 -0.398991
v -0.114241 0.070759 -0.398991
v -0.114241 0.070759 -0.398991
v -0.104085 0.067296 -0.409998
v -0.104085 0.067296 -0.409998
v -0.104085 0.067296 -0.409998
v -0.104085 0.067296 -0.409998
v -0.121834 0.016938 -0.411006
v -0.121834 0.016938 -0.411006
v -0.121834 0.016938 -0.411006
v -0.121834 0.016938 -0.411006
v -0.121834 0.016938 -0.411006
v -0.121834 0.016938 -0.411006
v -0.123684 0.017507 -0.406255
v -0.123684 0.017507 -0.406255
v -0.123684 0.017507 -0.406255
v -0.123684 0.017507 -0.406255
v -0.123684 0.017507 -0.406255
v -0.123684 0.017507 -0.406255
v -0.123684 0.017507 -0.406255
v -0.123684 0.017507 -0.406255
v -0.105936 0.067865 -0.405247
v -0.105936 0.067865 -0.405247
v -0.105936 0.067865 -0.405247
v -0.105936 0.067865 -0.405247
v -0.105936 0.067865 -0.405247
v -0.105936 0.067865 -0.405247
v -0.096257 0.063695 -0.395605
v -0.096257 0.063695 -0.395605
v -0.096257 0.063695 -0.395605
v -0.096257 0.063695 -0.395605
v -0.096257 0.063695 -0.395605
v -0.096257 0.063695 -0.395605
v -0.096257 0.063695 -0.395605
v -0.113194 0.013827 -0.395722
v -0.113194 0.013827 -0.395722
v -0.113194 0.013827 -0.395722
v -0.113194 0.013827 -0.395722
v -0.113194 0.013827 -0.395722
v -0.117062 0.015132 -0.393665
v -0.117062 0.015132 -0.393665
v -0.117062 0.015132 -0.393665
v -0.117062 0.015132 -0.393665
v -0.117062 0.015132 -0.393665
v -0.100126 0.065000 -0.393548
v -0.100126 0.065000 -0.393548
v -0.100126 0.065000 -0.393548
v -0.100126 0.065000 -0.393548
v -0.100126 0.065000 -0.393548
v -0.100126 0.065000 -0.393548
v -0.100126 0.065000 -0.393548
v -0.093669 0.065224 -0.255288
v -0.093669 0.065224 -0.255288
v -0.093669 0.065224 -0.255288
v -0.093669 0.065224 -0.255288
v -0.093669 0.065224 -0.255288
v -0.093669 0.065224 -0.255288
v -0.110892 0.014675 -0.255682
v -0.110892 0.014675 -0.255682
v -0.110892 0.014675 -0.255682
v -0.110892 0.014675 -0.255682
v -0.110892 0.014675 -0.255682
v -0.110892 0.014675 -0.255682
v -0.110892 0.014675 -0.255682
v -0.115205 0.016135 -0.255271
v -0.115205 0.016135 -0.255271
v -0.115205 0.016135 -0.255271
v -0.115205 0.016135 -0.255271
v -0.115205 0.016135 -0.255271
v -0.097981 0.066683 -0.254876
v -0.097981 0.066683 -0.254876
v -0.097981 0.066683 -0.254876
v -0.097981 0.066683 -0.254876
v -0.086059 0.062200 -0.215415
v -0.086059 0.062200 -0.215415
v -0.086059 0.062200 -0.215415
v -0.086059 0.062200 -0.215415
v -0.103283 0.011651 -0.215810
v -0.103283 0.011651 -0.215810
v -0.103283 0.011651 -0.215810
v -0.103283 0.011651 -0.215810
v -0.103283 0.011651 -0.215810
v -0.090705 0.063848 -0.209107
v -0.090705 0.063848 -0.209107
v -0.090705 0.063848 -0.209107
v -0.090705 0.063848 -0.209107
v -0.090705 0.063848 -0.209107
v -0.090705 0.063848 -0.209107
v -0.109225 0.013760 -0.208698
v -0.109225 0.013760 -0.208698
v -0.109225 0.013760 -0.208698
v -0.109225 0.013760 -0.208698
v -0.109225 0.013760 -0.208698
v -0.109225 0.013760 -0.208698
v -0.107181 0.012972 -0.216266
v -0.107181 0.012972 -0.216266
v -0.107181 0.012972 -0.216266
v -0.107181 0.012972 -0.216266
v -0.107181 0.012972 -0.216266
v -0.107181 0.012972 -0.216266
v -0.107181 0.012972 -0.216266
v -0.089957 0.063521 -0.215872
v -0.089957 0.063521 -0.215872
v -0.089957 0.063521 -0.215872
v -0.089957 0.063521 -0.215872
v -0.089957 0.063521 -0.215872
v -0.089957 0.063521 -0.215872
v -0.097577 0.066431 -0.213166
v -0.097577 0.066431 -0.213166
v -0.097577 0.066431 -0.213166
v -0.097577 0.066431 -0.213166
v -0.097577 0.066431 -0.213166
v -0.097577 0.066431 -0.213166
v -0.116904 0.016650 -0.213708
v -0.116904 0.016650 -0.213708
v -0.116904 0.016650 -0.213708
v -0.116904 0.016650 -0.213708
v -0.112289 0.014897 -0.215932
v -0.112289 0.014897 -0.215932
v -0.112289 0.014897 -0.215932
v -0.112289 0.014897 -0.215932
v -0.112289 0.014897 -0.215932
v -0.112289 0.014897 -0.215932
v -0.092962 0.064678 -0.215390
v -0.092962 0.064678 -0.215390
v -0.092962 0.064678 -0.215390
v -0.092962 0.064678 -0.215390
v -0.092962 0.064678 -0.215390
v -0.092962 0.064678 -0.215390
v -0.092962 0.064678 -0.215390
v -0.092962 0.064678 -0.215390
v -0.097670 0.066717 -0.231117
v -0.097670 0.066717 -0.231117
v -0.097670 0.066717 -0.231117
v -0.097670 0.066717 -0.231117
v -0.116860 0.016894 -0.232231
v -0.116860 0.016894 -0.232231
v -0.116860 0.016894 -0.232231
v -0.116860 0.016894 -0.232231
v -0.116860 0.016894 -0.232231
v -0.112756 0.015296 -0.232234
v -0.112756 0.015296 -0.232234
v -0.112756 0.015296 -0.232234
v -0.112756 0.015296 -0.232234
v -0.093566 0.065119 -0.231119
v -0.093566 0.065119 -0.231119
v -0.093566 0.065119 -0.231119
v -0.125234 0.013519 -0.847375
v -0.125234 0.013519 -0.847375
v -0.125234 0.013519 -0.847375
v -0.125234 0.013519 -0.847375
v -0.125234 0.013519 -0.847375
v -0.111002 0.064859 -0.850714
v -0.111002 0.064859 -0.850714
v -0.111002 0.064859 -0.850714
v -0.111002 0.064859 -0.850714
v -0.111002 0.064859 -0.850714
v -0.111002 0.064859 -0.850714
v -0.111002 0.064859 -0.850714
v -0.111002 0.064859 -0.850714
v -0.111111 0.064304 -0.851563
v -0.111111 0.064304 -0.851563
v -0.111111 0.064304 -0.851563
v -0.111111 0.064304 -0.851563
v -0.111111 0.064304 -0.851563
v -0.123613 0.012688 -0.850990
v -0.123613 0.012688 -0.850990
v -0.123613 0.012688 -0.850990
v -0.123613 0.012688 -0.850990
v -0.123613 0.012688 -0.850990
v -0.123613 0.012688 -0.850990
v -0.130575 0.016758 -0.843370
v -0.130575 0.016758 -0.843370
v -0.130575 0.016758 -0.843370
v -0.130575 0.016758 -0.843370
v -0.130575 0.016758 -0.843370
v -0.130575 0.016758 -0.843370
v -0.130575 0.016758 -0.843370
v -0.130575 0.016758 -0.843370
v -0.115571 0.066969 -0.843125
v -0.115571 0.066969 -0.843125
v -0.115571 0.066969 -0.843125
v -0.115571 0.066969 -0.843125
v -0.115571 0.066969 -0.843125
v -0.119673 0.067069 -0.844461
v -0.119673 0.067069 -0.844461
v -0.119673 0.067069 -0.844461
v -0.119673 0.067069 -0.844461
v -0.119673 0.067069 -0.844461
v -0.133001 0.018219 -0.844706
v -0.133001 0.018219 -0.844706
v -0.133001 0.018219 -0.844706
v -0.133001 0.018219 -0.844706
v -0.133001 0.018219 -0.844706
v -0.133001 0.018219 -0.844706
v -0.121197 0.013357 -0.805783
v -0.121197 0.013357 -0.805783
v -0.121197 0.013357 -0.805783
v -0.121197 0.013357 -0.805783
v -0.105370 0.064362 -0.805855
v -0.105370 0.064362 -0.805855
v -0.105370 0.064362 -0.805855
v -0.105370 0.064362 -0.805855
v -0.105370 0.064362 -0.805855
v -0.110146 0.065844 -0.805860
v -0.110146 0.065844 -0.805860
v -0.110146 0.065844 -0.805860
v -0.110146 0.065844 -0.805860
v -0.110146 0.065844 -0.805860
v -0.110146 0.065844 -0.805860
v -0.125972 0.014839 -0.805789
v -0.125972 0.014839 -0.805789
v -0.125972 0.014839 -0.805789
v -0.125972 0.014839 -0.805789
v -0.125972 0.014839 -0.805789
v -0.121812 0.013584 -0.733991
v -0.121812 0.013584 -0.733991
v -0.121812 0.013584 -0.733991
v -0.121812 0.013584 -0.733991
v -0.105985 0.064589 -0.734062
v -0.105985 0.064589 -0.734062
v -0.105985 0.064589 -0.734062
v -0.105985 0.064589 -0.734062
v -0.105985 0.064589 -0.734062
v -0.110760 0.066071 -0.734068
v -0.110760 0.066071 -0.734068
v -0.110760 0.066071 -0.734068
v -0.110760 0.066071 -0.734068
v -0.110760 0.066071 -0.734068
v -0.110760 0.066071 -0.734068
v -0.126587 0.015066 -0.733996
v -0.126587 0.015066 -0.733996
v -0.126587 0.015066 -0.733996
v -0.126587 0.015066 -0.733996
v -0.126587 0.015066 -0.733996
v -0.117356 0.068866 -0.709000
v -0.117356 0.068866 -0.709000
v -0.117356 0.068866 -0.709000
v -0.117356 0.068866 -0.709000
v -0.117356 0.068866 -0.709000
v -0.133404 0.017945 -0.710213
v -0.133404 0.017945 -0.710213
v -0.133404 0.017945 -0.710213
v -0.133404 0.017945 -0.710213
v -0.133404 0.017945 -0.710213
v -0.126299 0.015994 -0.710601
v -0.126299 0.015994 -0.710601
v -0.126299 0.015994 -0.710601
v -0.126299 0.015994 -0.710601
v -0.126299 0.015994 -0.710601
v -0.126299 0.015994 -0.710601
v -0.126299 0.015994 -0.710601
v -0.126299 0.015994 -0.710601
v -0.110756 0.067083 -0.711177
v -0.110756 0.067083 -0.711177
v -0.110756 0.067083 -0.711177
v -0.110756 0.067083 -0.711177
v -0.110756 0.067083 -0.711177
v -0.110756 0.067083 -0.711177
v -0.106165 0.065761 -0.708687
v -0.106165 0.065761 -0.708687
v -0.106165 0.065761 -0.708687
v -0.106165 0.065761 -0.708687
v -0.121708 0.014672 -0.708112
v -0.121708 0.014672 -0.708112
v -0.121708 0.014672 -0.708112
v -0.121708 0.014672 -0.708112
v -0.121708 0.014672 -0.708112
v -0.121708 0.014672 -0.708112
v -0.124276 0.015222 -0.721881
v -0.124276 0.015222 -0.721881
v -0.124276 0.015222 -0.721881
v -0.124276 0.015222 -0.721881
v -0.109712 0.066504 -0.722145
v -0.109712 0.066504 -0.722145
v -0.109712 0.066504 -0.722145
v -0.109712 0.066504 -0.722145
v -0.106095 0.065206 -0.721900
v -0.106095 0.065206 -0.721900
v -0.106095 0.065206 -0.721900
v -0.106095 0.065206 -0.721900
v -0.106095 0.065206 -0.721900
v -0.106095 0.065206 -0.721900
v -0.120632 0.014063 -0.721636
v -0.120632 0.014063 -0.721636
v -0.120632 0.014063 -0.721636
v -0.120632 0.014063 -0.721636
v -0.127801 0.016521 -0.705151
v -0.127801 0.016521 -0.705151
v -0.127801 0.016521 -0.705151
v -0.127801 0.016521 -0.705151
v -0.127801 0.016521 -0.705151
v -0.127801 0.016521 -0.705151
v -0.128724 0.016494 -0.711164
v -0.128724 0.016494 -0.711164
v -0.128724 0.016494 -0.711164
v -0.128724 0.016494 -0.711164
v -0.128724 0.016494 -0.711164
v -0.128724 0.016494 -0.711164
v -0.128724 0.016494 -0.711164
v -0.112688 0.067420 -0.711115
v -0.112688 0.067420 -0.711115
v -0.112688 0.067420 -0.711115
v -0.112688 0.067420 -0.711115
v -0.112688 0.067420 -0.711115
v -0.112688 0.067420 -0.711115
v -0.112688 0.067420 -0.711115
v -0.111765 0.067447 -0.705102
v -0.111765 0.067447 -0.705102
v -0.111765 0.067447 -0.705102
v -0.111765 0.067447 -0.705102
v -0.111765 0.067447 -0.705102
v -0.111765 0.067447 -0.705102
v -0.116113 0.025355 0.860034
v -0.116113 0.025355 0.860034
v -0.116113 0.025355 0.860034
v -0.116113 0.025355 0.860034
v -0.116094 0.025393 0.864048
v -0.116094 0.025393 0.864048
v -0.116094 0.025393 0.864048
v -0.116094 0.025393 0.864048
v -0.116094 0.025393 0.864048
v -0.116094 0.025393 0.864048
v -0.092267 0.073184 0.863582
v -0.092267 0.073184 0.863582
v -0.092267 0.073184 0.863582
v -0.092267 0.073184 0.863582
v -0.092267 0.073184 0.863582
v -0.092267 0.073184 0.863582
v -0.092286 0.073145 0.859444
v -0.092286 0.073145 0.859444
v -0.092286 0.073145 0.859444
v -0.092286 0.073145 0.859444
v -0.092286 0.073145 0.859444
v -0.092286 0.073145 0.859444
v -0.138160 0.020292 -0.375759
v -0.138160 0.020292 -0.375759
v -0.138160 0.020292 -0.375759
v -0.113897 0.072575 -0.375520
v -0.113897 0.072575 -0.375520
v -0.113897 0.072575 -0.375520
v -0.137213 0.020047 -0.418248
v -0.137213 0.020047 -0.418248
v -0.137213 0.020047 -0.418248
v -0.112950 0.072330 -0.418009
v -0.112950 0.072330 -0.418009
v -0.112950 0.072330 -0.418009
v -0.133626 0.018187 -0.375646
v -0.133626 0.018187 -0.375646
v -0.133626 0.018187 -0.375646
v -0.109363 0.070470 -0.375407
v -0.109363 0.070470 -0.375407
v -0.109363 0.070470 -0.375407
v -0.132679 0.017942 -0.418135
v -0.132679 0.017942 -0.418135
v -0.132679 0.017942 -0.418135
v -0.108416 0.070226 -0.417895
v -0.108416 0.070226 -0.417895
v -0.108416 0.070226 -0.417895
v -0.113312 0.072424 -0.401763
v -0.113312 0.072424 -0.401763
v -0.113312 0.072424 -0.401763
v -0.133041 0.018036 -0.401889
v -0.133041 0.018036 -0.401889
v -0.133041 0.018036 -0.401889
v -0.104887 0.078132 -0.412236
v -0.104887 0.078132 -0.412236
v -0.137575 0.020141 -0.402002
v -0.137575 0.020141 -0.402002
v -0.137575 0.020141 -0.402002
v -0.108778 0.070319 -0.401650
v -0.108778 0.070319 -0.401650
v -0.108778 0.070319 -0.401650
v -0.137798 0.020198 -0.392005
v -0.137798 0.020198 -0.392005
v -0.137798 0.020198 -0.392005
v -0.109001 0.070377 -0.391652
v -0.109001 0.070377 -0.391652
v -0.109001 0.070377 -0.391652
v -0.113535 0.072482 -0.391765
v -0.113535 0.072482 -0.391765
v -0.113535 0.072482 -0.391765
v -0.133264 0.018094 -0.391892
v -0.133264 0.018094 -0.391892
v -0.133264 0.018094 -0.391892
v -0.138690 0.016326 -0.428262
v -0.138690 0.016326 -0.428262
v -0.138690 0.016326 -0.428262
v -0.140748 0.012143 -0.423641
v -0.140748 0.012143 -0.423641
v -0.140748 0.012143 -0.423641
v -0.141934 0.012449 -0.370438
v -0.141934 0.012449 -0.370438
v -0.141934 0.012449 -0.370438
v -0.140083 0.016686 -0.365779
v -0.140083 0.016686 -0.365779
v -0.140083 0.016686 -0.365779
v -0.112420 0.076296 -0.365505
v -0.112420 0.076296 -0.365505
v -0.112420 0.076296 -0.365505
v -0.110362 0.080480 -0.370127
v -0.110362 0.080480 -0.370127
v -0.110362 0.080480 -0.370127
v -0.109176 0.080173 -0.423329
v -0.109176 0.080173 -0.423329
v -0.109176 0.080173 -0.423329
v -0.111027 0.075936 -0.427989
v -0.111027 0.075936 -0.427989
v -0.111027 0.075936 -0.427989
v -0.106493 0.073831 -0.427876
v -0.106493 0.073831 -0.427876
v -0.106493 0.073831 -0.427876
v -0.104642 0.078068 -0.423216
v -0.104642 0.078068 -0.423216
v -0.104642 0.078068 -0.423216
v -0.136214 0.010038 -0.423528
v -0.136214 0.010038 -0.423528
v -0.136214 0.010038 -0.423528
v -0.134156 0.014222 -0.428149
v -0.134156 0.014222 -0.428149
v -0.134156 0.014222 -0.428149
v -0.135549 0.014581 -0.365666
v -0.135549 0.014581 -0.365666
v -0.135549 0.014581 -0.365666
v -0.137400 0.010344 -0.370325
v -0.137400 0.010344 -0.370325
v -0.137400 0.010344 -0.370325
v -0.105828 0.078375 -0.370014
v -0.105828 0.078375 -0.370014
v -0.105828 0.078375 -0.370014
v -0.107885 0.074191 -0.365392
v -0.107885 0.074191 -0.365392
v -0.107885 0.074191 -0.365392
v -0.142456 0.010861 -0.476213
v -0.142456 0.010861 -0.476213
v -0.142456 0.010861 -0.476213
v -0.142456 0.010861 -0.476213
v -0.142456 0.010861 -0.476213
v -0.142456 0.010861 -0.476213
v -0.116941 0.080962 -0.476797
v -0.116941 0.080962 -0.476797
v -0.116941 0.080962 -0.476797
v -0.116941 0.080962 -0.476797
v -0.116941 0.080962 -0.476797
v -0.142503 0.010732 -0.493713
v -0.142503 0.010732 -0.493713
v -0.142503 0.010732 -0.493713
v -0.142503 0.010732 -0.493713
v -0.142503 0.010732 -0.493713
v -0.116988 0.080834 -0.494296
v -0.116988 0.080834 -0.494296
v -0.116988 0.080834 -0.494296
v -0.116988 0.080834 -0.494296
v -0.116988 0.080834 -0.494296
v -0.134531 0.047670 -0.476505
v -0.134531 0.047670 -0.476505
v -0.134531 0.047670 -0.476505
v -0.134531 0.047670 -0.476505
v -0.134578 0.047542 -0.494005
v -0.134578 0.047542 -0.494005
v -0.134578 0.047542 -0.494005
v -0.134578 0.047542 -0.494005
v -0.130295 0.006434 -0.476213
v -0.130295 0.006434 -0.476213
v -0.130295 0.006434 -0.476213
v -0.130295 0.006434 -0.476213
v -0.121197 0.015287 -0.476303
v -0.121197 0.015287 -0.476303
v -0.121197 0.015287 -0.476303
v -0.121197 0.015287 -0.476303
v -0.103318 0.064410 -0.476712
v -0.103318 0.064410 -0.476712
v -0.103318 0.064410 -0.476712
v -0.103318 0.064410 -0.476712
v -0.104753 0.076526 -0.476797
v -0.104753 0.076526 -0.476797
v -0.104753 0.076526 -0.476797
v -0.104753 0.076526 -0.476797
v -0.121244 0.015159 -0.493802
v -0.121244 0.015159 -0.493802
v -0.121244 0.015159 -0.493802
v -0.121244 0.015159 -0.493802
v -0.130342 0.006306 -0.493713
v -0.130342 0.006306 -0.493713
v -0.130342 0.006306 -0.493713
v -0.130342 0.006306 -0.493713
v -0.130342 0.006306 -0.493713
v -0.104800 0.076398 -0.494296
v -0.104800 0.076398 -0.494296
v -0.104800 0.076398 -0.494296
v -0.104800 0.076398 -0.494296
v -0.103365 0.064282 -0.494211
v -0.103365 0.064282 -0.494211
v -0.103365 0.064282 -0.494211
v -0.103365 0.064282 -0.494211
v -0.136902 0.048533 -0.476505
v -0.136902 0.048533 -0.476505
v -0.136902 0.048533 -0.476505
v -0.136902 0.048533 -0.476505
v -0.136902 0.048533 -0.476505
v -0.118134 0.084057 -0.476816
v -0.118134 0.084057 -0.476816
v -0.118134 0.084057 -0.476816
v -0.136949 0.048405 -0.494005
v -0.136949 0.048405 -0.494005
v -0.136949 0.048405 -0.494005
v -0.136949 0.048405 -0.494005
v -0.136949 0.048405 -0.494005
v -0.136949 0.048405 -0.494005
v -0.145405 0.009128 -0.493693
v -0.145405 0.009128 -0.493693
v -0.145405 0.009128 -0.493693
v -0.145405 0.009128 -0.493693
v -0.145359 0.009257 -0.476194
v -0.145359 0.009257 -0.476194
v -0.145359 0.009257 -0.476194
v -0.145359 0.009257 -0.476194
v -0.118180 0.083928 -0.494316
v -0.118180 0.083928 -0.494316
v -0.118180 0.083928 -0.494316
v -0.118180 0.083928 -0.494316
v -0.119044 0.013895 -0.476298
v -0.119044 0.013895 -0.476298
v -0.119044 0.013895 -0.476298
v -0.119044 0.013895 -0.476298
v -0.119044 0.013895 -0.476298
v -0.129676 0.003549 -0.476194
v -0.129676 0.003549 -0.476194
v -0.129676 0.003549 -0.476194
v -0.129676 0.003549 -0.476194
v -0.129723 0.003420 -0.493693
v -0.129723 0.003420 -0.493693
v -0.129723 0.003420 -0.493693
v -0.129723 0.003420 -0.493693
v -0.119090 0.013766 -0.493798
v -0.119090 0.013766 -0.493798
v -0.119090 0.013766 -0.493798
v -0.119090 0.013766 -0.493798
v -0.119090 0.013766 -0.493798
v -0.119090 0.013766 -0.493798
v -0.100812 0.063985 -0.494216
v -0.100812 0.063985 -0.494216
v -0.100812 0.063985 -0.494216
v -0.100812 0.063985 -0.494216
v -0.102498 0.078220 -0.494316
v -0.102498 0.078220 -0.494316
v -0.102498 0.078220 -0.494316
v -0.102451 0.078349 -0.476816
v -0.102451 0.078349 -0.476816
v -0.102451 0.078349 -0.476816
v -0.102451 0.078349 -0.476816
v -0.100765 0.064114 -0.476716
v -0.100765 0.064114 -0.476716
v -0.100765 0.064114 -0.476716
v -0.100765 0.064114 -0.476716
v -0.134360 0.006546 -0.447577
v -0.134360 0.006546 -0.447577
v -0.134360 0.006546 -0.447577
v -0.134360 0.006546 -0.447577
v -0.134360 0.006546 -0.447577
v -0.134360 0.006546 -0.447577
v -0.108475 0.077665 -0.447856
v -0.108475 0.077665 -0.447856
v -0.108475 0.077665 -0.447856
v -0.108475 0.077665 -0.447856
v -0.108475 0.077665 -0.447856
v -0.128851 0.004905 -0.447578
v -0.128851 0.004905 -0.447578
v -0.128851 0.004905 -0.447578
v -0.128851 0.004905 -0.447578
v -0.128851 0.004905 -0.447578
v -0.103199 0.075381 -0.447855
v -0.103199 0.075381 -0.447855
v -0.103199 0.075381 -0.447855
v -0.103199 0.075381 -0.447855
v -0.103199 0.075381 -0.447855
v -0.129116 0.004176 -0.657852
v -0.129116 0.004176 -0.657852
v -0.129116 0.004176 -0.657852
v -0.129116 0.004176 -0.657852
v -0.103465 0.074652 -0.658129
v -0.103465 0.074652 -0.658129
v -0.103465 0.074652 -0.658129
v -0.103465 0.074652 -0.658129
v -0.139963 0.009057 -0.454157
v -0.139963 0.009057 -0.454157
v -0.139963 0.009057 -0.454157
v -0.139963 0.009057 -0.454157
v -0.139963 0.009057 -0.454157
v -0.114398 0.079298 -0.454434
v -0.114398 0.079298 -0.454434
v -0.114398 0.079298 -0.454434
v -0.114398 0.079298 -0.454434
v -0.114398 0.079298 -0.454434
v -0.140751 0.008427 -0.653666
v -0.140751 0.008427 -0.653666
v -0.140751 0.008427 -0.653666
v -0.140751 0.008427 -0.653666
v -0.115100 0.078903 -0.653943
v -0.115100 0.078903 -0.653943
v -0.115100 0.078903 -0.653943
v -0.115100 0.078903 -0.653943
v -0.135031 0.007262 -0.454124
v -0.135031 0.007262 -0.454124
v -0.135031 0.007262 -0.454124
v -0.135031 0.007262 -0.454124
v -0.109465 0.077503 -0.454402
v -0.109465 0.077503 -0.454402
v -0.109465 0.077503 -0.454402
v -0.109465 0.077503 -0.454402
v -0.134118 0.005052 -0.653459
v -0.134118 0.005052 -0.653459
v -0.134118 0.005052 -0.653459
v -0.134118 0.005052 -0.653459
v -0.134118 0.005052 -0.653459
v -0.134118 0.005052 -0.653459
v -0.134118 0.005052 -0.653459
v -0.134118 0.005052 -0.653459
v -0.134118 0.005052 -0.653459
v -0.107860 0.077196 -0.653743
v -0.107860 0.077196 -0.653743
v -0.107860 0.077196 -0.653743
v -0.107860 0.077196 -0.653743
v -0.107860 0.077196 -0.653743
v -0.107860 0.077196 -0.653743
v -0.107860 0.077196 -0.653743
v -0.107860 0.077196 -0.653743
v -0.107860 0.077196 -0.653743
v -0.108158 0.076331 -0.665549
v -0.108158 0.076331 -0.665549
v -0.108158 0.076331 -0.665549
v -0.108158 0.076331 -0.665549
v -0.133809 0.005854 -0.665272
v -0.133809 0.005854 -0.665272
v -0.133809 0.005854 -0.665272
v -0.133809 0.005854 -0.665272
v -0.138613 0.007690 -0.643028
v -0.138613 0.007690 -0.643028
v -0.138613 0.007690 -0.643028
v -0.138613 0.007690 -0.643028
v -0.112962 0.078167 -0.643304
v -0.112962 0.078167 -0.643304
v -0.112962 0.078167 -0.643304
v -0.112962 0.078167 -0.643304
v -0.138734 0.007804 -0.625225
v -0.138734 0.007804 -0.625225
v -0.138734 0.007804 -0.625225
v -0.138734 0.007804 -0.625225
v -0.138734 0.007804 -0.625225
v -0.138734 0.007804 -0.625225
v -0.113082 0.078281 -0.625502
v -0.113082 0.078281 -0.625502
v -0.113082 0.078281 -0.625502
v -0.113082 0.078281 -0.625502
v -0.113082 0.078281 -0.625502
v -0.113082 0.078281 -0.625502
v -0.134937 0.046940 -0.469735
v -0.134937 0.046940 -0.469735
v -0.134937 0.046940 -0.469735
v -0.134046 0.046098 -0.601557
v -0.134046 0.046098 -0.601557
v -0.134046 0.046098 -0.601557
v -0.134046 0.046098 -0.601557
v -0.134046 0.046098 -0.601557
v -0.139103 0.008637 -0.447557
v -0.139103 0.008637 -0.447557
v -0.139103 0.008637 -0.447557
v -0.139103 0.008637 -0.447557
v -0.139103 0.008637 -0.447557
v -0.137865 0.008214 -0.440488
v -0.137865 0.008214 -0.440488
v -0.137865 0.008214 -0.440488
v -0.137865 0.008214 -0.440488
v -0.137865 0.008214 -0.440488
v -0.112213 0.078690 -0.440765
v -0.112213 0.078690 -0.440765
v -0.112213 0.078690 -0.440765
v -0.112213 0.078690 -0.440765
v -0.112213 0.078690 -0.440765
v -0.113452 0.079113 -0.447834
v -0.113452 0.079113 -0.447834
v -0.113452 0.079113 -0.447834
v -0.113452 0.079113 -0.447834
v -0.113452 0.079113 -0.447834
v -0.113452 0.079113 -0.447834
v -0.144596 0.010636 -0.447557
v -0.144596 0.010636 -0.447557
v -0.144596 0.010636 -0.447557
v -0.144596 0.010636 -0.447557
v -0.118945 0.081112 -0.447834
v -0.118945 0.081112 -0.447834
v -0.118945 0.081112 -0.447834
v -0.118945 0.081112 -0.447834
v -0.143073 0.010002 -0.467698
v -0.143073 0.010002 -0.467698
v -0.143073 0.010002 -0.467698
v -0.143073 0.010002 -0.467698
v -0.148164 0.011846 -0.469932
v -0.148164 0.011846 -0.469932
v -0.148164 0.011846 -0.469932
v -0.148164 0.011846 -0.469932
v -0.122512 0.082323 -0.470209
v -0.122512 0.082323 -0.470209
v -0.122512 0.082323 -0.470209
v -0.122512 0.082323 -0.470209
v -0.117421 0.080479 -0.467974
v -0.117421 0.080479 -0.467974
v -0.117421 0.080479 -0.467974
v -0.117421 0.080479 -0.467974
v -0.147569 0.011545 -0.491612
v -0.147569 0.011545 -0.491612
v -0.147569 0.011545 -0.491612
v -0.152226 0.013237 -0.492284
v -0.152226 0.013237 -0.492284
v -0.152226 0.013237 -0.492284
v -0.152226 0.013237 -0.492284
v -0.152226 0.013237 -0.492284
v -0.126575 0.083714 -0.492561
v -0.126575 0.083714 -0.492561
v -0.126575 0.083714 -0.492561
v -0.126575 0.083714 -0.492561
v -0.126575 0.083714 -0.492561
v -0.121918 0.082021 -0.491889
v -0.121918 0.082021 -0.491889
v -0.121918 0.082021 -0.491889
v -0.144957 0.010560 -0.500345
v -0.144957 0.010560 -0.500345
v -0.144957 0.010560 -0.500345
v -0.119306 0.081037 -0.500622
v -0.119306 0.081037 -0.500622
v -0.119306 0.081037 -0.500622
v -0.144550 0.010441 -0.492822
v -0.144550 0.010441 -0.492822
v -0.144550 0.010441 -0.492822
v -0.139900 0.008732 -0.497092
v -0.139900 0.008732 -0.497092
v -0.139900 0.008732 -0.497092
v -0.114248 0.079208 -0.497369
v -0.114248 0.079208 -0.497369
v -0.114248 0.079208 -0.497369
v -0.118899 0.080918 -0.493099
v -0.118899 0.080918 -0.493099
v -0.118899 0.080918 -0.493099
v -0.142805 0.009876 -0.475009
v -0.142805 0.009876 -0.475009
v -0.142805 0.009876 -0.475009
v -0.142805 0.009876 -0.475009
v -0.139914 0.008827 -0.474336
v -0.139914 0.008827 -0.474336
v -0.139914 0.008827 -0.474336
v -0.114263 0.079303 -0.474613
v -0.114263 0.079303 -0.474613
v -0.114263 0.079303 -0.474613
v -0.117154 0.080353 -0.475286
v -0.117154 0.080353 -0.475286
v -0.117154 0.080353 -0.475286
v -0.125039 0.043452 -0.440627
v -0.125039 0.043452 -0.440627
v -0.125039 0.043452 -0.440627
v -0.125039 0.043452 -0.440627
v -0.127072 0.044164 -0.447696
v -0.127072 0.044164 -0.447696
v -0.127072 0.044164 -0.447696
v -0.127072 0.044164 -0.447696
v -0.127072 0.044164 -0.447696
v -0.132251 0.046049 -0.447695
v -0.132251 0.046049 -0.447695
v -0.132251 0.046049 -0.447695
v -0.132251 0.046049 -0.447695
v -0.132251 0.046049 -0.447695
v -0.132251 0.046049 -0.447695
v -0.135782 0.047242 -0.471139
v -0.135782 0.047242 -0.471139
v -0.135782 0.047242 -0.471139
v -0.135782 0.047242 -0.471139
v -0.140786 0.049061 -0.471867
v -0.140786 0.049061 -0.471867
v -0.140786 0.049061 -0.471867
v -0.140786 0.049061 -0.471867
v -0.140786 0.049061 -0.471867
v -0.140786 0.049061 -0.471867
v -0.140279 0.048785 -0.495053
v -0.140279 0.048785 -0.495053
v -0.140279 0.048785 -0.495053
v -0.140279 0.048785 -0.495053
v -0.144935 0.050477 -0.495726
v -0.144935 0.050477 -0.495726
v -0.144935 0.050477 -0.495726
v -0.144935 0.050477 -0.495726
v -0.137260 0.047681 -0.496264
v -0.137260 0.047681 -0.496264
v -0.137260 0.047681 -0.496264
v -0.137260 0.047681 -0.496264
v -0.137667 0.047800 -0.503786
v -0.137667 0.047800 -0.503786
v -0.137667 0.047800 -0.503786
v -0.137667 0.047800 -0.503786
v -0.137667 0.047800 -0.503786
v -0.137667 0.047800 -0.503786
v -0.132609 0.045972 -0.500534
v -0.132609 0.045972 -0.500534
v -0.132609 0.045972 -0.500534
v -0.132609 0.045972 -0.500534
v -0.135515 0.047116 -0.478450
v -0.135515 0.047116 -0.478450
v -0.135515 0.047116 -0.478450
v -0.135515 0.047116 -0.478450
v -0.132624 0.046066 -0.477778
v -0.132624 0.046066 -0.477778
v -0.132624 0.046066 -0.477778
v -0.132624 0.046066 -0.477778
v -0.132624 0.046066 -0.477778
v -0.012750 0.109383 0.861241
v -0.012750 0.109383 0.861241
v -0.012750 0.109383 0.861241
v -0.012750 0.109383 0.861241
v 0.012750 0.109383 0.861241
v 0.012750 0.109383 0.861241
v 0.012750 0.109383 0.861241
v 0.012750 0.109383 0.861241
v 0.012750 0.109383 0.863741
v 0.012750 0.109383 0.863741
v 0.012750 0.109383 0.863741
v 0.012750 0.109383 0.863741
v 0.026250 0.130633 0.840513
v 0.026250 0.130633 0.840513
v 0.026250 0.130633 0.840513
v 0.026250 0.128133 0.840513
v 0.026250 0.128133 0.840513
v 0.026250 0.128133 0.840513
v 0.026250 0.128133 0.861241
v 0.026250 0.128133 0.861241
v 0.026250 0.128133 0.861241
v 0.026250 0.109383 0.863741
v 0.026250 0.109383 0.863741
v 0.026250 0.109383 0.863741
v 0.026250 0.109383 0.861241
v 0.026250 0.109383 0.861241
v 0.026250 0.109383 0.861241
v -0.012750 0.109383 0.863741
v -0.012750 0.109383 0.863741
v -0.012750 0.109383 0.863741
v -0.012750 0.109383 0.863741
v -0.026250 0.130633 0.840513
v -0.026250 0.130633 0.840513
v -0.026250 0.130633 0.840513
v -0.026250 0.128133 0.840513
v -0.026250 0.128133 0.840513
v -0.026250 0.128133 0.840513
v -0.026250 0.128133 0.861241
v -0.026250 0.128133 0.861241
v -0.026250 0.128133 0.861241
v -0.026250 0.109383 0.863741
v -0.026250 0.109383 0.863741
v -0.026250 0.109383 0.863741
v -0.026250 0.109383 0.861241
v -0.026250 0.109383 0.861241
v -0.026250 0.109383 0.861241
v 0.026250 0.105349 0.858216
v 0.026250 0.105349 0.858216
v 0.026250 0.105349 0.858216
v 0.026250 0.105349 0.858216
v 0.012750 0.105349 0.858216
v 0.012750 0.105349 0.858216
v 0.012750 0.105349 0.858216
v 0.012750 0.102888 0.858762
v 0.012750 0.102888 0.858762
v 0.012750 0.102888 0.858762
v 0.026250 0.102888 0.858762
v 0.026250 0.102888 0.858762
v 0.026250 0.102888 0.858762
v 0.026250 0.102888 0.858762
v 0.012750 0.101514 0.817867
v 0.012750 0.101514 0.817867
v 0.012750 0.101514 0.817867
v 0.012750 0.099025 0.818104
v 0.012750 0.099025 0.818104
v 0.012750 0.099025 0.818104
v 0.029750 0.105349 0.858216
v 0.029750 0.105349 0.858216
v 0.029750 0.105349 0.858216
v 0.029750 0.105349 0.858216
v 0.029750 0.101514 0.817867
v 0.029750 0.101514 0.817867
v 0.029750 0.101514 0.817867
v 0.029750 0.101514 0.817867
v 0.029750 0.101514 0.817867
v 0.029750 0.101514 0.817867
v 0.029750 0.102888 0.858762
v 0.029750 0.102888 0.858762
v 0.029750 0.102888 0.858762
v 0.032250 0.105349 0.858216
v 0.032250 0.105349 0.858216
v 0.032250 0.105349 0.858216
v 0.032250 0.105349 0.858216
v 0.032250 0.105349 0.858216
v 0.029750 0.099025 0.818104
v 0.029750 0.099025 0.818104
v 0.029750 0.099025 0.818104
v 0.029750 0.099025 0.818104
v 0.029750 0.099025 0.818104
v 0.029750 0.107915 0.817259
v 0.029750 0.107915 0.817259
v 0.029750 0.107915 0.817259
v 0.029750 0.111749 0.857607
v 0.029750 0.111749 0.857607
v 0.029750 0.111749 0.857607
v 0.032250 0.107915 0.817259
v 0.032250 0.107915 0.817259
v 0.032250 0.107915 0.817259
v 0.032250 0.107915 0.817259
v 0.032250 0.111749 0.857607
v 0.032250 0.111749 0.857607
v 0.032250 0.111749 0.857607
v -0.026250 0.105349 0.858216
v -0.026250 0.105349 0.858216
v -0.026250 0.105349 0.858216
v -0.026250 0.105349 0.858216
v -0.012750 0.105349 0.858216
v -0.012750 0.105349 0.858216
v -0.012750 0.105349 0.858216
v -0.012750 0.102888 0.858762
v -0.012750 0.102888 0.858762
v -0.012750 0.102888 0.858762
v -0.026250 0.102888 0.858762
v -0.026250 0.102888 0.858762
v -0.026250 0.102888 0.858762
v -0.026250 0.102888 0.858762
v -0.012750 0.101514 0.817867
v -0.012750 0.101514 0.817867
v -0.012750 0.101514 0.817867
v -0.012750 0.099025 0.818104
v -0.012750 0.099025 0.818104
v -0.012750 0.099025 0.818104
v -0.029750 0.105349 0.858216
v -0.029750 0.105349 0.858216
v -0.029750 0.105349 0.858216
v -0.029750 0.105349 0.858216
v -0.029750 0.101514 0.817867
v -0.029750 0.101514 0.817867
v -0.029750 0.101514 0.817867
v -0.029750 0.101514 0.817867
v -0.029750 0.101514 0.817867
v -0.029750 0.101514 0.817867
v -0.029750 0.102888 0.858762
v -0.029750 0.102888 0.858762
v -0.029750 0.102888 0.858762
v -0.032250 0.105349 0.858216
v -0.032250 0.105349 0.858216
v -0.032250 0.105349 0.858216
v -0.032250 0.105349 0.858216
v -0.032250 0.105349 0.858216
v -0.029750 0.099025 0.818104
v -0.029750 0.099025 0.818104
v -0.029750 0.099025 0.818104
v -0.029750 0.099025 0.818104
v -0.029750 0.099025 0.818104
v -0.029750 0.107915 0.817259
v -0.029750 0.107915 0.817259
v -0.029750 0.107915 0.817259
v -0.029750 0.111749 0.857607
v -0.029750 0.111749 0.857607
v -0.029750 0.111749 0.857607
v -0.032250 0.107915 0.817259
v -0.032250 0.107915 0.817259
v -0.032250 0.107915 0.817259
v -0.032250 0.107915 0.817259
v -0.032250 0.111749 0.857607
v -0.032250 0.111749 0.857607
v -0.032250 0.111749 0.857607
v -0.032250 0.101512 0.817868
v -0.032250 0.101512 0.817868
v -0.032250 0.101512 0.817868
v -0.032250 0.101512 0.817868
v 0.032250 0.101512 0.817868
v 0.032250 0.101512 0.817868
v 0.032250 0.101512 0.817868
v 0.032250 0.101512 0.817868
v 0.026250 0.130633 0.860584
v 0.026250 0.130633 0.860584
v 0.026250 0.130633 0.860584
v 0.026250 0.127476 0.863741
v 0.026250 0.127476 0.863741
v 0.026250 0.127476 0.863741
v -0.026250 0.127476 0.863741
v -0.026250 0.127476 0.863741
v -0.026250 0.127476 0.863741
v -0.026250 0.130633 0.860584
v -0.026250 0.130633 0.860584
v -0.026250 0.130633 0.860584
v 0.018934 0.147096 0.101387
v 0.018934 0.147096 0.101387
v 0.018934 0.147096 0.101387
v 0.018934 0.147096 0.101387
v 0.018934 0.147096 0.101387
v 0.018934 0.147096 0.101387
v 0.018621 0.148515 0.102809
v 0.018621 0.148515 0.102809
v 0.018621 0.148515 0.102809
v 0.018621 0.148515 0.102809
v 0.018621 0.148515 0.102809
v 0.018621 0.148515 0.102809
v 0.019246 0.148518 0.099968
v 0.019246 0.148518 0.099968
v 0.019246 0.148518 0.099968
v 0.019246 0.148518 0.099968
v 0.019246 0.148518 0.099968
v 0.019246 0.148518 0.099968
v 0.018934 0.149938 0.101390
v 0.018934 0.149938 0.101390
v 0.018934 0.149938 0.101390
v 0.018934 0.149938 0.101390
v 0.018934 0.149938 0.101390
v 0.018934 0.149938 0.101390
v 0.028793 0.147096 0.101422
v 0.028793 0.147096 0.101422
v 0.028793 0.147096 0.101422
v 0.028793 0.147096 0.101422
v 0.028793 0.148515 0.102845
v 0.028793 0.148515 0.102845
v 0.028793 0.148515 0.102845
v 0.028793 0.148515 0.102845
v 0.028793 0.148515 0.102845
v 0.028793 0.148518 0.100003
v 0.028793 0.148518 0.100003
v 0.028793 0.148518 0.100003
v 0.028793 0.149938 0.101426
v 0.028793 0.149938 0.101426
v 0.028793 0.149938 0.101426
v 0.028793 0.149938 0.101426
v 0.016292 0.147099 0.098862
v 0.016292 0.147099 0.098862
v 0.016292 0.147099 0.098862
v 0.016292 0.147099 0.098862
v 0.016292 0.147099 0.098862
v 0.014871 0.148519 0.099176
v 0.014871 0.148519 0.099176
v 0.014871 0.148519 0.099176
v 0.014871 0.148519 0.099176
v 0.017713 0.148520 0.098551
v 0.017713 0.148520 0.098551
v 0.017713 0.148520 0.098551
v 0.017713 0.148520 0.098551
v 0.017713 0.148520 0.098551
v 0.017713 0.148520 0.098551
v 0.016292 0.149941 0.098865
v 0.016292 0.149941 0.098865
v 0.016292 0.149941 0.098865
v 0.016292 0.149941 0.098865
v 0.016292 0.149941 0.098865
v 0.016300 0.147105 0.093629
v 0.016300 0.147105 0.093629
v 0.016300 0.147105 0.093629
v 0.016300 0.147105 0.093629
v 0.016300 0.147105 0.093629
v 0.014879 0.148526 0.093943
v 0.014879 0.148526 0.093943
v 0.014879 0.148526 0.093943
v 0.014879 0.148526 0.093943
v 0.017721 0.148527 0.093318
v 0.017721 0.148527 0.093318
v 0.017721 0.148527 0.093318
v 0.017721 0.148527 0.093318
v 0.017721 0.148527 0.093318
v 0.017721 0.148527 0.093318
v 0.016300 0.149947 0.093633
v 0.016300 0.149947 0.093633
v 0.016300 0.149947 0.093633
v 0.016300 0.149947 0.093633
v 0.016300 0.149947 0.093633
v 0.013739 0.147109 0.090996
v 0.013739 0.147109 0.090996
v 0.013739 0.147109 0.090996
v 0.013739 0.147109 0.090996
v 0.013739 0.147109 0.090996
v 0.013426 0.148528 0.092419
v 0.013426 0.148528 0.092419
v 0.013426 0.148528 0.092419
v 0.013426 0.148528 0.092419
v 0.013426 0.148528 0.092419
v 0.013426 0.148528 0.092419
v 0.014051 0.148531 0.089577
v 0.014051 0.148531 0.089577
v 0.014051 0.148531 0.089577
v 0.014051 0.148531 0.089577
v 0.013739 0.149951 0.091000
v 0.013739 0.149951 0.091000
v 0.013739 0.149951 0.091000
v 0.013739 0.149951 0.091000
v 0.013739 0.149951 0.091000
v 0.011129 0.147109 0.090996
v 0.011129 0.147109 0.090996
v 0.011129 0.147109 0.090996
v 0.011129 0.147109 0.090996
v 0.009531 0.148528 0.092419
v 0.009531 0.148528 0.092419
v 0.009531 0.148528 0.092419
v 0.009531 0.148528 0.092419
v 0.011189 0.148531 0.089577
v 0.011189 0.148531 0.089577
v 0.011189 0.148531 0.089577
v 0.011189 0.148531 0.089577
v 0.011189 0.148531 0.089577
v 0.009916 0.149951 0.091000
v 0.009916 0.149951 0.091000
v 0.009916 0.149951 0.091000
v 0.009916 0.149951 0.091000
v 0.009916 0.149951 0.091000
v 0.008338 0.147866 0.086846
v 0.008338 0.147866 0.086846
v 0.008338 0.147866 0.086846
v 0.008338 0.147866 0.086846
v 0.006917 0.149077 0.087914
v 0.006917 0.149077 0.087914
v 0.006917 0.149077 0.087914
v 0.006917 0.149077 0.087914
v 0.006917 0.149077 0.087914
v 0.009759 0.149270 0.087082
v 0.009759 0.149270 0.087082
v 0.009759 0.149270 0.087082
v 0.009759 0.149270 0.087082
v 0.008338 0.150533 0.087923
v 0.008338 0.150533 0.087923
v 0.008338 0.150533 0.087923
v 0.008338 0.150533 0.087923
v 0.008338 0.150533 0.087923
v 0.008345 0.160520 0.032304
v 0.008345 0.160520 0.032304
v 0.008345 0.160520 0.032304
v 0.008345 0.160520 0.032304
v 0.009766 0.162031 0.032079
v 0.009766 0.162031 0.032079
v 0.009766 0.162031 0.032079
v 0.009766 0.162031 0.032079
v 0.009766 0.162031 0.032079
v 0.009766 0.162031 0.032079
v 0.008345 0.163289 0.032947
v 0.008345 0.163289 0.032947
v 0.008345 0.163289 0.032947
v 0.008345 0.163289 0.032947
v 0.005545 0.162750 0.028966
v 0.005545 0.162750 0.028966
v 0.005545 0.162750 0.028966
v 0.005545 0.162750 0.028966
v 0.005234 0.161045 0.030030
v 0.005234 0.161045 0.030030
v 0.005234 0.161045 0.030030
v 0.005234 0.161045 0.030030
v 0.005234 0.161045 0.030030
v 0.005234 0.161045 0.030030
v 0.004920 0.162110 0.031734
v 0.004920 0.162110 0.031734
v 0.004920 0.162110 0.031734
v 0.004920 0.162110 0.031734
v 0.005232 0.163814 0.030670
v 0.005232 0.163814 0.030670
v 0.005232 0.163814 0.030670
v 0.005232 0.163814 0.030670
v 0.005232 0.163814 0.030670
v 0.005232 0.163814 0.030670
v -0.018934 0.147096 0.101387
v -0.018934 0.147096 0.101387
v -0.018934 0.147096 0.101387
v -0.018934 0.147096 0.101387
v -0.018934 0.147096 0.101387
v -0.018934 0.147096 0.101387
v -0.018621 0.148515 0.102809
v -0.018621 0.148515 0.102809
v -0.018621 0.148515 0.102809
v -0.018621 0.148515 0.102809
v -0.018621 0.148515 0.102809
v -0.018621 0.148515 0.102809
v -0.019246 0.148518 0.099968
v -0.019246 0.148518 0.099968
v -0.019246 0.148518 0.099968
v -0.019246 0.148518 0.099968
v -0.019246 0.148518 0.099968
v -0.019246 0.148518 0.099968
v -0.018934 0.149938 0.101390
v -0.018934 0.149938 0.101390
v -0.018934 0.149938 0.101390
v -0.018934 0.149938 0.101390
v -0.018934 0.149938 0.101390
v -0.018934 0.149938 0.101390
v 0.006924 0.161771 0.033202
v 0.006924 0.161771 0.033202
v 0.006924 0.161771 0.033202
v 0.006924 0.161771 0.033202
v 0.006924 0.161771 0.033202
v 0.006924 0.161771 0.033202
v -0.028793 0.147096 0.101422
v -0.028793 0.147096 0.101422
v -0.028793 0.147096 0.101422
v -0.028793 0.147096 0.101422
v -0.028793 0.148515 0.102845
v -0.028793 0.148515 0.102845
v -0.028793 0.148515 0.102845
v -0.028793 0.148515 0.102845
v -0.028793 0.148515 0.102845
v -0.028793 0.148518 0.100003
v -0.028793 0.148518 0.100003
v -0.028793 0.148518 0.100003
v -0.028793 0.149938 0.101426
v -0.028793 0.149938 0.101426
v -0.028793 0.149938 0.101426
v -0.028793 0.149938 0.101426
v -0.016292 0.147099 0.098862
v -0.016292 0.147099 0.098862
v -0.016292 0.147099 0.098862
v -0.016292 0.147099 0.098862
v -0.016292 0.147099 0.098862
v -0.014871 0.148519 0.099176
v -0.014871 0.148519 0.099176
v -0.014871 0.148519 0.099176
v -0.014871 0.148519 0.099176
v -0.017713 0.148520 0.098551
v -0.017713 0.148520 0.098551
v -0.017713 0.148520 0.098551
v -0.017713 0.148520 0.098551
v -0.017713 0.148520 0.098551
v -0.017713 0.148520 0.098551
v -0.016292 0.149941 0.098865
v -0.016292 0.149941 0.098865
v -0.016292 0.149941 0.098865
v -0.016292 0.149941 0.098865
v -0.016292 0.149941 0.098865
v -0.016300 0.147105 0.093629
v -0.016300 0.147105 0.093629
v -0.016300 0.147105 0.093629
v -0.016300 0.147105 0.093629
v -0.016300 0.147105 0.093629
v -0.014879 0.148526 0.093943
v -0.014879 0.148526 0.093943
v -0.014879 0.148526 0.093943
v -0.014879 0.148526 0.093943
v -0.017721 0.148527 0.093318
v -0.017721 0.148527 0.093318
v -0.017721 0.148527 0.093318
v -0.017721 0.148527 0.093318
v -0.017721 0.148527 0.093318
v -0.017721 0.148527 0.093318
v -0.016300 0.149947 0.093633
v -0.016300 0.149947 0.093633
v -0.016300 0.149947 0.093633
v -0.016300 0.149947 0.093633
v -0.016300 0.149947 0.093633
v -0.013739 0.147109 0.090996
v -0.013739 0.147109 0.090996
v -0.013739 0.147109 0.090996
v -0.013739 0.147109 0.090996
v -0.013739 0.147109 0.090996
v -0.013426 0.148528 0.092419
v -0.013426 0.148528 0.092419
v -0.013426 0.148528 0.092419
v -0.013426 0.148528 0.092419
v -0.013426 0.148528 0.092419
v -0.013426 0.148528 0.092419
v -0.014051 0.148531 0.089577
v -0.014051 0.148531 0.089577
v -0.014051 0.148531 0.089577
v -0.014051 0.148531 0.089577
v -0.013739 0.149951 0.091000
v -0.013739 0.149951 0.091000
v -0.013739 0.149951 0.091000
v -0.013739 0.149951 0.091000
v -0.013739 0.149951 0.091000
v -0.011129 0.147109 0.090996
v -0.011129 0.147109 0.090996
v -0.011129 0.147109 0.090996
v -0.011129 0.147109 0.090996
v -0.009531 0.148528 0.092419
v -0.009531 0.148528 0.092419
v -0.009531 0.148528 0.092419
v -0.009531 0.148528 0.092419
v -0.011189 0.148531 0.089577
v -0.011189 0.148531 0.089577
v -0.011189 0.148531 0.089577
v -0.011189 0.148531 0.089577
v -0.011189 0.148531 0.089577
v -0.009916 0.149951 0.091000
v -0.009916 0.149951 0.091000
v -0.009916 0.149951 0.091000
v -0.009916 0.149951 0.091000
v -0.009916 0.149951 0.091000
v -0.008338 0.147866 0.086846
v -0.008338 0.147866 0.086846
v -0.008338 0.147866 0.086846
v -0.008338 0.147866 0.086846
v -0.006917 0.149077 0.087914
v -0.006917 0.149077 0.087914
v -0.006917 0.149077 0.087914
v -0.006917 0.149077 0.087914
v -0.006917 0.149077 0.087914
v -0.009759 0.149270 0.087082
v -0.009759 0.149270 0.087082
v -0.009759 0.149270 0.087082
v -0.009759 0.149270 0.087082
v -0.008338 0.150533 0.087923
v -0.008338 0.150533 0.087923
v -0.008338 0.150533 0.087923
v -0.008338 0.150533 0.087923
v -0.008338 0.150533 0.087923
v -0.008345 0.160520 0.032304
v -0.008345 0.160520 0.032304
v -0.008345 0.160520 0.032304
v -0.008345 0.160520 0.032304
v -0.009766 0.162031 0.032079
v -0.009766 0.162031 0.032079
v -0.009766 0.162031 0.032079
v -0.009766 0.162031 0.032079
v -0.009766 0.162031 0.032079
v -0.009766 0.162031 0.032079
v -0.008345 0.163289 0.032947
v -0.008345 0.163289 0.032947
v -0.008345 0.163289 0.032947
v -0.008345 0.163289 0.032947
v -0.005545 0.162750 0.028966
v -0.005545 0.162750 0.028966
v -0.005545 0.162750 0.028966
v -0.005545 0.162750 0.028966
v -0.005234 0.161045 0.030030
v -0.005234 0.161045 0.030030
v -0.005234 0.161045 0.030030
v -0.005234 0.161045 0.030030
v -0.005234 0.161045 0.030030
v -0.005234 0.161045 0.030030
v -0.004920 0.162110 0.031734
v -0.004920 0.162110 0.031734
v -0.004920 0.162110 0.031734
v -0.004920 0.162110 0.031734
v -0.005232 0.163814 0.030670
v -0.005232 0.163814 0.030670
v -0.005232 0.163814 0.030670
v -0.005232 0.163814 0.030670
v -0.005232 0.163814 0.030670
v -0.005232 0.163814 0.030670
v -0.006924 0.161771 0.033202
v -0.006924 0.161771 0.033202
v -0.006924 0.161771 0.033202
v -0.006924 0.161771 0.033202
v -0.006924 0.161771 0.033202
v -0.006924 0.161771 0.033202
v 0.000000 0.117437 -0.993708
v 0.000000 0.117437 -0.993708
v 0.000000 0.117437 -0.993708
v 0.000000 0.117437 -0.993708
v 0.073061 0.073061 -0.991484
v 0.073061 0.073061 -0.991484
v 0.073061 0.073061 -0.991484
v -0.006986 0.001872 -0.997274
v -0.006986 0.001872 -0.997274
v -0.006986 0.001872 -0.997274
v 0.000000 -0.103324 -0.991484
v 0.000000 -0.103324 -0.991484
v 0.000000 -0.103324 -0.991484
v 0.083041 0.083041 -0.993708
v 0.083041 0.083041 -0.993708
v 0.083041 0.083041 -0.993708
v 0.083041 0.083041 -0.993708
v 0.006986 0.001872 -0.997274
v 0.006986 0.001872 -0.997274
v 0.006986 0.001872 -0.997274
v 0.073061 0.073061 -0.958984
v 0.073061 0.073061 -0.958984
v 0.073061 0.073061 -0.958984
v 0.117437 0.000000 -0.993708
v 0.117437 0.000000 -0.993708
v 0.117437 0.000000 -0.993708
v 0.117437 0.000000 -0.993708
v 0.083041 -0.083041 -0.993708
v 0.083041 -0.083041 -0.993708
v 0.083041 -0.083041 -0.993708
v 0.083041 -0.083041 -0.993708
v 0.073061 -0.073061 -0.958984
v 0.073061 -0.073061 -0.958984
v 0.073061 -0.073061 -0.958984
v 0.000000 -0.117437 -0.993708
v 0.000000 -0.117437 -0.993708
v 0.000000 -0.117437 -0.993708
v 0.000000 -0.117437 -0.993708
v -0.083041 -0.083041 -0.993708
v -0.083041 -0.083041 -0.993708
v -0.083041 -0.083041 -0.993708
v -0.083041 -0.083041 -0.993708
v -0.073061 -0.073061 -0.958984
v -0.073061 -0.073061 -0.958984
v -0.073061 -0.073061 -0.958984
v -0.117437 0.000000 -0.993708
v -0.117437 0.000000 -0.993708
v -0.117437 0.000000 -0.993708
v -0.117437 0.000000 -0.993708
v -0.083041 0.083041 -0.993708
v -0.083041 0.083041 -0.993708
v -0.083041 0.083041 -0.993708
v -0.083041 0.083041 -0.993708
v -0.073061 0.073061 -0.958984
v -0.073061 0.073061 -0.958984
v -0.073061 0.073061 -0.958984
v -0.006986 -0.001878 -0.997274
v -0.006986 -0.001878 -0.997274
v -0.006986 -0.001878 -0.997274
v 0.000000 0.118453 -0.974862
v 0.000000 0.118453 -0.974862
v 0.000000 0.118453 -0.974862
v 0.000000 0.118453 -0.974862
v 0.083759 0.083759 -0.974862
v 0.083759 0.083759 -0.974862
v 0.083759 0.083759 -0.974862
v 0.083759 0.083759 -0.974862
v -0.083759 0.083759 -0.974862
v -0.083759 0.083759 -0.974862
v -0.083759 0.083759 -0.974862
v -0.083759 0.083759 -0.974862
v 0.083041 0.083041 -0.975059
v 0.083041 0.083041 -0.975059
v 0.083041 0.083041 -0.975059
v 0.083041 0.083041 -0.975059
v 0.117437 -0.000000 -0.975059
v 0.117437 -0.000000 -0.975059
v 0.117437 -0.000000 -0.975059
v 0.117437 -0.000000 -0.975059
v 0.006986 -0.001878 -0.997274
v 0.006986 -0.001878 -0.997274
v 0.006986 -0.001878 -0.997274
v 0.083041 -0.083041 -0.975059
v 0.083041 -0.083041 -0.975059
v 0.083041 -0.083041 -0.975059
v 0.083041 -0.083041 -0.975059
v 0.000000 -0.117437 -0.975059
v 0.000000 -0.117437 -0.975059
v 0.000000 -0.117437 -0.975059
v 0.000000 -0.117437 -0.975059
v -0.083041 -0.083041 -0.975059
v -0.083041 -0.083041 -0.975059
v -0.083041 -0.083041 -0.975059
v -0.083041 -0.083041 -0.975059
v -0.117437 -0.000000 -0.975059
v -0.117437 -0.000000 -0.975059
v -0.117437 -0.000000 -0.975059
v -0.117437 -0.000000 -0.975059
v -0.083041 0.083041 -0.975059
v -0.083041 0.083041 -0.975059
v -0.083041 0.083041 -0.975059
v -0.083041 0.083041 -0.975059
v 0.000000 0.117437 -0.975059
v 0.000000 0.117437 -0.975059
v 0.000000 0.117437 -0.975059
v 0.000000 0.117437 -0.975059
v -0.000000 0.115744 -0.996482
v -0.000000 0.115744 -0.996482
v -0.000000 0.115744 -0.996482
v -0.000000 0.115744 -0.996482
v 0.081843 0.081843 -0.996483
v 0.081843 0.081843 -0.996483
v 0.081843 0.081843 -0.996483
v 0.081843 0.081843 -0.996483
v 0.115744 0.000000 -0.996483
v 0.115744 0.000000 -0.996483
v 0.115744 0.000000 -0.996483
v 0.115744 0.000000 -0.996483
v 0.081843 -0.081843 -0.996483
v 0.081843 -0.081843 -0.996483
v 0.081843 -0.081843 -0.996483
v 0.081843 -0.081843 -0.996483
v -0.000000 -0.115744 -0.996483
v -0.000000 -0.115744 -0.996483
v -0.000000 -0.115744 -0.996483
v -0.000000 -0.115744 -0.996483
v -0.081843 -0.081843 -0.996483
v -0.081843 -0.081843 -0.996483
v -0.081843 -0.081843 -0.996483
v -0.081843 -0.081843 -0.996483
v -0.115744 0.000000 -0.996483
v -0.115744 0.000000 -0.996483
v -0.115744 0.000000 -0.996483
v -0.115744 0.000000 -0.996483
v -0.081843 0.081843 -0.996483
v -0.081843 0.081843 -0.996483
v -0.081843 0.081843 -0.996483
v -0.081843 0.081843 -0.996483
v 0.066180 -0.040384 -0.997274
v 0.066180 -0.040384 -0.997274
v 0.066180 -0.040384 -0.997274
v -0.058624 0.058624 -0.999773
v -0.058624 0.058624 -0.999773
v -0.058624 0.058624 -0.999773
v -0.001863 0.006995 -0.997274
v -0.001863 0.006995 -0.997274
v -0.001863 0.006995 -0.997274
v -0.005111 0.005120 -0.997274
v -0.005111 0.005120 -0.997274
v -0.005111 0.005120 -0.997274
v -0.005111 -0.005126 -0.997274
v -0.005111 -0.005126 -0.997274
v -0.005111 -0.005126 -0.997274
v -0.001864 -0.007014 -0.997274
v -0.001864 -0.007014 -0.997274
v -0.001864 -0.007014 -0.997274
v 0.001863 0.006995 -0.997274
v 0.001863 0.006995 -0.997274
v 0.001863 0.006995 -0.997274
v 0.005111 0.005120 -0.997274
v 0.005111 0.005120 -0.997274
v 0.005111 0.005120 -0.997274
v 0.005111 -0.005126 -0.997274
v 0.005111 -0.005126 -0.997274
v 0.005111 -0.005126 -0.997274
v 0.001864 -0.007014 -0.997274
v 0.001864 -0.007014 -0.997274
v 0.001864 -0.007014 -0.997274
v 0.001864 -0.007014 -0.997274
v -0.001863 0.082135 -0.999773
v -0.001863 0.082135 -0.999773
v -0.001863 0.082135 -0.999773
v -0.040368 0.066186 -0.999773
v -0.040368 0.066186 -0.999773
v -0.040368 0.066186 -0.999773
v -0.036873 0.067634 -0.999773
v -0.036873 0.067634 -0.999773
v -0.036873 0.067634 -0.999773
v 0.001863 0.082135 -0.999773
v 0.001863 0.082135 -0.999773
v 0.001863 0.082135 -0.999773
v 0.040368 0.066186 -0.999773
v 0.040368 0.066186 -0.999773
v 0.040368 0.066186 -0.999773
v 0.036873 0.067634 -0.999773
v 0.036873 0.067634 -0.999773
v 0.036873 0.067634 -0.999773
v 0.082132 0.001872 -0.999773
v 0.082132 0.001872 -0.999773
v 0.082132 0.001872 -0.999773
v 0.082129 -0.001878 -0.999773
v 0.082129 -0.001878 -0.999773
v 0.082129 -0.001878 -0.999773
v 0.067627 -0.036889 -0.999773
v 0.067627 -0.036889 -0.999773
v 0.067627 -0.036889 -0.999773
v 0.067629 0.036884 -0.999773
v 0.067629 0.036884 -0.999773
v 0.067629 0.036884 -0.999773
v 0.066182 0.040379 -0.999773
v 0.066182 0.040379 -0.999773
v 0.066182 0.040379 -0.999773
v -0.001864 -0.082135 -0.999773
v -0.001864 -0.082135 -0.999773
v -0.001864 -0.082135 -0.999773
v -0.036870 -0.067635 -0.999773
v -0.036870 -0.067635 -0.999773
v -0.036870 -0.067635 -0.999773
v -0.040365 -0.066187 -0.999773
v -0.040365 -0.066187 -0.999773
v -0.040365 -0.066187 -0.999773
v 0.001864 -0.082135 -0.999773
v 0.001864 -0.082135 -0.999773
v 0.001864 -0.082135 -0.999773
v 0.036870 -0.067635 -0.999773
v 0.036870 -0.067635 -0.999773
v 0.036870 -0.067635 -0.999773
v 0.036870 -0.067635 -0.999773
v 0.040365 -0.066187 -0.999773
v 0.040365 -0.066187 -0.999773
v 0.040365 -0.066187 -0.999773
v -0.082132 0.001872 -0.999773
v -0.082132 0.001872 -0.999773
v -0.082132 0.001872 -0.999773
v -0.082129 -0.001878 -0.999773
v -0.082129 -0.001878 -0.999773
v -0.082129 -0.001878 -0.999773
v -0.066180 -0.040384 -0.999773
v -0.066180 -0.040384 -0.999773
v -0.066180 -0.040384 -0.999773
v -0.067627 -0.036889 -0.999773
v -0.067627 -0.036889 -0.999773
v -0.067627 -0.036889 -0.999773
v -0.067629 0.036884 -0.999773
v -0.067629 0.036884 -0.999773
v -0.067629 0.036884 -0.999773
v -0.066182 0.040379 -0.999773
v -0.066182 0.040379 -0.999773
v -0.066182 0.040379 -0.999773
v -0.005111 0.005120 -0.999773
v -0.005111 0.005120 -0.999773
v -0.005111 0.005120 -0.999773
v -0.001863 0.006995 -0.999773
v -0.001863 0.006995 -0.999773
v -0.001863 0.006995 -0.999773
v 0.001863 0.006995 -0.999773
v 0.001863 0.006995 -0.999773
v 0.001863 0.006995 -0.999773
v 0.005111 0.005120 -0.999773
v 0.005111 0.005120 -0.999773
v 0.005111 0.005120 -0.999773
v 0.006986 -0.001878 -0.999773
v 0.006986 -0.001878 -0.999773
v 0.006986 -0.001878 -0.999773
v 0.006986 0.001872 -0.999773
v 0.006986 0.001872 -0.999773
v 0.006986 0.001872 -0.999773
v -0.005111 -0.005126 -0.999773
v -0.005111 -0.005126 -0.999773
v -0.005111 -0.005126 -0.999773
v -0.006986 -0.001878 -0.999773
v -0.006986 -0.001878 -0.999773
v -0.006986 -0.001878 -0.999773
v -0.001864 -0.007014 -0.999773
v -0.001864 -0.007014 -0.999773
v -0.001864 -0.007014 -0.999773
v -0.001864 -0.007014 -0.999773
v 0.005111 -0.005126 -0.999773
v 0.005111 -0.005126 -0.999773
v 0.005111 -0.005126 -0.999773
v 0.001864 -0.007014 -0.999773
v 0.001864 -0.007014 -0.999773
v 0.001864 -0.007014 -0.999773
v -0.006986 0.001872 -0.999773
v -0.006986 0.001872 -0.999773
v -0.006986 0.001872 -0.999773
v -0.060538 -0.060538 -0.999773
v -0.060538 -0.060538 -0.999773
v -0.060538 -0.060538 -0.999773
v -0.060538 -0.060538 -0.999773
v 0.060538 -0.060538 -0.999773
v 0.060538 -0.060538 -0.999773
v 0.060538 -0.060538 -0.999773
v 0.060538 -0.060538 -0.999773
v 0.060538 0.060538 -0.999773
v 0.060538 0.060538 -0.999773
v 0.060538 0.060538 -0.999773
v 0.060538 0.060538 -0.999773
v 0.085613 0.000000 -0.999773
v 0.085613 0.000000 -0.999773
v 0.085613 0.000000 -0.999773
v 0.085613 0.000000 -0.999773
v -0.085613 0.000000 -0.999773
v -0.085613 0.000000 -0.999773
v -0.085613 0.000000 -0.999773
v -0.085613 0.000000 -0.999773
v -0.060538 0.060538 -0.999773
v -0.060538 0.060538 -0.999773
v -0.060538 0.060538 -0.999773
v -0.060538 0.060538 -0.999773
v 0.000000 -0.085613 -0.999773
v 0.000000 -0.085613 -0.999773
v 0.000000 -0.085613 -0.999773
v 0.000000 -0.085613 -0.999773
v 0.000000 0.085613 -0.999773
v 0.000000 0.085613 -0.999773
v 0.000000 0.085613 -0.999773
v 0.000000 0.085613 -0.999773
v 0.082132 0.001872 -0.997274
v 0.082132 0.001872 -0.997274
v 0.082132 0.001872 -0.997274
v 0.067629 0.036884 -0.997274
v 0.067629 0.036884 -0.997274
v 0.067629 0.036884 -0.997274
v 0.066182 0.040379 -0.997274
v 0.066182 0.040379 -0.997274
v 0.066182 0.040379 -0.997274
v 0.001863 0.082135 -0.997274
v 0.001863 0.082135 -0.997274
v 0.001863 0.082135 -0.997274
v 0.036873 0.067634 -0.997274
v 0.036873 0.067634 -0.997274
v 0.036873 0.067634 -0.997274
v 0.040368 0.066186 -0.997274
v 0.040368 0.066186 -0.997274
v 0.040368 0.066186 -0.997274
v -0.040368 0.066186 -0.997274
v -0.040368 0.066186 -0.997274
v -0.040368 0.066186 -0.997274
v -0.001863 0.082135 -0.997274
v -0.001863 0.082135 -0.997274
v -0.001863 0.082135 -0.997274
v -0.036873 0.067634 -0.997274
v -0.036873 0.067634 -0.997274
v -0.036873 0.067634 -0.997274
v -0.082132 0.001872 -0.997274
v -0.082132 0.001872 -0.997274
v -0.082132 0.001872 -0.997274
v -0.067629 0.036884 -0.997274
v -0.067629 0.036884 -0.997274
v -0.067629 0.036884 -0.997274
v -0.066182 0.040379 -0.997274
v -0.066182 0.040379 -0.997274
v -0.066182 0.040379 -0.997274
v 0.067627 -0.036889 -0.997274
v 0.067627 -0.036889 -0.997274
v 0.067627 -0.036889 -0.997274
v 0.082129 -0.001878 -0.997274
v 0.082129 -0.001878 -0.997274
v 0.082129 -0.001878 -0.997274
v 0.001864 -0.082135 -0.997274
v 0.001864 -0.082135 -0.997274
v 0.001864 -0.082135 -0.997274
v 0.036870 -0.067635 -0.997274
v 0.036870 -0.067635 -0.997274
v 0.036870 -0.067635 -0.997274
v 0.040365 -0.066187 -0.997274
v 0.040365 -0.066187 -0.997274
v 0.040365 -0.066187 -0.997274
v 0.058624 -0.058624 -0.997274
v 0.058624 -0.058624 -0.997274
v 0.058624 -0.058624 -0.997274
v -0.001864 -0.082135 -0.997274
v -0.001864 -0.082135 -0.997274
v -0.001864 -0.082135 -0.997274
v -0.036870 -0.067635 -0.997274
v -0.036870 -0.067635 -0.997274
v -0.036870 -0.067635 -0.997274
v -0.036870 -0.067635 -0.997274
v -0.066180 -0.040384 -0.997274
v -0.066180 -0.040384 -0.997274
v -0.066180 -0.040384 -0.997274
v -0.067627 -0.036889 -0.997274
v -0.067627 -0.036889 -0.997274
v -0.067627 -0.036889 -0.997274
v -0.082129 -0.001878 -0.997274
v -0.082129 -0.001878 -0.997274
v -0.082129 -0.001878 -0.997274
v -0.060538 -0.060538 -0.997274
v -0.060538 -0.060538 -0.997274
v -0.060538 -0.060538 -0.997274
v 0.060538 -0.060538 -0.997274
v 0.060538 -0.060538 -0.997274
v 0.060538 -0.060538 -0.997274
v 0.060538 0.060538 -0.997274
v 0.060538 0.060538 -0.997274
v 0.060538 0.060538 -0.997274
v 0.085613 0.000000 -0.997274
v 0.085613 0.000000 -0.997274
v 0.085613 0.000000 -0.997274
v -0.085613 0.000000 -0.997274
v -0.085613 0.000000 -0.997274
v -0.085613 0.000000 -0.997274
v -0.060538 0.060538 -0.997274
v -0.060538 0.060538 -0.997274
v -0.060538 0.060538 -0.997274
v 0.000000 -0.085613 -0.997274
v 0.000000 -0.085613 -0.997274
v 0.000000 -0.085613 -0.997274
v 0.000000 0.085613 -0.997274
v 0.000000 0.085613 -0.997274
v 0.000000 0.085613 -0.997274
v -0.058624 0.058624 -0.997274
v -0.058624 0.058624 -0.997274
v -0.058624 0.058624 -0.997274
v 0.058624 0.058624 -0.999773
v 0.058624 0.058624 -0.999773
v 0.058624 0.058624 -0.999773
v 0.058624 0.058624 -0.997274
v 0.058624 0.058624 -0.997274
v 0.058624 0.058624 -0.997274
v -0.058624 -0.058624 -0.999773
v -0.058624 -0.058624 -0.999773
v -0.058624 -0.058624 -0.999773
v -0.058624 -0.058624 -0.997274
v -0.058624 -0.058624 -0.997274
v -0.058624 -0.058624 -0.997274
v 0.058624 -0.058624 -0.999773
v 0.058624 -0.058624 -0.999773
v 0.058624 -0.058624 -0.999773
v -0.040365 -0.066187 -0.997274
v -0.040365 -0.066187 -0.997274
v -0.040365 -0.066187 -0.997274
v 0.066180 -0.040384 -0.999774
v 0.066180 -0.040384 -0.999774
v 0.066180 -0.040384 -0.999774
v 0.000000 0.118453 -0.958984
v 0.000000 0.118453 -0.958984
v 0.000000 0.118453 -0.958984
v 0.083759 0.083759 -0.958984
v 0.083759 0.083759 -0.958984
v 0.083759 0.083759 -0.958984
v -0.083759 0.083759 -0.958984
v -0.083759 0.083759 -0.958984
v -0.083759 0.083759 -0.958984
v 0.000000 0.103324 -0.991484
v 0.000000 0.103324 -0.991484
v 0.000000 0.103324 -0.991484
v 0.103324 0.000000 -0.991484
v 0.103324 0.000000 -0.991484
v 0.103324 0.000000 -0.991484
v 0.073061 -0.073061 -0.991484
v 0.073061 -0.073061 -0.991484
v 0.073061 -0.073061 -0.991484
v -0.073061 -0.073061 -0.991484
v -0.073061 -0.073061 -0.991484
v -0.073061 -0.073061 -0.991484
v -0.103324 0.000000 -0.991484
v -0.103324 0.000000 -0.991484
v -0.103324 0.000000 -0.991484
v -0.073061 0.073061 -0.991484
v -0.073061 0.073061 -0.991484
v -0.073061 0.073061 -0.991484
v -0.031814 -0.090146 -0.958984
v -0.031814 -0.090146 -0.958984
v -0.031814 -0.090146 -0.958984
v -0.031814 -0.090146 -0.958984
v 0.031814 -0.090146 -0.958984
v 0.031814 -0.090146 -0.958984
v 0.031814 -0.090146 -0.958984
v 0.031814 -0.090146 -0.958984
v -0.031814 -0.105275 -0.958984
v -0.031814 -0.105275 -0.958984
v -0.031814 -0.105275 -0.958984
v 0.118453 -0.000000 -0.958984
v 0.118453 -0.000000 -0.958984
v 0.118453 -0.000000 -0.958984
v 0.031814 -0.105275 -0.958984
v 0.031814 -0.105275 -0.958984
v 0.031814 -0.105275 -0.958984
v -0.083759 -0.083759 -0.974862
v -0.083759 -0.083759 -0.974862
v -0.083759 -0.083759 -0.974862
v -0.083759 -0.083759 -0.974862
v 0.000000 -0.118453 -0.974862
v 0.000000 -0.118453 -0.974862
v 0.000000 -0.118453 -0.974862
v 0.000000 -0.118453 -0.974862
v 0.118453 -0.000000 -0.974862
v 0.118453 -0.000000 -0.974862
v 0.118453 -0.000000 -0.974862
v 0.118453 -0.000000 -0.974862
v 0.083759 -0.083759 -0.974862
v 0.083759 -0.083759 -0.974862
v 0.083759 -0.083759 -0.974862
v 0.083759 -0.083759 -0.974862
v -0.118453 -0.000000 -0.974862
v -0.118453 -0.000000 -0.974862
v -0.118453 -0.000000 -0.974862
v -0.118453 -0.000000 -0.974862
v -0.032975 -0.089665 -0.959778
v -0.032975 -0.089665 -0.959778
v 0.116614 0.004439 -0.958984
v 0.116614 0.004439 -0.958984
v 0.116614 0.004439 -0.958984
v 0.078855 0.059073 -0.958984
v 0.078855 0.059073 -0.958984
v 0.078855 0.059073 -0.958984
v 0.092189 0.063406 -0.958984
v 0.092189 0.063406 -0.958984
v 0.092189 0.063406 -0.958984
v 0.083759 -0.083759 -0.958984
v 0.083759 -0.083759 -0.958984
v 0.083759 -0.083759 -0.958984
v 0.103324 -0.000000 -0.958984
v 0.103324 -0.000000 -0.958984
v 0.103324 -0.000000 -0.958984
v 0.103324 -0.000000 -0.958984
v 0.103324 -0.000000 -0.958984
v 0.000000 -0.118453 -0.957057
v 0.000000 -0.118453 -0.957057
v 0.000000 -0.118453 -0.957057
v -0.118453 -0.000000 -0.958984
v -0.118453 -0.000000 -0.958984
v -0.118453 -0.000000 -0.958984
v -0.103324 -0.000000 -0.958984
v -0.103324 -0.000000 -0.958984
v -0.103324 -0.000000 -0.958984
v -0.103324 -0.000000 -0.958984
v -0.103324 -0.000000 -0.958984
v -0.083759 -0.083759 -0.958984
v -0.083759 -0.083759 -0.958984
v -0.083759 -0.083759 -0.958984
v 0.000000 0.103324 -0.958984
v 0.000000 0.103324 -0.958984
v 0.000000 0.103324 -0.958984
v -0.092189 0.063406 -0.958984
v -0.092189 0.063406 -0.958984
v -0.092189 0.063406 -0.958984
v -0.078855 0.059073 -0.958984
v -0.078855 0.059073 -0.958984
v -0.078855 0.059073 -0.958984
v -0.116614 0.004439 -0.958984
v -0.116614 0.004439 -0.958984
v -0.116614 0.004439 -0.958984
v 0.032971 -0.089667 -0.959775
v 0.026843 -0.107334 -0.955585
v 0.026843 -0.107334 -0.955585
v 0.026843 -0.107334 -0.955585
v 0.026843 -0.092205 -0.955585
v 0.026843 -0.092205 -0.955585
v 0.026843 -0.092205 -0.955585
v 0.026843 -0.092205 -0.955585
v 0.024752 -0.108200 -0.942337
v 0.024752 -0.108200 -0.942337
v 0.024752 -0.108200 -0.942337
v 0.024752 -0.093071 -0.942337
v 0.024752 -0.093071 -0.942337
v 0.024752 -0.093071 -0.942337
v 0.000000 -0.103324 -0.938669
v 0.000000 -0.103324 -0.938669
v 0.000000 -0.103324 -0.938669
v 0.000000 -0.103324 -0.938669
v -0.024752 -0.093071 -0.942337
v -0.024752 -0.093071 -0.942337
v -0.024752 -0.093071 -0.942337
v -0.024752 -0.108200 -0.942337
v -0.024752 -0.108200 -0.942337
v -0.024752 -0.108200 -0.942337
v -0.026843 -0.107334 -0.955585
v -0.026843 -0.107334 -0.955585
v -0.026843 -0.107334 -0.955585
v -0.026843 -0.092205 -0.955585
v -0.026843 -0.092205 -0.955585
v -0.026843 -0.092205 -0.955585
v -0.026843 -0.092205 -0.955585
v -0.012042 -0.098336 -0.947330
v -0.012042 -0.098336 -0.947330
v -0.012042 -0.098336 -0.947330
v -0.012042 -0.113464 -0.947330
v -0.012042 -0.113464 -0.947330
v -0.012042 -0.113464 -0.947330
v -0.013060 -0.113043 -0.957057
v -0.013060 -0.113043 -0.957057
v -0.013060 -0.113043 -0.957057
v -0.013060 -0.097914 -0.957057
v -0.013060 -0.097914 -0.957057
v -0.013060 -0.097914 -0.957057
v 0.012042 -0.098336 -0.947330
v 0.012042 -0.098336 -0.947330
v 0.012042 -0.098336 -0.947330
v 0.012042 -0.113464 -0.947330
v 0.012042 -0.113464 -0.947330
v 0.012042 -0.113464 -0.947330
v 0.013060 -0.113043 -0.957057
v 0.013060 -0.113043 -0.957057
v 0.013060 -0.113043 -0.957057
v 0.013060 -0.097914 -0.957057
v 0.013060 -0.097914 -0.957057
v 0.013060 -0.097914 -0.957057
v 0.000000 -0.103324 -0.957057
v 0.000000 -0.103324 -0.957057
v 0.000000 -0.103324 -0.957057
v 0.000000 -0.103324 -0.947330
v 0.000000 -0.103324 -0.947330
v 0.000000 -0.103324 -0.947330
v -0.114706 0.009046 -0.955585
v -0.114706 0.009046 -0.955585
v -0.114706 0.009046 -0.955585
v -0.114706 0.009046 -0.955585
v -0.101372 0.004713 -0.955585
v -0.101372 0.004713 -0.955585
v -0.101372 0.004713 -0.955585
v -0.100569 0.006651 -0.942337
v -0.100569 0.006651 -0.942337
v -0.100569 0.006651 -0.942337
v -0.113903 0.010984 -0.942337
v -0.113903 0.010984 -0.942337
v -0.113903 0.010984 -0.942337
v -0.104402 0.033922 -0.938669
v -0.104402 0.033922 -0.938669
v -0.104402 0.033922 -0.938669
v -0.091068 0.029590 -0.938669
v -0.091068 0.029590 -0.938669
v -0.091068 0.029590 -0.938669
v -0.081566 0.052528 -0.942337
v -0.081566 0.052528 -0.942337
v -0.081566 0.052528 -0.942337
v -0.094900 0.056860 -0.942337
v -0.094900 0.056860 -0.942337
v -0.094900 0.056860 -0.942337
v -0.094097 0.058799 -0.955585
v -0.094097 0.058799 -0.955585
v -0.094097 0.058799 -0.955585
v -0.080763 0.054466 -0.955585
v -0.080763 0.054466 -0.955585
v -0.080763 0.054466 -0.955585
v -0.086445 0.040750 -0.947330
v -0.086445 0.040750 -0.947330
v -0.086445 0.040750 -0.947330
v -0.099779 0.045082 -0.947330
v -0.099779 0.045082 -0.947330
v -0.099779 0.045082 -0.947330
v -0.099388 0.046025 -0.957057
v -0.099388 0.046025 -0.957057
v -0.099388 0.046025 -0.957057
v -0.086054 0.041693 -0.957057
v -0.086054 0.041693 -0.957057
v -0.086054 0.041693 -0.957057
v -0.095690 0.018430 -0.947330
v -0.095690 0.018430 -0.947330
v -0.095690 0.018430 -0.947330
v -0.109024 0.022762 -0.947330
v -0.109024 0.022762 -0.947330
v -0.109024 0.022762 -0.947330
v -0.109415 0.021819 -0.957057
v -0.109415 0.021819 -0.957057
v -0.109415 0.021819 -0.957057
v -0.096081 0.017487 -0.957057
v -0.096081 0.017487 -0.957057
v -0.096081 0.017487 -0.957057
v 0.094097 0.058799 -0.955585
v 0.094097 0.058799 -0.955585
v 0.094097 0.058799 -0.955585
v 0.080763 0.054466 -0.955585
v 0.080763 0.054466 -0.955585
v 0.080763 0.054466 -0.955585
v 0.081566 0.052528 -0.942337
v 0.081566 0.052528 -0.942337
v 0.081566 0.052528 -0.942337
v 0.094900 0.056860 -0.942337
v 0.094900 0.056860 -0.942337
v 0.094900 0.056860 -0.942337
v 0.091068 0.029590 -0.938669
v 0.091068 0.029590 -0.938669
v 0.091068 0.029590 -0.938669
v 0.104402 0.033922 -0.938669
v 0.104402 0.033922 -0.938669
v 0.104402 0.033922 -0.938669
v 0.100569 0.006651 -0.942337
v 0.100569 0.006651 -0.942337
v 0.100569 0.006651 -0.942337
v 0.113903 0.010984 -0.942337
v 0.113903 0.010984 -0.942337
v 0.113903 0.010984 -0.942337
v 0.101372 0.004713 -0.955585
v 0.101372 0.004713 -0.955585
v 0.101372 0.004713 -0.955585
v 0.114706 0.009046 -0.955585
v 0.114706 0.009046 -0.955585
v 0.114706 0.009046 -0.955585
v 0.114706 0.009046 -0.955585
v 0.095690 0.018430 -0.947330
v 0.095690 0.018430 -0.947330
v 0.095690 0.018430 -0.947330
v 0.109024 0.022762 -0.947330
v 0.109024 0.022762 -0.947330
v 0.109024 0.022762 -0.947330
v 0.096081 0.017487 -0.957057
v 0.096081 0.017487 -0.957057
v 0.096081 0.017487 -0.957057
v 0.109415 0.021819 -0.957057
v 0.109415 0.021819 -0.957057
v 0.109415 0.021819 -0.957057
v 0.086445 0.040750 -0.947330
v 0.086445 0.040750 -0.947330
v 0.086445 0.040750 -0.947330
v 0.099779 0.045082 -0.947330
v 0.099779 0.045082 -0.947330
v 0.099779 0.045082 -0.947330
v 0.099388 0.046025 -0.957057
v 0.099388 0.046025 -0.957057
v 0.099388 0.046025 -0.957057
v 0.086054 0.041693 -0.957057
v 0.086054 0.041693 -0.957057
v 0.086054 0.041693 -0.957057
v -0.008289 -0.115019 -0.939898
v -0.008289 -0.115019 -0.939898
v -0.008289 -0.115019 -0.939898
v 0.008289 -0.115019 -0.939898
v 0.008289 -0.115019 -0.939898
v 0.008289 -0.115019 -0.939898
v 0.000000 -0.115019 -0.938669
v 0.000000 -0.115019 -0.938669
v 0.000000 -0.115019 -0.938669
v 0.008289 -0.115019 -0.947330
v 0.008289 -0.115019 -0.947330
v 0.008289 -0.115019 -0.947330
v -0.008289 -0.115019 -0.947330
v -0.008289 -0.115019 -0.947330
v -0.008289 -0.115019 -0.947330
v -0.026399 0.152120 0.824182
v -0.026399 0.152120 0.824182
v -0.026399 0.152120 0.824182
v 0.026405 0.145950 0.824182
v 0.026405 0.145950 0.824182
v 0.026405 0.145950 0.824182
v -0.057993 0.172325 0.824182
v -0.057993 0.172325 0.824182
v -0.057993 0.172325 0.824182
v 0.047172 0.172364 0.824182
v 0.047172 0.172364 0.824182
v 0.047172 0.172364 0.824182
v -0.057993 0.321237 0.824182
v -0.057993 0.321237 0.824182
v -0.057993 0.321237 0.824182
v 0.047172 0.321237 0.824182
v 0.047172 0.321237 0.824182
v 0.047172 0.321237 0.824182
v -0.020621 0.107117 0.836956
v -0.020621 0.107117 0.836956
v -0.020621 0.107117 0.836956
v -0.024871 0.107117 0.832689
v -0.024871 0.107117 0.832689
v -0.024871 0.107117 0.832689
v -0.020621 0.153576 0.836956
v -0.020621 0.153576 0.836956
v -0.020621 0.153576 0.836956
v -0.020621 0.153923 0.834456
v -0.020621 0.153923 0.834456
v -0.020621 0.153923 0.834456
v -0.024871 0.151143 0.832689
v -0.024871 0.151143 0.832689
v -0.024871 0.151143 0.832689
v -0.024871 0.151143 0.832689
v -0.022371 0.152453 0.832689
v -0.022371 0.152453 0.832689
v -0.022371 0.152453 0.832689
v -0.022371 0.152453 0.832689
v 0.024870 0.107117 0.832689
v 0.024870 0.107117 0.832689
v 0.024870 0.107117 0.832689
v 0.020620 0.107117 0.836956
v 0.020620 0.107117 0.836956
v 0.020620 0.107117 0.836956
v 0.020620 0.146370 0.836956
v 0.020620 0.146370 0.836956
v 0.020620 0.146370 0.836956
v 0.020627 0.146743 0.834456
v 0.020627 0.146743 0.834456
v 0.020627 0.146743 0.834456
v 0.024870 0.143998 0.832689
v 0.024870 0.143998 0.832689
v 0.024870 0.143998 0.832689
v 0.024870 0.143998 0.832689
v 0.022377 0.145273 0.832689
v 0.022377 0.145273 0.832689
v 0.022377 0.145273 0.832689
v 0.022377 0.145273 0.832689
v -0.053743 0.174759 0.836956
v -0.053743 0.174759 0.836956
v -0.053743 0.174759 0.836956
v -0.053743 0.173795 0.834456
v -0.053743 0.173795 0.834456
v -0.053743 0.173795 0.834456
v -0.055493 0.172325 0.832689
v -0.055493 0.172325 0.832689
v -0.055493 0.172325 0.832689
v -0.055493 0.172325 0.832689
v -0.057993 0.172325 0.832689
v -0.057993 0.172325 0.832689
v -0.057993 0.172325 0.832689
v -0.057993 0.172325 0.832689
v 0.042922 0.175084 0.834456
v 0.042922 0.175084 0.834456
v 0.042922 0.175084 0.834456
v 0.042922 0.174737 0.836956
v 0.042922 0.174737 0.836956
v 0.042922 0.174737 0.836956
v 0.047172 0.172364 0.832689
v 0.047172 0.172364 0.832689
v 0.047172 0.172364 0.832689
v 0.047172 0.172364 0.832689
v 0.044672 0.173614 0.832689
v 0.044672 0.173614 0.832689
v 0.044672 0.173614 0.832689
v 0.044672 0.173614 0.832689
v 0.044672 0.173614 0.832689
v -0.053743 0.332162 0.836956
v -0.053743 0.332162 0.836956
v -0.053743 0.332162 0.836956
v 0.042922 0.332162 0.836956
v 0.042922 0.332162 0.836956
v 0.042922 0.332162 0.836956
v 0.042922 0.332162 0.836956
v 0.047172 0.332162 0.832689
v 0.047172 0.332162 0.832689
v 0.047172 0.332162 0.832689
v 0.047172 0.332162 0.832689
v -0.055493 0.172325 0.824182
v -0.055493 0.172325 0.824182
v -0.055493 0.172325 0.824182
v -0.055493 0.321237 0.824182
v -0.055493 0.321237 0.824182
v -0.055493 0.321237 0.824182
v 0.044672 0.321237 0.824182
v 0.044672 0.321237 0.824182
v 0.044672 0.321237 0.824182
v 0.044672 0.173614 0.824182
v 0.044672 0.173614 0.824182
v 0.044672 0.173614 0.824182
v -0.023899 0.153370 0.824182
v -0.023899 0.153370 0.824182
v -0.023899 0.153370 0.824182
v 0.023905 0.147200 0.824182
v 0.023905 0.147200 0.824182
v 0.023905 0.147200 0.824182
v 0.023905 0.147200 0.824182
v 0.044672 0.332162 0.832689
v 0.044672 0.332162 0.832689
v 0.044672 0.332162 0.832689
v 0.044672 0.332162 0.832689
v -0.055493 0.332162 0.832689
v -0.055493 0.332162 0.832689
v -0.055493 0.332162 0.832689
v -0.055493 0.332162 0.832689
v 0.042922 0.332162 0.834456
v 0.042922 0.332162 0.834456
v 0.042922 0.332162 0.834456
v -0.053743 0.332162 0.834456
v -0.053743 0.332162 0.834456
v -0.053743 0.332162 0.834456
v 0.022377 0.107117 0.832689
v 0.022377 0.107117 0.832689
v 0.022377 0.107117 0.832689
v 0.022377 0.107117 0.832689
v -0.022371 0.107117 0.832689
v -0.022371 0.107117 0.832689
v -0.022371 0.107117 0.832689
v -0.022371 0.107117 0.832689
v -0.020621 0.107117 0.834456
v -0.020621 0.107117 0.834456
v -0.020621 0.107117 0.834456
v 0.020627 0.107117 0.834456
v 0.020627 0.107117 0.834456
v 0.020627 0.107117 0.834456
v 0.015000 0.332162 0.834456
v 0.015000 0.332162 0.834456
v 0.015000 0.332162 0.834456
v 0.015000 0.332162 0.834456
v 0.015000 0.332162 0.836956
v 0.015000 0.332162 0.836956
v 0.015000 0.332162 0.836956
v 0.015000 0.332162 0.836956
v -0.015000 0.332162 0.836956
v -0.015000 0.332162 0.836956
v -0.015000 0.332162 0.836956
v -0.015000 0.332162 0.836956
v -0.015000 0.332162 0.834456
v -0.015000 0.332162 0.834456
v -0.015000 0.332162 0.834456
v -0.015000 0.332162 0.834456
v -0.015000 0.352692 0.844085
v -0.015000 0.352692 0.844085
v -0.015000 0.352692 0.844085
v 0.015000 0.352692 0.844086
v 0.015000 0.352692 0.844086
v 0.015000 0.352692 0.844086
v 0.015000 0.353510 0.841697
v 0.015000 0.353510 0.841697
v 0.015000 0.353510 0.841697
v -0.015000 0.353510 0.841697
v -0.015000 0.353510 0.841697
v -0.015000 0.353510 0.841697
v -0.057993 0.332162 0.832689
v -0.057993 0.332162 0.832689
v -0.057993 0.332162 0.832689
v -0.057993 0.332162 0.832689
v 0.038125 0.303559 0.834456
v 0.038125 0.303559 0.834456
v 0.038125 0.303559 0.834456
v 0.038125 0.326329 0.834456
v 0.038125 0.326329 0.834456
v 0.038125 0.326329 0.834456
v 0.038125 0.292330 0.834456
v 0.038125 0.292330 0.834456
v 0.038125 0.292330 0.834456
v 0.038125 0.247249 0.834456
v 0.038125 0.247249 0.834456
v 0.038125 0.247249 0.834456
v 0.038125 0.247249 0.834456
v 0.038125 0.255528 0.834456
v 0.038125 0.255528 0.834456
v 0.038125 0.255528 0.834456
v 0.038125 0.271778 0.834456
v 0.038125 0.271778 0.834456
v 0.038125 0.271778 0.834456
v 0.038125 0.277330 0.834456
v 0.038125 0.277330 0.834456
v 0.038125 0.277330 0.834456
v 0.038125 0.178583 0.834456
v 0.038125 0.178583 0.834456
v 0.038125 0.178583 0.834456
v -0.038125 0.255528 0.834456
v -0.038125 0.255528 0.834456
v -0.038125 0.255528 0.834456
v -0.038125 0.271778 0.834456
v -0.038125 0.271778 0.834456
v -0.038125 0.271778 0.834456
v -0.038125 0.277330 0.834456
v -0.038125 0.277330 0.834456
v -0.038125 0.277330 0.834456
v -0.038125 0.292330 0.834456
v -0.038125 0.292330 0.834456
v -0.038125 0.292330 0.834456
v -0.038125 0.303559 0.834456
v -0.038125 0.303559 0.834456
v -0.038125 0.303559 0.834456
v -0.038125 0.326329 0.834456
v -0.038125 0.326329 0.834456
v -0.038125 0.326329 0.834456
v -0.003825 0.298559 0.834456
v -0.003825 0.298559 0.834456
v -0.003825 0.298559 0.834456
v -0.003825 0.298559 0.834456
v -0.003825 0.298559 0.834456
v -0.003825 0.292330 0.834456
v -0.003825 0.292330 0.834456
v -0.003825 0.292330 0.834456
v 0.004781 0.277330 0.834456
v 0.004781 0.277330 0.834456
v 0.004781 0.277330 0.834456
v 0.004781 0.277330 0.834456
v 0.004781 0.277330 0.834456
v 0.003825 0.298559 0.834456
v 0.003825 0.298559 0.834456
v 0.003825 0.298559 0.834456
v 0.003825 0.298559 0.834456
v 0.003825 0.298559 0.834456
v -0.000000 0.296080 0.834456
v -0.000000 0.296080 0.834456
v -0.000000 0.296080 0.834456
v -0.000000 0.285205 0.834456
v -0.000000 0.285205 0.834456
v -0.000000 0.285205 0.834456
v -0.000000 0.304859 0.834456
v -0.000000 0.304859 0.834456
v -0.000000 0.304859 0.834456
v 0.003825 0.292330 0.834456
v 0.003825 0.292330 0.834456
v 0.003825 0.292330 0.834456
v -0.048943 0.178583 0.834456
v -0.048943 0.178583 0.834456
v -0.048943 0.178583 0.834456
v -0.048943 0.247249 0.834456
v -0.048943 0.247249 0.834456
v -0.048943 0.247249 0.834456
v -0.003187 0.255528 0.834456
v -0.003187 0.255528 0.834456
v -0.003187 0.255528 0.834456
v -0.003187 0.255528 0.834456
v -0.003187 0.255528 0.834456
v -0.004781 0.277330 0.834456
v -0.004781 0.277330 0.834456
v -0.004781 0.277330 0.834456
v -0.004781 0.277330 0.834456
v -0.004781 0.277330 0.834456
v 0.038125 0.178583 0.836956
v 0.038125 0.178583 0.836956
v 0.038125 0.178583 0.836956
v 0.038125 0.277330 0.836956
v 0.038125 0.277330 0.836956
v 0.038125 0.277330 0.836956
v 0.038125 0.277330 0.836956
v 0.038125 0.247249 0.836956
v 0.038125 0.247249 0.836956
v 0.038125 0.247249 0.836956
v 0.038125 0.247249 0.836956
v 0.038125 0.255528 0.836956
v 0.038125 0.255528 0.836956
v 0.038125 0.255528 0.836956
v 0.038125 0.326329 0.836956
v 0.038125 0.326329 0.836956
v 0.038125 0.326329 0.836956
v 0.038125 0.303559 0.836956
v 0.038125 0.303559 0.836956
v 0.038125 0.303559 0.836956
v 0.038125 0.292330 0.836956
v 0.038125 0.292330 0.836956
v 0.038125 0.292330 0.836956
v -0.048943 0.178583 0.836956
v -0.048943 0.178583 0.836956
v -0.048943 0.178583 0.836956
v -0.048943 0.247249 0.836956
v -0.048943 0.247249 0.836956
v -0.048943 0.247249 0.836956
v -0.038125 0.255528 0.836956
v -0.038125 0.255528 0.836956
v -0.038125 0.255528 0.836956
v -0.003825 0.298559 0.836956
v -0.003825 0.298559 0.836956
v -0.003825 0.298559 0.836956
v -0.003825 0.292330 0.836956
v -0.003825 0.292330 0.836956
v -0.003825 0.292330 0.836956
v 0.004781 0.277330 0.836956
v 0.004781 0.277330 0.836956
v 0.004781 0.277330 0.836956
v 0.003825 0.298559 0.836956
v 0.003825 0.298559 0.836956
v 0.003825 0.298559 0.836956
v -0.000000 0.296080 0.836956
v -0.000000 0.296080 0.836956
v -0.000000 0.296080 0.836956
v -0.000000 0.285205 0.836956
v -0.000000 0.285205 0.836956
v -0.000000 0.285205 0.836956
v -0.000000 0.285205 0.836956
v -0.000000 0.285205 0.836956
v -0.000000 0.304859 0.836956
v -0.000000 0.304859 0.836956
v -0.000000 0.304859 0.836956
v -0.000000 0.304859 0.836956
v -0.000000 0.304859 0.836956
v 0.038125 0.271778 0.836956
v 0.038125 0.271778 0.836956
v 0.038125 0.271778 0.836956
v 0.038125 0.271778 0.836956
v 0.003825 0.292330 0.836956
v 0.003825 0.292330 0.836956
v 0.003825 0.292330 0.836956
v -0.038125 0.271778 0.836956
v -0.038125 0.271778 0.836956
v -0.038125 0.271778 0.836956
v -0.038125 0.277330 0.836956
v -0.038125 0.277330 0.836956
v -0.038125 0.277330 0.836956
v -0.038125 0.292330 0.836956
v -0.038125 0.292330 0.836956
v -0.038125 0.292330 0.836956
v -0.038125 0.303559 0.836956
v -0.038125 0.303559 0.836956
v -0.038125 0.303559 0.836956
v -0.038125 0.326329 0.836956
v -0.038125 0.326329 0.836956
v -0.038125 0.326329 0.836956
v -0.004781 0.277330 0.836956
v -0.004781 0.277330 0.836956
v -0.004781 0.277330 0.836956
v 0.026405 0.124189 0.824182
v 0.026405 0.124189 0.824182
v 0.026405 0.124189 0.824182
v 0.026405 0.124189 0.824182
v 0.023905 0.124189 0.824182
v 0.023905 0.124189 0.824182
v 0.023905 0.124189 0.824182
v 0.023905 0.124189 0.824182
v 0.023905 0.124189 0.824182
v -0.026399 0.124189 0.824182
v -0.026399 0.124189 0.824182
v -0.026399 0.124189 0.824182
v -0.026399 0.124189 0.824182
v -0.023899 0.124189 0.824182
v -0.023899 0.124189 0.824182
v -0.023899 0.124189 0.824182
v -0.023899 0.124189 0.824182
v -0.025074 0.113990 0.817637
v -0.025074 0.113990 0.817637
v -0.025074 0.113990 0.817637
v -0.025074 0.113990 0.817637
v -0.027500 0.113990 0.818050
v -0.027500 0.113990 0.818050
v -0.027500 0.113990 0.818050
v 0.027511 0.113990 0.818050
v 0.027511 0.113990 0.818050
v 0.027511 0.113990 0.818050
v 0.025085 0.113990 0.817637
v 0.025085 0.113990 0.817637
v 0.025085 0.113990 0.817637
v 0.025085 0.113990 0.817637
v 0.025085 0.113990 0.817637
v 0.025974 0.107117 0.826568
v 0.025974 0.107117 0.826568
v 0.025974 0.107117 0.826568
v 0.023510 0.107117 0.826395
v 0.023510 0.107117 0.826395
v 0.023510 0.107117 0.826395
v 0.023510 0.107117 0.826395
v 0.023510 0.107117 0.826395
v -0.023501 0.107117 0.826395
v -0.023501 0.107117 0.826395
v -0.023501 0.107117 0.826395
v -0.025970 0.107117 0.826567
v -0.025970 0.107117 0.826567
v -0.025970 0.107117 0.826567
v -0.023501 0.102905 0.826395
v -0.023501 0.102905 0.826395
v -0.023501 0.102905 0.826395
v 0.025974 0.102905 0.826568
v 0.025974 0.102905 0.826568
v 0.025974 0.102905 0.826568
v 0.023510 0.102905 0.826395
v 0.023510 0.102905 0.826395
v 0.023510 0.102905 0.826395
v -0.025970 0.102905 0.826567
v -0.025970 0.102905 0.826567
v -0.025970 0.102905 0.826567
v 0.026928 0.102905 0.821282
v 0.026928 0.102905 0.821282
v 0.026928 0.102905 0.821282
v 0.027511 0.106188 0.818050
v 0.027511 0.106188 0.818050
v 0.027511 0.106188 0.818050
v 0.025085 0.106188 0.817637
v 0.025085 0.106188 0.817637
v 0.025085 0.106188 0.817637
v 0.024504 0.102905 0.820869
v 0.024504 0.102905 0.820869
v 0.024504 0.102905 0.820869
v -0.027500 0.106188 0.818050
v -0.027500 0.106188 0.818050
v -0.027500 0.106188 0.818050
v -0.026919 0.102905 0.821282
v -0.026919 0.102905 0.821282
v -0.026919 0.102905 0.821282
v -0.024494 0.102905 0.820869
v -0.024494 0.102905 0.820869
v -0.024494 0.102905 0.820869
v -0.025074 0.106188 0.817637
v -0.025074 0.106188 0.817637
v -0.025074 0.106188 0.817637
v 0.030625 0.298559 0.834456
v 0.030625 0.298559 0.834456
v 0.030625 0.298559 0.834456
v 0.030625 0.298559 0.836956
v 0.030625 0.298559 0.836956
v 0.030625 0.298559 0.836956
v -0.030625 0.298559 0.834456
v -0.030625 0.298559 0.834456
v -0.030625 0.298559 0.834456
v -0.030625 0.298559 0.836956
v -0.030625 0.298559 0.836956
v -0.030625 0.298559 0.836956
v -0.030625 0.303559 0.836956
v -0.030625 0.303559 0.836956
v -0.030625 0.303559 0.836956
v -0.030625 0.303559 0.834456
v -0.030625 0.303559 0.834456
v -0.030625 0.303559 0.834456
v 0.030625 0.303559 0.834456
v 0.030625 0.303559 0.834456
v 0.030625 0.303559 0.834456
v 0.030625 0.303559 0.836956
v 0.030625 0.303559 0.836956
v 0.030625 0.303559 0.836956
v 0.017500 0.277330 0.834456
v 0.017500 0.277330 0.834456
v 0.017500 0.277330 0.834456
v 0.017500 0.277330 0.836956
v 0.017500 0.277330 0.836956
v 0.017500 0.277330 0.836956
v 0.011250 0.277330 0.834456
v 0.011250 0.277330 0.834456
v 0.011250 0.277330 0.834456
v 0.011250 0.277330 0.836956
v 0.011250 0.277330 0.836956
v 0.011250 0.277330 0.836956
v -0.017500 0.277330 0.834456
v -0.017500 0.277330 0.834456
v -0.017500 0.277330 0.834456
v -0.017500 0.277330 0.836956
v -0.017500 0.277330 0.836956
v -0.017500 0.277330 0.836956
v -0.011250 0.277330 0.834456
v -0.011250 0.277330 0.834456
v -0.011250 0.277330 0.834456
v -0.011250 0.277330 0.836956
v -0.011250 0.277330 0.836956
v -0.011250 0.277330 0.836956
v -0.010000 0.255528 0.834456
v -0.010000 0.255528 0.834456
v -0.010000 0.255528 0.834456
v -0.010000 0.255528 0.836956
v -0.010000 0.255528 0.836956
v -0.010000 0.255528 0.836956
v -0.005000 0.255528 0.834456
v -0.005000 0.255528 0.834456
v -0.005000 0.255528 0.834456
v -0.005000 0.255528 0.836956
v -0.005000 0.255528 0.836956
v -0.005000 0.255528 0.836956
v 0.010000 0.255528 0.834456
v 0.010000 0.255528 0.834456
v 0.010000 0.255528 0.834456
v 0.010000 0.255528 0.836956
v 0.010000 0.255528 0.836956
v 0.010000 0.255528 0.836956
v 0.005000 0.255528 0.834456
v 0.005000 0.255528 0.834456
v 0.005000 0.255528 0.834456
v 0.005000 0.255528 0.834456
v 0.005000 0.255528 0.836956
v 0.005000 0.255528 0.836956
v 0.005000 0.255528 0.836956
v 0.005000 0.255528 0.836956
v 0.017500 0.282330 0.836956
v 0.017500 0.282330 0.836956
v 0.017500 0.282330 0.836956
v 0.017500 0.282330 0.834456
v 0.017500 0.282330 0.834456
v 0.017500 0.282330 0.834456
v 0.011250 0.282330 0.834456
v 0.011250 0.282330 0.834456
v 0.011250 0.282330 0.834456
v 0.011250 0.282330 0.836956
v 0.011250 0.282330 0.836956
v 0.011250 0.282330 0.836956
v -0.017500 0.282330 0.836956
v -0.017500 0.282330 0.836956
v -0.017500 0.282330 0.836956
v -0.017500 0.282330 0.834456
v -0.017500 0.282330 0.834456
v -0.017500 0.282330 0.834456
v -0.011250 0.282330 0.834456
v -0.011250 0.282330 0.834456
v -0.011250 0.282330 0.834456
v -0.011250 0.282330 0.836956
v -0.011250 0.282330 0.836956
v -0.011250 0.282330 0.836956
v -0.010000 0.259278 0.836956
v -0.010000 0.259278 0.836956
v -0.010000 0.259278 0.836956
v -0.010000 0.259278 0.834456
v -0.010000 0.259278 0.834456
v -0.010000 0.259278 0.834456
v -0.005000 0.259278 0.834456
v -0.005000 0.259278 0.834456
v -0.005000 0.259278 0.834456
v -0.005000 0.259278 0.836956
v -0.005000 0.259278 0.836956
v -0.005000 0.259278 0.836956
v 0.010000 0.259278 0.834456
v 0.010000 0.259278 0.834456
v 0.010000 0.259278 0.834456
v 0.010000 0.259278 0.836956
v 0.010000 0.259278 0.836956
v 0.010000 0.259278 0.836956
v 0.005000 0.259278 0.834456
v 0.005000 0.259278 0.834456
v 0.005000 0.259278 0.834456
v 0.005000 0.259278 0.836956
v 0.005000 0.259278 0.836956
v 0.005000 0.259278 0.836956
v 0.003187 0.255528 0.836956
v 0.003187 0.255528 0.836956
v 0.003187 0.255528 0.836956
v 0.003187 0.255528 0.836956
v -0.000000 0.260778 0.836956
v -0.000000 0.260778 0.836956
v -0.000000 0.260778 0.836956
v -0.000000 0.260778 0.836956
v -0.000000 0.260778 0.836956
v -0.003187 0.255528 0.836956
v -0.003187 0.255528 0.836956
v -0.003187 0.255528 0.836956
v 0.003187 0.255528 0.834456
v 0.003187 0.255528 0.834456
v 0.003187 0.255528 0.834456
v 0.003187 0.255528 0.834456
v 0.003187 0.255528 0.834456
v 0.003187 0.255528 0.834456
v -0.000000 0.260778 0.834456
v -0.000000 0.260778 0.834456
v -0.000000 0.260778 0.834456
vn 0.3827 0.9239 -0.0000
vn 0.9239 0.3827 -0.0000
vn 0.9239 -0.3827 -0.0000
vn 0.3827 -0.9239 -0.0000
vn -0.3827 -0.9239 -0.0000
vn -0.9239 -0.3827 -0.0000
vn -0.0000 -0.0000 1.0000
vn -0.9239 0.3827 -0.0000
vn -0.3827 0.9239 -0.0000
vn -0.0000 -0.0000 -1.0000
vn 1.0000 -0.0000 -0.0000
vn -1.0000 -0.0000 -0.0000
vn 0.5312 -0.8461 -0.0441
vn -0.6844 -0.7268 -0.0568
vn -0.0000 -0.7071 -0.7071
vn -0.0000 -0.7071 0.7071
vn -0.0000 0.7071 0.7071
vn -0.0000 0.9622 0.2722
vn -0.5000 0.8660 -0.0000
vn -0.0000 -1.0000 -0.0000
vn -0.3860 -0.9225 -0.0000
vn 0.5002 -0.8659 -0.0000
vn -0.5002 -0.8659 -0.0000
vn -0.5820 -0.0000 -0.8132
vn -0.5820 0.7042 0.4066
vn -0.0000 0.9594 0.2820
vn -0.0000 1.0000 -0.0000
vn 0.5000 0.8660 -0.0000
vn -0.0000 -0.8660 0.5000
vn 0.5820 -0.0000 0.8132
vn -0.0000 0.9622 -0.2722
vn -0.0000 0.7071 -0.7071
vn -0.0000 0.7313 -0.6821
vn -0.5820 -0.7042 0.4066
vn -0.5000 -0.8660 -0.0000
vn 0.5820 -0.7042 -0.4066
vn 0.5000 -0.8660 -0.0000
vn 0.3860 -0.9225 -0.0000
vn 0.5820 -0.0000 -0.8132
vn -0.0000 0.8660 0.5000
vn -0.5820 -0.7042 -0.4066
vn -0.0000 0.8660 -0.5000
vn -0.0000 -0.8660 -0.5000
vn 0.5820 0.7042 0.4066
vn 0.5820 0.7042 -0.4066
vn -0.5820 0.7042 -0.4066
vn -0.0000 -0.9739 -0.2272
vn -0.5820 -0.0000 0.8132
vn 0.5820 -0.7042 0.4066
vn 0.7627 -0.6467 -0.0000
vn -0.0000 0.8670 -0.4983
vn -0.7627 0.6467 -0.0000
vn -0.7627 -0.6467 -0.0000
vn -0.0000 0.8670 0.4983
vn 0.7627 0.6467 -0.0000
vn -0.0000 -0.5000 -0.8660
vn -0.0000 -0.5000 0.8660
vn -0.0000 0.5000 0.8660
vn -0.0000 0.5000 -0.8660
vn -0.8303 0.5573 -0.0000
vn 0.8303 0.5573 -0.0000
vn -0.9235 -0.3836 -0.0000
vn 0.5000 -0.0000 0.8660
vn 0.5000 -0.0000 -0.8660
vn -0.5000 -0.0000 -0.8660
vn -0.5000 -0.0000 0.8660
vn 0.7798 0.6250 0.0360
vn 0.9826 0.0770 -0.1688
vn 0.9926 0.1114 -0.0476
vn 0.4446 -0.8957 -0.0004
vn 0.2328 0.9725 -0.0000
vn 0.9924 -0.1131 -0.0493
vn 0.8804 -0.3647 -0.3032
vn -0.8882 0.1745 -0.4250
vn -0.9982 0.0335 -0.0493
vn 0.0913 0.2414 0.9661
vn -0.9997 0.0116 -0.0192
vn 0.9997 0.0223 -0.0068
vn 0.4067 -0.8255 -0.3914
vn 0.6083 -0.7937 -0.0000
vn 0.4067 -0.8255 0.3914
vn -0.4067 -0.8255 0.3914
vn -0.6083 -0.7937 -0.0000
vn -0.4067 -0.8255 -0.3914
vn 0.4067 -0.8255 0.3913
vn -0.4067 -0.8255 0.3913
vn 0.1149 0.4801 -0.8696
vn 0.2083 -0.4197 0.8834
vn -0.3601 0.9327 0.0177
vn -0.3537 -0.9352 -0.0163
vn 0.4838 0.8740 -0.0458
vn -0.2979 -0.9420 -0.1544
vn -0.2769 -0.9597 -0.0476
vn -0.4842 -0.8735 -0.0493
vn 0.3858 0.9203 -0.0650
vn 0.4129 0.9094 -0.0493
vn 0.3921 0.9198 -0.0174
vn -0.3655 -0.9308 -0.0056
vn -0.8497 0.0228 -0.5268
vn -0.9661 -0.2582 -0.0000
vn -0.8497 0.0228 0.5268
vn -0.6169 0.5847 0.5268
vn -0.5005 0.8657 -0.0000
vn -0.6169 0.5847 -0.5268
vn -0.8497 0.0227 -0.5268
vn -0.9661 -0.2583 -0.0000
vn -0.8497 0.0227 0.5268
vn -0.6169 0.5848 -0.5268
vn 0.2759 -0.9601 -0.0458
vn -0.4554 0.8768 -0.1544
vn -0.4828 0.8744 -0.0476
vn -0.2753 0.9601 -0.0493
vn 0.3779 -0.9235 -0.0650
vn 0.3511 -0.9350 -0.0493
vn 0.3731 -0.9276 -0.0174
vn -0.3997 0.9166 -0.0056
vn 0.6169 0.5847 -0.5268
vn 0.5005 0.8657 -0.0000
vn 0.6169 0.5847 0.5268
vn 0.8497 0.0228 0.5268
vn 0.9661 -0.2583 -0.0000
vn 0.8497 0.0228 -0.5268
vn 0.6169 0.5848 -0.5268
vn 0.8497 0.0227 0.5268
vn 0.8497 0.0227 -0.5268
vn 0.2991 0.1239 -0.9462
vn -0.0000 -0.3813 -0.9244
vn -0.0000 0.9529 -0.3032
vn -0.0000 0.5589 -0.8292
vn 1.0000 0.0008 -0.0000
vn -0.0000 -0.5728 0.8197
vn 0.4464 -0.1849 -0.8755
vn -0.9924 0.1108 -0.0528
vn 0.9977 -0.0535 0.0407
vn 0.9883 0.1446 -0.0485
vn 0.3537 -0.9352 -0.0169
vn 0.3601 0.9327 -0.0196
vn 0.9979 0.0517 -0.0385
vn -0.2077 -0.4185 0.8842
vn -0.2101 0.4054 -0.8897
vn -0.9990 0.0208 -0.0403
vn -0.0000 0.3581 0.9337
vn -0.9986 0.0139 -0.0506
vn -0.0913 0.2415 0.9661
vn -0.0892 0.2310 0.9689
vn 0.0892 0.2309 0.9689
vn -0.9998 0.0198 -0.0061
vn 0.9997 0.0253 -0.0020
vn -0.4601 0.8879 0.0001
vn -0.4446 -0.8957 0.0004
vn 0.5483 0.8349 -0.0478
vn -0.4370 -0.8989 0.0312
vn -0.2446 -0.9684 -0.0485
vn -0.3341 -0.9417 -0.0385
vn 0.4706 0.8609 -0.1934
vn 0.3950 0.9173 -0.0506
vn 0.3979 0.9174 -0.0051
vn -0.3620 -0.9322 0.0020
vn 0.2026 -0.9781 -0.0478
vn -0.3266 0.9446 0.0312
vn -0.5118 0.8577 -0.0485
vn -0.2991 0.1239 -0.9462
vn -0.4297 0.9022 -0.0385
vn 0.4566 0.1891 0.8694
vn 0.2760 -0.9415 -0.1934
vn -0.4464 -0.1849 -0.8755
vn -0.2752 -0.1140 0.9546
vn 0.3693 -0.9279 -0.0506
vn 0.3674 -0.9300 -0.0051
vn -0.4033 0.9151 0.0020
vn -1.0000 0.0008 -0.0000
vn -0.8804 -0.3647 -0.3032
vn 0.2752 -0.1140 0.9546
vn 0.2240 -0.0928 0.9702
vn -0.2240 -0.0928 0.9702
vn -0.4566 0.1891 0.8694
vn 0.8012 -0.5031 -0.3241
vn 0.7576 -0.6527 -0.0000
vn 0.8012 -0.5031 0.3241
vn 0.8023 0.5011 0.3243
vn 0.7590 0.6511 -0.0000
vn 0.8023 0.5011 -0.3243
vn -0.8012 -0.5031 -0.3241
vn -0.7576 -0.6527 -0.0000
vn -0.8012 -0.5031 0.3241
vn -0.8023 0.5011 0.3243
vn -0.7590 0.6511 -0.0000
vn -0.8023 0.5011 -0.3243
vn -0.7938 0.2781 -0.5409
vn -0.7864 0.2946 0.5429
vn -0.8126 0.2096 -0.5438
vn -0.7859 0.2944 -0.5438
vn -0.7943 0.2783 0.5401
vn -0.8103 0.2276 0.5401
vn -0.8132 0.2097 0.5429
vn -0.8098 0.2275 -0.5409
vn -0.0167 0.0091 -0.9998
vn -0.0033 0.0202 -0.9998
vn 0.2638 -0.9646 -0.0005
vn 0.0222 0.0114 -0.9997
vn 0.9280 0.3726 -0.0028
vn -0.2967 -0.9550 -0.0000
vn 0.2774 -0.9607 0.0051
vn -0.0120 0.0101 0.9999
vn -0.0153 0.0048 0.9999
vn 0.0120 0.0014 0.9999
vn 0.0100 -0.0026 0.9999
vn 0.0035 0.0060 1.0000
vn 0.0208 -0.0074 -0.9998
vn 0.9262 0.3770 -0.0007
vn -0.9228 0.3852 -0.0000
vn -0.9249 0.3802 -0.0000
vn -0.3004 -0.9538 0.0067
vn -0.3009 -0.9536 0.0045
vn 0.3047 0.9525 -0.0000
vn -0.3034 -0.9529 -0.0000
vn 0.9541 -0.2994 -0.0000
vn -0.0011 -0.0055 -1.0000
vn 0.0008 0.0056 1.0000
vn -0.3168 -0.9485 -0.0000
vn 0.9533 -0.3020 -0.0000
vn 0.4767 -0.1510 0.8660
vn -0.9239 0.3827 -0.0014
vn 0.4767 -0.1510 -0.8660
vn 0.2845 0.9587 -0.0000
vn 0.4771 -0.1497 -0.8660
vn 0.4771 -0.1497 0.8660
vn -0.4766 0.1510 0.8660
vn -0.4767 0.1510 -0.8660
vn -0.9541 0.2994 -0.0000
vn -0.3827 -0.9239 0.0055
vn 0.9239 -0.3827 0.0014
vn -0.2893 0.9572 -0.0000
vn -0.0008 -0.0056 -1.0000
vn 0.3827 0.9239 -0.0055
vn -0.4771 0.1497 -0.8660
vn -0.4771 0.1497 0.8660
vn -0.9533 0.3020 -0.0000
vn -0.9307 -0.3658 -0.0000
vn -0.0000 1.0000 -0.0029
vn -0.0000 -0.0003 -1.0000
vn -0.0000 -0.1913 0.9815
vn -0.0000 0.6317 0.7752
vn 0.8064 0.5914 -0.0000
vn -0.0000 0.5856 0.8106
vn 0.7458 0.6661 -0.0000
vn 0.8638 -0.5039 -0.0000
vn 0.8247 0.5656 -0.0000
vn -0.7677 0.6408 -0.0000
vn -0.7458 0.6661 -0.0000
vn -0.9622 -0.2722 -0.0000
vn -0.9950 0.1003 -0.0000
vn -0.8064 0.5914 -0.0000
vn 0.9950 0.1003 -0.0000
vn -0.0000 0.0274 -0.9996
vn -0.7038 0.7104 -0.0000
vn 0.8063 0.5914 -0.0000
vn 0.7039 0.7103 -0.0000
vn 0.9622 -0.2722 -0.0000
vn 0.7677 0.6408 -0.0000
vn -0.8247 0.5656 -0.0000
vn -0.8637 -0.5039 -0.0000
vn 0.0001 0.6316 0.7753
vn 0.5700 0.6799 -0.4614
vn 0.8161 0.5780 -0.0000
vn 0.5700 0.6799 0.4614
vn 0.0777 0.8838 0.4614
vn -0.1684 0.9857 -0.0000
vn 0.0777 0.8838 -0.4614
vn 0.8161 0.5779 -0.0000
vn 0.8103 0.3612 -0.4614
vn 0.9868 0.1617 -0.0000
vn 0.8103 0.3612 0.4614
vn 0.4573 0.7603 0.4614
vn 0.2808 0.9598 -0.0000
vn 0.4573 0.7603 -0.4614
vn -0.5700 0.6799 -0.4614
vn -0.8161 0.5780 -0.0000
vn -0.5700 0.6799 0.4614
vn -0.0777 0.8838 0.4614
vn 0.1684 0.9857 -0.0000
vn -0.0777 0.8838 -0.4614
vn -0.8161 0.5779 -0.0000
vn -0.8103 0.3612 -0.4614
vn -0.9868 0.1617 -0.0000
vn -0.8103 0.3612 0.4614
vn -0.4573 0.7603 0.4614
vn -0.2808 0.9598 -0.0000
vn -0.4573 0.7603 -0.4614
vn -0.0020 -0.0049 -1.0000
vn 0.4559 -0.8900 -0.0000
vn -0.4559 -0.8900 -0.0000
vn 0.9044 -0.4267 -0.0000
vn -0.6148 0.7887 -0.0000
vn 0.6148 0.7887 -0.0000
vn 0.7850 -0.0000 -0.6195
vn 0.3941 -0.6825 -0.6155
vn -0.3972 -0.6879 -0.6075
vn 0.3941 0.6825 -0.6156
vn -0.3972 0.6879 -0.6075
vn -0.7975 -0.0000 -0.6033
vn 0.3940 -0.6825 -0.6155
vn 0.3941 0.6825 -0.6155
vn -0.3972 0.6879 -0.6074
vn 0.3028 -0.0000 0.9530
vn -0.4012 0.6948 -0.5970
vn 0.4012 0.6948 -0.5970
vn 0.4011 -0.6948 -0.5970
vn -0.8023 -0.0000 -0.5970
vn -0.4011 -0.6948 -0.5970
vn -0.4011 -0.6948 -0.5969
vn -0.4011 0.6948 -0.5969
vn 0.8023 -0.0000 -0.5970
vn 0.4011 0.6948 -0.5970
vn -0.9728 0.2318 -0.0000
vn 0.9728 0.2318 -0.0000
vn -0.9044 -0.4267 -0.0000
vn -0.9917 -0.1285 -0.0000
vn 0.9917 -0.1285 -0.0000
vn -0.4958 -0.1285 -0.8589
vn -0.4959 -0.1285 0.8588
vn 0.4959 -0.1285 0.8588
vn 0.4958 -0.1285 -0.8589
vn 0.2403 0.8770 -0.4162
vn 0.4806 0.8770 -0.0000
vn 0.2403 0.8770 0.4162
vn -0.2403 0.8770 0.4162
vn -0.4806 0.8770 -0.0000
vn -0.2403 0.8770 -0.4162
vn 0.1463 -0.2676 -0.9524
vn 0.1881 -0.1880 -0.9640
vn 0.9020 -0.4318 -0.0000
vn -0.9347 -0.3555 -0.0000
vn 0.2256 -0.2256 -0.9478
vn -0.4346 -0.9006 -0.0000
vn -0.4457 -0.8952 -0.0000
vn 0.4231 0.9061 -0.0000
vn 0.9593 0.2822 -0.0000
vn -0.8838 -0.0777 -0.4614
vn -0.9857 0.1684 -0.0000
vn -0.8838 -0.0777 0.4614
vn -0.6799 -0.5700 0.4614
vn -0.5779 -0.8161 -0.0000
vn -0.6799 -0.5700 -0.4614
vn 0.1903 -0.9179 -0.3481
vn 0.0454 -0.9990 -0.0000
vn 0.1903 -0.9179 0.3481
vn 0.9179 -0.1903 0.3481
vn 0.9990 -0.0454 -0.0000
vn 0.9179 -0.1903 -0.3481
vn -0.7473 0.3859 -0.5409
vn -0.7378 0.4012 0.5429
vn -0.7618 0.3590 -0.5393
vn -0.7713 0.3323 0.5428
vn -0.6533 -0.2706 0.7071
vn -0.4510 0.2159 0.8660
vn 0.4510 -0.2159 -0.8660
vn 0.9411 0.3381 -0.0000
vn -0.4510 0.2159 -0.8660
vn -0.7071 -0.7071 -0.0000
vn -0.9593 0.2822 -0.0000
vn -0.0000 0.0001 -1.0000
vn -0.9020 0.4318 -0.0000
vn -0.1379 -0.2523 -0.9578
vn -0.2706 0.6533 0.7071
vn -0.7071 0.7071 -0.0000
vn 0.2706 0.6533 0.7071
vn -0.9680 -0.0000 -0.2508
vn -0.6789 -0.7342 -0.0000
vn 0.7071 0.7071 -0.0000
vn 0.6533 0.2706 0.7071
vn 0.4342 0.9008 -0.0000
vn 0.7071 -0.7071 -0.0000
vn 0.6533 -0.2706 0.7071
vn 0.4343 0.9008 -0.0000
vn 0.0623 0.9981 -0.0000
vn 0.0391 0.9992 -0.0000
vn 0.9680 -0.0000 -0.2508
vn -0.6533 0.2706 0.7071
vn -0.2706 -0.6533 0.7071
vn -0.8857 -0.1970 -0.4203
vn -0.8981 -0.4398 -0.0000
vn -0.7373 0.4009 -0.5437
vn -0.7478 0.3861 0.5401
vn -0.7707 0.3320 -0.5439
vn -0.7624 0.3593 0.5382
vn 0.2706 -0.6533 0.7071
vn 0.4510 -0.2159 0.8660
vn 0.9020 -0.4317 -0.0000
vn 0.9019 -0.4317 -0.0137
vn -0.9852 0.1711 -0.0124
vn 0.7514 -0.6598 -0.0132
vn -0.9019 0.4317 0.0169
vn 0.9031 -0.4293 0.0105
vn 0.9846 -0.1746 0.0078
vn -0.3395 0.4353 -0.8338
vn -0.5520 -0.0086 -0.8338
vn -0.7536 0.6572 0.0121
vn -0.9030 0.4294 -0.0129
vn -0.3125 0.4461 -0.8386
vn 0.5506 0.0350 0.8340
vn -0.7528 0.6583 -0.0000
vn 0.9849 -0.1729 -0.0000
vn -0.5435 -0.0365 -0.8386
vn -0.4512 0.2145 -0.8662
vn -0.9846 0.1745 -0.0093
vn 0.7538 -0.6571 -0.0102
vn -0.4599 0.2201 -0.8603
vn -0.3181 0.4507 -0.8341
vn 0.9851 -0.1719 0.0101
vn 0.5504 0.0345 0.8342
vn 0.3184 -0.4503 0.8342
vn 0.4318 0.9020 -0.0000
vn -0.4317 -0.9020 -0.0000
vn 0.7525 -0.6586 -0.0000
vn 0.5506 0.0350 -0.8340
vn -0.7507 0.6605 0.0163
vn 0.3182 -0.4507 -0.8341
vn -0.9848 0.1734 -0.0000
vn -0.5504 -0.0345 0.8342
vn -0.3184 0.4503 0.8342
vn 0.3182 -0.4507 0.8341
vn -0.5506 -0.0349 -0.8341
vn 0.5970 0.6947 0.4011
vn 0.5970 -0.0000 0.8022
vn 0.5970 -0.0000 -0.8022
vn 0.5970 0.6947 -0.4011
vn 0.5970 -0.6947 -0.4011
vn 0.5970 -0.6948 0.4011
vn 0.4650 -0.1483 -0.8728
vn -0.5530 -0.1181 0.8248
vn 0.3604 -0.4102 -0.8378
vn -0.4623 0.1474 0.8744
vn 0.4857 -0.1523 -0.8608
vn 0.5481 0.1134 -0.8287
vn -0.8436 0.5369 0.0106
vn -0.9986 0.0526 0.0114
vn -0.3617 0.4097 0.8374
vn -0.4877 0.1530 0.8595
vn -0.8312 0.5560 -0.0088
vn 0.9997 -0.0255 -0.0004
vn -0.3723 0.4119 0.8317
vn 0.5424 0.1197 -0.8315
vn -0.9995 0.0298 -0.0080
vn -0.9538 0.3005 -0.0003
vn -0.5497 -0.1155 0.8273
vn 0.3646 -0.4076 -0.8372
vn -0.9534 0.3016 0.0114
vn -0.8285 0.5600 -0.0004
vn 0.5506 0.1156 -0.8267
vn 0.9996 -0.0284 -0.0004
vn 0.8304 -0.5571 0.0004
vn 0.3058 0.9521 -0.0015
vn -0.3058 -0.9521 0.0015
vn 0.3710 -0.4146 -0.8310
vn -0.3715 0.4123 -0.8319
vn -0.3562 0.4127 0.8383
vn 0.9534 -0.3016 -0.0000
vn -0.5431 -0.1218 -0.8308
vn 0.4764 -0.1519 -0.8660
vn -0.5420 -0.1166 0.8322
vn 0.3730 -0.4093 0.8327
vn 0.5427 0.1191 0.8314
vn -0.4770 0.1497 -0.8660
vn 0.8286 -0.5598 0.0004
vn -0.9534 0.3016 -0.0000
vn 0.4770 -0.1497 0.8660
vn -0.4764 0.1519 0.8660
vn -0.9997 0.0257 0.0004
vn 0.5001 -0.8660 -0.0000
vn -0.5001 -0.8660 -0.0000
vn -0.9998 -0.0184 -0.0000
vn 0.9998 -0.0184 -0.0000
vn 0.7627 0.6468 -0.0000
vn -0.8363 0.5482 -0.0072
vn -0.8421 0.5393 -0.0000
vn -0.8363 0.5482 0.0072
vn 0.8421 0.5393 -0.0000
vn 0.8363 0.5483 -0.0072
vn 0.8363 0.5483 0.0072
vn -0.2968 -0.9550 -0.0000
vn -0.3037 -0.9528 0.0007
vn -0.3034 -0.9528 -0.0000
vn -0.0008 -0.0055 -1.0000
vn 0.0014 0.0061 1.0000
vn 0.0013 0.0054 1.0000
vn 0.0010 0.0040 1.0000
vn 0.4766 -0.1510 0.8660
vn 0.4767 -0.1511 -0.8660
vn -0.0009 -0.0056 -1.0000
vn -0.4767 0.1510 0.8660
vn 0.2846 0.9587 -0.0000
vn -0.3821 0.9241 -0.0005
vn -0.0001 0.6316 0.7753
vn -0.8064 0.5913 -0.0000
vn -0.0022 0.0255 -0.9997
vn -0.0000 0.0388 -0.9992
vn 0.0022 0.0255 -0.9997
vn -0.7039 0.7103 -0.0000
vn 0.8062 0.5916 -0.0000
vn 0.7038 0.7104 -0.0000
vn 0.0020 -0.0049 -1.0000
vn 0.0108 -0.0000 -0.9999
vn -0.0108 -0.0000 -0.9999
vn 0.7849 -0.0000 -0.6196
vn -0.3972 -0.6879 -0.6074
vn 0.3940 0.6825 -0.6155
vn -0.3972 -0.6880 -0.6074
vn -0.4011 0.6948 -0.5970
vn 0.4011 -0.6948 -0.5969
vn 0.0001 -0.0000 -1.0000
vn -0.8023 -0.0000 -0.5969
vn -0.0001 0.0001 -1.0000
vn -0.0000 -0.0004 -1.0000
vn 0.8022 -0.0000 -0.5970
vn 0.2257 -0.2255 -0.9477
vn -0.4347 -0.9006 -0.0000
vn -0.3826 -0.9239 -0.0000
vn 0.9593 0.2823 -0.0000
vn -0.0000 -0.0001 -1.0000
vn -0.1379 -0.2524 -0.9577
vn -0.0000 -0.0001 1.0000
vn -0.6789 -0.7343 -0.0000
vn -0.0000 0.0001 1.0000
vn -0.4510 0.2158 0.8660
vn 0.5506 0.0349 0.8340
vn -0.4511 0.2159 -0.8660
vn -0.4509 0.2158 -0.8661
vn -0.4510 0.2158 -0.8661
vn -0.4518 0.2148 -0.8659
vn -0.3181 0.4508 -0.8340
vn 0.4317 0.9020 -0.0000
vn -0.4318 -0.9020 -0.0000
vn 0.5506 0.0349 -0.8340
vn 0.3182 -0.4506 0.8341
vn -0.5506 -0.0348 -0.8341
vn 0.5970 -0.6948 -0.4011
vn 0.5970 -0.6947 0.4011
vn -0.3722 0.4117 0.8318
vn 0.5425 0.1196 -0.8315
vn -0.9524 0.3048 -0.0000
vn -0.9525 0.3047 -0.0012
vn -0.9524 0.3048 -0.0001
vn -0.9525 0.3046 0.0012
vn -0.9538 0.3005 0.0004
vn 0.3059 0.9521 -0.0015
vn -0.3059 -0.9521 0.0015
vn 0.3709 -0.4144 -0.8311
vn -0.3716 0.4124 -0.8317
vn -0.5432 -0.1217 -0.8307
vn -0.5419 -0.1168 0.8323
vn 0.3730 -0.4095 0.8325
vn 0.5428 0.1190 0.8314
vn 0.4757 -0.1536 -0.8661
vn 0.4764 -0.1537 -0.8657
vn 0.4753 -0.1533 -0.8663
vn 0.4758 -0.1536 -0.8660
vn 0.4763 -0.1518 -0.8661
vn -0.4763 0.1519 0.8660
vn -0.0000 -0.5387 -0.8425
vn -0.0000 0.8618 0.5072
vn -0.0000 -0.4572 -0.8894
vn -0.0000 0.5679 0.8231
vn -0.0000 -0.8172 -0.5763
vn -0.0000 0.9893 0.1461
vn -0.0000 -0.9837 -0.1796
vn -0.0000 -0.8756 -0.4831
vn -0.0000 -0.8756 0.4831
vn 0.7071 -0.0000 0.7071
vn -0.0000 0.7649 -0.6441
vn 0.8353 -0.5498 -0.0000
vn -0.8180 0.5753 -0.0000
vn -0.7071 -0.0000 0.7071
vn -0.5909 -0.3889 0.7069
vn 0.8180 0.5753 -0.0000
vn 0.5647 0.3972 -0.7235
vn 0.7071 -0.0000 -0.7071
vn -0.7071 -0.0000 -0.7071
vn -0.0000 -0.5719 0.8203
vn -0.5647 0.3972 -0.7235
vn -0.0000 -0.5961 -0.8029
vn -0.0000 -0.2691 0.9631
vn -0.0000 0.1895 -0.9819
vn -0.0000 0.9965 -0.0839
vn -0.0000 -0.9602 -0.2792
vn -0.8353 -0.5498 -0.0000
vn 0.5909 -0.3889 0.7069
vn -0.0000 -0.9515 0.3078
vn -0.4999 -0.8661 -0.0000
vn -0.5001 0.8660 -0.0000
vn -0.5003 0.8659 -0.0000
vn -0.0000 0.9805 -0.1964
vn -0.0000 0.2624 -0.9650
vn -0.0000 -0.8671 0.4982
vn -0.0000 0.8698 0.4934
vn -0.7036 -0.6161 0.3540
vn 0.7036 -0.6161 0.3540
vn -0.4951 -0.8115 -0.3104
vn -0.4951 0.8115 0.3104
vn 0.4951 0.8115 0.3104
vn 0.4951 -0.8115 -0.3104
vn -0.0000 0.2594 0.9658
vn -0.0000 -0.2531 -0.9674
vn 0.8952 -0.4371 0.0875
vn -0.8489 0.5183 -0.1038
vn 0.8489 0.5183 -0.1038
vn -0.8952 -0.4371 0.0875
vn -0.0000 0.2624 -0.9649
vn -0.7079 -0.6564 0.2608
vn 0.7079 -0.6564 0.2608
vn -0.6702 -0.0000 0.7422
vn 0.6916 0.7223 -0.0000
vn -0.3351 -0.5804 0.7422
vn -0.3672 0.6360 -0.6788
vn 0.3351 0.5804 0.7422
vn 0.3672 -0.6360 -0.6788
vn 0.9713 0.2378 -0.0000
vn -0.7344 -0.0000 -0.6788
vn 0.3672 0.6360 -0.6788
vn 0.7344 -0.0000 -0.6788
vn 0.3351 -0.5804 0.7422
vn -0.3672 -0.6360 -0.6788
vn 0.2797 -0.9601 -0.0000
vn 0.6702 -0.0000 0.7422
vn -0.2797 -0.9601 -0.0000
vn -0.3351 0.5804 0.7422
vn -0.1910 -0.6556 0.7305
vn 0.3676 -0.6367 0.6778
vn -0.3536 0.6124 0.7071
vn -0.3536 -0.6124 0.7071
vn 0.1978 -0.6789 0.7071
vn 0.4891 0.5107 0.7071
vn 0.6868 0.1682 0.7071
vn 0.3535 0.6124 0.7071
vn -0.7343 -0.0000 -0.6788
vn -0.1911 -0.6565 0.7297
vn 0.3684 -0.6377 0.6765
vn 0.3536 0.6124 0.7071
vn 0.5252 -0.7370 0.4255
vn 0.0108 -0.0239 0.9997
vn -0.0000 0.0164 0.9999
vn 0.0108 0.0239 -0.9997
vn -0.0000 -0.0164 -0.9999
vn 0.5252 -0.0000 -0.8510
vn 0.5252 -0.0000 0.8510
vn 0.5252 -0.7370 -0.4255
vn 0.5252 0.7370 -0.4255
vn 0.5252 0.7370 0.4255
vn -0.4632 -0.0000 0.8863
vn -0.4632 -0.7675 -0.4431
vn -0.4632 0.7675 -0.4431
vn -0.4632 0.7675 0.4431
vn -0.4632 -0.7675 0.4431
vn -0.4632 -0.0000 -0.8863
vn -0.0270 -0.0000 -0.9996
vn -0.8535 -0.0000 0.5211
vn -0.0270 -0.0000 0.9996
vn -0.8534 -0.0000 -0.5212
vn -0.7018 0.7124 -0.0000
vn 0.7018 -0.7124 -0.0000
vn -0.7018 -0.7124 -0.0000
vn 0.7018 0.7124 -0.0000
vn 0.0091 0.8660 -0.5000
vn 0.0107 0.8622 0.5064
vn 0.0091 -0.8660 0.5000
vn 0.0107 -0.8622 -0.5064
vn 0.0108 0.0239 0.9997
vn 0.0091 -0.0000 1.0000
vn -0.0000 -0.0164 0.9999
vn 0.0108 -0.0239 -0.9997
vn 0.0091 -0.0000 -1.0000
vn -0.0000 0.0164 -0.9999
vn -0.8534 -0.0000 0.5212
vn 0.0116 0.8653 -0.5011
vn 0.0090 0.8596 -0.5110
vn 0.0107 0.8622 -0.5064
vn 0.0090 0.8596 0.5110
vn 0.0116 0.8653 0.5011
vn 0.0091 0.8660 0.5000
vn 0.0116 -0.8654 0.5010
vn 0.0090 -0.8596 0.5110
vn 0.0107 -0.8622 0.5064
vn 0.0090 -0.8595 -0.5110
vn 0.0116 -0.8653 -0.5011
vn 0.0091 -0.8660 -0.5000
vn -0.6735 -0.2822 0.6832
vn -0.0696 -0.7401 0.6689
vn 0.2084 -0.9780 0.0036
vn -0.1166 -0.7550 -0.6453
vn -0.7197 -0.2941 -0.6289
vn -0.9978 -0.0561 0.0363
vn -0.6727 -0.2792 0.6852
vn -0.1018 -0.7716 -0.6280
vn -0.7011 -0.3085 -0.6429
vn -0.9984 -0.0564 0.0090
vn -0.6918 -0.2648 0.6718
vn -0.0879 -0.7253 0.6828
vn 0.2093 -0.9774 0.0310
vn -0.0973 -0.7689 -0.6319
vn 0.0988 0.7684 0.6323
vn 0.7040 0.3156 0.6362
vn 0.9977 0.0665 -0.0107
vn 0.6929 0.2738 -0.6671
vn 0.0943 0.7303 -0.6766
vn -0.1994 0.9795 -0.0297
vn 0.1054 0.7721 0.6267
vn 0.6747 0.2874 -0.6798
vn 0.0769 0.7444 -0.6633
vn -0.1986 0.9801 -0.0038
vn 0.1238 0.7589 0.6394
vn 0.7217 0.3019 0.6229
vn 0.9971 0.0662 -0.0367
vn -0.9976 -0.0592 0.0364
vn 0.2025 -0.9788 0.0313
vn 0.9978 0.0561 -0.0363
vn -0.6752 -0.2868 0.6796
vn -0.0772 -0.7438 0.6639
vn 0.1989 -0.9800 0.0045
vn -0.1231 -0.7592 -0.6392
vn -0.7211 -0.3021 -0.6235
vn -0.9972 -0.0659 0.0359
vn -0.0981 -0.7686 -0.6321
vn -0.7035 -0.3163 -0.6364
vn -0.9977 -0.0668 0.0099
vn -0.6935 -0.2736 0.6665
vn -0.0950 -0.7300 0.6768
vn 0.1991 -0.9795 0.0305
vn -0.1051 -0.7726 -0.6261
vn 0.1025 0.7712 0.6283
vn 0.7018 0.3083 0.6422
vn 0.9983 0.0567 -0.0098
vn 0.6912 0.2655 -0.6721
vn 0.0876 0.7259 -0.6822
vn -0.2090 0.9775 -0.0301
vn 0.0981 0.7686 0.6321
vn 0.7018 0.3083 0.6423
vn 0.6728 0.2824 -0.6838
vn 0.0688 0.7404 -0.6686
vn -0.2087 0.9780 -0.0028
vn 0.1170 0.7544 0.6459
vn 0.7202 0.2933 0.6287
vn 0.9978 0.0558 -0.0372
vn 0.6720 0.2793 -0.6858
vn -0.9978 -0.0564 0.0355
vn -0.2022 0.9789 -0.0304
vn 0.9976 0.0587 -0.0373
vn 0.1639 0.5208 0.8378
vn -0.7914 0.1876 -0.5819
vn 0.4684 0.8112 0.3500
vn 0.9367 -0.0000 0.3500
vn -0.9367 -0.0000 0.3500
vn -0.4684 0.8112 0.3500
vn -0.4734 0.8200 0.3217
vn 0.4734 0.8200 0.3217
vn 0.4734 -0.8200 0.3217
vn 0.9469 -0.0000 0.3217
vn -0.4734 -0.8200 0.3217
vn -0.9469 -0.0000 0.3217
vn -0.4684 -0.8112 0.3500
vn 0.4684 -0.8112 0.3500
vn -0.8660 0.5000 -0.0000
vn 0.8660 -0.5000 -0.0000
vn -0.8660 -0.5000 -0.0000
vn 0.8660 0.5000 -0.0000
vn 0.3847 0.9230 -0.0000
vn -0.3847 0.9230 -0.0000
vn 0.3847 -0.9230 -0.0000
vn -0.3847 -0.9230 -0.0000
vn -0.3827 -0.9239 0.0021
vn 0.2519 -0.6135 0.7484
vn -0.3794 0.9159 0.1308
vn -0.9160 -0.3794 0.1306
vn -0.9239 0.3827 0.0001
vn -0.9160 0.3794 0.1305
vn -0.0000 -0.8683 -0.4960
vn -0.4465 -0.1851 0.8754
vn 0.1857 0.4465 0.8753
vn -0.0000 -0.6333 0.7739
vn -0.3827 0.9239 -0.0023
vn -0.0000 0.6333 0.7739
vn 0.3839 0.9234 -0.0000
vn -0.6121 -0.2535 0.7491
vn 0.4466 -0.1850 0.8754
vn -0.2535 -0.6121 0.7491
vn 0.2519 0.6135 0.7484
vn -0.4466 0.1850 0.8754
vn -0.2519 -0.6135 0.7484
vn 0.4467 0.1843 0.8755
vn -0.1862 -0.4465 0.8752
vn -0.1856 0.4465 0.8753
vn -0.2535 0.6121 0.7491
vn 0.4465 0.1853 0.8754
vn -0.6333 -0.0000 0.7739
vn 0.9068 0.4216 -0.0000
vn -0.3827 0.9239 0.0001
vn 0.9159 0.3794 0.1308
vn 0.6333 -0.0000 0.7739
vn 0.3794 -0.9160 0.1307
vn 0.2535 0.6121 0.7491
vn -0.6121 0.2535 0.7491
vn 0.2535 -0.6121 0.7491
vn 0.6121 0.2535 0.7491
vn 0.9160 0.3794 0.1305
vn -0.3839 -0.9234 -0.0000
vn -0.6135 -0.2518 0.7484
vn -0.1851 0.4466 0.8754
vn 0.9159 -0.3794 0.1308
vn -0.2519 0.6135 0.7484
vn 0.6135 -0.2519 0.7484
vn 0.6121 -0.2535 0.7491
vn 0.1856 -0.4466 0.8753
vn -0.9159 0.3794 0.1307
vn 0.1850 0.4466 0.8754
vn -0.9159 -0.3794 0.1307
vn 0.6134 0.2523 0.7484
vn -0.4468 0.1839 0.8755
vn 0.9160 -0.3794 0.1306
vn 0.3826 -0.9239 -0.0000
vn -0.3794 -0.9159 0.1307
vn -0.3794 0.9159 0.1307
vn 0.9239 -0.3827 -0.0023
vn -0.9239 0.3827 -0.0023
vn 0.3827 -0.9239 -0.0023
vn 0.4468 -0.1839 0.8755
vn -0.1850 -0.4466 0.8754
vn -0.4467 -0.1846 0.8755
vn -0.3827 -0.9239 -0.0023
vn 0.3794 0.9160 0.1308
vn 0.3794 -0.9159 0.1308
vn -0.9239 -0.3827 -0.0023
vn 0.1850 -0.4466 0.8754
vn 0.9239 0.3827 -0.0023
vn 0.3827 0.9239 -0.0023
vn -0.0000 -0.8664 0.4994
vn -0.9068 0.4216 -0.0000
vn 0.3794 0.9159 0.1307
vn -0.6134 0.2523 0.7484
vn 0.2523 -0.6134 0.7484
vn -0.3794 0.9160 0.1308
vn -0.4466 -0.1850 0.8754
vn 0.1856 0.4465 0.8753
vn 0.3827 0.9239 0.0004
vn 0.3827 0.9239 0.0001
vn 0.4465 -0.1851 0.8754
vn 0.2523 0.6134 0.7484
vn -0.4465 0.1853 0.8754
vn 0.3827 -0.9239 0.0021
vn 0.3827 -0.9239 0.0008
vn -0.2523 -0.6134 0.7484
vn 0.4468 0.1839 0.8755
vn -0.1856 -0.4466 0.8753
vn -0.1857 0.4465 0.8753
vn 0.4466 0.1850 0.8754
vn -0.8660 0.5001 -0.0000
vn -0.8660 0.5001 -0.0001
vn -0.3827 0.9239 0.0004
vn -0.3839 0.9234 -0.0000
vn 0.9159 0.3794 0.1307
vn 0.9239 -0.3827 0.0001
vn 0.3794 -0.9159 0.1307
vn -0.3827 0.9239 0.0021
vn -0.3827 0.9239 0.0008
vn -0.3825 0.9239 -0.0000
vn -0.3827 -0.9239 0.0004
vn -0.3827 -0.9239 0.0001
vn -0.6134 -0.2523 0.7484
vn 0.9238 0.3828 0.0001
vn -0.1850 0.4466 0.8754
vn 0.9159 -0.3794 0.1307
vn -0.2523 0.6134 0.7484
vn 0.6134 -0.2522 0.7484
vn 0.1862 -0.4465 0.8752
vn -0.9159 0.3794 0.1308
vn -0.3827 -0.9239 0.0008
vn 0.1851 0.4466 0.8754
vn -0.9159 -0.3794 0.1308
vn 0.6135 0.2518 0.7484
vn -0.4467 0.1843 0.8755
vn -0.9239 -0.3827 0.0001
vn -0.3794 -0.9160 0.1307
vn -0.3794 -0.9159 0.1308
vn 0.0001 -0.0000 1.0000
vn 0.4467 -0.1846 0.8755
vn 0.3827 -0.9239 0.0004
vn 0.3839 -0.9234 -0.0000
vn 0.3827 -0.9239 0.0001
vn -0.4468 -0.1839 0.8755
vn 0.3827 0.9239 0.0008
vn 0.3827 0.9239 0.0021
vn 0.3826 0.9239 -0.0000
vn 0.3794 0.9159 0.1308
vn 0.8660 0.5001 -0.0000
vn 0.8660 0.5001 -0.0001
vn -0.6135 0.2519 0.7484
vn -0.9327 0.3605 0.0093
vn 0.8949 -0.4462 -0.0085
vn -0.4449 -0.8956 0.0085
vn 0.4449 0.8955 -0.0083
vn -0.9328 0.3604 0.0029
vn 0.3562 0.9344 -0.0085
vn 0.9328 -0.3604 0.0012
vn -0.3571 -0.9340 0.0091
vn -0.3270 -0.9357 0.1323
vn -0.8948 0.4463 0.0126
vn 0.9327 -0.3605 -0.0133
vn -0.3575 -0.9339 0.0073
vn 0.3574 0.9339 -0.0075
vn -0.8949 0.4462 -0.0020
vn 0.4476 0.8942 -0.0092
vn 0.8949 -0.4462 -0.0020
vn -0.4475 -0.8942 0.0086
vn 0.4994 -0.1952 -0.8441
vn -0.4357 -0.8976 -0.0668
vn -0.6740 0.2891 -0.6798
vn 0.9284 -0.3708 -0.0256
vn -0.3702 -0.9289 0.0089
vn 0.1343 -0.0823 -0.9875
vn 0.5518 -0.3082 0.7749
vn -0.5030 0.1897 0.8432
vn 0.4492 0.8934 -0.0047
vn 0.3689 0.9294 -0.0067
vn 0.3525 0.9356 0.0177
vn -0.4255 0.1777 -0.8873
vn -0.9363 0.3509 -0.0172
vn 0.9320 -0.3604 -0.0381
vn -0.3688 -0.9295 -0.0011
vn -0.8297 0.2828 0.4813
vn 0.5415 -0.2072 0.8148
vn -0.3460 -0.9379 -0.0264
vn 0.3454 0.9382 0.0222
vn -0.3196 -0.9475 0.0112
vn -0.3236 -0.9462 -0.0083
vn 0.3683 0.9291 0.0322
vn 0.8121 -0.2746 -0.5149
vn 0.3198 0.9474 0.0108
vn 0.3119 0.9500 -0.0161
vn -0.3215 -0.9469 -0.0106
vn -0.1376 0.0546 -0.9890
vn -0.3221 -0.9466 0.0115
vn 0.3220 0.9467 -0.0102
vn 0.7036 -0.2547 0.6634
vn 0.3605 0.9327 0.0130
vn -0.3525 -0.9358 0.0022
vn 0.3536 0.9354 -0.0035
vn -0.4889 0.1805 0.8535
vn -0.9322 0.3619 0.0026
vn 0.9325 -0.3582 -0.0458
vn -0.3628 -0.9318 -0.0124
vn -0.1657 0.8350 -0.5248
vn -0.7445 0.2621 0.6141
vn 0.5276 0.6783 -0.5114
vn -0.9368 0.2909 0.1945
vn -0.5058 0.1130 -0.8552
vn -0.5466 -0.8357 -0.0529
vn 0.8001 -0.2418 0.5490
vn 0.9225 -0.2743 -0.2717
vn 0.2822 0.9588 -0.0327
vn -0.2098 -0.9770 0.0366
vn -0.9125 0.2827 -0.2958
vn -0.2962 -0.9546 0.0320
vn 0.9095 -0.2867 0.3010
vn -0.3039 -0.9526 0.0107
vn -0.0322 -0.0015 -0.9995
vn 0.2820 0.9593 -0.0107
vn 0.4020 -0.1275 0.9067
vn -0.9517 0.2883 -0.1058
vn 0.2957 0.9545 -0.0385
vn 0.9582 -0.2719 0.0885
vn -0.6333 0.1817 0.7522
vn 0.2762 0.9600 -0.0467
vn 0.2963 0.9550 -0.0143
vn -0.4467 -0.8947 0.0032
vn 0.9532 -0.3022 0.0100
vn -0.2922 -0.9523 0.0879
vn -0.3542 -0.9350 0.0173
vn 0.3537 0.9352 -0.0168
vn 0.4826 -0.1944 -0.8540
vn -0.9468 0.3215 0.0104
vn -0.3483 -0.9371 -0.0247
vn -0.6053 0.2903 -0.7412
vn 0.9281 -0.3713 -0.0281
vn -0.3610 -0.9326 0.0063
vn 0.5344 -0.2317 -0.8129
vn 0.7002 -0.3000 0.6478
vn -0.5053 0.1899 0.8418
vn 0.3028 0.9530 -0.0082
vn 0.3583 0.9336 -0.0094
vn 0.4084 0.9110 0.0573
vn -0.3590 -0.9333 0.0098
vn -0.8947 0.4456 -0.0306
vn -0.9284 0.3711 0.0181
vn 0.3505 0.9363 -0.0212
vn -0.4547 0.1777 -0.8727
vn -0.9325 0.3605 0.0240
vn 0.9355 -0.3511 0.0386
vn -0.3708 -0.9287 -0.0005
vn -0.8270 0.2797 0.4877
vn 0.4956 -0.2031 0.8445
vn -0.3451 -0.9383 -0.0220
vn 0.3464 0.9377 0.0261
vn -0.3144 -0.9492 0.0109
vn -0.3207 -0.9471 -0.0115
vn 0.3464 0.9364 0.0573
vn 0.8135 -0.2765 -0.5116
vn 0.3215 0.9469 0.0106
vn 0.3191 0.9476 -0.0164
vn 0.3693 0.9293 -0.0011
vn 0.9465 -0.3224 -0.0139
vn -0.5019 0.2018 0.8411
vn 0.9277 -0.3145 -0.2009
vn -0.3198 -0.9474 -0.0108
vn -0.0534 0.0316 -0.9981
vn 0.7444 -0.2584 0.6157
vn 0.3628 0.9318 0.0122
vn -0.3539 -0.9353 0.0029
vn 0.3586 0.9335 -0.0055
vn -0.4515 0.1741 0.8751
vn 0.5007 -0.2013 -0.8419
vn -0.9332 0.3592 0.0106
vn 0.9318 -0.3613 -0.0356
vn -0.3606 -0.9326 -0.0132
vn 0.0933 0.9723 -0.2142
vn -0.8049 0.2579 0.5344
vn 0.3007 0.9465 -0.1173
vn -0.9370 0.2545 0.2393
vn -0.5971 0.1668 -0.7847
vn -0.5123 -0.8588 -0.0093
vn 0.5570 -0.1008 0.8244
vn -0.9248 0.3134 0.2157
vn -0.2964 -0.9551 0.0005
vn 0.9231 -0.2868 -0.2563
vn 0.2964 0.9551 -0.0005
vn 0.2962 0.9546 -0.0313
vn -0.5243 -0.8513 0.0207
vn 0.0598 -0.0221 -0.9980
vn 0.9550 -0.2963 0.0091
vn -0.2839 -0.9587 0.0145
vn -0.9154 0.2950 -0.2737
vn -0.2899 -0.9565 0.0327
vn 0.9079 -0.2813 0.3108
vn -0.2868 -0.9578 0.0204
vn 0.2126 -0.0660 -0.9749
vn 0.1708 0.9848 -0.0307
vn 0.5027 -0.1433 0.8525
vn 0.0071 0.0196 -0.9998
vn -0.9451 0.2674 -0.1878
vn 0.3387 0.9407 -0.0174
vn 0.9566 -0.2908 0.0173
vn -0.5349 0.1676 0.8281
vn -0.2868 -0.9568 0.0484
vn -0.9550 0.2963 -0.0091
vn -0.5525 0.2678 -0.7894
vn -0.5897 0.3013 0.7493
vn 0.5544 -0.2841 -0.7822
vn 0.5915 -0.2876 0.7533
vn 0.4357 0.9000 -0.0105
vn -0.4458 -0.8951 0.0025
vn -0.4466 -0.8947 0.0026
vn 0.6001 -0.1541 -0.7850
vn 0.7889 -0.2848 -0.5445
vn 0.4210 0.9071 0.0042
vn 0.9068 -0.4209 0.0226
vn -0.0222 0.0057 0.9997
vn -0.4210 -0.9071 -0.0042
vn 0.0223 -0.0058 -0.9997
vn -0.0223 0.0058 0.9997
vn -0.9068 0.4209 -0.0226
vn 0.2819 0.6455 0.7099
vn -0.3134 -0.6373 0.7040
vn -0.2819 -0.6455 -0.7099
vn 0.3134 0.6373 -0.7040
vn -0.8842 0.4671 -0.0011
vn 0.3420 0.9397 -0.0078
vn -0.3420 -0.9397 0.0078
vn -0.9776 0.2105 0.0011
vn 0.6974 -0.7167 0.0034
vn 0.9931 0.1176 -0.0035
vn 0.9397 -0.3420 -0.0000
vn 0.0027 0.0073 1.0000
vn -0.0027 -0.0073 -1.0000
vn -0.0027 -0.0074 -1.0000
vn -0.0026 -0.0073 -1.0000
vn -0.9931 -0.1176 0.0035
vn -0.9397 0.3420 -0.0000
vn -0.6974 0.7167 -0.0034
vn 0.9776 -0.2105 -0.0011
vn 0.8842 -0.4671 0.0011
vn -0.8831 0.3201 -0.3430
vn -0.8286 0.3034 0.4706
vn 0.9069 -0.2112 -0.3647
vn -0.6329 0.2431 0.7351
vn -0.8684 0.4627 0.1785
vn -0.8291 0.4382 0.3473
vn -0.9310 0.3252 0.1660
vn -0.9617 0.2004 0.1873
vn -0.6596 0.2429 0.7113
vn 0.9119 -0.3562 -0.2039
vn 0.9814 -0.1920 0.0014
vn 0.9270 -0.3147 -0.2040
vn -0.8650 0.4659 0.1862
vn -0.9218 0.3505 0.1659
vn -0.0010 -0.0035 -1.0000
vn -0.9159 0.1997 0.3483
vn -0.9622 0.2050 0.1795
vn -0.6392 0.2257 0.7351
vn 0.8296 -0.4236 -0.3638
vn -0.0051 -0.0021 -1.0000
vn -0.9189 0.3353 0.2078
vn -0.9397 0.3420 -0.0085
vn -0.8423 0.5390 -0.0091
vn 0.9397 -0.3420 0.0081
vn -0.2170 0.0270 0.9758
vn -0.0045 0.0056 1.0000
vn 0.5592 -0.2004 0.8044
vn -0.9397 0.3420 -0.0036
vn -0.2331 -0.9698 -0.0720
vn -0.1695 -0.9855 0.0036
vn -0.4540 -0.8905 0.0296
vn -0.4505 -0.8899 -0.0722
vn -0.3420 -0.9397 0.0044
vn -0.5025 -0.8646 0.0021
vn -0.4776 -0.8785 0.0076
vn -0.2855 -0.9584 0.0066
vn 0.8752 -0.4837 0.0026
vn 0.3420 0.9397 -0.0030
vn 0.2041 0.9789 0.0001
vn 0.2309 0.9699 -0.0769
vn 0.2289 0.9732 0.0213
vn 0.1769 0.9842 -0.0051
vn 0.4982 0.8671 -0.0036
vn 0.4411 0.8942 -0.0766
vn 0.3420 0.9397 -0.0037
vn 0.9593 -0.2057 -0.1936
vn 0.3973 0.9177 -0.0009
vn -0.8749 0.4737 0.1007
vn -0.3420 -0.9397 0.0037
vn -0.7929 0.2865 -0.5378
vn -0.9919 0.1264 -0.0081
vn 0.8666 -0.4604 -0.1926
vn -0.9745 0.2002 0.1018
vn -0.6097 0.4018 -0.6832
vn 0.4872 -0.1745 -0.8557
vn 0.3759 0.0120 0.9266
vn 0.2826 -0.2444 0.9276
vn 0.4832 -0.1855 -0.8556
vn -0.1811 0.1256 0.9754
vn -0.7271 0.0793 -0.6820
vn 0.7794 -0.2859 -0.5576
vn 0.0151 0.9995 0.0280
vn -0.3048 -0.9524 0.0097
vn 0.8940 -0.4470 0.0304
vn -0.3537 -0.9352 0.0168
vn 0.3542 0.9350 -0.0173
vn -0.9465 0.3224 0.0107
vn -0.3574 -0.9339 0.0084
vn -0.9531 0.3024 -0.0100
vn -0.9283 0.3713 0.0188
vn 0.3500 0.9365 -0.0208
vn 0.3704 0.9289 -0.0007
vn 0.9468 -0.3215 -0.0136
vn -0.2963 -0.9550 -0.0125
vn 0.0602 -0.0223 -0.9979
vn -0.5613 0.2702 -0.7823
vn 0.5615 -0.2895 -0.7752
vn 0.4458 0.8951 -0.0025
vn 0.4566 0.8896 -0.0105
vn 0.4466 0.8947 -0.0026
vn -0.4357 -0.9000 0.0106
vn -0.4566 -0.8896 0.0106
vn 0.0222 -0.0057 -0.9997
vn -0.0026 -0.0074 -1.0000
vn 0.0027 0.0074 1.0000
vn -0.8411 0.5407 -0.0097
vn -0.2171 0.0270 0.9758
vn 0.5592 -0.2004 0.8045
vn 0.3961 0.9150 0.0766
vn 0.2793 0.9602 0.0085
vn -0.2845 -0.9550 0.0840
vn -0.4032 -0.9150 0.0159
vn -0.9917 0.1285 -0.0075
vn -0.6097 0.4019 -0.6832
vn 0.4872 -0.1744 -0.8557
vn 0.2825 -0.2444 0.9276
vn -0.1812 0.1256 0.9754
vn -0.0000 -0.9955 0.0946
vn -0.0000 0.2167 0.9762
vn -0.0000 0.6000 -0.8000
vn -0.0000 -0.0946 -0.9955
vn -0.0000 0.5999 -0.8001
vn -0.0000 -0.6084 0.7936
vn -0.0000 0.9955 -0.0946
vn -0.0000 0.2168 0.9762
vn -0.0000 0.0946 0.9955
vn 0.7073 -0.7038 0.0669
vn -0.7068 -0.7043 0.0670
vn 0.0001 -0.0947 -0.9955
vn -0.0000 -0.0948 -0.9955
vn -0.0001 -0.0948 -0.9955
vn -0.0001 -0.0947 -0.9955
vn 0.7068 -0.7043 0.0670
vn -0.7073 -0.7038 0.0669
vn 0.0001 -0.0948 -0.9955
vn 0.5085 0.6629 -0.5496
vn -0.5200 -0.6591 0.5433
vn 0.5420 -0.6502 -0.5325
vn -0.5448 -0.6505 0.5292
vn 0.5085 -0.6615 -0.5512
vn 0.6338 0.7517 -0.1826
vn 0.5407 0.6571 -0.5252
vn -0.6425 0.6214 0.4484
vn 0.4423 0.7913 -0.4222
vn -0.5446 0.6581 0.5199
vn -0.5200 0.6578 0.5449
vn 0.4422 -0.5317 -0.7223
vn 0.6174 0.7768 -0.1241
vn -0.6417 0.6232 0.4471
vn 0.4417 0.7953 -0.4152
vn 0.4428 -0.5248 -0.7270
vn 0.5265 0.6483 -0.5500
vn -0.5292 -0.6500 0.5454
vn 0.5407 -0.6558 -0.5269
vn -0.5446 -0.6594 0.5182
vn 0.5265 -0.6469 -0.5516
vn 0.5420 0.6515 -0.5308
vn -0.5448 0.6492 0.5308
vn -0.5292 0.6486 0.5470
vn -0.0000 0.7080 -0.7062
vn -0.0000 0.7062 0.7080
vn -0.7071 -0.6888 -0.1599
vn 0.7072 -0.7070 0.0002
vn -0.7071 0.6888 0.1597
vn 0.7072 0.7070 0.0020
vn 0.0026 -0.7062 -0.7080
vn 0.7071 0.6888 0.1599
vn -0.5367 -0.8167 0.2118
vn 0.0025 0.7083 -0.7059
vn -0.0000 -0.7062 -0.7080
vn -0.0025 0.7062 0.7080
vn 0.5448 -0.6505 0.5292
vn -0.4391 0.5327 0.7235
vn 0.7071 -0.6888 -0.1597
vn -0.4384 -0.7969 0.4157
vn -0.5420 -0.6502 -0.5325
vn -0.7072 -0.7070 -0.0020
vn -0.0000 -0.7080 0.7062
vn -0.0000 0.8483 -0.5296
vn 0.6387 -0.5570 -0.5310
vn -0.7072 0.7070 -0.0002
vn -0.0025 -0.7080 0.7062
vn -0.0000 -0.5296 -0.8483
vn -0.5085 0.6629 -0.5496
vn 0.5200 -0.6591 0.5433
vn -0.0000 -0.8483 0.5296
vn -0.5085 -0.6615 -0.5512
vn -0.6338 0.7517 -0.1826
vn -0.5407 0.6571 -0.5252
vn 0.6425 0.6214 0.4484
vn -0.4423 0.7913 -0.4222
vn 0.5446 0.6581 0.5199
vn 0.5200 0.6578 0.5449
vn -0.4422 -0.5317 -0.7223
vn -0.6174 0.7768 -0.1241
vn 0.6417 0.6232 0.4471
vn -0.4417 0.7953 -0.4152
vn -0.4428 -0.5248 -0.7270
vn -0.5265 0.6483 -0.5500
vn 0.5292 -0.6500 0.5454
vn -0.5407 -0.6558 -0.5269
vn 0.5446 -0.6594 0.5182
vn -0.5265 -0.6469 -0.5516
vn -0.5420 0.6515 -0.5308
vn 0.5448 0.6492 0.5308
vn 0.5292 0.6486 0.5470
vn 0.7071 -0.6888 -0.1599
vn -0.7072 -0.7070 0.0002
vn 0.7071 0.6888 0.1597
vn -0.7072 0.7070 0.0020
vn -0.0025 -0.7065 -0.7077
vn -0.7071 0.6888 0.1599
vn 0.5367 -0.8167 0.2118
vn -0.0026 0.7080 -0.7062
vn 0.0025 0.7065 0.7077
vn 0.4399 0.5320 0.7235
vn -0.7071 -0.6888 -0.1597
vn 0.4395 -0.7961 0.4161
vn 0.7072 -0.7070 -0.0020
vn -0.6386 -0.5570 -0.5310
vn 0.7072 0.7070 -0.0002
vn 0.0025 -0.7083 0.7060
vn -0.0000 0.5296 0.8483
vn 0.0025 -0.7065 -0.7077
vn 0.0026 0.7080 -0.7062
vn -0.0025 0.7065 0.7077
vn -0.4399 0.5320 0.7235
vn -0.4395 -0.7961 0.4161
vn 0.6386 -0.5570 -0.5310
vn -0.0025 -0.7083 0.7060
vn -0.0026 -0.7062 -0.7080
vn -0.0025 0.7083 -0.7059
vn 0.0025 0.7062 0.7080
vn 0.4391 0.5327 0.7235
vn 0.4384 -0.7969 0.4157
vn -0.6387 -0.5570 -0.5310
vn 0.0025 -0.7080 0.7062
vn -0.1787 -0.5351 0.8257
vn 0.1717 -0.5284 0.8314
vn -0.0000 -1.0000 0.0078
vn -0.1240 -0.9923 -0.0000
vn -0.1717 -0.5284 0.8314
vn 0.1787 -0.5351 0.8257
vn -0.3073 0.9459 -0.1040
vn -0.3333 0.8047 -0.4913
vn -0.3333 -0.8047 -0.4912
vn -0.5644 -0.0000 0.8255
vn 0.1899 -0.0787 -0.9786
vn 0.8047 -0.3333 -0.4912
vn 0.0449 0.1085 -0.9931
vn -0.0449 0.1085 -0.9931
vn 0.3073 0.9459 -0.1040
vn 0.5644 -0.0000 0.8255
vn -0.0787 0.1898 -0.9787
vn -0.0787 -0.1898 -0.9787
vn 0.3052 -0.9394 0.1559
vn -0.1899 -0.0787 -0.9786
vn 0.3073 -0.9459 -0.1040
vn -0.0449 -0.1085 -0.9931
vn 0.0453 -0.1394 0.9892
vn -0.9946 -0.0000 -0.1040
vn -0.1466 -0.0000 0.9892
vn -0.8047 0.3333 -0.4912
vn 0.3052 0.9394 0.1559
vn 0.1085 0.0449 -0.9931
vn 0.8047 0.3333 -0.4912
vn 0.9946 -0.0000 -0.1040
vn -0.0453 -0.1394 0.9892
vn -0.8047 -0.3333 -0.4912
vn -0.1744 0.5368 0.8255
vn 0.1085 -0.0449 -0.9931
vn -0.1085 0.0449 -0.9931
vn 0.1744 0.5368 0.8255
vn -0.1085 -0.0449 -0.9931
vn 0.1899 0.0787 -0.9786
vn -0.3052 0.9394 0.1559
vn 0.0787 0.1900 -0.9786
vn -0.9878 -0.0000 0.1559
vn -0.3052 -0.9394 0.1559
vn 0.3333 -0.8047 -0.4912
vn 0.3333 0.8047 -0.4912
vn 0.0787 -0.1898 -0.9787
vn 0.0453 0.1394 0.9892
vn 0.9878 -0.0000 0.1559
vn 0.0449 -0.1085 -0.9931
vn -0.3073 -0.9459 -0.1040
vn -0.1899 0.0787 -0.9786
vn -0.0453 0.1394 0.9892
vn 0.1466 -0.0000 0.9892
vn -0.3333 0.8047 -0.4912
vn 0.1899 -0.0786 -0.9786
vn -0.0787 0.1900 -0.9786
vn -0.0787 -0.1899 -0.9786
vn -0.8660 0.5001 0.0001
vn 0.0787 0.1898 -0.9787
vn 0.3333 0.8047 -0.4913
vn 0.0787 -0.1899 -0.9787
vn 0.8660 0.5001 0.0001
vn -0.1899 0.0786 -0.9786
vn -0.0000 0.5401 -0.8416
vn -0.1433 0.5213 -0.8413
vn 0.8548 0.5190 -0.0000
vn 0.1433 0.5213 -0.8412
vn -0.4809 0.3783 -0.7910
vn -0.8548 0.5190 -0.0000
vn -0.1679 -0.0000 -0.9858
vn 0.8548 0.5189 -0.0000
vn -0.8548 0.5189 -0.0000
vn -0.7085 -0.0000 0.7057
vn 0.9841 -0.0000 0.1775
vn -0.0000 -0.3281 0.9447
vn -0.9843 -0.0000 -0.1767
vn 0.7105 -0.0000 -0.7037
vn -0.0000 0.6144 -0.7890
vn -0.5387 -0.8425 -0.0000
vn 0.9843 -0.0000 -0.1768
vn -0.0000 0.6143 -0.7890
vn -0.7105 -0.0000 -0.7037
vn 0.3257 0.5428 -0.7741
vn -0.0699 -0.0000 0.9976
vn -0.7860 0.6183 -0.0011
vn 0.7085 -0.0000 0.7057
vn -0.3777 -0.5906 0.7131
vn -0.9843 -0.0000 0.1768
vn 0.1679 -0.0000 -0.9858
vn -0.1187 -0.7071 -0.6971
vn -0.7001 -0.7141 -0.0000
vn 0.1187 -0.7071 -0.6971
vn 0.5145 0.8575 -0.0000
vn 0.0698 -0.0000 0.9976
vn 0.5218 -0.4103 0.7479
vn 0.7861 -0.6181 -0.0000
vn 0.7001 -0.7141 -0.0000
vn -0.0000 0.3212 -0.9470
vn -0.0000 -0.0002 -1.0000
vn -0.0000 0.9461 0.3239
vn -0.0000 0.0004 1.0000
vn -0.9842 -0.0000 -0.1771
vn -0.9842 -0.0002 -0.1771
vn -0.9842 -0.0002 -0.1772
vn -0.5388 -0.8425 -0.0000
vn 0.9843 -0.0000 -0.1767
vn -0.7861 0.6181 -0.0000
vn -0.0000 0.0002 -1.0000
vt 0.499984 0.499998
vt 0.500002 0.166666
vt 0.166665 0.499989
vt 0.833349 0.500001
vt 0.166664 0.833336
vt 0.000031 0.067933
vt 0.972221 0.008858
vt 0.999974 0.078137
vt 0.999974 0.524029
vt 0.000031 0.067933
vt 0.999974 0.999975
vt 0.000031 0.524029
vt 0.027783 -0.001346
vt 0.000031 0.999975
vt 0.833334 0.166667
vt 0.833335 0.833328
vt 0.971535 0.942206
vt 0.500000 0.833336
vt 0.166667 0.166666
s 0
usemtl Material.002
f 1/1/1 2/1/1 3/1/1
f 4/1/2 5/1/2 6/1/2
f 7/1/3 8/1/3 9/1/3
f 10/1/4 11/1/4 12/1/4
f 13/1/5 14/1/5 15/1/5
f 16/1/6 17/1/6 18/1/6
f 19/2/7 20/2/7 21/2/7
f 22/2/7 23/2/7 24/2/7
f 25/1/8 26/1/8 27/1/8
f 28/1/9 29/1/9 30/1/9
f 31/2/10 32/2/10 33/2/10
f 34/2/10 35/2/10 36/2/10
f 37/2/10 38/2/10 39/2/10
f 40/2/4 41/2/4 42/2/4
f 43/2/2 44/2/2 45/2/2
f 46/2/9 47/2/9 48/2/9
f 49/2/6 50/2/6 51/2/6
f 52/2/3 53/2/3 54/2/3
f 55/2/1 56/2/1 57/2/1
f 58/2/8 59/2/8 60/2/8
f 61/2/5 62/2/5 63/2/5
f 64/2/11 65/2/11 66/2/11
f 67/2/12 68/2/12 69/2/12
f 70/2/10 71/2/10 72/2/10
f 73/2/11 74/2/11 75/2/11
f 76/2/12 77/2/12 78/2/12
f 79/2/10 80/2/10 81/2/10
f 82/2/10 83/2/10 84/2/10
s 1
f 85/3/13 86/3/13 87/3/13
f 88/3/14 89/3/14 90/3/14
s 0
f 91/3/7 92/3/7 93/3/7
f 94/3/7 95/3/7 92/3/7
f 96/3/15 97/3/15 98/3/15
f 99/3/16 100/3/16 101/3/16
f 102/3/17 103/3/17 104/3/17
f 105/3/18 106/3/18 107/3/18
f 108/3/12 109/3/12 110/3/12
f 111/3/11 112/3/11 113/3/11
f 114/3/19 115/3/19 116/3/19
f 117/3/12 118/3/12 119/3/12
f 120/3/12 121/3/12 122/3/12
f 123/3/11 124/3/11 125/3/11
f 126/3/10 127/3/10 128/3/10
f 129/3/11 130/3/11 131/3/11
f 132/3/12 133/3/12 134/3/12
f 135/3/20 136/3/20 137/3/20
f 138/3/10 139/3/10 140/3/10
f 141/3/21 142/3/21 143/3/21
f 144/3/12 145/3/12 146/3/12
f 147/3/11 148/3/11 149/3/11
f 150/3/22 151/3/22 152/3/22
f 153/3/23 154/3/23 155/3/23
f 156/3/10 157/3/10 158/3/10
f 159/3/24 160/3/24 161/3/24
f 162/3/10 163/3/10 164/3/10
f 165/3/25 166/3/25 167/3/25
f 168/3/7 169/3/7 170/3/7
f 171/3/26 172/3/26 173/3/26
f 174/3/27 175/3/27 176/3/27
f 177/3/10 178/3/10 179/3/10
f 180/3/27 181/3/27 182/3/27
f 183/3/28 184/3/28 185/3/28
f 186/3/29 187/3/29 188/3/29
f 189/3/11 190/3/11 191/3/11
f 192/3/30 193/3/30 194/3/30
f 195/3/31 196/3/31 197/3/31
f 198/3/12 199/3/12 200/3/12
f 201/3/32 202/3/32 203/3/32
f 204/3/32 205/3/32 206/3/32
f 207/3/11 208/3/11 209/3/11
f 210/3/33 211/3/33 212/3/33
f 213/3/34 214/3/34 215/3/34
f 216/3/29 217/3/29 218/3/29
f 219/3/16 220/3/16 221/3/16
f 222/3/35 223/3/35 224/3/35
f 225/3/10 226/3/10 227/3/10
f 228/3/19 229/3/19 230/3/19
f 231/3/36 232/3/36 233/3/36
f 234/3/37 235/3/37 236/3/37
f 237/3/38 238/3/38 239/3/38
f 240/3/39 241/3/39 242/3/39
f 243/3/12 244/3/12 245/3/12
f 246/3/40 247/3/40 248/3/40
f 249/3/10 250/3/10 251/3/10
f 252/3/17 253/3/17 254/3/17
f 255/3/41 256/3/41 257/3/41
f 258/3/7 259/3/7 260/3/7
f 261/3/42 262/3/42 263/3/42
f 264/3/7 265/3/7 266/3/7
f 267/3/33 268/3/33 269/3/33
f 270/3/43 271/3/43 272/3/43
f 273/3/27 274/3/27 275/3/27
f 276/3/31 277/3/31 278/3/31
f 279/3/10 280/3/10 281/3/10
f 282/3/44 283/3/44 284/3/44
f 285/3/27 286/3/27 287/3/27
f 288/3/45 289/3/45 290/3/45
f 291/3/18 292/3/18 293/3/18
f 294/3/12 295/3/12 296/3/12
f 297/3/10 298/3/10 127/3/10
f 299/3/11 300/3/11 301/3/11
f 302/3/15 303/3/15 304/3/15
f 305/3/46 306/3/46 307/3/46
f 308/3/28 309/3/28 310/3/28
f 311/3/47 312/3/47 313/3/47
f 314/3/27 315/3/27 316/3/27
f 317/3/48 318/3/48 319/3/48
f 320/3/11 321/3/11 322/3/11
f 323/3/43 324/3/43 325/3/43
f 326/3/49 327/3/49 328/3/49
f 329/1/12 330/1/12 331/1/12
f 332/1/3 333/1/3 334/1/3
f 335/1/1 336/1/1 337/1/1
f 338/1/50 339/1/50 340/1/50
f 341/1/11 342/1/11 343/1/11
f 344/1/2 345/1/2 346/1/2
f 347/1/6 348/1/6 349/1/6
f 350/1/12 351/1/12 352/1/12
f 353/1/9 354/1/9 355/1/9
f 356/1/3 357/1/3 358/1/3
f 359/1/5 360/1/5 361/1/5
f 362/1/11 363/1/11 364/1/11
f 365/1/4 366/1/4 367/1/4
f 368/1/6 369/1/6 370/1/6
f 371/1/51 372/1/51 373/1/51
f 374/1/52 375/1/52 376/1/52
f 377/1/53 378/1/53 379/1/53
f 380/1/51 381/1/51 382/1/51
f 383/1/8 384/1/8 385/1/8
f 386/1/54 387/1/54 388/1/54
f 389/1/8 390/1/8 391/1/8
f 392/1/55 393/1/55 394/1/55
f 395/1/10 396/1/10 397/1/10
f 398/1/54 399/1/54 400/1/54
f 401/1/2 402/1/2 403/1/2
f 404/1/7 405/1/7 406/1/7
f 407/1/56 408/1/56 409/1/56
f 410/1/20 411/1/20 412/1/20
f 413/1/57 414/1/57 415/1/57
f 416/1/58 417/1/58 418/1/58
f 419/1/11 420/1/11 421/1/11
f 422/1/27 423/1/27 424/1/27
f 425/1/59 426/1/59 427/1/59
f 428/1/12 429/1/12 430/1/12
f 431/1/42 432/1/42 433/1/42
f 434/1/10 435/1/10 436/1/10
f 437/1/43 438/1/43 439/1/43
f 440/1/29 441/1/29 442/1/29
f 443/1/11 444/1/11 445/1/11
f 446/1/7 447/1/7 448/1/7
f 449/1/40 450/1/40 451/1/40
f 452/1/12 453/1/12 454/1/12
f 455/1/42 456/1/42 457/1/42
f 458/1/10 459/1/10 460/1/10
f 461/1/43 462/1/43 463/1/43
f 464/1/29 465/1/29 466/1/29
f 467/1/11 468/1/11 469/1/11
f 470/1/11 471/1/11 472/1/11
f 473/1/7 474/1/7 475/1/7
f 476/1/40 477/1/40 478/1/40
f 479/1/12 480/1/12 481/1/12
f 482/1/12 483/1/12 484/1/12
f 485/1/40 486/1/40 487/1/40
f 488/1/29 489/1/29 490/1/29
f 491/1/10 492/1/10 493/1/10
f 494/1/7 495/1/7 496/1/7
f 497/1/43 498/1/43 499/1/43
f 500/1/42 501/1/42 502/1/42
f 503/1/11 504/1/11 505/1/11
f 506/1/7 507/1/7 508/1/7
f 509/1/10 510/1/10 511/1/10
f 512/4/9 513/4/9 514/4/9
f 515/4/3 516/4/3 517/4/3
f 518/4/5 519/4/5 520/4/5
f 521/4/1 522/4/1 523/4/1
f 524/4/2 525/4/2 526/4/2
f 527/4/6 528/4/6 529/4/6
f 530/4/10 531/4/10 532/4/10
f 533/4/6 534/4/6 535/4/6
f 536/4/8 537/4/8 538/4/8
f 539/4/6 540/4/6 541/4/6
f 542/4/3 543/4/3 544/4/3
f 545/4/1 546/4/1 547/4/1
f 548/4/8 549/4/8 550/4/8
f 551/4/1 552/4/1 553/4/1
f 554/4/1 555/4/1 556/4/1
f 557/4/6 558/4/6 559/4/6
f 560/4/10 561/4/10 562/4/10
f 563/4/2 564/4/2 565/4/2
f 566/4/8 567/4/8 568/4/8
f 569/4/5 570/4/5 571/4/5
f 572/4/8 573/4/8 574/4/8
f 575/4/9 576/4/9 577/4/9
f 578/4/4 579/4/4 580/4/4
f 581/4/5 582/4/5 583/4/5
f 584/4/5 585/4/5 586/4/5
f 587/4/4 588/4/4 589/4/4
f 590/4/60 591/4/60 592/4/60
f 593/4/9 594/4/9 595/4/9
f 596/4/7 597/4/7 598/4/7
f 599/4/4 600/4/4 601/4/4
f 602/4/2 603/4/2 604/4/2
f 605/4/7 606/4/7 607/4/7
f 608/4/2 609/4/2 610/4/2
f 611/4/9 612/4/9 613/4/9
f 614/4/4 615/4/4 616/4/4
f 617/4/3 618/4/3 619/4/3
f 620/4/3 621/4/3 622/4/3
f 623/4/61 624/4/61 625/4/61
f 626/1/5 627/1/5 628/1/5
f 629/1/4 630/1/4 631/1/4
f 632/1/1 633/1/1 634/1/1
f 635/1/9 636/1/9 637/1/9
f 638/1/11 639/1/11 640/1/11
f 641/1/62 642/1/62 643/1/62
f 644/1/11 645/1/11 646/1/11
f 647/1/7 648/1/7 649/1/7
f 650/1/10 651/1/10 652/1/10
f 653/1/12 654/1/12 655/1/12
f 656/1/10 657/1/10 658/1/10
f 659/1/10 660/1/10 661/1/10
f 662/1/28 663/1/28 664/1/28
f 665/1/11 666/1/11 667/1/11
f 668/1/11 669/1/11 670/1/11
f 671/1/37 672/1/37 673/1/37
f 674/1/35 675/1/35 676/1/35
f 677/1/35 678/1/35 679/1/35
f 680/1/12 681/1/12 682/1/12
f 683/1/12 684/1/12 685/1/12
f 686/1/19 687/1/19 688/1/19
f 689/1/10 690/1/10 691/1/10
f 692/1/7 693/1/7 694/1/7
f 695/1/7 696/1/7 697/1/7
f 698/1/7 699/1/7 700/1/7
f 701/1/37 702/1/37 703/1/37
f 704/1/28 705/1/28 706/1/28
f 707/1/12 708/1/12 709/1/12
f 710/1/12 711/1/12 712/1/12
f 713/1/11 714/1/11 715/1/11
f 716/1/11 717/1/11 718/1/11
f 719/1/19 720/1/19 721/1/19
f 722/1/63 723/1/63 724/1/63
f 725/1/63 726/1/63 727/1/63
f 728/1/11 729/1/11 730/1/11
f 731/1/11 732/1/11 733/1/11
f 734/1/64 735/1/64 736/1/64
f 737/1/64 738/1/64 739/1/64
f 740/1/65 741/1/65 742/1/65
f 743/1/65 744/1/65 745/1/65
f 746/1/12 747/1/12 748/1/12
f 749/1/12 750/1/12 751/1/12
f 752/1/66 753/1/66 754/1/66
f 755/1/66 756/1/66 757/1/66
f 758/1/56 759/1/56 760/1/56
f 761/1/56 762/1/56 763/1/56
f 764/1/20 765/1/20 766/1/20
f 767/1/20 768/1/20 769/1/20
f 770/1/57 771/1/57 772/1/57
f 773/1/57 774/1/57 775/1/57
f 776/1/58 777/1/58 778/1/58
f 779/1/58 780/1/58 781/1/58
f 782/1/27 783/1/27 784/1/27
f 785/1/27 786/1/27 787/1/27
f 788/1/59 789/1/59 790/1/59
f 791/1/59 792/1/59 793/1/59
f 794/1/28 795/1/28 796/1/28
f 797/1/11 798/1/11 799/1/11
f 800/1/37 801/1/37 802/1/37
f 803/1/35 804/1/35 805/1/35
f 806/1/12 807/1/12 808/1/12
f 809/1/19 810/1/19 811/1/19
f 812/5/28 813/5/28 814/5/28
f 815/5/11 816/5/11 817/5/11
f 818/5/37 819/5/37 820/5/37
f 821/5/35 822/5/35 823/5/35
f 824/5/12 825/5/12 826/5/12
f 827/5/19 828/5/19 829/5/19
f 830/1/2 831/1/2 832/1/2
f 833/1/8 834/1/8 835/1/8
f 836/1/7 837/1/7 838/1/7
f 839/1/67 840/1/67 841/1/67
f 842/1/68 843/1/68 844/1/68
f 845/1/69 846/1/69 847/1/69
f 848/1/70 849/1/70 850/1/70
f 851/1/71 852/1/71 853/1/71
f 854/1/72 855/1/72 856/1/72
f 857/1/73 858/1/73 859/1/73
f 860/1/4 861/1/4 862/1/4
f 863/1/74 864/1/74 865/1/74
f 866/1/75 867/1/75 868/1/75
f 869/1/76 870/1/76 871/1/76
f 872/1/77 873/1/77 874/1/77
f 875/1/78 876/1/78 877/1/78
f 878/1/79 879/1/79 880/1/79
f 881/1/80 882/1/80 883/1/80
f 884/1/81 885/1/81 886/1/81
f 887/1/82 888/1/82 889/1/82
f 890/1/83 891/1/83 892/1/83
f 893/1/84 894/1/84 895/1/84
f 896/1/79 897/1/79 898/1/79
f 899/1/80 900/1/80 901/1/80
f 902/1/85 903/1/85 904/1/85
f 905/1/86 906/1/86 907/1/86
f 908/1/83 909/1/83 910/1/83
f 911/1/84 912/1/84 913/1/84
f 914/1/87 915/1/87 916/1/87
f 917/1/88 918/1/88 919/1/88
f 920/1/89 921/1/89 922/1/89
f 923/1/90 924/1/90 925/1/90
f 926/1/91 927/1/91 928/1/91
f 929/1/92 930/1/92 931/1/92
f 932/1/93 933/1/93 934/1/93
f 935/1/94 936/1/94 937/1/94
f 938/1/95 939/1/95 940/1/95
f 941/1/96 942/1/96 943/1/96
f 944/1/97 945/1/97 946/1/97
f 947/1/98 948/1/98 949/1/98
f 950/1/99 951/1/99 952/1/99
f 953/1/100 954/1/100 955/1/100
f 956/1/101 957/1/101 958/1/101
s 1
f 959/1/102 960/1/102 961/1/102
s 0
f 962/1/103 963/1/103 964/1/103
f 965/1/104 966/1/104 967/1/104
f 968/1/105 969/1/105 970/1/105
f 971/1/106 972/1/106 973/1/106
f 974/1/107 975/1/107 976/1/107
f 977/1/102 978/1/102 979/1/102
f 980/1/103 981/1/103 982/1/103
f 983/1/108 984/1/108 985/1/108
f 986/1/109 987/1/109 988/1/109
f 989/1/110 990/1/110 991/1/110
f 992/1/111 993/1/111 994/1/111
f 995/1/112 996/1/112 997/1/112
f 998/1/113 999/1/113 1000/1/113
f 1001/1/114 1002/1/114 1003/1/114
f 1004/1/115 1005/1/115 1006/1/115
f 1007/1/116 1008/1/116 1009/1/116
f 1010/1/117 1011/1/117 1012/1/117
f 1013/1/118 1014/1/118 1015/1/118
f 1016/1/119 1017/1/119 1018/1/119
f 1019/1/120 1020/1/120 1021/1/120
f 1022/1/121 1023/1/121 1024/1/121
f 1025/1/122 1026/1/122 1027/1/122
s 1
f 1028/1/123 1029/1/123 1030/1/123
s 0
f 1031/1/118 1032/1/118 1033/1/118
f 1034/1/119 1035/1/119 1036/1/119
f 1037/1/124 1038/1/124 1039/1/124
f 1040/1/121 1041/1/121 1042/1/121
f 1043/1/125 1044/1/125 1045/1/125
f 1046/1/126 1047/1/126 1048/1/126
f 1049/1/127 1050/1/127 1051/1/127
f 1052/1/128 1053/1/128 1054/1/128
f 1055/1/129 1056/1/129 1057/1/129
f 1058/1/5 1059/1/5 1060/1/5
f 1061/1/3 1062/1/3 1063/1/3
f 1064/1/130 1065/1/130 1066/1/130
f 1067/1/3 1068/1/3 1069/1/3
f 1070/1/2 1071/1/2 1072/1/2
f 1073/1/3 1074/1/3 1075/1/3
f 1076/1/131 1077/1/131 1078/1/131
f 1079/1/10 1080/1/10 1081/1/10
f 1082/1/132 1083/1/132 1084/1/132
f 1085/1/133 1086/1/133 1087/1/133
f 1088/1/134 1089/1/134 1090/1/134
f 1091/1/135 1092/1/135 1093/1/135
f 1094/1/136 1095/1/136 1096/1/136
f 1097/1/137 1098/1/137 1099/1/137
f 1100/1/138 1101/1/138 1102/1/138
f 1103/1/139 1104/1/139 1105/1/139
f 1106/1/140 1107/1/140 1108/1/140
f 1109/1/141 1110/1/141 1111/1/141
f 1112/1/142 1113/1/142 1114/1/142
f 1115/1/27 1116/1/27 1117/1/27
f 1118/1/20 1119/1/20 1120/1/20
f 1121/1/143 1122/1/143 1123/1/143
f 1124/1/144 1125/1/144 1126/1/144
f 1127/1/145 1128/1/145 1129/1/145
f 1130/1/146 1131/1/146 1132/1/146
f 1133/1/147 1134/1/147 1135/1/147
f 1136/1/148 1137/1/148 1138/1/148
f 1139/1/149 1140/1/149 1141/1/149
f 1142/1/150 1143/1/150 1144/1/150
f 1145/1/151 1146/1/151 1147/1/151
f 1148/1/152 1149/1/152 1150/1/152
f 1151/1/153 1152/1/153 1153/1/153
f 1154/1/9 1155/1/9 1156/1/9
f 1157/1/2 1158/1/2 1159/1/2
f 1160/1/8 1161/1/8 1162/1/8
f 1163/1/154 1164/1/154 1165/1/154
f 1166/1/1 1167/1/1 1168/1/1
f 1169/1/155 1170/1/155 1171/1/155
f 1172/1/5 1173/1/5 1174/1/5
f 1175/1/8 1176/1/8 1177/1/8
f 1178/1/156 1179/1/156 1180/1/156
f 1181/1/157 1182/1/157 1183/1/157
f 1184/1/158 1185/1/158 1186/1/158
s 1
f 1187/1/159 1188/1/159 1189/1/159
s 0
f 1190/1/160 1191/1/160 1192/1/160
f 1193/1/161 1194/1/161 1195/1/161
f 1196/1/162 1197/1/162 1198/1/162
f 1199/1/163 1200/1/163 1201/1/163
f 1202/1/6 1203/1/6 1204/1/6
f 1205/1/164 1206/1/164 1207/1/164
f 1208/1/165 1209/1/165 1210/1/165
f 1211/1/166 1212/1/166 1213/1/166
f 1214/1/167 1215/1/167 1216/1/167
f 1217/1/6 1218/1/6 1219/1/6
f 1220/1/168 1221/1/168 1222/1/168
f 1223/1/6 1224/1/6 1225/1/6
f 1226/1/169 1227/1/169 1228/1/169
f 1229/1/170 1230/1/170 1231/1/170
f 1232/1/171 1233/1/171 1234/1/171
f 1235/1/172 1236/1/172 1237/1/172
f 1238/1/130 1239/1/130 1240/1/130
f 1241/1/173 1242/1/173 1243/1/173
f 1244/1/174 1245/1/174 1246/1/174
f 1247/1/6 1248/1/6 1249/1/6
f 1250/1/3 1251/1/3 1252/1/3
f 1253/1/1 1254/1/1 1255/1/1
f 1256/1/171 1257/1/171 1258/1/171
f 1259/1/9 1260/1/9 1261/1/9
f 1262/1/8 1263/1/8 1264/1/8
f 1265/1/175 1266/1/175 1267/1/175
f 1268/1/176 1269/1/176 1270/1/176
f 1271/1/4 1272/1/4 1273/1/4
f 1274/1/10 1275/1/10 1276/1/10
f 1277/1/10 1278/1/10 1279/1/10
f 1280/1/2 1281/1/2 1282/1/2
f 1283/1/7 1284/1/7 1285/1/7
f 1286/1/177 1287/1/177 1288/1/177
f 1289/1/178 1290/1/178 1291/1/178
f 1292/1/179 1293/1/179 1294/1/179
f 1295/1/180 1296/1/180 1297/1/180
f 1298/1/181 1299/1/181 1300/1/181
f 1301/1/182 1302/1/182 1303/1/182
f 1304/1/177 1305/1/177 1306/1/177
f 1307/1/178 1308/1/178 1309/1/178
f 1310/1/179 1311/1/179 1312/1/179
f 1313/1/180 1314/1/180 1315/1/180
f 1316/1/181 1317/1/181 1318/1/181
f 1319/1/182 1320/1/182 1321/1/182
f 1322/1/183 1323/1/183 1324/1/183
f 1325/1/184 1326/1/184 1327/1/184
f 1328/1/185 1329/1/185 1330/1/185
f 1331/1/186 1332/1/186 1333/1/186
f 1334/1/187 1335/1/187 1336/1/187
f 1337/1/188 1338/1/188 1339/1/188
f 1340/1/183 1341/1/183 1342/1/183
f 1343/1/184 1344/1/184 1345/1/184
f 1346/1/185 1347/1/185 1348/1/185
f 1349/1/186 1350/1/186 1351/1/186
f 1352/1/187 1353/1/187 1354/1/187
f 1355/1/188 1356/1/188 1357/1/188
f 1358/1/11 1359/1/11 1360/1/11
f 1361/1/12 1362/1/12 1363/1/12
f 1364/1/10 1365/1/10 1366/1/10
f 1367/1/189 1368/1/189 1369/1/189
f 1370/1/190 1371/1/190 1372/1/190
f 1373/1/191 1374/1/191 1375/1/191
f 1376/1/192 1377/1/192 1378/1/192
f 1379/1/193 1380/1/193 1381/1/193
f 1382/1/194 1383/1/194 1384/1/194
f 1385/1/195 1386/1/195 1387/1/195
f 1388/1/196 1389/1/196 1390/1/196
f 1391/1/197 1392/1/197 1393/1/197
f 1394/1/198 1395/1/198 1396/1/198
f 1397/1/199 1398/1/199 1399/1/199
f 1400/1/200 1401/1/200 1402/1/200
f 1403/1/201 1404/1/201 1405/1/201
f 1406/1/202 1407/1/202 1408/1/202
f 1409/1/203 1410/1/203 1411/1/203
f 1412/1/204 1413/1/204 1414/1/204
f 1415/1/205 1416/1/205 1417/1/205
f 1418/1/206 1419/1/206 1420/1/206
f 1421/1/207 1422/1/207 1423/1/207
f 1424/1/208 1425/1/208 1426/1/208
f 1427/1/209 1428/1/209 1429/1/209
f 1430/1/210 1431/1/210 1432/1/210
f 1433/1/211 1434/1/211 1435/1/211
f 1436/1/212 1437/1/212 1438/1/212
f 1439/1/213 1440/1/213 1441/1/213
f 1442/1/214 1443/1/214 1444/1/214
f 1445/1/215 1446/1/215 1447/1/215
f 1448/1/216 1449/1/216 1450/1/216
f 1451/1/7 1452/1/7 1453/1/7
f 1454/1/217 1455/1/217 1456/1/217
f 1457/1/7 1458/1/7 1459/1/7
f 1460/1/10 1461/1/10 1462/1/10
f 1463/1/215 1464/1/215 1465/1/215
f 1466/1/218 1467/1/218 1468/1/218
f 1469/1/219 1470/1/219 1471/1/219
f 1472/1/220 1473/1/220 1474/1/220
f 1475/1/10 1476/1/10 1477/1/10
f 1478/1/221 1479/1/221 1480/1/221
f 1481/1/222 1482/1/222 1483/1/222
f 1484/1/223 1485/1/223 1486/1/223
f 1487/1/224 1488/1/224 1489/1/224
f 1490/1/225 1491/1/225 1492/1/225
f 1493/1/218 1494/1/218 1495/1/218
f 1496/1/220 1497/1/220 1498/1/220
f 1499/1/226 1500/1/226 1501/1/226
f 1502/1/227 1503/1/227 1504/1/227
f 1505/1/228 1506/1/228 1507/1/228
f 1508/1/229 1509/1/229 1510/1/229
f 1511/1/230 1512/1/230 1513/1/230
f 1514/1/231 1515/1/231 1516/1/231
f 1517/1/232 1518/1/232 1519/1/232
f 1520/1/233 1521/1/233 1522/1/233
f 1523/1/234 1524/1/234 1525/1/234
f 1526/1/235 1527/1/235 1528/1/235
f 1529/1/236 1530/1/236 1531/1/236
f 1532/1/237 1533/1/237 1534/1/237
f 1535/1/238 1536/1/238 1537/1/238
f 1538/1/239 1539/1/239 1540/1/239
f 1541/1/225 1542/1/225 1543/1/225
s 1
f 1544/1/240 1545/1/240 1546/1/240
s 0
f 1547/1/7 1548/1/7 1549/1/7
s 1
f 1550/1/10 1551/1/10 1552/1/10
s 0
f 1553/1/241 1554/1/241 1555/1/241
f 1556/1/242 1557/1/242 1558/1/242
f 1559/1/27 1560/1/27 1561/1/27
f 1562/1/28 1563/1/28 1564/1/28
f 1565/1/9 1566/1/9 1567/1/9
f 1568/1/19 1569/1/19 1570/1/19
f 1571/1/243 1572/1/243 1573/1/243
f 1574/1/4 1575/1/4 1576/1/4
f 1577/1/244 1578/1/244 1579/1/244
f 1580/1/1 1581/1/1 1582/1/1
f 1583/1/3 1584/1/3 1585/1/3
f 1586/1/245 1587/1/245 1588/1/245
f 1589/1/246 1590/1/246 1591/1/246
f 1592/1/247 1593/1/247 1594/1/247
f 1595/1/248 1596/1/248 1597/1/248
f 1598/1/249 1599/1/249 1600/1/249
f 1601/1/250 1602/1/250 1603/1/250
f 1604/1/251 1605/1/251 1606/1/251
f 1607/1/252 1608/1/252 1609/1/252
f 1610/1/253 1611/1/253 1612/1/253
f 1613/1/12 1614/1/12 1615/1/12
f 1616/1/254 1617/1/254 1618/1/254
f 1619/1/6 1620/1/6 1621/1/6
f 1622/1/12 1623/1/12 1624/1/12
f 1625/1/10 1626/1/10 1627/1/10
f 1628/1/10 1629/1/10 1630/1/10
f 1631/1/255 1632/1/255 1633/1/255
f 1634/1/11 1635/1/11 1636/1/11
f 1637/1/27 1638/1/27 1639/1/27
f 1640/1/256 1641/1/256 1642/1/256
f 1643/1/257 1644/1/257 1645/1/257
f 1646/1/258 1647/1/258 1648/1/258
f 1649/1/259 1650/1/259 1651/1/259
f 1652/1/260 1653/1/260 1654/1/260
f 1655/1/5 1656/1/5 1657/1/5
f 1658/1/261 1659/1/261 1660/1/261
f 1661/1/262 1662/1/262 1663/1/262
f 1664/1/7 1665/1/7 1666/1/7
f 1667/1/245 1668/1/245 1669/1/245
f 1670/1/7 1671/1/7 1672/1/7
f 1673/1/7 1674/1/7 1675/1/7
f 1676/1/11 1677/1/11 1678/1/11
f 1679/1/242 1680/1/242 1681/1/242
f 1682/1/263 1683/1/263 1684/1/263
f 1685/1/264 1686/1/264 1687/1/264
s 1
f 1688/1/265 1689/1/265 1690/1/265
s 0
f 1691/1/266 1692/1/266 1693/1/266
f 1694/1/267 1695/1/267 1696/1/267
f 1697/1/268 1698/1/268 1699/1/268
f 1700/1/269 1701/1/269 1702/1/269
s 1
f 1703/1/264 1704/1/264 1705/1/264
s 0
f 1706/1/270 1707/1/270 1708/1/270
f 1709/1/266 1710/1/266 1711/1/266
f 1712/1/267 1713/1/267 1714/1/267
f 1715/1/268 1716/1/268 1717/1/268
f 1718/1/269 1719/1/269 1720/1/269
f 1721/1/271 1722/1/271 1723/1/271
f 1724/1/272 1725/1/272 1726/1/272
f 1727/1/273 1728/1/273 1729/1/273
s 1
f 1730/1/274 1731/1/274 1732/1/274
s 0
f 1733/1/275 1734/1/275 1735/1/275
f 1736/1/276 1737/1/276 1738/1/276
f 1739/1/271 1740/1/271 1741/1/271
f 1742/1/272 1743/1/272 1744/1/272
f 1745/1/273 1746/1/273 1747/1/273
f 1748/1/274 1749/1/274 1750/1/274
f 1751/1/275 1752/1/275 1753/1/275
f 1754/1/276 1755/1/276 1756/1/276
f 1757/1/277 1758/1/277 1759/1/277
f 1760/1/278 1761/1/278 1762/1/278
f 1763/1/279 1764/1/279 1765/1/279
f 1766/1/280 1767/1/280 1768/1/280
f 1769/1/281 1770/1/281 1771/1/281
f 1772/1/282 1773/1/282 1774/1/282
f 1775/1/277 1776/1/277 1777/1/277
f 1778/1/283 1779/1/283 1780/1/283
f 1781/1/279 1782/1/279 1783/1/279
f 1784/1/280 1785/1/280 1786/1/280
f 1787/1/281 1788/1/281 1789/1/281
f 1790/1/282 1791/1/282 1792/1/282
f 1793/1/284 1794/1/284 1795/1/284
f 1796/1/285 1797/1/285 1798/1/285
f 1799/1/286 1800/1/286 1801/1/286
s 1
f 1802/1/287 1803/1/287 1804/1/287
s 0
f 1805/1/288 1806/1/288 1807/1/288
f 1808/1/289 1809/1/289 1810/1/289
f 1811/1/284 1812/1/284 1813/1/284
f 1814/1/285 1815/1/285 1816/1/285
f 1817/1/286 1818/1/286 1819/1/286
f 1820/1/287 1821/1/287 1822/1/287
f 1823/1/288 1824/1/288 1825/1/288
f 1826/1/289 1827/1/289 1828/1/289
f 1829/1/11 1830/1/11 1831/1/11
f 1832/1/12 1833/1/12 1834/1/12
f 1835/1/290 1836/1/290 1837/1/290
f 1838/1/291 1839/1/291 1840/1/291
f 1841/1/292 1842/1/292 1843/1/292
f 1844/4/7 1845/4/7 1846/4/7
f 1847/4/10 1848/4/10 1849/4/10
f 1850/4/10 1851/4/10 1852/4/10
f 1853/4/293 1854/4/293 1855/4/293
f 1856/4/27 1857/4/27 1858/4/27
f 1859/4/20 1860/4/20 1861/4/20
f 1862/4/294 1863/4/294 1864/4/294
f 1865/4/295 1866/4/295 1867/4/295
f 1868/4/10 1869/4/10 1870/4/10
f 1871/4/296 1872/4/296 1873/4/296
f 1874/4/297 1875/4/297 1876/4/297
f 1877/4/298 1878/4/298 1879/4/298
f 1880/4/299 1881/4/299 1882/4/299
f 1883/4/300 1884/4/300 1885/4/300
f 1886/4/301 1887/4/301 1888/4/301
f 1889/4/296 1890/4/296 1891/4/296
f 1892/4/302 1893/4/302 1894/4/302
f 1895/4/298 1896/4/298 1897/4/298
f 1898/4/303 1899/4/303 1900/4/303
f 1901/4/304 1902/4/304 1903/4/304
f 1904/4/301 1905/4/301 1906/4/301
s 1
f 1907/5/305 1908/5/305 1909/5/305
s 0
f 1910/5/10 1911/5/10 1912/5/10
f 1913/5/306 1914/5/306 1915/5/306
f 1916/5/307 1917/5/307 1918/5/307
f 1919/5/10 1920/5/10 1921/5/10
f 1922/5/308 1923/5/308 1924/5/308
f 1925/5/10 1926/5/10 1927/5/10
f 1928/5/28 1929/5/28 1930/5/28
f 1931/5/309 1932/5/309 1933/5/309
f 1934/5/310 1935/5/310 1936/5/310
f 1937/5/309 1938/5/309 1939/5/309
f 1940/5/10 1941/5/10 1942/5/10
s 1
f 1943/5/7 1944/5/7 1945/5/7
s 0
f 1946/5/311 1947/5/311 1948/5/311
f 1949/5/312 1950/5/312 1951/5/312
f 1952/5/10 1953/5/10 1954/5/10
f 1955/5/37 1956/5/37 1957/5/37
f 1958/5/313 1959/5/313 1960/5/313
f 1961/5/10 1962/5/10 1963/5/10
f 1964/5/35 1965/5/35 1966/5/35
f 1967/5/313 1968/5/313 1969/5/313
f 1970/5/308 1971/5/308 1972/5/308
f 1973/5/19 1974/5/19 1975/5/19
f 1976/5/314 1977/5/314 1978/5/314
f 1979/4/315 1980/4/315 1981/4/315
f 1982/4/316 1983/4/316 1984/4/316
f 1985/4/317 1986/4/317 1987/4/317
f 1988/4/65 1989/4/65 1990/4/65
f 1991/4/12 1992/4/12 1993/4/12
f 1994/4/11 1995/4/11 1996/4/11
f 1997/4/318 1998/4/318 1999/4/318
f 2000/4/319 2001/4/319 2002/4/319
f 2003/4/320 2004/4/320 2005/4/320
f 2006/4/321 2007/4/321 2008/4/321
f 2009/4/322 2010/4/322 2011/4/322
f 2012/4/323 2013/4/323 2014/4/323
f 2015/4/19 2016/4/19 2017/4/19
f 2018/4/37 2019/4/37 2020/4/37
f 2021/4/35 2022/4/35 2023/4/35
f 2024/4/12 2025/4/12 2026/4/12
f 2027/4/20 2028/4/20 2029/4/20
f 2030/4/28 2031/4/28 2032/4/28
f 2033/4/20 2034/4/20 2035/4/20
f 2036/4/11 2037/4/11 2038/4/11
f 2039/4/64 2040/4/64 2041/4/64
f 2042/4/63 2043/4/63 2044/4/63
f 2045/4/66 2046/4/66 2047/4/66
f 2048/1/324 2049/1/324 2050/1/324
f 2051/1/325 2052/1/325 2053/1/325
f 2054/1/326 2055/1/326 2056/1/326
f 2057/1/327 2058/1/327 2059/1/327
f 2060/1/328 2061/1/328 2062/1/328
f 2063/1/329 2064/1/329 2065/1/329
f 2066/1/324 2067/1/324 2068/1/324
f 2069/1/325 2070/1/325 2071/1/325
f 2072/1/326 2073/1/326 2074/1/326
f 2075/1/327 2076/1/327 2077/1/327
f 2078/1/328 2079/1/328 2080/1/328
f 2081/1/329 2082/1/329 2083/1/329
f 2084/1/264 2085/1/264 2086/1/264
f 2087/1/265 2088/1/265 2089/1/265
f 2090/1/266 2091/1/266 2092/1/266
f 2093/1/267 2094/1/267 2095/1/267
f 2096/1/268 2097/1/268 2098/1/268
f 2099/1/269 2100/1/269 2101/1/269
f 2102/1/277 2103/1/277 2104/1/277
f 2105/1/278 2106/1/278 2107/1/278
f 2108/1/279 2109/1/279 2110/1/279
f 2111/1/280 2112/1/280 2113/1/280
f 2114/1/281 2115/1/281 2116/1/281
f 2117/1/282 2118/1/282 2119/1/282
f 2120/1/330 2121/1/330 2122/1/330
f 2123/1/331 2124/1/331 2125/1/331
f 2126/1/332 2127/1/332 2128/1/332
f 2129/1/12 2130/1/12 2131/1/12
f 2132/1/6 2133/1/6 2134/1/6
f 2135/1/2 2136/1/2 2137/1/2
f 2138/1/3 2139/1/3 2140/1/3
f 2141/1/5 2142/1/5 2143/1/5
f 2144/1/7 2145/1/7 2146/1/7
f 2147/1/10 2148/1/10 2149/1/10
f 2150/1/3 2151/1/3 2152/1/3
f 2153/1/333 2154/1/333 2155/1/333
f 2156/1/10 2157/1/10 2158/1/10
f 2159/1/334 2160/1/334 2161/1/334
f 2162/1/8 2163/1/8 2164/1/8
f 2165/1/4 2166/1/4 2167/1/4
f 2168/1/335 2169/1/335 2170/1/335
f 2171/1/1 2172/1/1 2173/1/1
f 2174/1/336 2175/1/336 2176/1/336
f 2177/1/337 2178/1/337 2179/1/337
f 2180/1/5 2181/1/5 2182/1/5
f 2183/1/6 2184/1/6 2185/1/6
f 2186/1/338 2187/1/338 2188/1/338
f 2189/1/336 2190/1/336 2191/1/336
f 2192/1/339 2193/1/339 2194/1/339
f 2195/1/340 2196/1/340 2197/1/340
f 2198/1/341 2199/1/341 2200/1/341
f 2201/1/342 2202/1/342 2203/1/342
f 2204/1/343 2205/1/343 2206/1/343
f 2207/1/344 2208/1/344 2209/1/344
f 2210/1/345 2211/1/345 2212/1/345
f 2213/1/346 2214/1/346 2215/1/346
f 2216/1/347 2217/1/347 2218/1/347
f 2219/1/348 2220/1/348 2221/1/348
f 2222/1/349 2223/1/349 2224/1/349
f 2225/1/350 2226/1/350 2227/1/350
f 2228/1/351 2229/1/351 2230/1/351
f 2231/1/352 2232/1/352 2233/1/352
f 2234/1/353 2235/1/353 2236/1/353
f 2237/1/354 2238/1/354 2239/1/354
f 2240/1/10 2241/1/10 2242/1/10
f 2243/1/355 2244/1/355 2245/1/355
f 2246/1/356 2247/1/356 2248/1/356
f 2249/1/357 2250/1/357 2251/1/357
f 2252/1/358 2253/1/358 2254/1/358
f 2255/1/8 2256/1/8 2257/1/8
f 2258/1/4 2259/1/4 2260/1/4
f 2261/1/359 2262/1/359 2263/1/359
f 2264/1/10 2265/1/10 2266/1/10
f 2267/1/10 2268/1/10 2269/1/10
f 2270/1/360 2271/1/360 2272/1/360
f 2273/1/361 2274/1/361 2275/1/361
f 2276/1/362 2277/1/362 2278/1/362
f 2279/1/363 2280/1/363 2281/1/363
f 2282/1/1 2283/1/1 2284/1/1
f 2285/1/364 2286/1/364 2287/1/364
f 2288/1/365 2289/1/365 2290/1/365
f 2291/1/7 2292/1/7 2293/1/7
f 2294/1/8 2295/1/8 2296/1/8
f 2297/1/366 2298/1/366 2299/1/366
f 2300/1/20 2301/1/20 2302/1/20
f 2303/1/7 2304/1/7 2305/1/7
f 2306/1/367 2307/1/367 2308/1/367
f 2309/1/368 2310/1/368 2311/1/368
f 2312/1/335 2313/1/335 2314/1/335
f 2315/1/11 2316/1/11 2317/1/11
f 2318/1/7 2319/1/7 2320/1/7
f 2321/1/2 2322/1/2 2323/1/2
f 2324/1/369 2325/1/369 2326/1/369
f 2327/1/10 2328/1/10 2329/1/10
f 2330/1/3 2331/1/3 2332/1/3
f 2333/1/12 2334/1/12 2335/1/12
f 2336/1/10 2337/1/10 2338/1/10
f 2339/1/370 2340/1/370 2341/1/370
f 2342/1/371 2343/1/371 2344/1/371
f 2345/1/9 2346/1/9 2347/1/9
f 2348/1/372 2349/1/372 2350/1/372
f 2351/1/8 2352/1/8 2353/1/8
f 2354/1/1 2355/1/1 2356/1/1
f 2357/1/2 2358/1/2 2359/1/2
f 2360/1/5 2361/1/5 2362/1/5
f 2363/1/373 2364/1/373 2365/1/373
f 2366/1/3 2367/1/3 2368/1/3
f 2369/1/10 2370/1/10 2371/1/10
f 2372/1/10 2373/1/10 2374/1/10
f 2375/1/10 2376/1/10 2377/1/10
f 2378/1/11 2379/1/11 2380/1/11
f 2381/1/4 2382/1/4 2383/1/4
f 2384/1/6 2385/1/6 2386/1/6
f 2387/1/337 2388/1/337 2389/1/337
f 2390/1/374 2391/1/374 2392/1/374
f 2393/1/375 2394/1/375 2395/1/375
f 2396/1/376 2397/1/376 2398/1/376
f 2399/1/377 2400/1/377 2401/1/377
f 2402/1/378 2403/1/378 2404/1/378
f 2405/1/9 2406/1/9 2407/1/9
f 2408/1/379 2409/1/379 2410/1/379
f 2411/1/8 2412/1/8 2413/1/8
f 2414/1/380 2415/1/380 2416/1/380
f 2417/1/7 2418/1/7 2419/1/7
f 2420/1/8 2421/1/8 2422/1/8
f 2423/1/381 2424/1/381 2425/1/381
f 2426/1/9 2427/1/9 2428/1/9
f 2429/1/27 2430/1/27 2431/1/27
f 2432/1/382 2433/1/382 2434/1/382
f 2435/1/383 2436/1/383 2437/1/383
f 2438/1/384 2439/1/384 2440/1/384
f 2441/1/385 2442/1/385 2443/1/385
f 2444/1/386 2445/1/386 2446/1/386
f 2447/1/374 2448/1/374 2449/1/374
f 2450/1/387 2451/1/387 2452/1/387
f 2453/1/10 2454/1/10 2455/1/10
f 2456/1/2 2457/1/2 2458/1/2
f 2459/1/388 2460/1/388 2461/1/388
f 2462/1/389 2463/1/389 2464/1/389
f 2465/1/388 2466/1/388 2467/1/388
f 2468/1/356 2469/1/356 2470/1/356
f 2471/1/363 2472/1/363 2473/1/363
f 2474/1/359 2475/1/359 2476/1/359
f 2477/1/357 2478/1/357 2479/1/357
f 2480/1/390 2481/1/390 2482/1/390
f 2483/1/391 2484/1/391 2485/1/391
f 2486/1/392 2487/1/392 2488/1/392
f 2489/1/393 2490/1/393 2491/1/393
f 2492/1/394 2493/1/394 2494/1/394
f 2495/1/395 2496/1/395 2497/1/395
f 2498/1/396 2499/1/396 2500/1/396
f 2501/1/397 2502/1/397 2503/1/397
f 2504/1/398 2505/1/398 2506/1/398
f 2507/1/399 2508/1/399 2509/1/399
f 2510/1/400 2511/1/400 2512/1/400
f 2513/1/401 2514/1/401 2515/1/401
f 2516/1/402 2517/1/402 2518/1/402
f 2519/1/403 2520/1/403 2521/1/403
s 1
f 2522/1/404 2523/1/404 2524/1/404
s 0
f 2525/1/405 2526/1/405 2527/1/405
f 2528/1/406 2529/1/406 2530/1/406
f 2531/1/407 2532/1/407 2533/1/407
f 2534/1/408 2535/1/408 2536/1/408
f 2537/1/409 2538/1/409 2539/1/409
f 2540/1/410 2541/1/410 2542/1/410
f 2543/1/411 2544/1/411 2545/1/411
f 2546/1/412 2547/1/412 2548/1/412
f 2549/1/413 2550/1/413 2551/1/413
f 2552/1/414 2553/1/414 2554/1/414
f 2555/1/415 2556/1/415 2557/1/415
f 2558/1/416 2559/1/416 2560/1/416
f 2561/1/417 2562/1/417 2563/1/417
f 2564/1/388 2565/1/388 2566/1/388
f 2567/1/388 2568/1/388 2569/1/388
f 2570/1/418 2571/1/418 2572/1/418
f 2573/1/389 2574/1/389 2575/1/389
f 2576/1/419 2577/1/419 2578/1/419
f 2579/1/420 2580/1/420 2581/1/420
f 2582/1/421 2583/1/421 2584/1/421
f 2585/1/357 2586/1/357 2587/1/357
f 2588/1/422 2589/1/422 2590/1/422
f 2591/1/332 2592/1/332 2593/1/332
f 2594/1/359 2595/1/359 2596/1/359
f 2597/1/356 2598/1/356 2599/1/356
f 2600/1/363 2601/1/363 2602/1/363
f 2603/1/423 2604/1/423 2605/1/423
s 1
f 2606/5/11 2607/5/11 2608/5/11
s 0
f 2609/5/11 2610/5/11 2611/5/11
f 2612/5/10 2613/5/10 2614/5/10
f 2615/5/20 2616/5/20 2617/5/20
f 2618/5/7 2619/5/7 2620/5/7
f 2621/5/12 2622/5/12 2623/5/12
f 2624/5/42 2625/5/42 2626/5/42
f 2627/5/424 2628/5/424 2629/5/424
f 2630/5/425 2631/5/425 2632/5/425
f 2633/5/10 2634/5/10 2635/5/10
f 2636/5/42 2637/5/42 2638/5/42
f 2639/5/40 2640/5/40 2641/5/40
f 2642/5/59 2643/5/59 2644/5/59
f 2645/5/29 2646/5/29 2647/5/29
f 2648/5/12 2649/5/12 2650/5/12
f 2651/5/40 2652/5/40 2653/5/40
f 2654/5/11 2655/5/11 2656/5/11
f 2657/5/7 2658/5/7 2659/5/7
f 2660/5/11 2661/5/11 2662/5/11
f 2663/5/43 2664/5/43 2665/5/43
f 2666/5/10 2667/5/10 2668/5/10
f 2669/5/11 2670/5/11 2671/5/11
f 2672/5/7 2673/5/7 2674/5/7
f 2675/5/27 2676/5/27 2677/5/27
f 2678/5/43 2679/5/43 2680/5/43
f 2681/5/426 2682/5/426 2683/5/426
s 1
f 2684/5/427 2685/5/427 2686/5/427
s 0
f 2687/5/428 2688/5/428 2689/5/428
f 2690/5/29 2691/5/29 2692/5/29
f 2693/5/429 2694/5/429 2695/5/429
f 2696/5/58 2697/5/58 2698/5/58
f 2699/5/56 2700/5/56 2701/5/56
f 2702/5/12 2703/5/12 2704/5/12
f 2705/5/57 2706/5/57 2707/5/57
f 2708/1/430 2709/1/430 2710/1/430
s 1
f 2711/1/431 2712/1/431 2713/1/431
s 0
f 2714/1/432 2715/1/432 2716/1/432
f 2717/1/433 2718/1/433 2719/1/433
f 2720/1/434 2721/1/434 2722/1/434
f 2723/1/435 2724/1/435 2725/1/435
f 2726/1/436 2727/1/436 2728/1/436
f 2729/1/437 2730/1/437 2731/1/437
f 2732/1/438 2733/1/438 2734/1/438
f 2735/1/439 2736/1/439 2737/1/439
f 2738/1/440 2739/1/440 2740/1/440
f 2741/1/441 2742/1/441 2743/1/441
f 2744/1/442 2745/1/442 2746/1/442
f 2747/1/443 2748/1/443 2749/1/443
f 2750/1/444 2751/1/444 2752/1/444
f 2753/1/445 2754/1/445 2755/1/445
f 2756/1/446 2757/1/446 2758/1/446
f 2759/1/447 2760/1/447 2761/1/447
f 2762/1/448 2763/1/448 2764/1/448
f 2765/1/449 2766/1/449 2767/1/449
f 2768/1/450 2769/1/450 2770/1/450
f 2771/1/451 2772/1/451 2773/1/451
f 2774/1/452 2775/1/452 2776/1/452
f 2777/1/453 2778/1/453 2779/1/453
f 2780/1/454 2781/1/454 2782/1/454
f 2783/1/455 2784/1/455 2785/1/455
f 2786/1/456 2787/1/456 2788/1/456
f 2789/1/457 2790/1/457 2791/1/457
f 2792/1/458 2793/1/458 2794/1/458
f 2795/1/458 2796/1/458 2797/1/458
f 2798/1/459 2799/1/459 2800/1/459
f 2801/1/460 2802/1/460 2803/1/460
f 2804/1/461 2805/1/461 2806/1/461
f 2807/1/462 2808/1/462 2809/1/462
f 2810/1/463 2811/1/463 2812/1/463
f 2813/1/464 2814/1/464 2815/1/464
f 2816/1/465 2817/1/465 2818/1/465
f 2819/1/460 2820/1/460 2821/1/460
f 2822/1/466 2823/1/466 2824/1/466
f 2825/1/467 2826/1/467 2827/1/467
f 2828/1/468 2829/1/468 2830/1/468
f 2831/1/469 2832/1/469 2833/1/469
f 1/1/1 2834/1/1 2835/1/1
f 2835/1/1 2836/1/1 1/1/1
f 2836/1/1 2/1/1 1/1/1
f 2/1/1 2837/1/1 3/1/1
f 3/1/1 2838/1/1 1/1/1
f 4/1/2 2839/1/2 5/1/2
f 7/1/3 2840/1/3 8/1/3
f 10/1/4 2841/1/4 11/1/4
f 13/1/5 2842/1/5 14/1/5
f 16/1/6 2843/1/6 17/1/6
f 2844/2/7 23/2/7 2845/2/7
f 2846/2/7 22/2/7 2847/2/7
f 22/2/7 24/2/7 2847/2/7
f 2844/2/7 2845/2/7 2848/2/7
f 2849/2/7 2844/2/7 2848/2/7
f 2850/2/7 2846/2/7 2847/2/7
f 2850/2/7 2847/2/7 2851/2/7
f 2849/2/7 2848/2/7 2852/2/7
f 21/2/7 2849/2/7 2852/2/7
f 20/2/7 2850/2/7 2853/2/7
f 2850/2/7 2851/2/7 2853/2/7
f 21/2/7 2852/2/7 19/2/7
f 20/2/7 2853/2/7 21/2/7
f 22/2/7 2845/2/7 23/2/7
f 25/1/8 2854/1/8 26/1/8
f 2855/1/9 2856/1/9 30/1/9
f 2856/1/9 2857/1/9 28/1/9
f 30/1/9 2856/1/9 28/1/9
f 2857/1/9 2858/1/9 28/1/9
f 2858/1/9 2859/1/9 28/1/9
f 2860/2/10 39/2/10 38/2/10
f 2861/2/10 2862/2/10 2863/2/10
f 2861/2/10 2863/2/10 2864/2/10
f 2860/2/10 38/2/10 31/2/10
f 2861/2/10 2864/2/10 32/2/10
f 2864/2/10 33/2/10 32/2/10
f 33/2/10 2860/2/10 31/2/10
f 2865/2/10 2866/2/10 34/2/10
f 35/2/10 2867/2/10 2868/2/10
f 2867/2/10 37/2/10 2868/2/10
f 36/2/10 2865/2/10 34/2/10
f 35/2/10 2868/2/10 36/2/10
f 37/2/10 2867/2/10 38/2/10
f 40/2/4 2869/2/4 41/2/4
f 41/2/4 2870/2/4 2871/2/4
f 2871/2/4 2872/2/4 41/2/4
f 2872/2/4 42/2/4 41/2/4
f 42/2/4 2873/2/4 40/2/4
f 43/2/2 2874/2/2 44/2/2
f 46/2/9 2875/2/9 47/2/9
f 49/2/6 2876/2/6 50/2/6
f 52/2/3 2877/2/3 53/2/3
f 55/2/1 2878/2/1 56/2/1
f 58/2/8 2879/2/8 59/2/8
f 61/2/5 2880/2/5 62/2/5
f 62/2/5 2881/2/5 63/2/5
f 2881/2/5 2882/2/5 63/2/5
f 2882/2/5 2883/2/5 63/2/5
f 63/2/5 2884/2/5 61/2/5
f 64/2/11 2885/2/11 65/2/11
f 67/2/12 2886/2/12 68/2/12
f 70/2/10 2887/2/10 71/2/10
f 72/2/10 2888/2/10 70/2/10
f 2888/2/10 2889/2/10 70/2/10
f 73/2/11 2890/2/11 74/2/11
f 76/2/12 2891/2/12 77/2/12
f 79/2/10 2892/2/10 80/2/10
f 82/2/10 2893/2/10 83/2/10
f 96/3/15 2894/3/15 97/3/15
f 99/3/16 2895/3/16 100/3/16
f 102/3/17 2896/3/17 103/3/17
f 105/3/18 2897/3/18 106/3/18
f 2898/3/12 2899/3/12 2900/3/12
f 2899/3/12 2901/3/12 2900/3/12
f 2901/3/12 108/3/12 2900/3/12
f 110/3/12 2900/3/12 108/3/12
f 119/3/12 2902/3/12 2903/3/12
f 2902/3/12 110/3/12 109/3/12
f 2903/3/12 2902/3/12 2904/3/12
f 2903/3/12 2905/3/12 119/3/12
f 2906/3/12 2907/3/12 2904/3/12
f 2904/3/12 2902/3/12 109/3/12
f 109/3/12 2906/3/12 2904/3/12
f 111/3/11 2908/3/11 112/3/11
f 2909/3/19 2910/3/19 2911/3/19
f 116/3/19 2912/3/19 2913/3/19
f 2912/3/19 2914/3/19 2913/3/19
f 2909/3/19 2911/3/19 115/3/19
f 116/3/19 2913/3/19 114/3/19
f 114/3/19 2909/3/19 115/3/19
f 2915/3/12 2901/3/12 2899/3/12
f 118/3/12 2916/3/12 2917/3/12
f 2917/3/12 2918/3/12 119/3/12
f 119/3/12 2905/3/12 2907/3/12
f 2907/3/12 2906/3/12 117/3/12
f 2915/3/12 2899/3/12 118/3/12
f 119/3/12 2907/3/12 117/3/12
f 117/3/12 2915/3/12 118/3/12
f 118/3/12 2917/3/12 119/3/12
f 120/3/12 2919/3/12 121/3/12
f 123/3/11 2920/3/11 124/3/11
f 128/3/10 2921/3/10 126/3/10
f 126/3/10 2922/3/10 127/3/10
f 127/3/10 2923/3/10 128/3/10
f 2924/3/11 2925/3/11 2926/3/11
f 2925/3/11 129/3/11 2926/3/11
f 129/3/11 2927/3/11 2928/3/11
f 2928/3/11 2929/3/11 130/3/11
f 2929/3/11 2930/3/11 130/3/11
f 130/3/11 2931/3/11 131/3/11
f 129/3/11 2928/3/11 130/3/11
f 131/3/11 2932/3/11 129/3/11
f 2932/3/11 2926/3/11 129/3/11
f 2933/3/12 2934/3/12 2935/3/12
f 134/3/12 2936/3/12 132/3/12
f 2936/3/12 2937/3/12 132/3/12
f 2933/3/12 2935/3/12 133/3/12
f 2935/3/12 134/3/12 133/3/12
f 135/3/20 2938/3/20 136/3/20
f 2939/3/10 2940/3/10 2941/3/10
f 2940/3/10 2942/3/10 2941/3/10
f 2943/3/10 2944/3/10 2945/3/10
f 2944/3/10 2946/3/10 2945/3/10
f 2947/3/10 2939/3/10 2941/3/10
f 2947/3/10 2941/3/10 2948/3/10
f 2945/3/10 2946/3/10 139/3/10
f 2949/3/10 2945/3/10 139/3/10
f 140/3/10 2947/3/10 2948/3/10
f 138/3/10 2949/3/10 139/3/10
f 140/3/10 2948/3/10 138/3/10
f 141/3/21 2950/3/21 142/3/21
f 144/3/12 2951/3/12 145/3/12
f 2952/3/11 299/3/11 2953/3/11
f 2953/3/11 2954/3/11 2955/3/11
f 149/3/11 2956/3/11 147/3/11
f 2956/3/11 301/3/11 2957/3/11
f 2953/3/11 2955/3/11 2958/3/11
f 2955/3/11 149/3/11 148/3/11
f 2958/3/11 2952/3/11 2953/3/11
f 148/3/11 2958/3/11 2955/3/11
f 301/3/11 2959/3/11 2957/3/11
f 2960/3/11 2961/3/11 2962/3/11
f 2961/3/11 300/3/11 2962/3/11
f 2956/3/11 2957/3/11 2960/3/11
f 2956/3/11 2960/3/11 147/3/11
f 2960/3/11 2962/3/11 147/3/11
f 2963/3/37 2964/3/37 2965/3/37
f 2964/3/37 2966/3/37 2965/3/37
f 2967/3/470 2968/3/470 2969/3/470
f 2970/3/471 2971/3/471 2972/3/471
f 2973/3/35 2974/3/35 2975/3/35
f 2974/3/35 2976/3/35 2975/3/35
f 156/3/10 2977/3/10 157/3/10
f 159/3/24 2978/3/24 160/3/24
f 162/3/10 2979/3/10 163/3/10
f 165/3/25 2980/3/25 166/3/25
f 170/3/7 2981/3/7 168/3/7
f 2981/3/7 2982/3/7 168/3/7
f 169/3/7 2983/3/7 2984/3/7
f 169/3/7 2984/3/7 170/3/7
f 171/3/26 2985/3/26 172/3/26
f 2986/3/27 2987/3/27 175/3/27
f 2987/3/27 176/3/27 175/3/27
f 2988/3/27 2989/3/27 174/3/27
f 2989/3/27 2990/3/27 174/3/27
f 2988/3/27 174/3/27 176/3/27
f 2991/3/10 249/3/10 2992/3/10
f 249/3/10 2993/3/10 2992/3/10
f 177/3/10 2994/3/10 2995/3/10
f 2994/3/10 2996/3/10 2997/3/10
f 2997/3/10 251/3/10 250/3/10
f 2994/3/10 2997/3/10 2995/3/10
f 179/3/10 2991/3/10 2992/3/10
f 2997/3/10 250/3/10 2995/3/10
f 179/3/10 2992/3/10 177/3/10
f 177/3/10 2995/3/10 178/3/10
f 180/3/27 2998/3/27 181/3/27
f 2998/3/27 2999/3/27 181/3/27
f 181/3/27 3000/3/27 182/3/27
f 3001/3/28 3002/3/28 3003/3/28
f 185/3/28 3004/3/28 3005/3/28
f 3004/3/28 3006/3/28 3005/3/28
f 3001/3/28 3003/3/28 184/3/28
f 185/3/28 3005/3/28 183/3/28
f 183/3/28 3001/3/28 184/3/28
f 186/3/29 3007/3/29 187/3/29
f 189/3/11 3008/3/11 190/3/11
f 192/3/30 3009/3/30 193/3/30
f 195/3/31 3010/3/31 196/3/31
f 198/3/12 2935/3/12 2934/3/12
f 199/3/12 133/3/12 200/3/12
f 198/3/12 2934/3/12 199/3/12
f 201/3/32 3011/3/32 202/3/32
f 204/3/32 3012/3/32 205/3/32
f 210/3/33 3013/3/33 211/3/33
f 213/3/34 3014/3/34 214/3/34
f 216/3/29 3015/3/29 217/3/29
f 219/3/16 3016/3/16 220/3/16
f 222/3/35 3017/3/35 223/3/35
f 227/3/10 3018/3/10 225/3/10
f 3018/3/10 3019/3/10 225/3/10
f 226/3/10 3020/3/10 3021/3/10
f 226/3/10 3021/3/10 227/3/10
f 228/3/19 3022/3/19 229/3/19
f 231/3/36 3023/3/36 232/3/36
f 234/3/37 3024/3/37 235/3/37
f 237/3/38 3025/3/38 238/3/38
f 240/3/39 3026/3/39 241/3/39
f 3027/3/12 3028/3/12 243/3/12
f 243/3/12 3029/3/12 3030/3/12
f 3029/3/12 3031/3/12 3030/3/12
f 3030/3/12 3032/3/12 243/3/12
f 3032/3/12 244/3/12 243/3/12
f 3033/3/12 3034/3/12 245/3/12
f 3034/3/12 3027/3/12 245/3/12
f 3027/3/12 243/3/12 245/3/12
f 244/3/12 3035/3/12 245/3/12
f 246/3/40 3036/3/40 247/3/40
f 3037/3/10 2993/3/10 251/3/10
f 2993/3/10 249/3/10 251/3/10
f 252/3/17 3038/3/17 253/3/17
f 255/3/41 3039/3/41 256/3/41
f 260/3/7 3040/3/7 258/3/7
f 3040/3/7 3041/3/7 258/3/7
f 3041/3/7 3042/3/7 258/3/7
f 259/3/7 3043/3/7 3044/3/7
f 259/3/7 3044/3/7 260/3/7
f 261/3/42 3045/3/42 262/3/42
f 264/3/7 3046/3/7 265/3/7
f 267/3/33 3047/3/33 268/3/33
f 270/3/43 3048/3/43 271/3/43
f 274/3/27 3049/3/27 3050/3/27
f 3049/3/27 3051/3/27 3050/3/27
f 3052/3/27 3053/3/27 275/3/27
f 3053/3/27 273/3/27 275/3/27
f 274/3/27 3050/3/27 275/3/27
f 276/3/31 3054/3/31 277/3/31
f 279/3/10 3055/3/10 280/3/10
f 282/3/44 3056/3/44 283/3/44
f 287/3/27 3057/3/27 285/3/27
f 3057/3/27 3058/3/27 285/3/27
f 285/3/27 3059/3/27 286/3/27
f 288/3/45 3060/3/45 289/3/45
f 291/3/18 3061/3/18 292/3/18
f 294/3/12 3062/3/12 295/3/12
f 298/3/10 3063/3/10 127/3/10
f 127/3/10 3064/3/10 297/3/10
f 3065/3/11 3066/3/11 301/3/11
f 3066/3/11 3067/3/11 299/3/11
f 301/3/11 3066/3/11 299/3/11
f 299/3/11 2952/3/11 300/3/11
f 300/3/11 2961/3/11 301/3/11
f 2961/3/11 2959/3/11 301/3/11
f 302/3/15 3068/3/15 303/3/15
f 3069/3/46 3070/3/46 3071/3/46
f 308/3/28 3072/3/28 309/3/28
f 311/3/47 3073/3/47 312/3/47
f 3074/3/27 3075/3/27 3076/3/27
f 3074/3/27 3076/3/27 3077/3/27
f 3078/3/27 3079/3/27 3080/3/27
f 3079/3/27 315/3/27 3081/3/27
f 3081/3/27 3080/3/27 3079/3/27
f 316/3/27 3074/3/27 3077/3/27
f 314/3/27 3081/3/27 315/3/27
f 316/3/27 3077/3/27 314/3/27
f 317/3/48 3082/3/48 318/3/48
f 207/3/11 209/3/11 3083/3/11
f 209/3/11 3084/3/11 3083/3/11
f 3085/3/11 208/3/11 3086/3/11
f 208/3/11 320/3/11 322/3/11
f 3084/3/11 3085/3/11 3086/3/11
f 208/3/11 322/3/11 3086/3/11
f 320/3/11 3087/3/11 321/3/11
f 3086/3/11 3083/3/11 3084/3/11
f 323/3/43 3088/3/43 324/3/43
f 326/3/49 3089/3/49 327/3/49
f 3090/1/472 3091/1/472 3092/1/472
f 3091/1/472 3093/1/472 3092/1/472
f 332/1/3 3094/1/3 333/1/3
f 335/1/1 3095/1/1 336/1/1
f 338/1/50 3096/1/50 339/1/50
f 343/1/11 3097/1/11 341/1/11
f 341/1/11 3098/1/11 342/1/11
f 344/1/2 3099/1/2 345/1/2
f 347/1/6 3100/1/6 348/1/6
f 352/1/12 3101/1/12 3102/1/12
f 3102/1/12 350/1/12 352/1/12
f 353/1/9 3103/1/9 354/1/9
f 356/1/3 3104/1/3 357/1/3
f 359/1/5 3105/1/5 360/1/5
f 3106/1/473 3107/1/473 3108/1/473
f 3108/1/473 3109/1/473 3106/1/473
f 365/1/4 3110/1/4 366/1/4
f 368/1/6 3111/1/6 369/1/6
f 371/1/51 3112/1/51 372/1/51
f 3113/1/52 3114/1/52 3115/1/52
f 377/1/53 3116/1/53 378/1/53
f 380/1/51 3117/1/51 381/1/51
f 383/1/8 3118/1/8 384/1/8
f 386/1/54 3119/1/54 387/1/54
f 389/1/8 3120/1/8 390/1/8
f 3121/1/474 3122/1/474 3123/1/474
f 3124/1/10 3125/1/10 3126/1/10
f 3125/1/10 3127/1/10 3126/1/10
f 3128/1/10 3124/1/10 3129/1/10
f 3124/1/10 3126/1/10 3129/1/10
f 3130/1/10 3131/1/10 3132/1/10
f 3130/1/10 3132/1/10 3133/1/10
f 3130/1/10 3133/1/10 3134/1/10
f 3133/1/10 3135/1/10 3134/1/10
f 3128/1/10 3129/1/10 3136/1/10
f 3137/1/10 3128/1/10 3136/1/10
f 3134/1/10 3135/1/10 3138/1/10
f 3137/1/10 3136/1/10 3139/1/10
f 3140/1/10 3137/1/10 3139/1/10
f 3141/1/10 3134/1/10 3138/1/10
f 3141/1/10 3138/1/10 396/1/10
f 3138/1/10 397/1/10 396/1/10
f 3140/1/10 3139/1/10 395/1/10
f 3142/1/10 3140/1/10 395/1/10
f 397/1/10 3142/1/10 395/1/10
f 398/1/54 3143/1/54 399/1/54
f 401/1/2 3144/1/2 402/1/2
f 3145/1/7 3146/1/7 3147/1/7
f 3148/1/7 3149/1/7 3150/1/7
f 3149/1/7 3151/1/7 3150/1/7
f 3152/1/7 3148/1/7 3153/1/7
f 3148/1/7 3150/1/7 3153/1/7
f 3145/1/7 3147/1/7 3154/1/7
f 3145/1/7 3154/1/7 3155/1/7
f 3154/1/7 3156/1/7 3155/1/7
f 3157/1/7 3152/1/7 3158/1/7
f 3152/1/7 3153/1/7 3158/1/7
f 3155/1/7 3156/1/7 3159/1/7
f 3160/1/7 3157/1/7 3161/1/7
f 3157/1/7 3158/1/7 3161/1/7
f 3162/1/7 3155/1/7 3159/1/7
f 3162/1/7 3159/1/7 3163/1/7
f 3159/1/7 404/1/7 3163/1/7
f 405/1/7 3160/1/7 406/1/7
f 3160/1/7 3161/1/7 406/1/7
f 3163/1/7 404/1/7 406/1/7
f 407/1/56 3164/1/56 408/1/56
f 410/1/20 3165/1/20 411/1/20
f 413/1/57 3166/1/57 414/1/57
f 416/1/58 3167/1/58 417/1/58
f 420/1/11 3168/1/11 421/1/11
f 421/1/11 3169/1/11 3170/1/11
f 3170/1/11 419/1/11 421/1/11
f 422/1/27 3171/1/27 423/1/27
f 425/1/59 3172/1/59 426/1/59
f 429/1/12 3173/1/12 430/1/12
f 430/1/12 3174/1/12 3175/1/12
f 3175/1/12 428/1/12 430/1/12
f 431/1/42 3176/1/42 432/1/42
f 434/1/10 3177/1/10 435/1/10
f 437/1/43 3178/1/43 438/1/43
f 440/1/29 3179/1/29 441/1/29
f 444/1/11 3180/1/11 445/1/11
f 445/1/11 3181/1/11 3182/1/11
f 3182/1/11 443/1/11 445/1/11
f 446/1/7 3183/1/7 447/1/7
f 449/1/40 3184/1/40 450/1/40
f 453/1/12 3185/1/12 454/1/12
f 454/1/12 3186/1/12 3187/1/12
f 3187/1/12 452/1/12 454/1/12
f 457/1/42 3188/1/42 3189/1/42
f 3189/1/42 3190/1/42 457/1/42
f 3190/1/42 455/1/42 457/1/42
f 458/1/10 3191/1/10 459/1/10
f 463/1/43 3192/1/43 3193/1/43
f 3193/1/43 3194/1/43 463/1/43
f 3194/1/43 461/1/43 463/1/43
f 466/1/29 3195/1/29 3196/1/29
f 3196/1/29 3197/1/29 466/1/29
f 3197/1/29 464/1/29 466/1/29
f 467/1/11 3198/1/11 468/1/11
f 470/1/11 3199/1/11 471/1/11
f 473/1/7 3200/1/7 474/1/7
f 3201/1/40 3202/1/40 478/1/40
f 3202/1/40 3203/1/40 478/1/40
f 3203/1/40 476/1/40 478/1/40
f 480/1/12 3204/1/12 481/1/12
f 481/1/12 3205/1/12 3206/1/12
f 3206/1/12 479/1/12 481/1/12
f 484/1/12 3207/1/12 482/1/12
f 3207/1/12 3208/1/12 482/1/12
f 3208/1/12 3209/1/12 482/1/12
f 485/1/40 3210/1/40 486/1/40
f 488/1/29 3211/1/29 489/1/29
f 491/1/10 3212/1/10 492/1/10
f 494/1/7 3213/1/7 495/1/7
f 497/1/43 3214/1/43 498/1/43
f 500/1/42 3215/1/42 501/1/42
f 3216/1/11 505/1/11 504/1/11
f 505/1/11 3217/1/11 503/1/11
f 3217/1/11 3218/1/11 503/1/11
f 506/1/7 3219/1/7 507/1/7
f 509/1/10 3220/1/10 510/1/10
f 512/4/9 3221/4/9 513/4/9
f 515/4/3 3222/4/3 516/4/3
f 518/4/5 3223/4/5 519/4/5
f 521/4/1 3224/4/1 522/4/1
f 524/4/2 3225/4/2 525/4/2
f 527/4/6 3226/4/6 528/4/6
f 3227/4/10 3228/4/10 3229/4/10
f 3230/4/10 3231/4/10 3232/4/10
f 3231/4/10 3233/4/10 3232/4/10
f 3227/4/10 3229/4/10 3234/4/10
f 3235/4/10 3227/4/10 3236/4/10
f 3227/4/10 3234/4/10 3236/4/10
f 3237/4/10 3230/4/10 3232/4/10
f 3237/4/10 3232/4/10 3238/4/10
f 530/4/10 3235/4/10 531/4/10
f 3235/4/10 3236/4/10 531/4/10
f 3239/4/10 3237/4/10 3238/4/10
f 3239/4/10 3238/4/10 3240/4/10
f 3239/4/10 3240/4/10 532/4/10
f 3240/4/10 3241/4/10 532/4/10
f 3241/4/10 530/4/10 532/4/10
f 533/4/6 3242/4/6 534/4/6
f 536/4/8 3243/4/8 537/4/8
f 539/4/6 3244/4/6 540/4/6
f 542/4/3 3245/4/3 543/4/3
f 545/4/1 3246/4/1 546/4/1
f 548/4/8 3247/4/8 549/4/8
f 551/4/1 3248/4/1 552/4/1
f 554/4/1 3249/4/1 555/4/1
f 557/4/6 3250/4/6 558/4/6
f 3251/4/10 3252/4/10 3253/4/10
f 3252/4/10 3254/4/10 3253/4/10
f 3255/4/10 3256/4/10 3257/4/10
f 3256/4/10 3258/4/10 3257/4/10
f 3259/4/10 3251/4/10 3253/4/10
f 3259/4/10 3253/4/10 3260/4/10
f 3257/4/10 3258/4/10 3261/4/10
f 3262/4/10 3257/4/10 3261/4/10
f 3263/4/10 3259/4/10 3260/4/10
f 3263/4/10 3260/4/10 561/4/10
f 3262/4/10 3261/4/10 3264/4/10
f 3265/4/10 3262/4/10 3264/4/10
f 560/4/10 3263/4/10 561/4/10
f 562/4/10 3265/4/10 560/4/10
f 3265/4/10 3264/4/10 560/4/10
f 563/4/2 3266/4/2 564/4/2
f 566/4/8 3267/4/8 567/4/8
f 569/4/5 3268/4/5 570/4/5
f 572/4/8 3269/4/8 573/4/8
f 575/4/9 3270/4/9 576/4/9
f 578/4/4 3271/4/4 579/4/4
f 581/4/5 3272/4/5 582/4/5
f 584/4/5 3273/4/5 585/4/5
f 587/4/4 3274/4/4 588/4/4
f 3275/4/475 3276/4/475 3277/4/475
f 3278/4/476 3279/4/476 3280/4/476
f 3281/4/476 3282/4/476 3283/4/476
f 3284/4/477 3285/4/477 3286/4/477
f 590/4/60 3287/4/60 591/4/60
f 593/4/9 3288/4/9 594/4/9
f 3289/4/7 3290/4/7 3291/4/7
f 3290/4/7 3292/4/7 3291/4/7
f 3293/4/7 3294/4/7 3295/4/7
f 3294/4/7 3296/4/7 3295/4/7
f 3297/4/7 3289/4/7 3291/4/7
f 3297/4/7 3291/4/7 3298/4/7
f 3295/4/7 3296/4/7 3299/4/7
f 3300/4/7 3295/4/7 3299/4/7
f 3301/4/7 3297/4/7 3298/4/7
f 3301/4/7 3298/4/7 597/4/7
f 3300/4/7 3299/4/7 3302/4/7
f 3303/4/7 3300/4/7 3302/4/7
f 596/4/7 3301/4/7 597/4/7
f 598/4/7 3303/4/7 596/4/7
f 3303/4/7 3302/4/7 596/4/7
f 599/4/4 3304/4/4 600/4/4
f 602/4/2 3305/4/2 603/4/2
f 3306/4/7 3307/4/7 3308/4/7
f 3307/4/7 3309/4/7 3308/4/7
f 3310/4/7 3311/4/7 3312/4/7
f 3311/4/7 3313/4/7 3312/4/7
f 3314/4/7 3308/4/7 3315/4/7
f 3308/4/7 3309/4/7 3315/4/7
f 3316/4/7 3310/4/7 3312/4/7
f 3316/4/7 3312/4/7 3317/4/7
f 605/4/7 3314/4/7 606/4/7
f 3314/4/7 3315/4/7 606/4/7
f 3318/4/7 3316/4/7 3317/4/7
f 3318/4/7 3317/4/7 3319/4/7
f 3318/4/7 3319/4/7 607/4/7
f 3319/4/7 3320/4/7 607/4/7
f 3320/4/7 605/4/7 607/4/7
f 608/4/2 3321/4/2 609/4/2
f 611/4/9 3322/4/9 612/4/9
f 614/4/4 3323/4/4 615/4/4
f 617/4/3 3324/4/3 618/4/3
f 620/4/3 3325/4/3 621/4/3
f 3326/4/478 3327/4/478 3328/4/478
f 3329/4/479 3330/4/479 3331/4/479
f 3332/4/480 3333/4/480 3334/4/480
f 3335/4/478 3336/4/478 3337/4/478
s 1
f 624/4/61 3338/4/61 625/4/61
s 0
f 628/1/5 3339/1/5 626/1/5
f 3339/1/5 3340/1/5 626/1/5
f 3340/1/5 3341/1/5 626/1/5
f 631/1/4 3342/1/4 629/1/4
f 3342/1/4 3343/1/4 629/1/4
f 3343/1/4 3344/1/4 629/1/4
f 634/1/1 3345/1/1 632/1/1
f 3345/1/1 3346/1/1 632/1/1
f 3346/1/1 3347/1/1 632/1/1
f 637/1/9 3348/1/9 635/1/9
f 3348/1/9 3349/1/9 635/1/9
f 3349/1/9 3350/1/9 635/1/9
f 638/1/11 3351/1/11 639/1/11
f 641/1/62 3352/1/62 642/1/62
f 644/1/11 3353/1/11 645/1/11
f 3354/1/7 3355/1/7 647/1/7
f 647/1/7 3356/1/7 648/1/7
f 649/1/7 3354/1/7 647/1/7
f 650/1/10 3357/1/10 651/1/10
f 653/1/12 3358/1/12 654/1/12
f 656/1/10 3359/1/10 657/1/10
f 3360/1/10 3361/1/10 659/1/10
f 659/1/10 3362/1/10 660/1/10
f 661/1/10 3360/1/10 659/1/10
f 3363/1/28 3364/1/28 664/1/28
f 3364/1/28 662/1/28 664/1/28
f 662/1/28 3365/1/28 663/1/28
f 3365/1/28 3366/1/28 3367/1/28
f 663/1/28 3365/1/28 3367/1/28
f 668/1/11 3368/1/11 3369/1/11
f 3368/1/11 665/1/11 667/1/11
f 3369/1/11 3368/1/11 667/1/11
f 3370/1/11 3371/1/11 3372/1/11
f 3370/1/11 3372/1/11 666/1/11
f 3373/1/11 669/1/11 668/1/11
f 3369/1/11 3373/1/11 668/1/11
f 665/1/11 3370/1/11 666/1/11
f 670/1/11 3371/1/11 3370/1/11
f 3370/1/11 668/1/11 670/1/11
f 673/1/37 3374/1/37 3375/1/37
f 3374/1/37 3376/1/37 3375/1/37
f 3375/1/37 671/1/37 673/1/37
f 671/1/37 3377/1/37 672/1/37
f 3377/1/37 3378/1/37 672/1/37
f 676/1/35 3379/1/35 3380/1/35
f 674/1/35 3381/1/35 675/1/35
f 3381/1/35 3382/1/35 3383/1/35
f 675/1/35 3381/1/35 3383/1/35
f 676/1/35 3380/1/35 674/1/35
f 679/1/35 3384/1/35 3385/1/35
f 3384/1/35 3386/1/35 3385/1/35
f 3385/1/35 677/1/35 679/1/35
f 677/1/35 3387/1/35 678/1/35
f 3387/1/35 3388/1/35 678/1/35
f 3389/1/12 685/1/12 684/1/12
f 684/1/12 3390/1/12 3391/1/12
f 3390/1/12 680/1/12 682/1/12
f 3391/1/12 3390/1/12 682/1/12
f 3392/1/12 683/1/12 3393/1/12
f 3392/1/12 3393/1/12 681/1/12
f 3391/1/12 3389/1/12 684/1/12
f 680/1/12 3392/1/12 681/1/12
f 683/1/12 3392/1/12 684/1/12
f 3394/1/19 3395/1/19 686/1/19
f 687/1/19 3396/1/19 3397/1/19
f 3396/1/19 3398/1/19 3397/1/19
f 688/1/19 3394/1/19 686/1/19
f 687/1/19 3397/1/19 688/1/19
f 691/1/10 3399/1/10 689/1/10
f 689/1/10 3400/1/10 690/1/10
f 690/1/10 3401/1/10 691/1/10
f 692/1/7 3402/1/7 3403/1/7
f 694/1/7 3404/1/7 3405/1/7
f 694/1/7 3405/1/7 3406/1/7
f 692/1/7 3403/1/7 693/1/7
f 694/1/7 3406/1/7 692/1/7
f 695/1/7 3405/1/7 3404/1/7
f 697/1/7 3403/1/7 3407/1/7
f 3403/1/7 3402/1/7 3407/1/7
f 695/1/7 3404/1/7 696/1/7
f 697/1/7 3407/1/7 695/1/7
f 700/1/7 3408/1/7 698/1/7
f 698/1/7 3409/1/7 699/1/7
f 699/1/7 3410/1/7 700/1/7
f 703/1/37 3411/1/37 3412/1/37
f 701/1/37 3413/1/37 702/1/37
f 3413/1/37 3414/1/37 3415/1/37
f 702/1/37 3413/1/37 3415/1/37
f 703/1/37 3412/1/37 701/1/37
f 706/1/28 3416/1/28 3417/1/28
f 3416/1/28 3418/1/28 3417/1/28
f 3417/1/28 704/1/28 706/1/28
f 704/1/28 3419/1/28 705/1/28
f 3419/1/28 3420/1/28 705/1/28
f 707/1/12 3421/1/12 708/1/12
f 3422/1/12 708/1/12 3421/1/12
f 707/1/12 709/1/12 3423/1/12
f 707/1/12 3423/1/12 3424/1/12
f 3422/1/12 3421/1/12 3425/1/12
f 3421/1/12 710/1/12 3425/1/12
f 711/1/12 707/1/12 3424/1/12
f 712/1/12 3425/1/12 710/1/12
f 711/1/12 3424/1/12 712/1/12
f 713/1/11 3426/1/11 714/1/11
f 713/1/11 715/1/11 3427/1/11
f 713/1/11 3427/1/11 3428/1/11
f 3429/1/11 714/1/11 3426/1/11
f 717/1/11 3429/1/11 3426/1/11
f 3430/1/11 713/1/11 3428/1/11
f 3430/1/11 3428/1/11 716/1/11
f 717/1/11 3426/1/11 718/1/11
f 3430/1/11 716/1/11 718/1/11
f 3431/1/19 3432/1/19 721/1/19
f 3432/1/19 719/1/19 721/1/19
f 719/1/19 3433/1/19 720/1/19
f 3433/1/19 3434/1/19 3435/1/19
f 720/1/19 3433/1/19 3435/1/19
f 722/1/63 3436/1/63 723/1/63
f 725/1/63 3437/1/63 726/1/63
f 728/1/11 3438/1/11 729/1/11
f 731/1/11 3439/1/11 732/1/11
f 734/1/64 3440/1/64 735/1/64
f 737/1/64 3441/1/64 738/1/64
f 740/1/65 3442/1/65 741/1/65
f 743/1/65 3443/1/65 744/1/65
f 746/1/12 3444/1/12 747/1/12
f 749/1/12 3445/1/12 750/1/12
f 752/1/66 3446/1/66 753/1/66
f 755/1/66 3447/1/66 756/1/66
f 760/1/56 3448/1/56 3449/1/56
f 3449/1/56 758/1/56 760/1/56
f 763/1/56 3450/1/56 3451/1/56
f 3450/1/56 3452/1/56 3451/1/56
f 3451/1/56 761/1/56 763/1/56
f 764/1/20 3453/1/20 765/1/20
f 767/1/20 3454/1/20 768/1/20
f 770/1/57 3455/1/57 771/1/57
f 773/1/57 3456/1/57 774/1/57
f 776/1/58 3457/1/58 777/1/58
f 779/1/58 3458/1/58 780/1/58
f 782/1/27 3459/1/27 783/1/27
f 785/1/27 3460/1/27 786/1/27
f 790/1/59 3461/1/59 3462/1/59
f 3461/1/59 3463/1/59 3462/1/59
f 3462/1/59 788/1/59 790/1/59
f 791/1/59 3464/1/59 792/1/59
f 794/1/28 3465/1/28 795/1/28
f 797/1/11 3466/1/11 798/1/11
f 800/1/37 3467/1/37 801/1/37
f 803/1/35 3468/1/35 804/1/35
f 806/1/12 3469/1/12 807/1/12
f 809/1/19 3470/1/19 810/1/19
f 812/5/28 3471/5/28 813/5/28
f 815/5/11 3472/5/11 816/5/11
f 818/5/37 3473/5/37 819/5/37
f 821/5/35 3474/5/35 822/5/35
f 824/5/12 3475/5/12 825/5/12
f 827/5/19 3476/5/19 828/5/19
f 830/1/2 3477/1/2 831/1/2
f 833/1/8 3478/1/8 834/1/8
f 3479/1/7 3480/1/7 3481/1/7
f 3482/1/7 3483/1/7 3484/1/7
f 3483/1/7 3485/1/7 3484/1/7
f 3479/1/7 3481/1/7 3486/1/7
f 3487/1/7 3479/1/7 3486/1/7
f 3488/1/7 3482/1/7 3489/1/7
f 3482/1/7 3484/1/7 3489/1/7
f 3487/1/7 3486/1/7 3490/1/7
f 3491/1/7 3487/1/7 3490/1/7
f 837/1/7 3488/1/7 3489/1/7
f 837/1/7 3489/1/7 3492/1/7
f 3491/1/7 3490/1/7 3493/1/7
f 837/1/7 3492/1/7 838/1/7
f 838/1/7 3491/1/7 836/1/7
f 3491/1/7 3493/1/7 836/1/7
f 3494/1/73 3495/1/73 3496/1/73
f 860/1/4 3497/1/4 861/1/4
f 1046/1/126 3498/1/126 1047/1/126
f 1049/1/127 3499/1/127 1050/1/127
f 1052/1/128 3500/1/128 1053/1/128
f 3501/1/5 3502/1/5 1058/1/5
f 1058/1/5 3503/1/5 1059/1/5
f 3503/1/5 3504/1/5 1059/1/5
f 1059/1/5 3505/1/5 1060/1/5
f 3505/1/5 3506/1/5 1060/1/5
f 1060/1/5 3507/1/5 3501/1/5
f 3501/1/5 1058/1/5 1060/1/5
f 1061/1/3 3508/1/3 1062/1/3
f 1064/1/130 3509/1/130 1065/1/130
f 1067/1/3 3510/1/3 1068/1/3
f 1070/1/2 3511/1/2 1071/1/2
f 1073/1/3 3512/1/3 1074/1/3
f 3513/1/10 3514/1/10 3515/1/10
f 3514/1/10 3516/1/10 3515/1/10
f 3517/1/10 3518/1/10 3519/1/10
f 3518/1/10 3520/1/10 3519/1/10
f 3521/1/10 3513/1/10 3515/1/10
f 3521/1/10 3515/1/10 3522/1/10
f 3519/1/10 3520/1/10 3523/1/10
f 3524/1/10 3519/1/10 3523/1/10
f 3525/1/10 3521/1/10 3522/1/10
f 3525/1/10 3522/1/10 3526/1/10
f 3524/1/10 3523/1/10 3527/1/10
f 3523/1/10 1080/1/10 3527/1/10
f 1081/1/10 3525/1/10 1079/1/10
f 3525/1/10 3526/1/10 1079/1/10
f 1079/1/10 3527/1/10 1080/1/10
f 1082/1/132 3528/1/132 1083/1/132
f 1112/1/142 3529/1/142 1113/1/142
f 1115/1/27 3530/1/27 1116/1/27
f 1118/1/20 3531/1/20 1119/1/20
f 1154/1/9 3532/1/9 1155/1/9
f 1157/1/2 3533/1/2 1158/1/2
f 1160/1/8 3534/1/8 1161/1/8
f 1166/1/1 3535/1/1 3536/1/1
f 1167/1/1 3537/1/1 3538/1/1
f 1166/1/1 3536/1/1 1167/1/1
f 3539/1/1 3540/1/1 1166/1/1
f 1168/1/1 3541/1/1 3539/1/1
f 1167/1/1 3538/1/1 1168/1/1
f 3539/1/1 1166/1/1 1168/1/1
f 1172/1/5 3542/1/5 1173/1/5
f 1175/1/8 3543/1/8 1176/1/8
f 1196/1/162 3544/1/162 1197/1/162
f 1202/1/6 3545/1/6 1203/1/6
f 1205/1/164 3546/1/164 1206/1/164
f 1211/1/166 3547/1/166 1212/1/166
f 1214/1/167 3548/1/167 1215/1/167
f 1217/1/6 3549/1/6 1218/1/6
f 1223/1/6 3550/1/6 1224/1/6
f 1232/1/171 3551/1/171 1233/1/171
f 3552/1/172 3553/1/172 3554/1/172
f 1238/1/130 3555/1/130 1239/1/130
f 1241/1/173 3556/1/173 1242/1/173
f 1244/1/174 3557/1/174 1245/1/174
f 1247/1/6 3558/1/6 1248/1/6
f 1250/1/3 3559/1/3 1251/1/3
f 1253/1/1 3560/1/1 1254/1/1
f 1256/1/171 3561/1/171 1257/1/171
f 3562/1/9 3563/1/9 1259/1/9
f 1259/1/9 3564/1/9 1260/1/9
f 3564/1/9 3565/1/9 1260/1/9
f 1260/1/9 3566/1/9 1261/1/9
f 3566/1/9 3567/1/9 1261/1/9
f 1261/1/9 3568/1/9 3562/1/9
f 3562/1/9 1259/1/9 1261/1/9
f 1262/1/8 3569/1/8 1263/1/8
f 1265/1/175 3570/1/175 1266/1/175
f 1268/1/176 3571/1/176 1269/1/176
f 1271/1/4 3572/1/4 3573/1/4
f 1272/1/4 3574/1/4 3575/1/4
f 1271/1/4 3573/1/4 1272/1/4
f 3576/1/4 3577/1/4 1271/1/4
f 1273/1/4 3578/1/4 3576/1/4
f 1272/1/4 3575/1/4 1273/1/4
f 3576/1/4 1271/1/4 1273/1/4
f 1274/1/10 3579/1/10 1275/1/10
f 1277/1/10 3580/1/10 1278/1/10
f 1280/1/2 3581/1/2 1281/1/2
f 1283/1/7 3582/1/7 1284/1/7
f 3582/1/7 3583/1/7 1284/1/7
f 1284/1/7 3584/1/7 1285/1/7
f 1358/1/11 3585/1/11 1359/1/11
f 1361/1/12 3586/1/12 1362/1/12
f 3587/1/10 3588/1/10 1364/1/10
f 1364/1/10 3589/1/10 1365/1/10
f 1366/1/10 3587/1/10 1364/1/10
f 3590/1/202 3591/1/202 3592/1/202
f 3593/1/481 3594/1/481 3595/1/481
f 3596/1/481 1408/1/481 1407/1/481
f 1408/1/202 3597/1/202 1406/1/202
f 3598/1/202 3599/1/202 3600/1/202
f 3597/1/202 3595/1/202 1406/1/202
f 3601/1/215 1464/1/215 3602/1/215
f 1464/1/215 1463/1/215 3602/1/215
f 3602/1/215 3603/1/215 3601/1/215
f 3603/1/215 1447/1/215 3601/1/215
f 3601/1/215 1447/1/215 1446/1/215
f 3604/1/215 3605/1/215 3606/1/215
f 3604/1/215 3606/1/215 1445/1/215
f 3604/1/215 1445/1/215 1447/1/215
f 3607/1/482 3608/1/482 3609/1/482
f 3610/1/483 3611/1/483 3612/1/483
f 1451/1/7 3613/1/7 1452/1/7
f 1454/1/217 3614/1/217 1455/1/217
f 1457/1/7 3615/1/7 1458/1/7
f 1460/1/10 3616/1/10 1461/1/10
f 3606/1/215 3605/1/215 1465/1/215
f 3605/1/215 1463/1/215 1465/1/215
f 3617/1/484 3618/1/484 3619/1/484
f 3620/1/485 3621/1/485 3622/1/485
f 3623/1/486 3624/1/486 3625/1/486
f 3626/1/487 3627/1/487 3628/1/487
f 3629/1/219 1469/1/219 1471/1/219
f 3630/1/220 3631/1/220 3632/1/220
f 3631/1/220 1496/1/220 3632/1/220
f 3633/1/220 3634/1/220 1474/1/220
f 3634/1/220 1472/1/220 1474/1/220
f 3633/1/220 1474/1/220 3635/1/220
f 1472/1/220 1498/1/220 1473/1/220
f 1498/1/220 1497/1/220 1473/1/220
f 3635/1/220 3630/1/220 3633/1/220
f 3630/1/220 3632/1/220 3633/1/220
f 1475/1/10 3636/1/10 1476/1/10
f 1478/1/221 3637/1/221 1479/1/221
f 3638/1/488 3639/1/488 3640/1/488
f 3641/1/223 3642/1/223 1484/1/223
f 1484/1/223 3643/1/223 1485/1/223
f 1486/1/223 3641/1/223 1484/1/223
f 1487/1/489 3644/1/489 1488/1/489
f 3645/1/225 3646/1/225 3647/1/225
f 3648/1/490 3649/1/490 3650/1/490
f 1496/1/220 3631/1/220 1497/1/220
f 1499/1/226 3651/1/226 1500/1/226
f 1502/1/227 3652/1/227 1503/1/227
f 1505/1/491 3653/1/491 1506/1/491
f 1508/1/229 3654/1/229 1509/1/229
f 1511/1/230 3655/1/230 1512/1/230
f 1514/1/231 3656/1/231 1515/1/231
f 3657/1/232 3658/1/232 1519/1/232
f 3658/1/232 1517/1/232 1519/1/232
f 1517/1/232 3659/1/232 1518/1/232
f 1518/1/232 3660/1/232 3661/1/232
f 1518/1/232 3661/1/232 1519/1/232
f 1520/1/233 3662/1/233 1521/1/233
f 1523/1/234 3663/1/234 1524/1/234
f 1526/1/235 3664/1/235 1527/1/235
f 1529/1/236 3665/1/236 1530/1/236
f 1532/1/237 3666/1/237 1533/1/237
f 1535/1/238 3667/1/238 1536/1/238
f 1538/1/239 3668/1/239 1539/1/239
f 3669/1/225 1492/1/225 3670/1/225
f 1492/1/492 1491/1/492 3670/1/492
f 3671/1/492 3672/1/492 3673/1/492
f 3672/1/225 1543/1/225 1542/1/225
f 3674/1/492 1490/1/492 3671/1/492
f 3673/1/225 3674/1/225 3671/1/225
f 3669/1/225 3670/1/225 1541/1/225
f 3675/1/225 3676/1/225 3677/1/225
f 3678/1/225 3679/1/225 3680/1/225
f 1556/1/242 3681/1/242 1557/1/242
f 1559/1/27 3682/1/27 1560/1/27
f 1562/1/28 3683/1/28 1563/1/28
f 3684/1/493 3685/1/493 3686/1/493
f 3687/1/9 3688/1/9 1567/1/9
f 3688/1/9 1565/1/9 1567/1/9
f 1568/1/19 3689/1/19 1569/1/19
f 3690/1/494 3691/1/494 3692/1/494
f 1576/1/4 3693/1/4 3694/1/4
f 3694/1/4 3695/1/4 1576/1/4
f 3695/1/4 1574/1/4 1576/1/4
f 1577/1/244 3696/1/244 1578/1/244
f 1582/1/1 3697/1/1 3698/1/1
f 3698/1/1 3699/1/1 1582/1/1
f 3699/1/1 1580/1/1 1582/1/1
f 1583/1/3 3700/1/3 1584/1/3
f 1586/1/245 3701/1/245 1587/1/245
f 1589/1/246 3702/1/246 1590/1/246
f 1592/1/247 3703/1/247 1593/1/247
f 1595/1/248 3704/1/248 1596/1/248
f 1598/1/249 3705/1/249 1599/1/249
f 1601/1/250 3706/1/250 1602/1/250
f 1604/1/251 3707/1/251 1605/1/251
f 1607/1/252 3708/1/252 1608/1/252
f 3709/1/495 3710/1/495 3711/1/495
f 1611/1/253 3712/1/253 1612/1/253
f 1614/1/12 3713/1/12 1615/1/12
f 1615/1/12 3714/1/12 1613/1/12
f 3714/1/12 3715/1/12 1613/1/12
f 3715/1/12 3716/1/12 3717/1/12
f 3717/1/12 3718/1/12 3715/1/12
f 3718/1/12 1613/1/12 3715/1/12
f 1616/1/254 3719/1/254 1617/1/254
f 1619/1/6 3720/1/6 1620/1/6
f 1622/1/12 3721/1/12 1623/1/12
f 3722/1/7 3723/1/7 3724/1/7
f 3725/1/7 3726/1/7 3722/1/7
f 3727/1/10 3728/1/10 1625/1/10
f 3728/1/10 3729/1/10 1625/1/10
f 3730/1/10 3731/1/10 3732/1/10
f 3733/1/10 3734/1/10 3732/1/10
f 3734/1/10 3730/1/10 3732/1/10
f 1626/1/10 3733/1/10 3732/1/10
f 1627/1/10 3727/1/10 1625/1/10
f 1626/1/10 3732/1/10 1627/1/10
f 3735/1/10 3736/1/10 3737/1/10
f 3737/1/10 3738/1/10 3735/1/10
f 3738/1/10 3739/1/10 3735/1/10
f 3739/1/10 3740/1/10 3735/1/10
f 1628/1/10 3741/1/10 3742/1/10
f 1630/1/10 3735/1/10 3740/1/10
f 1628/1/10 3742/1/10 1629/1/10
f 1630/1/10 3740/1/10 1628/1/10
f 3743/1/496 3744/1/496 3745/1/496
f 3746/1/255 3747/1/255 3748/1/255
f 3749/1/255 3746/1/255 3748/1/255
f 3750/1/497 3751/1/497 3752/1/497
f 3753/1/255 1631/1/255 1633/1/255
f 3754/1/498 3755/1/498 3756/1/498
f 3757/1/11 3758/1/11 3759/1/11
f 3760/1/11 3761/1/11 1636/1/11
f 3761/1/11 1634/1/11 1636/1/11
f 3757/1/11 3759/1/11 3760/1/11
f 1636/1/11 3762/1/11 3760/1/11
f 3762/1/11 3757/1/11 3760/1/11
f 1637/1/27 3763/1/27 1638/1/27
f 3764/1/499 3765/1/499 3766/1/499
f 3767/1/500 3768/1/500 3769/1/500
f 3770/1/501 3771/1/501 3772/1/501
f 1649/1/259 3773/1/259 1650/1/259
f 1652/1/260 3774/1/260 1653/1/260
f 3775/1/5 3776/1/5 1657/1/5
f 3776/1/5 3777/1/5 1657/1/5
f 3777/1/5 1655/1/5 1657/1/5
f 1658/1/261 3778/1/261 1659/1/261
f 3779/1/262 3780/1/262 3781/1/262
f 3782/1/7 3783/1/7 3784/1/7
f 3784/1/7 3785/1/7 3782/1/7
f 3785/1/7 3786/1/7 3782/1/7
f 3786/1/7 3787/1/7 3782/1/7
f 3788/1/7 3789/1/7 3790/1/7
f 3789/1/7 3791/1/7 3790/1/7
f 3792/1/7 3782/1/7 3787/1/7
f 3792/1/7 3787/1/7 3788/1/7
f 1665/1/7 3793/1/7 1666/1/7
f 1666/1/7 3792/1/7 3794/1/7
f 3792/1/7 3788/1/7 3795/1/7
f 3794/1/7 3792/1/7 3795/1/7
f 3788/1/7 3790/1/7 3795/1/7
f 3794/1/7 3796/1/7 1666/1/7
f 3796/1/7 1664/1/7 1666/1/7
f 1667/1/245 3797/1/245 1668/1/245
f 1672/1/7 3798/1/7 3799/1/7
f 3798/1/7 3800/1/7 3799/1/7
f 3799/1/7 1670/1/7 1672/1/7
f 3801/1/7 3802/1/7 1675/1/7
f 3802/1/7 1673/1/7 1675/1/7
f 1673/1/7 3803/1/7 1674/1/7
f 1676/1/11 3804/1/11 1677/1/11
f 1679/1/242 3805/1/242 1680/1/242
f 3806/1/243 3807/1/243 3808/1/243
f 1829/1/11 3809/1/11 1830/1/11
f 1832/1/12 3810/1/12 1833/1/12
f 3811/1/502 3812/1/502 3813/1/502
f 3814/1/503 3815/1/503 3816/1/503
f 3817/1/504 3818/1/504 3819/1/504
f 1838/1/291 3820/1/291 1839/1/291
f 1841/1/292 3821/1/292 1842/1/292
f 1845/4/7 3822/4/7 3823/4/7
f 3822/4/7 3824/4/7 3823/4/7
f 3823/4/7 1846/4/7 1845/4/7
f 1846/4/7 3825/4/7 3826/4/7
f 3826/4/7 1844/4/7 1846/4/7
f 1847/4/10 3827/4/10 1848/4/10
f 1849/4/10 1848/4/10 3828/4/10
f 3828/4/10 3829/4/10 3830/4/10
f 3829/4/10 3831/4/10 1851/4/10
f 3832/4/10 3829/4/10 1851/4/10
f 3833/4/10 1868/4/10 3834/4/10
f 3833/4/10 3834/4/10 3835/4/10
f 3830/4/10 1849/4/10 3828/4/10
f 3832/4/10 3830/4/10 3829/4/10
f 3831/4/10 3833/4/10 3835/4/10
f 3831/4/10 3835/4/10 3836/4/10
f 3831/4/10 3836/4/10 3837/4/10
f 1852/4/10 1869/4/10 3838/4/10
f 1851/4/10 3831/4/10 3837/4/10
f 1852/4/10 3838/4/10 1850/4/10
f 3838/4/10 3827/4/10 1850/4/10
f 1851/4/10 3837/4/10 1852/4/10
f 3827/4/10 1847/4/10 1850/4/10
f 1853/4/293 3839/4/293 1854/4/293
f 1856/4/27 3840/4/27 1857/4/27
f 1859/4/20 3841/4/20 1860/4/20
f 1862/4/294 3842/4/294 1863/4/294
f 1865/4/295 3843/4/295 1866/4/295
f 1868/4/10 3838/4/10 1869/4/10
f 1870/4/10 3834/4/10 1868/4/10
f 3844/4/505 3845/4/505 3846/4/505
f 3847/4/296 1871/4/296 1873/4/296
f 1874/4/297 3848/4/297 1875/4/297
f 3849/4/506 3850/4/506 3851/4/506
f 3852/4/507 3853/4/507 3854/4/507
f 1883/4/300 3855/4/300 1884/4/300
f 1886/4/301 3856/4/301 1887/4/301
f 1889/4/296 3857/4/296 1890/4/296
f 1892/4/297 3858/4/297 1893/4/297
f 3859/4/508 3860/4/508 3861/4/508
f 1898/4/303 3862/4/303 1899/4/303
f 3863/4/300 3864/4/300 3865/4/300
f 1904/4/301 3866/4/301 1905/4/301
f 1910/5/10 3867/5/10 1911/5/10
f 3868/5/509 3869/5/509 3870/5/509
f 3871/5/314 3872/5/314 3873/5/314
f 1919/5/10 3874/5/10 1920/5/10
f 1922/5/510 3875/5/510 1923/5/510
f 3876/5/10 3877/5/10 3878/5/10
f 3877/5/10 3879/5/10 3878/5/10
f 3880/5/511 3881/5/511 3882/5/511
f 3883/5/10 3878/5/10 3879/5/10
f 1928/5/28 3884/5/28 1929/5/28
f 1931/5/309 3885/5/309 1932/5/309
f 3886/5/310 3887/5/310 3888/5/310
f 3889/5/512 3890/5/512 3891/5/512
f 3892/5/513 3893/5/513 3894/5/513
f 3895/5/10 1942/5/10 1941/5/10
f 3896/5/10 3897/5/10 3898/5/10
f 3899/5/514 1940/5/514 1942/5/514
f 1946/5/311 3900/5/311 1947/5/311
f 1949/5/509 3901/5/509 1950/5/509
f 1952/5/10 3902/5/10 1953/5/10
f 1955/5/37 3903/5/37 1956/5/37
f 1958/5/313 3904/5/313 1959/5/313
f 1961/5/10 3905/5/10 1962/5/10
f 1964/5/35 3906/5/35 1965/5/35
f 3907/5/515 3908/5/515 3909/5/515
f 1970/5/510 3910/5/510 1971/5/510
f 1973/5/19 3911/5/19 1974/5/19
f 1976/5/314 3912/5/314 1977/5/314
f 1979/4/315 3913/4/315 1980/4/315
f 1982/4/316 3914/4/316 1983/4/316
f 1985/4/317 3915/4/317 1986/4/317
f 1988/4/65 3916/4/65 1989/4/65
f 1991/4/12 3917/4/12 1992/4/12
f 1994/4/11 3918/4/11 1995/4/11
f 2015/4/19 3919/4/19 2016/4/19
f 2018/4/37 3920/4/37 2019/4/37
f 2021/4/35 3921/4/35 2022/4/35
f 2024/4/12 3922/4/12 2025/4/12
f 3923/4/20 2034/4/20 3924/4/20
f 3923/4/20 3924/4/20 2027/4/20
f 2029/4/20 3925/4/20 2027/4/20
f 3925/4/20 3923/4/20 2027/4/20
f 2028/4/20 3926/4/20 2029/4/20
f 2030/4/28 3927/4/28 2031/4/28
f 2035/4/20 3928/4/20 3926/4/20
f 3928/4/20 2029/4/20 3926/4/20
f 3923/4/20 3929/4/20 2034/4/20
f 3929/4/20 2035/4/20 2034/4/20
f 2035/4/20 3926/4/20 2033/4/20
f 2036/4/11 3930/4/11 2037/4/11
f 2039/4/64 3931/4/64 2040/4/64
f 2042/4/63 3932/4/63 2043/4/63
f 2045/4/66 3933/4/66 2046/4/66
f 3934/1/389 3935/1/389 3936/1/389
f 2129/1/12 3937/1/12 2130/1/12
f 2132/1/6 3938/1/6 2133/1/6
f 2135/1/2 3939/1/2 2136/1/2
f 3940/1/3 3941/1/3 2139/1/3
f 3941/1/3 3942/1/3 2139/1/3
f 3942/1/3 2140/1/3 2139/1/3
f 2140/1/3 3943/1/3 2138/1/3
f 3944/1/5 3945/1/5 3946/1/5
f 3946/1/5 3947/1/5 3944/1/5
f 3947/1/5 3948/1/5 2143/1/5
f 3944/1/5 3947/1/5 2143/1/5
f 3948/1/5 2141/1/5 2143/1/5
f 3949/1/7 3950/1/7 3951/1/7
f 3950/1/7 3952/1/7 3951/1/7
f 3953/1/7 3954/1/7 3955/1/7
f 3954/1/7 3956/1/7 3955/1/7
f 3957/1/7 3949/1/7 3958/1/7
f 3949/1/7 3951/1/7 3958/1/7
f 3955/1/7 3956/1/7 3959/1/7
f 3956/1/7 3960/1/7 3959/1/7
f 2145/1/7 3957/1/7 3961/1/7
f 3957/1/7 3958/1/7 3961/1/7
f 3959/1/7 3960/1/7 2146/1/7
f 3960/1/7 2144/1/7 2146/1/7
f 2145/1/7 3961/1/7 2146/1/7
f 3962/1/10 3963/1/10 2147/1/10
f 3963/1/10 3964/1/10 2147/1/10
f 3964/1/10 2148/1/10 2147/1/10
f 3965/1/10 3966/1/10 3967/1/10
f 2150/1/3 3968/1/3 2151/1/3
f 2153/1/333 3969/1/333 2154/1/333
f 2156/1/10 3970/1/10 2157/1/10
f 3971/1/516 3972/1/516 3973/1/516
f 2162/1/8 3974/1/8 2163/1/8
f 3975/1/4 3976/1/4 3977/1/4
f 3976/1/4 3978/1/4 3977/1/4
f 3978/1/4 3979/1/4 3980/1/4
f 3979/1/4 3981/1/4 3980/1/4
f 3981/1/4 3982/1/4 3980/1/4
f 2165/1/4 3983/1/4 3984/1/4
f 2165/1/4 3984/1/4 2166/1/4
f 3978/1/4 3980/1/4 3977/1/4
f 3980/1/4 2165/1/4 3977/1/4
f 2166/1/4 3985/1/4 2167/1/4
f 2167/1/4 3977/1/4 2165/1/4
f 2169/1/335 2313/1/335 3986/1/335
f 2170/1/335 3987/1/335 2168/1/335
f 3987/1/335 3988/1/335 3989/1/335
f 3990/1/517 3991/1/517 3992/1/517
f 3988/1/335 3993/1/335 3989/1/335
f 2169/1/335 3986/1/335 2170/1/335
f 2171/1/1 3994/1/1 2172/1/1
f 3995/1/336 3996/1/336 3997/1/336
f 3995/1/336 3997/1/336 3998/1/336
f 2175/1/336 3999/1/336 2176/1/336
f 3995/1/336 3998/1/336 2176/1/336
f 3998/1/336 2174/1/336 2176/1/336
f 2177/1/337 4000/1/337 4001/1/337
f 2178/1/337 4002/1/337 2179/1/337
s 1
f 4002/1/337 2388/1/337 4003/1/337
s 0
f 2179/1/337 4002/1/337 4003/1/337
f 2388/1/337 2387/1/337 4003/1/337
f 2177/1/337 4001/1/337 2178/1/337
f 2180/1/518 4004/1/518 2181/1/518
f 4005/1/6 4006/1/6 2185/1/6
f 4006/1/6 2183/1/6 2185/1/6
f 2188/1/519 4007/1/519 4008/1/519
f 4007/1/338 4009/1/338 4008/1/338
f 4010/1/338 4011/1/338 4012/1/338
f 2186/1/338 4013/1/338 2187/1/338
f 2190/1/336 3997/1/336 3996/1/336
f 3996/1/336 2191/1/336 2190/1/336
f 2191/1/336 3999/1/336 2189/1/336
f 3999/1/336 2175/1/336 2189/1/336
f 4014/1/10 4015/1/10 4016/1/10
f 4017/1/10 4018/1/10 2242/1/10
f 4018/1/10 2240/1/10 2242/1/10
f 2243/1/355 4019/1/355 2244/1/355
f 2246/1/356 4020/1/356 2247/1/356
f 2249/1/357 4021/1/357 2250/1/357
f 2252/1/358 4022/1/358 2253/1/358
f 2255/1/8 4023/1/8 2256/1/8
f 2258/1/4 4024/1/4 2259/1/4
f 2261/1/359 4025/1/359 2262/1/359
f 4026/1/10 4027/1/10 4028/1/10
f 4029/1/10 4030/1/10 4031/1/10
f 4030/1/10 4032/1/10 4031/1/10
f 4026/1/10 4028/1/10 4033/1/10
f 4034/1/10 4026/1/10 4033/1/10
f 4035/1/10 4029/1/10 4036/1/10
f 4029/1/10 4031/1/10 4036/1/10
f 4034/1/10 4033/1/10 4037/1/10
f 2265/1/10 4034/1/10 4037/1/10
f 4038/1/10 4035/1/10 2264/1/10
f 4035/1/10 4036/1/10 2264/1/10
f 2265/1/10 4037/1/10 2266/1/10
f 4038/1/10 2264/1/10 2266/1/10
f 4039/1/10 4040/1/10 4041/1/10
f 4042/1/10 4043/1/10 2269/1/10
f 2269/1/10 4044/1/10 2267/1/10
f 4044/1/10 4045/1/10 2267/1/10
f 2270/1/360 4046/1/360 2271/1/360
f 4047/1/361 4048/1/361 4049/1/361
f 4048/1/361 4050/1/361 4051/1/361
f 4052/1/361 4053/1/361 4054/1/361
f 4052/1/361 2273/1/361 2275/1/361
f 2276/1/520 4055/1/520 2277/1/520
f 2279/1/363 4056/1/363 2280/1/363
f 2282/1/1 4057/1/1 2283/1/1
f 2285/1/521 4058/1/521 2286/1/521
f 2288/1/365 4059/1/365 2289/1/365
f 4060/1/7 4061/1/7 4062/1/7
f 4063/1/7 4064/1/7 4065/1/7
f 4064/1/7 4066/1/7 4065/1/7
f 4067/1/7 4063/1/7 4065/1/7
f 4060/1/7 4062/1/7 4068/1/7
f 4069/1/7 4070/1/7 4071/1/7
f 4067/1/7 4065/1/7 4072/1/7
f 2291/1/7 4067/1/7 2292/1/7
f 4067/1/7 4072/1/7 2292/1/7
f 4073/1/7 4060/1/7 4074/1/7
f 4073/1/7 4074/1/7 2293/1/7
f 4074/1/7 4075/1/7 2293/1/7
f 4075/1/522 2291/1/522 2293/1/522
f 4076/1/8 4077/1/8 2295/1/8
f 2296/1/8 4078/1/8 2294/1/8
f 4078/1/8 4079/1/8 2294/1/8
f 2294/1/8 4076/1/8 2295/1/8
f 2297/1/366 4080/1/366 2298/1/366
f 2300/1/20 4081/1/20 2301/1/20
f 2302/1/20 4082/1/20 4083/1/20
f 4083/1/20 2300/1/20 2302/1/20
f 2303/1/7 4084/1/7 2304/1/7
f 4084/1/7 4085/1/7 2304/1/7
f 2304/1/7 4086/1/7 2305/1/7
f 2306/1/367 4087/1/367 2307/1/367
f 2309/1/368 4088/1/368 2310/1/368
f 2312/1/335 3986/1/335 2313/1/335
f 2314/1/335 3993/1/335 2312/1/335
f 3993/1/335 3988/1/335 2312/1/335
f 2315/1/11 4089/1/11 2316/1/11
f 2320/1/7 4090/1/7 2318/1/7
f 4090/1/7 4091/1/7 2318/1/7
f 2318/1/7 4092/1/7 2319/1/7
f 2321/1/2 4093/1/2 2322/1/2
f 2324/1/369 4094/1/369 4095/1/369
f 4094/1/369 4096/1/369 4095/1/369
f 4095/1/523 2325/1/523 2324/1/523
f 2325/1/369 4097/1/369 2326/1/369
f 2327/1/10 4098/1/10 2328/1/10
f 2330/1/3 4099/1/3 2331/1/3
f 2333/1/12 4100/1/12 2334/1/12
f 2338/1/10 4101/1/10 2336/1/10
f 4102/1/10 4103/1/10 4104/1/10
f 2336/1/362 4105/1/362 2337/1/362
f 2339/1/370 4106/1/370 2340/1/370
f 2342/1/371 4107/1/371 2343/1/371
f 4108/1/9 4109/1/9 4110/1/9
f 4109/1/9 4111/1/9 4110/1/9
f 4112/1/9 4113/1/9 4108/1/9
f 4114/1/9 4115/1/9 4116/1/9
f 4112/1/9 4108/1/9 4110/1/9
f 4117/1/9 4114/1/9 4116/1/9
f 4116/1/9 4112/1/9 4110/1/9
f 2345/1/9 4118/1/9 2346/1/9
f 4116/1/9 4110/1/9 2345/1/9
f 2347/1/9 4117/1/9 2345/1/9
f 4117/1/9 4116/1/9 2345/1/9
f 4119/1/375 4120/1/375 4121/1/375
f 4122/1/375 4123/1/375 4124/1/375
f 4125/1/372 4126/1/372 2350/1/372
f 4127/1/375 2348/1/375 2350/1/375
f 2351/1/8 4128/1/8 2352/1/8
f 4129/1/1 4130/1/1 2356/1/1
f 4130/1/1 4131/1/1 2356/1/1
f 4131/1/1 2354/1/1 2356/1/1
f 2354/1/1 4132/1/1 2355/1/1
f 4132/1/1 4133/1/1 2355/1/1
f 2359/1/2 4134/1/2 2357/1/2
f 4134/1/2 4135/1/2 2357/1/2
f 2360/1/5 4136/1/5 2361/1/5
f 2363/1/373 4137/1/373 2364/1/373
f 2366/1/3 4138/1/3 2367/1/3
f 2369/1/10 4139/1/10 2370/1/10
f 2371/1/10 4140/1/10 2369/1/10
f 4140/1/10 4141/1/10 2369/1/10
f 2372/1/10 4142/1/10 2373/1/10
f 4143/1/10 2454/1/10 4144/1/10
f 2454/1/10 4145/1/10 4144/1/10
f 4146/1/10 4147/1/10 4148/1/10
f 4147/1/10 4149/1/10 4148/1/10
f 4143/1/10 4144/1/10 4150/1/10
f 4151/1/10 4146/1/10 4148/1/10
f 4152/1/10 4143/1/10 4150/1/10
f 4152/1/10 4150/1/10 4153/1/10
f 4154/1/10 4155/1/10 4156/1/10
f 4151/1/10 4148/1/10 4157/1/10
f 2376/1/10 4151/1/10 2377/1/10
f 4151/1/10 4157/1/10 2377/1/10
f 4153/1/10 2375/1/10 2377/1/10
f 2378/1/11 4158/1/11 2379/1/11
f 2381/1/4 4159/1/4 2382/1/4
f 2384/1/6 4160/1/6 2385/1/6
f 2389/1/337 4001/1/337 4161/1/337
f 4001/1/337 4000/1/337 4161/1/337
f 4161/1/337 2387/1/337 2389/1/337
f 2390/1/374 4162/1/374 2391/1/374
f 2393/1/372 4126/1/372 2394/1/372
f 4126/1/375 4125/1/375 2394/1/375
f 4127/1/375 4163/1/375 4164/1/375
f 4163/1/372 2393/1/372 2395/1/372
f 4165/1/375 4120/1/375 4166/1/375
f 2396/1/376 4167/1/376 2397/1/376
f 4168/1/377 4169/1/377 2400/1/377
f 4169/1/377 2401/1/377 2400/1/377
f 2401/1/377 4170/1/377 2399/1/377
f 4170/1/377 4171/1/377 2399/1/377
f 2402/1/378 4172/1/378 2403/1/378
f 2405/1/9 4173/1/9 2406/1/9
f 2408/1/379 4174/1/379 2409/1/379
f 2411/1/8 4175/1/8 2412/1/8
f 2414/1/380 4176/1/380 2415/1/380
f 4177/1/524 4178/1/524 2419/1/524
f 4179/1/7 4180/1/7 4181/1/7
f 4182/1/524 2417/1/524 2419/1/524
f 2420/1/8 4183/1/8 2421/1/8
f 2423/1/381 4184/1/381 2424/1/381
f 2426/1/9 4185/1/9 2427/1/9
f 4186/1/27 4187/1/27 2429/1/27
f 4187/1/27 4188/1/27 2429/1/27
f 4189/1/27 4190/1/27 2430/1/27
f 4190/1/27 2431/1/27 2430/1/27
f 4186/1/27 2429/1/27 2431/1/27
f 2432/1/382 4191/1/382 2433/1/382
f 2447/1/374 4192/1/374 2448/1/374
f 2450/1/387 4193/1/387 2451/1/387
f 2453/1/10 4145/1/10 2454/1/10
f 2456/1/2 4194/1/2 2457/1/2
f 2459/1/388 4195/1/388 2460/1/388
f 4196/1/332 4197/1/332 4198/1/332
f 2465/1/388 4199/1/388 2466/1/388
f 2468/1/525 4200/1/525 2469/1/525
f 2471/1/363 4201/1/363 2472/1/363
f 2474/1/359 4202/1/359 2475/1/359
f 2477/1/357 4203/1/357 2478/1/357
f 4204/1/526 4205/1/526 4206/1/526
f 2516/1/402 4207/1/402 2517/1/402
f 2519/1/403 4208/1/403 2520/1/403
f 4209/1/527 4210/1/527 4211/1/527
f 4212/1/528 4213/1/528 4214/1/528
s 1
f 4215/1/529 4216/1/529 4217/1/529
s 0
f 4209/1/359 4211/1/359 4218/1/359
f 4219/1/530 4220/1/530 4221/1/530
f 4222/1/408 4223/1/408 4224/1/408
f 2537/1/531 4225/1/531 2538/1/531
f 2543/1/411 4226/1/411 2544/1/411
f 4227/1/412 4228/1/412 4229/1/412
f 4230/1/413 4231/1/413 4232/1/413
f 4233/1/532 4234/1/532 4235/1/532
f 4234/1/532 4236/1/532 4235/1/532
f 4237/1/532 4238/1/532 4239/1/532
f 2549/1/532 4230/1/532 2550/1/532
f 4230/1/532 4240/1/532 2550/1/532
f 2551/1/413 4233/1/413 4235/1/413
f 4241/1/532 4242/1/532 4243/1/532
f 4241/1/532 4243/1/532 4244/1/532
f 4245/1/533 4246/1/533 4247/1/533
f 4248/1/414 4249/1/414 4250/1/414
f 4251/1/414 4252/1/414 4253/1/414
f 2553/1/414 4254/1/414 4255/1/414
f 4256/1/414 4245/1/414 4247/1/414
f 4257/1/414 4250/1/414 4258/1/414
f 4259/1/533 4253/1/533 4260/1/533
f 4256/1/533 4261/1/533 2554/1/533
f 4261/1/414 2552/1/414 2554/1/414
f 2555/1/415 4262/1/415 2556/1/415
f 4263/1/534 4264/1/534 4265/1/534
f 2564/1/388 4266/1/388 2565/1/388
f 2567/1/388 4267/1/388 2568/1/388
f 2570/1/418 4268/1/418 2571/1/418
f 4269/1/389 4270/1/389 4271/1/389
f 2576/1/419 4272/1/419 2577/1/419
f 4273/1/420 4274/1/420 4275/1/420
f 2582/1/421 4276/1/421 2583/1/421
f 2585/1/357 4277/1/357 2586/1/357
f 4278/1/535 4279/1/535 4280/1/535
f 4281/1/389 4282/1/389 4283/1/389
f 4284/1/332 2591/1/332 2593/1/332
f 4285/1/332 4286/1/332 4287/1/332
f 4286/1/389 4288/1/389 4287/1/389
f 4285/1/389 4287/1/389 4283/1/389
f 2594/1/359 4289/1/359 2595/1/359
f 2597/1/356 4290/1/356 2598/1/356
f 4291/1/363 4292/1/363 4293/1/363
f 4294/1/536 4295/1/536 4296/1/536
f 2611/5/11 4297/5/11 2609/5/11
f 2609/5/11 4298/5/11 2610/5/11
f 2610/5/11 4299/5/11 2611/5/11
f 2612/5/10 4300/5/10 2613/5/10
f 2615/5/20 4301/5/20 2616/5/20
f 2618/5/7 4302/5/7 2619/5/7
f 2623/5/12 4303/5/12 2621/5/12
f 2621/5/12 4304/5/12 2622/5/12
f 2622/5/12 4305/5/12 2623/5/12
f 2626/5/42 4306/5/42 2624/5/42
f 4306/5/42 4307/5/42 2624/5/42
f 2627/5/424 4308/5/424 2628/5/424
f 4309/5/425 4310/5/425 4311/5/425
f 2633/5/10 4312/5/10 2634/5/10
f 2636/5/42 4313/5/42 2637/5/42
f 2641/5/40 4314/5/40 4315/5/40
f 4315/5/40 2639/5/40 2641/5/40
f 2642/5/59 4316/5/59 2643/5/59
f 2645/5/29 4317/5/29 2646/5/29
f 2650/5/12 4318/5/12 2648/5/12
f 4318/5/12 4319/5/12 2648/5/12
f 4319/5/12 4320/5/12 2648/5/12
f 2651/5/40 4321/5/40 2652/5/40
f 2654/5/11 4322/5/11 2655/5/11
f 2657/5/7 4323/5/7 2658/5/7
f 2660/5/11 4324/5/11 2661/5/11
f 2665/5/43 4325/5/43 2663/5/43
f 4325/5/43 4326/5/43 2663/5/43
f 2666/5/10 4327/5/10 2667/5/10
f 4328/5/11 4329/5/11 2670/5/11
f 4329/5/11 2671/5/11 2670/5/11
f 2671/5/11 4330/5/11 4331/5/11
f 4331/5/11 2669/5/11 2671/5/11
f 2672/5/7 4332/5/7 2673/5/7
f 2675/5/27 4333/5/27 2676/5/27
f 2678/5/43 4334/5/43 2679/5/43
f 2681/5/426 4335/5/426 2682/5/426
f 2684/5/427 4336/5/427 2685/5/427
f 4337/5/537 4338/5/537 4339/5/537
f 4340/5/29 4341/5/29 2692/5/29
f 4341/5/29 2690/5/29 2692/5/29
f 4342/5/538 4343/5/538 4344/5/538
f 2696/5/58 4345/5/58 2697/5/58
f 2699/5/56 4346/5/56 2700/5/56
f 2704/5/12 4347/5/12 4348/5/12
f 4348/5/12 4349/5/12 2704/5/12
f 4349/5/12 2702/5/12 2704/5/12
f 2705/5/57 4350/5/57 2706/5/57
f 2741/1/441 4351/1/441 2742/1/441
f 4352/1/539 4353/1/539 4354/1/539
f 4355/1/540 4356/1/540 4357/1/540
f 4358/1/541 4359/1/541 4360/1/541
f 4361/1/542 4362/1/542 4363/1/542
f 4364/1/543 4365/1/543 4366/1/543
f 4367/1/544 4368/1/544 4369/1/544
f 4370/1/545 4371/1/545 4372/1/545
f 2762/1/448 4373/1/448 2763/1/448
f 2765/1/449 4374/1/449 2766/1/449
f 2771/1/451 4375/1/451 2772/1/451
f 2774/1/452 4376/1/452 2775/1/452
f 4377/1/453 4378/1/453 4379/1/453
f 4380/1/453 4381/1/453 4382/1/453
f 4383/1/546 4384/1/546 4385/1/546
f 4377/1/453 4379/1/453 4386/1/453
f 2777/1/453 4377/1/453 2778/1/453
f 4377/1/453 4386/1/453 2778/1/453
f 2779/1/453 4380/1/453 4382/1/453
f 2779/1/453 4382/1/453 4387/1/453
f 4388/1/453 4389/1/453 4390/1/453
f 4391/1/454 4392/1/454 4393/1/454
f 4392/1/454 4394/1/454 4393/1/454
f 4395/1/454 4396/1/454 4397/1/454
f 4398/1/547 4395/1/547 4397/1/547
f 2782/1/547 4391/1/547 4393/1/547
f 4399/1/454 4400/1/454 4401/1/454
f 4398/1/454 4397/1/454 2780/1/454
f 4397/1/454 2781/1/454 2780/1/454
f 4399/1/547 4401/1/547 4402/1/547
f 4403/1/548 4404/1/548 4405/1/548
f 4406/1/549 4407/1/549 4408/1/549
f 2792/1/458 4409/1/458 2793/1/458
f 2795/1/458 4410/1/458 2796/1/458
f 4411/1/550 4412/1/550 4413/1/550
f 4414/1/460 4415/1/460 4416/1/460
f 4417/1/551 4418/1/551 4419/1/551
f 4420/1/552 4421/1/552 4422/1/552
f 4423/1/553 4424/1/553 4425/1/553
f 4426/1/464 4427/1/464 4428/1/464
f 2816/1/465 4429/1/465 2817/1/465
f 4430/1/554 4431/1/554 4432/1/554
f 4433/1/555 4434/1/555 4435/1/555
f 4436/1/556 4437/1/556 4438/1/556
f 4439/1/557 4440/1/557 4441/1/557
f 4442/1/558 4443/1/558 4444/1/558
f 2822/1/466 4445/1/466 2823/1/466
f 2825/1/467 4446/1/467 2826/1/467
f 2828/1/559 4447/1/559 2829/1/559
f 2831/1/469 4448/1/469 2832/1/469
f 4531/5/10 4558/5/10 4534/5/10
f 4471/5/560 4479/5/560 4467/5/560
f 4476/5/7 4461/5/7 4473/5/7
f 4525/5/561 4465/5/561 4477/5/561
f 4505/5/11 4490/5/11 4501/5/11
f 4546/5/562 4549/5/562 4543/5/562
f 4470/5/10 4499/5/10 4482/5/10
f 4485/5/563 4503/5/563 4491/5/563
f 4496/15/20 4511/15/20 4500/15/20
f 4516/15/10 4522/15/10 4519/15/10
f 4507/15/564 4520/15/564 4510/15/564
f 4523/15/27 4492/15/27 4504/15/27
f 4489/5/565 4529/5/565 4526/5/565
f 4532/5/20 4468/5/20 4480/5/20
f 4541/5/566 4544/5/566 4538/5/566
f 4515/15/12 4509/15/12 4498/15/12
f 4462/5/20 4553/5/20 4474/5/20
f 4537/5/7 4561/5/7 4540/5/7
f 4556/5/567 4571/5/567 4559/5/567
f 4565/5/568 4567/5/568 4562/5/568
f 4531/5/10 4555/5/10 4558/5/10
f 4471/5/560 4483/5/560 4479/5/560
f 4476/5/7 4464/5/7 4461/5/7
f 4525/5/561 4528/5/561 4465/5/561
f 4542/5/11 4563/5/11 4569/5/11
f 4569/5/11 4557/5/11 4533/5/11
f 4533/5/11 4481/5/11 4490/5/11
f 4481/5/11 4484/5/11 4490/5/11
f 4502/15/11 4512/15/11 4524/15/11
f 4512/15/11 4521/15/11 4524/15/11
f 4484/5/11 4501/5/11 4490/5/11
f 4542/5/11 4569/5/11 4533/5/11
f 4475/5/11 4554/5/11 4548/5/11
f 4542/5/11 4533/5/11 4527/5/11
f 4478/5/11 4475/5/11 4548/5/11
f 4548/5/11 4542/5/11 4527/5/11
f 4533/5/11 4490/5/11 4527/5/11
f 4548/5/11 4527/5/11 4478/5/11
f 4524/15/11 4506/15/11 4502/15/11
f 4546/5/562 4552/5/562 4549/5/562
f 4470/5/10 4495/5/10 4499/5/10
f 4485/5/563 4488/5/563 4503/5/563
f 4496/15/20 4508/15/20 4511/15/20
f 4516/15/10 4513/15/10 4522/15/10
f 4507/15/564 4517/15/564 4520/15/564
f 4523/15/27 4514/15/27 4492/15/27
f 4489/5/565 4486/5/565 4529/5/565
f 4532/5/20 4535/5/20 4468/5/20
f 4541/5/566 4547/5/566 4544/5/566
f 4536/5/12 4560/5/12 4572/5/12
f 4572/5/12 4566/5/12 4539/5/12
f 4545/5/12 4551/5/12 4463/5/12
f 4536/5/12 4572/5/12 4539/5/12
f 4545/5/12 4463/5/12 4466/5/12
f 4469/5/12 4536/5/12 4487/5/12
f 4536/5/12 4539/5/12 4530/5/12
f 4487/5/12 4536/5/12 4530/5/12
f 4539/5/12 4545/5/12 4530/5/12
f 4545/5/12 4466/5/12 4530/5/12
f 4487/5/12 4493/5/12 4497/5/12
f 4494/15/12 4515/15/12 4498/15/12
f 4515/15/12 4518/15/12 4509/15/12
f 4497/5/12 4472/5/12 4487/5/12
f 4472/5/12 4469/5/12 4487/5/12
f 4462/5/20 4550/5/20 4553/5/20
f 4537/5/7 4564/5/7 4561/5/7
f 4556/5/567 4568/5/567 4571/5/567
f 4565/5/568 4570/5/568 4567/5/568
f 4802/16/11 4835/16/11 4841/16/11
f 4581/16/11 4787/16/11 4760/16/11
f 4622/16/569 4630/16/569 4625/16/569
f 4692/16/10 4582/16/10 4698/16/10
f 4576/16/10 4585/16/10 4677/16/10
f 4844/16/12 4805/16/12 4817/16/12
f 4767/16/570 4819/16/570 4816/16/570
f 4814/16/12 4850/16/12 4799/16/12
f 4589/16/571 4631/16/571 4583/16/571
f 4682/16/11 4646/16/11 4679/16/11
f 4738/16/27 4744/16/27 4747/16/27
f 4621/16/20 4598/16/20 4723/16/20
f 4650/16/12 4593/16/12 4587/16/12
f 4663/16/572 4699/16/572 4635/16/572
f 4639/16/573 4666/16/573 4648/16/573
f 4638/16/574 4609/16/574 4604/16/574
f 4596/16/11 4660/16/11 4590/16/11
f 4615/16/575 4678/16/575 4645/16/575
f 4656/16/569 4675/16/569 4673/16/569
f 4641/16/576 4613/16/576 4643/16/576
f 4745/16/12 4730/16/12 4727/16/12
f 4737/16/7 5006/16/7 5014/16/7
f 4597/16/7 4620/16/7 4623/16/7
f 4642/16/577 4705/16/577 4712/16/577
f 4739/16/11 4736/16/11 4733/16/11
f 4702/16/578 4653/16/578 4709/16/578
f 4708/16/27 4672/16/27 4674/16/27
f 4783/16/579 4749/16/579 4774/16/579
f 4652/16/580 4633/16/580 4627/16/580
f 4842/16/581 4857/16/581 4860/16/581
f 4664/16/12 4685/16/12 4694/16/12
f 4776/16/582 4875/16/582 4878/16/582
f 4830/16/10 4812/16/10 4809/16/10
f 4780/16/579 4752/16/579 4755/16/579
f 4721/16/577 4614/16/577 4608/16/577
f 4704/16/27 4665/16/27 4669/16/27
f 4626/16/10 4606/16/10 4985/16/10
f 5038/16/10 5028/16/10 4746/16/10
f 4964/16/10 5031/16/10 4943/16/10
f 4949/16/10 4961/16/10 4952/16/10
f 4973/16/10 4991/16/10 4976/16/10
f 4818/16/10 4827/16/10 4815/16/10
f 4851/16/7 4797/16/7 4854/16/7
f 4845/16/581 4866/16/581 4848/16/581
f 4579/16/583 4789/16/583 4786/16/583
f 4762/16/584 4687/16/584 4580/16/584
f 4828/16/585 4840/16/585 4843/16/585
f 4773/16/582 4872/16/582 4782/16/582
f 4611/16/586 4586/16/586 4577/16/586
f 4724/16/578 4634/16/578 4714/16/578
f 4629/16/587 4655/16/587 4624/16/587
f 4689/16/583 4795/16/583 4792/16/583
f 4855/16/20 4864/16/20 4852/16/20
f 4833/16/7 4803/16/7 4836/16/7
f 4810/16/570 4764/16/570 4761/16/570
f 4831/16/585 4849/16/585 4822/16/585
f 4610/16/573 4599/16/573 4605/16/573
f 4879/16/588 4804/16/588 4801/16/588
f 4870/16/588 4807/16/588 4873/16/588
f 4834/16/20 4861/16/20 4858/16/20
f 4771/16/584 4574/16/584 4690/16/584
f 4885/16/12 4942/16/12 4948/16/12
f 4966/16/11 4906/16/11 4960/16/11
f 4912/16/35 4941/16/35 4914/16/35
f 4963/16/19 4918/16/19 4882/16/19
f 4959/16/28 4917/16/28 4962/16/28
f 4911/16/37 4965/16/37 4944/16/37
f 4890/16/37 4980/16/37 4899/16/37
f 4903/16/19 4974/16/19 4978/16/19
f 4888/16/11 4969/16/11 4891/16/11
f 4900/16/35 4995/16/35 4893/16/35
f 4897/16/12 4996/16/12 4975/16/12
f 4887/16/28 4977/16/28 4971/16/28
f 4926/16/28 4928/16/28 4986/16/28
f 4932/16/589 4990/16/589 4950/16/589
f 4929/16/19 4956/16/19 4987/16/19
f 4921/16/11 4993/16/11 4924/16/11
f 4923/16/37 4989/16/37 4931/16/37
f 4936/16/12 4954/16/12 4957/16/12
f 5016/16/35 5036/16/35 4998/16/35
f 5037/16/12 5002/16/12 4999/16/12
f 5004/16/19 5032/16/19 5024/16/19
f 5018/16/28 5021/16/28 5026/16/28
f 5010/16/11 5027/16/11 5030/16/11
f 5007/16/37 5039/16/37 5015/16/37
f 4930/16/7 4937/16/7 4916/16/7
f 4841/16/11 4826/16/11 4820/16/11
f 4820/16/11 4772/16/11 4802/16/11
f 4772/16/11 4691/16/11 4778/16/11
f 4802/16/11 4772/16/11 4778/16/11
f 4793/16/11 4697/16/11 4616/16/11
f 4841/16/11 4820/16/11 4802/16/11
f 4691/16/11 4793/16/11 4754/16/11
f 4793/16/11 4616/16/11 4718/16/11
f 4754/16/11 4793/16/11 4718/16/11
f 4778/16/11 4880/16/11 4802/16/11
f 4754/16/11 4778/16/11 4691/16/11
f 4859/16/11 4841/16/11 4835/16/11
f 4808/16/11 4853/16/11 4847/16/11
f 4853/16/11 4865/16/11 4847/16/11
f 4847/16/11 4832/16/11 4811/16/11
f 4784/16/11 4874/16/11 4808/16/11
f 4632/16/11 4619/16/11 4787/16/11
f 4619/16/11 4760/16/11 4787/16/11
f 4760/16/11 4784/16/11 4581/16/11
f 4784/16/11 4808/16/11 4763/16/11
f 4581/16/11 4784/16/11 4763/16/11
f 4808/16/11 4847/16/11 4811/16/11
f 4811/16/11 4763/16/11 4808/16/11
f 4787/16/11 4584/16/11 4632/16/11
f 4622/16/569 4618/16/569 4630/16/569
f 4692/16/10 4683/16/10 4594/16/10
f 4582/16/10 4785/16/10 4788/16/10
f 4692/16/10 4594/16/10 4588/16/10
f 4582/16/10 4788/16/10 4698/16/10
f 4692/16/10 4588/16/10 4582/16/10
f 4695/16/10 4791/16/10 4576/16/10
f 4791/16/10 4794/16/10 4576/16/10
f 4591/16/10 4680/16/10 4677/16/10
f 4677/16/10 4695/16/10 4576/16/10
f 4585/16/10 4591/16/10 4677/16/10
f 4805/16/12 4877/16/12 4781/16/12
f 4757/16/12 4602/16/12 4796/16/12
f 4602/16/12 4612/16/12 4796/16/12
f 4805/16/12 4781/16/12 4769/16/12
f 4781/16/12 4757/16/12 4575/16/12
f 4862/16/12 4838/16/12 4844/16/12
f 4838/16/12 4805/16/12 4844/16/12
f 4817/16/12 4829/16/12 4844/16/12
f 4781/16/12 4575/16/12 4769/16/12
f 4575/16/12 4757/16/12 4796/16/12
f 4612/16/12 4578/16/12 4796/16/12
f 4769/16/12 4817/16/12 4805/16/12
f 4767/16/570 4770/16/570 4819/16/570
f 4799/16/12 4871/16/12 4775/16/12
f 4751/16/12 4715/16/12 4790/16/12
f 4715/16/12 4636/16/12 4790/16/12
f 4799/16/12 4775/16/12 4766/16/12
f 4775/16/12 4751/16/12 4688/16/12
f 4868/16/12 4856/16/12 4850/16/12
f 4856/16/12 4799/16/12 4850/16/12
f 4814/16/12 4823/16/12 4850/16/12
f 4775/16/12 4688/16/12 4766/16/12
f 4688/16/12 4751/16/12 4790/16/12
f 4636/16/12 4700/16/12 4790/16/12
f 4766/16/12 4814/16/12 4799/16/12
f 4589/16/571 4659/16/571 4631/16/571
f 4682/16/11 4706/16/11 4646/16/11
f 4738/16/27 4741/16/27 4744/16/27
f 4713/16/20 4750/16/20 4759/16/20
f 4600/16/20 4756/16/20 4716/16/20
f 4756/16/20 4753/16/20 4716/16/20
f 4713/16/20 4759/16/20 4617/16/20
f 4723/16/20 4713/16/20 4617/16/20
f 4598/16/20 4600/16/20 4716/16/20
f 4598/16/20 4716/16/20 4720/16/20
f 4723/16/20 4617/16/20 4621/16/20
f 4598/16/20 4720/16/20 4723/16/20
f 4650/16/12 4667/16/12 4593/16/12
f 4663/16/572 4693/16/572 4699/16/572
f 4639/16/573 4670/16/573 4666/16/573
f 4638/16/574 4647/16/574 4609/16/574
f 4596/16/11 4676/16/11 4660/16/11
f 4615/16/575 4696/16/575 4678/16/575
f 4656/16/569 4658/16/569 4675/16/569
f 4641/16/576 4607/16/576 4613/16/576
f 4745/16/12 4742/16/12 4730/16/12
f 5000/16/7 5003/16/7 4907/16/7
f 5000/16/7 4907/16/7 4910/16/7
f 4997/16/7 5000/16/7 4910/16/7
f 4997/16/7 4910/16/7 4913/16/7
f 4883/16/7 4881/16/7 4654/16/7
f 4654/16/7 4671/16/7 4913/16/7
f 4671/16/7 4728/16/7 4740/16/7
f 4913/16/7 4671/16/7 4997/16/7
f 4740/16/7 4737/16/7 5014/16/7
f 4737/16/7 4898/16/7 5006/16/7
f 4913/16/7 4883/16/7 4654/16/7
f 4671/16/7 4740/16/7 4997/16/7
f 4898/16/7 4892/16/7 5009/16/7
f 4898/16/7 5009/16/7 5006/16/7
f 5014/16/7 4997/16/7 4740/16/7
f 4623/16/7 4927/16/7 4603/16/7
f 4927/16/7 4925/16/7 4603/16/7
f 4603/16/7 4597/16/7 4623/16/7
f 4642/16/577 4644/16/577 4705/16/577
f 4739/16/11 4748/16/11 4736/16/11
f 4702/16/578 4662/16/578 4653/16/578
f 4708/16/27 4726/16/27 4729/16/27
f 4674/16/27 4595/16/27 4701/16/27
f 4595/16/27 4684/16/27 4701/16/27
f 4708/16/27 4729/16/27 4672/16/27
f 4674/16/27 4701/16/27 4708/16/27
f 4783/16/579 4758/16/579 4749/16/579
f 4652/16/580 4661/16/580 4633/16/580
f 4842/16/581 4839/16/581 4857/16/581
f 4664/16/12 4703/16/12 4685/16/12
f 4776/16/582 4779/16/582 4875/16/582
f 4830/16/10 4821/16/10 4812/16/10
f 4780/16/579 4777/16/579 4752/16/579
f 4721/16/577 4717/16/577 4614/16/577
f 4704/16/27 4681/16/27 4592/16/27
f 4669/16/27 4732/16/27 4711/16/27
f 4732/16/27 4735/16/27 4711/16/27
f 4704/16/27 4592/16/27 4665/16/27
f 4669/16/27 4711/16/27 4704/16/27
f 4626/16/10 4722/16/10 4719/16/10
f 4606/16/10 4640/16/10 4985/16/10
f 4640/16/10 4982/16/10 4985/16/10
f 4626/16/10 4719/16/10 4606/16/10
f 4955/16/10 4651/16/10 4985/16/10
f 4651/16/10 4626/16/10 4985/16/10
f 5020/16/10 5023/16/10 4964/16/10
f 4964/16/10 4958/16/10 5020/16/10
f 4958/16/10 4949/16/10 4988/16/10
f 5020/16/10 4958/16/10 4988/16/10
f 4988/16/10 4973/16/10 5020/16/10
f 4973/16/10 4994/16/10 5020/16/10
f 5025/16/10 5020/16/10 4994/16/10
f 5028/16/10 5025/16/10 4979/16/10
f 5025/16/10 4994/16/10 4979/16/10
f 5028/16/10 4979/16/10 4967/16/10
f 4970/16/10 4976/16/10 4640/16/10
f 4976/16/10 4991/16/10 4640/16/10
f 4991/16/10 4982/16/10 4640/16/10
f 4710/16/10 4734/16/10 4746/16/10
f 4743/16/10 4725/16/10 4707/16/10
f 4651/16/10 4955/16/10 4952/16/10
f 4952/16/10 4961/16/10 4651/16/10
f 4961/16/10 4946/16/10 4651/16/10
f 4967/16/10 4970/16/10 4640/16/10
f 4707/16/10 4651/16/10 4940/16/10
f 4651/16/10 4946/16/10 4940/16/10
f 4743/16/10 4707/16/10 5035/16/10
f 4707/16/10 4940/16/10 5035/16/10
f 4943/16/10 5031/16/10 5035/16/10
f 4940/16/10 4943/16/10 5035/16/10
f 4746/16/10 4743/16/10 5038/16/10
f 4743/16/10 5035/16/10 5038/16/10
f 4967/16/10 4640/16/10 4710/16/10
f 5028/16/10 4967/16/10 4710/16/10
f 4710/16/10 4746/16/10 5028/16/10
f 4964/16/10 5023/16/10 5031/16/10
f 4949/16/10 4958/16/10 4961/16/10
f 4973/16/10 4988/16/10 4991/16/10
f 4818/16/10 4824/16/10 4827/16/10
f 4851/16/7 4806/16/7 4797/16/7
f 4845/16/581 4863/16/581 4866/16/581
f 4579/16/583 4686/16/583 4789/16/583
f 4762/16/584 4765/16/584 4687/16/584
f 4828/16/585 4825/16/585 4840/16/585
f 4773/16/582 4869/16/582 4872/16/582
f 4611/16/586 4649/16/586 4586/16/586
f 4724/16/578 4628/16/578 4634/16/578
f 4629/16/587 4657/16/587 4655/16/587
f 4689/16/583 4573/16/583 4795/16/583
f 4855/16/20 4867/16/20 4864/16/20
f 4833/16/7 4800/16/7 4803/16/7
f 4810/16/570 4813/16/570 4764/16/570
f 4831/16/585 4846/16/585 4849/16/585
f 4610/16/573 4601/16/573 4599/16/573
f 4879/16/588 4876/16/588 4804/16/588
f 4870/16/588 4798/16/588 4807/16/588
f 4834/16/20 4837/16/20 4861/16/20
f 4771/16/584 4768/16/584 4574/16/584
f 4885/16/12 4915/16/12 4942/16/12
f 4966/16/11 4909/16/11 4906/16/11
f 4912/16/35 4945/16/35 4941/16/35
f 4884/16/590 4947/16/590 4882/16/590
f 4947/16/19 4963/16/19 4882/16/19
f 4959/16/28 4905/16/28 4917/16/28
f 4911/16/37 4908/16/37 4965/16/37
f 4890/16/37 4968/16/37 4980/16/37
f 4903/16/19 4896/16/19 4974/16/19
f 4888/16/11 4972/16/11 4969/16/11
f 4900/16/35 4981/16/35 4995/16/35
f 4897/16/12 4894/16/12 4996/16/12
f 4887/16/28 4902/16/28 4977/16/28
f 4986/16/28 4983/16/28 4926/16/28
f 4983/16/28 4920/16/28 4926/16/28
f 4951/16/35 4953/16/35 4938/16/35
f 4938/16/35 4933/16/35 4951/16/35
f 4929/16/19 4935/16/19 4956/16/19
f 4921/16/11 4984/16/11 4993/16/11
f 4923/16/37 4992/16/37 4989/16/37
f 4936/16/12 4939/16/12 4954/16/12
f 5016/16/35 5040/16/35 5036/16/35
f 5037/16/12 5034/16/12 5002/16/12
f 5024/16/19 5022/16/19 5013/16/19
s 1
f 5005/16/591 5001/16/591 5033/16/591
s 0
f 5024/16/19 5013/16/19 5004/16/19
f 5018/16/28 5012/16/28 5021/16/28
f 5030/16/11 5008/16/11 5010/16/11
f 5010/16/11 5019/16/11 5027/16/11
f 5007/16/37 5029/16/37 5039/16/37
f 5009/16/7 4892/16/7 5017/16/7
f 4892/16/7 4895/16/7 5011/16/7
f 5017/16/7 4892/16/7 5011/16/7
f 4907/16/7 5003/16/7 5011/16/7
f 5011/16/7 4895/16/7 4930/16/7
f 4895/16/7 4901/16/7 4930/16/7
f 4904/16/7 4907/16/7 5011/16/7
f 4654/16/7 4881/16/7 4916/16/7
f 4916/16/7 4904/16/7 4930/16/7
f 4904/16/7 5011/16/7 4930/16/7
f 4623/16/7 4654/16/7 4927/16/7
f 4654/16/7 4916/16/7 4937/16/7
f 4934/16/7 4927/16/7 4654/16/7
f 4937/16/7 4934/16/7 4654/16/7
f 4889/16/7 4898/16/7 4668/16/7
f 4898/16/7 4737/16/7 4668/16/7
f 4737/16/7 4731/16/7 4668/16/7
f 4637/16/7 4603/16/7 4925/16/7
f 4637/16/7 4925/16/7 4919/16/7
f 4886/16/7 4889/16/7 4637/16/7
f 4889/16/7 4668/16/7 4637/16/7
f 4637/16/7 4919/16/7 4922/16/7
f 4901/16/7 4886/16/7 4637/16/7
f 4901/16/7 4637/16/7 4922/16/7
f 4901/16/7 4922/16/7 4930/16/7
f 5065/18/582 5052/18/582 5114/18/582
f 5196/18/592 5207/18/592 5204/18/592
f 5078/18/12 5075/18/12 5059/18/12
f 5057/18/593 5070/18/593 5105/18/593
f 5068/18/594 5048/18/594 5055/18/594
f 5058/18/595 5064/18/595 5071/18/595
f 5084/18/11 5092/18/11 5081/18/11
f 5049/18/596 5086/18/596 5056/18/596
f 5090/18/597 5062/18/597 5069/18/597
f 5112/18/598 5116/18/598 5107/18/598
f 5110/18/12 5122/18/12 5113/18/12
f 5166/18/599 5109/18/599 5151/18/599
s 1
f 5100/18/600 5169/18/600 5148/18/600
s 0
f 5128/18/11 5101/18/11 5104/18/11
f 5103/18/601 5115/18/601 5127/18/601
f 5093/18/602 5189/18/602 5192/18/602
f 5054/18/603 5205/18/603 5208/18/603
f 5140/18/604 5203/18/604 5182/18/604
f 5157/18/37 5170/18/37 5172/18/37
f 5133/18/19 5184/18/19 5130/18/19
f 5158/18/11 5173/18/11 5143/18/11
f 5160/18/35 5167/18/35 5152/18/35
f 5188/18/12 5134/18/12 5146/18/12
f 5181/18/28 5136/18/28 5139/18/28
f 5190/18/605 5209/18/605 5194/18/605
f 5206/18/606 5199/18/606 5197/18/606
f 5212/18/607 5131/18/607 5185/18/607
f 5174/18/582 5145/18/582 5083/18/582
f 5074/18/582 5142/18/582 5171/18/582
f 5171/18/582 5168/18/582 5123/18/582
f 5074/18/582 5171/18/582 5123/18/582
f 5165/18/582 5174/18/582 5117/18/582
f 5174/18/582 5083/18/582 5117/18/582
f 5052/18/582 5074/18/582 5123/18/582
f 5052/18/582 5123/18/582 5126/18/582
f 5117/18/582 5083/18/582 5065/18/582
f 5120/18/582 5117/18/582 5065/18/582
f 5052/18/582 5126/18/582 5114/18/582
f 5114/18/582 5120/18/582 5065/18/582
f 5196/18/592 5193/18/592 5207/18/592
f 5078/18/12 5088/18/12 5075/18/12
f 5088/18/12 5098/18/12 5075/18/12
f 5075/18/12 5053/18/12 5059/18/12
f 5153/18/608 5076/18/608 5156/18/608
f 5076/18/593 5057/18/593 5099/18/593
f 5070/18/593 5079/18/593 5108/18/593
f 5079/18/608 5162/18/608 5159/18/608
f 5108/18/593 5079/18/593 5159/18/593
f 5159/18/593 5150/18/593 5108/18/593
f 5099/18/593 5147/18/593 5156/18/593
f 5099/18/593 5156/18/593 5076/18/593
f 5102/18/593 5099/18/593 5057/18/593
f 5070/18/593 5108/18/593 5111/18/593
f 5105/18/593 5102/18/593 5057/18/593
f 5070/18/593 5111/18/593 5105/18/593
f 5068/18/594 5061/18/594 5048/18/594
f 5058/18/595 5051/18/595 5064/18/595
f 5084/18/11 5095/18/11 5092/18/11
f 5081/18/11 5072/18/11 5084/18/11
f 5072/18/11 5066/18/11 5084/18/11
f 5050/18/609 5097/18/609 5087/18/609
s 1
f 5091/18/610 5094/18/610 5063/18/610
s 0
f 5112/18/598 5121/18/598 5116/18/598
f 5110/18/12 5119/18/12 5122/18/12
f 5166/18/599 5118/18/599 5109/18/599
f 5100/18/600 5124/18/600 5169/18/600
f 5128/18/11 5125/18/11 5101/18/11
f 5103/18/601 5106/18/601 5115/18/601
f 5198/18/602 5138/18/602 5135/18/602
f 5135/18/602 5141/18/602 5073/18/602
f 5073/18/602 5096/18/602 5198/18/602
f 5096/18/602 5047/18/602 5195/18/602
f 5073/18/602 5198/18/602 5135/18/602
f 5047/18/602 5060/18/602 5195/18/602
f 5060/18/602 5093/18/602 5192/18/602
f 5195/18/602 5060/18/602 5192/18/602
f 5093/18/602 5082/18/602 5189/18/602
f 5082/18/602 5144/18/602 5132/18/602
f 5132/18/602 5129/18/602 5189/18/602
f 5082/18/602 5132/18/602 5189/18/602
f 5198/18/602 5096/18/602 5195/18/602
f 5089/18/603 5067/18/603 5208/18/603
f 5067/18/603 5054/18/603 5208/18/603
f 5054/18/603 5085/18/603 5205/18/603
f 5085/18/603 5077/18/603 5201/18/603
f 5077/18/603 5154/18/603 5177/18/603
f 5177/18/603 5180/18/603 5201/18/603
f 5077/18/603 5177/18/603 5201/18/603
f 5080/18/603 5089/18/603 5210/18/603
f 5186/18/603 5163/18/603 5080/18/603
f 5210/18/603 5183/18/603 5186/18/603
f 5210/18/603 5186/18/603 5080/18/603
f 5085/18/603 5201/18/603 5205/18/603
f 5208/18/603 5210/18/603 5089/18/603
f 5140/18/604 5200/18/604 5203/18/604
f 5157/18/37 5149/18/37 5170/18/37
f 5133/18/19 5187/18/19 5184/18/19
f 5143/18/11 5137/18/11 5179/18/11
f 5179/18/11 5155/18/11 5143/18/11
f 5155/18/11 5158/18/11 5143/18/11
f 5160/18/35 5175/18/35 5167/18/35
f 5146/18/12 5176/18/12 5161/18/12
f 5161/18/12 5164/18/12 5146/18/12
f 5164/18/12 5188/18/12 5146/18/12
f 5181/18/28 5178/18/28 5136/18/28
f 5190/18/605 5211/18/605 5209/18/605
f 5206/18/606 5202/18/606 5199/18/606
f 5212/18/607 5191/18/607 5131/18/607
f 5283/3/10 5405/3/10 5402/3/10
f 5339/3/611 5365/3/611 5335/3/611
f 5415/3/11 5328/3/11 5324/3/11
f 5294/3/612 5518/3/612 5287/3/612
f 5412/3/19 5427/3/19 5240/3/19
f 5450/3/19 5292/3/19 5280/3/19
f 5403/3/37 5258/3/37 5400/3/37
f 5385/3/613 5312/3/613 5317/3/613
f 5265/3/614 5635/3/614 5649/3/614
f 5391/3/615 5296/3/615 5379/3/615
f 5639/3/616 5643/3/616 5255/3/616
f 5222/3/11 5520/3/11 5499/3/11
f 5214/3/28 5522/3/28 5284/3/28
f 5264/3/10 5244/3/10 5254/3/10
f 5524/3/617 5295/3/617 5285/3/617
f 5263/3/618 5633/3/618 5637/3/618
f 5235/3/19 5491/3/19 5215/3/19
f 5647/3/619 5651/3/619 5245/3/619
f 5246/3/620 5653/3/620 5641/3/620
f 5370/3/621 5216/3/621 5361/3/621
f 5256/3/622 5645/3/622 5631/3/622
f 5555/3/623 5308/3/623 5315/3/623
f 5347/3/624 5327/3/624 5350/3/624
s 1
f 5249/3/624 5371/3/624 5368/3/624
s 0
f 5314/3/10 5419/3/10 5440/3/10
f 5382/3/613 5218/3/613 5223/3/613
f 5404/3/35 5224/3/35 5219/3/35
f 5407/3/12 5233/3/12 5226/3/12
f 5558/3/625 5306/3/625 5546/3/625
f 5383/3/611 5232/3/611 5377/3/611
f 5424/3/11 5260/3/11 5250/3/11
f 5221/3/37 5544/3/37 5305/3/37
f 5451/3/12 5320/3/12 5436/3/12
f 5367/3/615 5237/3/615 5247/3/615
f 5444/3/35 5332/3/35 5439/3/35
f 5433/3/35 5318/3/35 5313/3/35
f 5353/3/626 5337/3/626 5343/3/626
f 5376/3/626 5239/3/626 5359/3/626
f 5281/3/611 5386/3/611 5319/3/611
f 5445/3/12 5340/3/12 5336/3/12
f 5333/3/613 5356/3/613 5331/3/613
f 5448/3/11 5303/3/11 5299/3/11
f 5447/3/28 5290/3/28 5453/3/28
f 5423/3/28 5238/3/28 5426/3/28
f 5228/3/35 5538/3/35 5501/3/35
f 5429/3/37 5311/3/37 5301/3/37
f 5298/3/624 5398/3/624 5380/3/624
f 5330/3/37 5417/3/37 5438/3/37
f 5384/3/7 5387/3/7 5492/3/7
f 5397/3/621 5310/3/621 5394/3/621
f 5338/3/19 5421/3/19 5344/3/19
f 5291/3/626 5388/3/626 5279/3/626
f 5229/3/12 5510/3/12 5236/3/12
f 5414/3/28 5342/3/28 5420/3/28
f 5349/3/621 5329/3/621 5355/3/621
f 5346/3/615 5341/3/615 5321/3/615
f 5471/3/19 5483/3/19 5474/3/19
f 5462/3/37 5477/3/37 5479/3/37
f 5464/3/10 5458/3/10 5461/3/10
f 5469/3/12 5482/3/12 5484/3/12
f 5456/3/28 5473/3/28 5475/3/28
f 5460/3/11 5476/3/11 5478/3/11
f 5466/3/35 5480/3/35 5481/3/35
f 5519/3/569 5495/3/569 5498/3/569
s 1
f 5549/3/627 5556/3/627 5545/3/627
s 0
f 5493/3/628 5542/3/628 5496/3/628
f 5507/3/629 5487/3/629 5490/3/629
f 5513/3/573 5502/3/573 5506/3/573
f 5537/3/630 5505/3/630 5500/3/630
f 5554/3/631 5540/3/631 5535/3/631
f 5528/3/632 5515/3/632 5517/3/632
f 5527/3/633 5529/3/633 5523/3/633
f 5486/3/634 5521/3/634 5488/3/634
f 5345/3/7 5348/3/7 5504/3/7
f 5570/3/35 5274/3/35 5275/3/35
f 5576/3/11 5270/3/11 5272/3/11
f 5572/3/28 5267/3/28 5269/3/28
f 5561/3/12 5276/3/12 5278/3/12
f 5566/3/37 5271/3/37 5273/3/37
f 5563/3/19 5277/3/19 5268/3/19
f 5586/3/7 5622/3/7 5613/3/7
f 5628/3/7 5619/3/7 5583/3/7
f 5625/3/7 5628/3/7 5592/3/7
f 5577/3/7 5613/3/7 5616/3/7
f 5619/3/7 5622/3/7 5586/3/7
f 5580/3/7 5616/3/7 5625/3/7
f 5562/3/10 5571/3/10 5607/3/10
f 5601/3/10 5565/3/10 5568/3/10
f 5559/3/10 5562/3/10 5598/3/10
f 5607/3/10 5571/3/10 5574/3/10
f 5610/3/10 5574/3/10 5565/3/10
f 5568/3/10 5559/3/10 5595/3/10
f 5617/3/19 5599/3/19 5609/3/19
f 5620/3/37 5602/3/37 5605/3/37
f 5615/3/12 5597/3/12 5600/3/12
f 5626/3/28 5608/3/28 5611/3/28
f 5630/3/11 5612/3/11 5603/3/11
f 5624/3/35 5606/3/35 5596/3/35
f 5646/3/35 5588/3/35 5578/3/35
f 5654/3/11 5594/3/11 5585/3/11
f 5648/3/28 5590/3/28 5593/3/28
f 5634/3/12 5579/3/12 5582/3/12
f 5640/3/37 5584/3/37 5587/3/37
f 5636/3/19 5581/3/19 5591/3/19
f 5422/3/10 5425/3/10 5437/3/10
f 5425/3/10 5443/3/10 5437/3/10
f 5437/3/10 5234/3/10 5422/3/10
f 5234/3/10 5213/3/10 5399/3/10
f 5213/3/10 5283/3/10 5402/3/10
f 5283/3/10 5293/3/10 5405/3/10
f 5293/3/10 5431/3/10 5428/3/10
f 5408/3/10 5293/3/10 5428/3/10
f 5428/3/10 5411/3/10 5408/3/10
f 5399/3/10 5422/3/10 5234/3/10
f 5293/3/10 5408/3/10 5405/3/10
f 5402/3/10 5399/3/10 5213/3/10
f 5339/3/611 5374/3/611 5365/3/611
f 5415/3/11 5418/3/11 5328/3/11
f 5294/3/612 5530/3/612 5518/3/612
f 5240/3/19 5231/3/19 5412/3/19
f 5231/3/19 5409/3/19 5412/3/19
f 5450/3/19 5454/3/19 5292/3/19
f 5403/3/37 5217/3/37 5258/3/37
f 5385/3/613 5395/3/613 5312/3/613
f 5265/3/614 5649/3/614 5243/3/614
f 5391/3/615 5289/3/615 5296/3/615
f 5639/3/616 5255/3/616 5252/3/616
f 5222/3/11 5288/3/11 5520/3/11
f 5214/3/28 5489/3/28 5522/3/28
f 5244/3/10 5264/3/10 5241/3/10
f 5264/3/10 5254/3/10 5261/3/10
f 5254/3/10 5244/3/10 5251/3/10
f 5524/3/617 5531/3/617 5295/3/617
f 5263/3/635 5637/3/635 5266/3/635
f 5235/3/19 5508/3/19 5491/3/19
f 5647/3/619 5245/3/619 5242/3/619
f 5246/3/620 5641/3/620 5253/3/620
f 5370/3/621 5257/3/621 5216/3/621
f 5256/3/622 5631/3/622 5262/3/622
f 5555/3/623 5536/3/623 5308/3/623
f 5347/3/624 5323/3/624 5327/3/624
f 5249/3/624 5259/3/624 5371/3/624
f 5434/3/10 5431/3/10 5286/3/10
f 5431/3/10 5293/3/10 5286/3/10
f 5286/3/10 5220/3/10 5434/3/10
f 5220/3/10 5304/3/10 5452/3/10
f 5304/3/10 5314/3/10 5446/3/10
f 5452/3/10 5304/3/10 5446/3/10
f 5314/3/10 5307/3/10 5419/3/10
f 5307/3/10 5227/3/10 5413/3/10
f 5419/3/10 5307/3/10 5413/3/10
f 5234/3/10 5437/3/10 5416/3/10
f 5234/3/10 5416/3/10 5227/3/10
f 5416/3/10 5413/3/10 5227/3/10
f 5449/3/10 5434/3/10 5220/3/10
f 5452/3/10 5449/3/10 5220/3/10
f 5411/3/10 5428/3/10 5425/3/10
f 5428/3/10 5446/3/10 5440/3/10
f 5425/3/10 5428/3/10 5443/3/10
f 5446/3/10 5314/3/10 5440/3/10
f 5443/3/10 5428/3/10 5440/3/10
f 5382/3/613 5362/3/613 5218/3/613
f 5404/3/35 5406/3/35 5224/3/35
f 5407/3/12 5410/3/12 5233/3/12
f 5558/3/625 5316/3/625 5306/3/625
f 5383/3/611 5225/3/611 5232/3/611
f 5424/3/11 5401/3/11 5260/3/11
f 5221/3/37 5497/3/37 5544/3/37
f 5451/3/12 5282/3/12 5320/3/12
f 5367/3/615 5358/3/615 5237/3/615
f 5444/3/35 5334/3/35 5332/3/35
f 5433/3/35 5435/3/35 5318/3/35
f 5353/3/626 5373/3/626 5337/3/626
f 5376/3/626 5230/3/626 5239/3/626
f 5281/3/611 5389/3/611 5386/3/611
f 5445/3/12 5442/3/12 5340/3/12
f 5333/3/613 5364/3/613 5356/3/613
f 5448/3/11 5430/3/11 5303/3/11
f 5447/3/28 5297/3/28 5290/3/28
f 5423/3/28 5248/3/28 5238/3/28
f 5228/3/35 5309/3/35 5538/3/35
f 5429/3/37 5432/3/37 5311/3/37
f 5298/3/624 5302/3/624 5398/3/624
f 5330/3/37 5326/3/37 5417/3/37
f 5492/3/7 5514/3/7 5384/3/7
f 5514/3/7 5532/3/7 5393/3/7
f 5384/3/7 5514/3/7 5393/3/7
f 5532/3/7 5525/3/7 5381/3/7
f 5525/3/7 5485/3/7 5360/3/7
f 5381/3/7 5525/3/7 5360/3/7
f 5375/3/7 5357/3/7 5396/3/7
f 5357/3/7 5354/3/7 5363/3/7
f 5357/3/7 5363/3/7 5396/3/7
f 5532/3/7 5381/3/7 5375/3/7
f 5390/3/7 5547/3/7 5492/3/7
f 5387/3/7 5390/3/7 5492/3/7
f 5532/3/7 5375/3/7 5393/3/7
f 5393/3/7 5375/3/7 5396/3/7
f 5397/3/621 5300/3/621 5310/3/621
f 5338/3/19 5441/3/19 5421/3/19
f 5291/3/626 5392/3/626 5388/3/626
f 5229/3/12 5503/3/12 5510/3/12
f 5414/3/28 5322/3/28 5342/3/28
f 5349/3/621 5325/3/621 5329/3/621
f 5346/3/615 5352/3/615 5341/3/615
f 5471/3/19 5474/3/19 5457/3/19
f 5462/3/37 5479/3/37 5465/3/37
f 5458/3/10 5470/3/10 5455/3/10
f 5470/3/10 5458/3/10 5467/3/10
f 5467/3/10 5458/3/10 5464/3/10
f 5469/3/12 5484/3/12 5472/3/12
f 5456/3/28 5475/3/28 5459/3/28
f 5460/3/11 5478/3/11 5463/3/11
f 5466/3/35 5481/3/35 5468/3/35
f 5519/3/569 5516/3/569 5495/3/569
f 5550/3/636 5553/3/636 5557/3/636
f 5494/3/637 5548/3/637 5543/3/637
f 5507/3/629 5512/3/629 5487/3/629
f 5513/3/573 5509/3/573 5502/3/573
f 5537/3/630 5541/3/630 5505/3/630
f 5554/3/631 5552/3/631 5540/3/631
f 5528/3/632 5533/3/632 5515/3/632
f 5527/3/633 5534/3/633 5529/3/633
f 5486/3/638 5526/3/638 5521/3/638
f 5348/3/7 5354/3/7 5511/3/7
f 5354/3/7 5357/3/7 5366/3/7
f 5354/3/7 5366/3/7 5511/3/7
f 5366/3/7 5369/3/7 5511/3/7
f 5369/3/7 5360/3/7 5485/3/7
f 5485/3/7 5511/3/7 5369/3/7
f 5511/3/7 5504/3/7 5348/3/7
f 5504/3/7 5539/3/7 5345/3/7
f 5539/3/7 5551/3/7 5351/3/7
f 5551/3/7 5547/3/7 5378/3/7
f 5547/3/7 5390/3/7 5378/3/7
f 5378/3/7 5396/3/7 5372/3/7
f 5396/3/7 5363/3/7 5372/3/7
f 5539/3/7 5351/3/7 5345/3/7
f 5551/3/7 5378/3/7 5372/3/7
f 5351/3/7 5551/3/7 5372/3/7
f 5570/3/35 5275/3/35 5560/3/35
f 5576/3/11 5272/3/11 5567/3/11
f 5572/3/28 5269/3/28 5575/3/28
f 5561/3/12 5278/3/12 5564/3/12
f 5566/3/37 5273/3/37 5569/3/37
f 5563/3/19 5268/3/19 5573/3/19
f 5586/3/7 5613/3/7 5577/3/7
f 5628/3/7 5583/3/7 5592/3/7
f 5625/3/7 5592/3/7 5589/3/7
f 5577/3/7 5616/3/7 5580/3/7
f 5619/3/7 5586/3/7 5583/3/7
f 5580/3/7 5625/3/7 5589/3/7
f 5562/3/10 5607/3/10 5598/3/10
f 5601/3/10 5568/3/10 5604/3/10
f 5559/3/10 5598/3/10 5595/3/10
f 5607/3/10 5574/3/10 5610/3/10
f 5610/3/10 5565/3/10 5601/3/10
f 5568/3/10 5595/3/10 5604/3/10
f 5617/3/19 5609/3/19 5627/3/19
f 5620/3/37 5605/3/37 5623/3/37
f 5615/3/12 5600/3/12 5618/3/12
f 5626/3/28 5611/3/28 5629/3/28
f 5630/3/11 5603/3/11 5621/3/11
f 5624/3/35 5596/3/35 5614/3/35
f 5646/3/35 5578/3/35 5632/3/35
f 5654/3/11 5585/3/11 5642/3/11
f 5648/3/28 5593/3/28 5652/3/28
f 5634/3/12 5582/3/12 5638/3/12
f 5640/3/37 5587/3/37 5644/3/37
f 5636/3/19 5591/3/19 5650/3/19
f 5667/5/11 5659/5/11 5676/5/11
f 5697/5/639 5753/5/639 5750/5/639
f 5696/5/640 5853/5/640 5832/5/640
f 5678/5/641 5837/5/641 5845/5/641
f 5684/5/642 5879/5/642 5859/5/642
f 5665/5/643 5868/5/643 5862/5/643
f 5705/5/42 5801/5/42 5798/5/42
f 5692/5/644 5708/5/644 5686/5/644
f 5704/5/645 5716/5/645 5698/5/645
f 5805/5/646 5691/5/646 5768/5/646
f 5685/5/647 5799/5/647 5777/5/647
f 5703/5/648 5808/5/648 5719/5/648
f 5735/5/649 5743/5/649 5731/5/649
f 5717/5/40 5810/5/40 5733/5/40
f 5713/5/29 5813/5/29 5752/5/29
f 5710/5/10 5722/5/10 5706/5/10
f 5718/5/7 5730/5/7 5714/5/7
f 5816/5/43 5709/5/43 5804/5/43
f 5742/5/12 5821/5/12 5739/5/12
f 5745/5/12 5830/5/12 5827/5/12
f 5823/5/650 5728/5/650 5818/5/650
f 5724/5/651 5820/5/651 5803/5/651
f 5829/5/652 5736/5/652 5812/5/652
f 5732/5/653 5826/5/653 5815/5/653
f 5727/5/654 5737/5/654 5723/5/654
f 5792/5/655 5751/5/655 5814/5/655
f 5775/5/656 5761/5/656 5784/5/656
f 5778/5/657 5802/5/657 5769/5/657
f 5760/5/658 5789/5/658 5783/5/658
f 5866/5/659 5856/5/659 5848/5/659
f 5834/5/660 5881/5/660 5842/5/660
f 5865/5/661 5843/5/661 5882/5/661
f 5835/5/662 5873/5/662 5861/5/662
f 5682/5/663 5776/5/663 5770/5/663
f 5701/5/664 5839/5/664 5786/5/664
f 5694/5/665 5749/5/665 5793/5/665
f 5689/5/666 5870/5/666 5763/5/666
f 5676/5/11 5672/5/11 5667/5/11
f 5667/5/11 5663/5/11 5659/5/11
f 5659/5/11 5680/5/11 5676/5/11
f 5697/5/639 5715/5/639 5753/5/639
f 5833/5/667 5840/5/667 5702/5/667
f 5699/5/668 5693/5/668 5831/5/668
f 5850/5/669 5674/5/669 5844/5/669
f 5675/5/668 5679/5/668 5846/5/668
f 5858/5/670 5871/5/670 5690/5/670
f 5687/5/671 5681/5/671 5857/5/671
f 5863/5/672 5876/5/672 5661/5/672
f 5662/5/671 5666/5/671 5864/5/671
f 5705/5/42 5721/5/42 5801/5/42
f 5692/5/644 5712/5/644 5708/5/644
f 5704/5/645 5720/5/645 5716/5/645
f 5805/5/646 5711/5/646 5691/5/646
f 5685/5/647 5707/5/647 5799/5/647
f 5703/5/648 5791/5/648 5808/5/648
f 5735/5/649 5746/5/649 5743/5/649
f 5717/5/40 5807/5/40 5810/5/40
f 5713/5/29 5729/5/29 5813/5/29
f 5710/5/10 5726/5/10 5722/5/10
f 5718/5/7 5734/5/7 5730/5/7
f 5816/5/43 5725/5/43 5709/5/43
f 5742/5/12 5824/5/12 5821/5/12
f 5745/5/12 5748/5/12 5830/5/12
f 5823/5/650 5741/5/650 5728/5/650
f 5724/5/651 5738/5/651 5820/5/651
f 5829/5/652 5747/5/652 5736/5/652
f 5732/5/653 5744/5/653 5826/5/653
f 5727/5/654 5740/5/654 5737/5/654
f 5828/5/655 5811/5/655 5814/5/655
f 5811/5/655 5809/5/655 5792/5/655
f 5792/5/655 5788/5/655 5796/5/655
f 5811/5/655 5792/5/655 5814/5/655
f 5814/5/655 5825/5/655 5828/5/655
f 5751/5/655 5754/5/655 5814/5/655
f 5792/5/655 5796/5/655 5751/5/655
f 5774/5/673 5766/5/673 5759/5/673
f 5819/5/657 5822/5/657 5817/5/657
f 5817/5/657 5806/5/657 5769/5/657
f 5769/5/657 5765/5/657 5778/5/657
f 5765/5/657 5773/5/657 5778/5/657
f 5778/5/657 5800/5/657 5802/5/657
f 5819/5/657 5817/5/657 5802/5/657
f 5817/5/657 5769/5/657 5802/5/657
f 5760/5/658 5797/5/658 5789/5/658
f 5866/5/659 5874/5/659 5856/5/659
f 5834/5/660 5860/5/660 5881/5/660
f 5865/5/661 5847/5/661 5843/5/661
f 5835/5/662 5855/5/662 5873/5/662
f 5772/5/674 5782/5/674 5880/5/674
f 5780/5/675 5658/5/675 5877/5/675
f 5656/5/42 5660/5/42 5875/5/42
f 5878/5/676 5683/5/676 5771/5/676
f 5836/5/40 5677/5/40 5655/5/40
f 5657/5/677 5779/5/677 5838/5/677
f 5781/5/678 5787/5/678 5841/5/678
f 5785/5/679 5790/5/679 5700/5/679
f 5795/5/680 5757/5/680 5854/5/680
f 5755/5/681 5670/5/681 5851/5/681
f 5668/5/29 5673/5/29 5849/5/29
f 5852/5/682 5695/5/682 5794/5/682
f 5867/5/43 5664/5/43 5669/5/43
f 5671/5/683 5756/5/683 5869/5/683
f 5758/5/684 5764/5/684 5872/5/684
f 5762/5/685 5767/5/685 5688/5/685
f 5888/5/686 5885/5/686 5903/5/686
f 5906/5/687 5899/5/687 5924/5/687
f 5934/5/688 5925/5/688 5949/5/688
f 5954/5/689 5947/5/689 5973/5/689
f 5982/5/690 5975/5/690 5999/5/690
f 6006/5/691 6000/5/691 6024/5/691
f 6026/5/692 6022/5/692 6048/5/692
f 6051/5/687 6044/5/687 6068/5/687
f 6078/5/688 6069/5/688 6093/5/688
f 6098/5/689 6091/5/689 6117/5/689
f 6126/5/690 6119/5/690 6143/5/690
f 5883/5/693 5897/5/693 5918/5/693
f 5921/5/694 5941/5/694 5927/5/694
f 5946/5/695 5970/5/695 5952/5/695
f 5967/5/696 5994/5/696 5976/5/696
f 5990/5/697 6013/5/697 5996/5/697
f 6018/5/698 6042/5/698 6021/5/698
f 6039/5/699 6063/5/699 6045/5/699
f 6065/5/694 6085/5/694 6071/5/694
f 6090/5/695 6114/5/695 6096/5/695
f 6111/5/696 6138/5/696 6120/5/696
f 6134/5/697 6151/5/697 6140/5/697
f 5890/5/700 5908/5/700 5914/5/700
f 5910/5/701 5904/5/701 5929/5/701
f 5936/5/702 5932/5/702 5956/5/702
f 5959/5/703 5955/5/703 5978/5/703
f 5987/5/704 5980/5/704 6001/5/704
f 6011/5/705 6004/5/705 6028/5/705
f 6034/5/706 6027/5/706 6053/5/706
f 6056/5/701 6049/5/701 6073/5/701
f 6080/5/702 6076/5/702 6100/5/702
f 6103/5/703 6099/5/703 6122/5/703
f 6131/5/704 6124/5/704 6146/5/704
f 5892/5/707 5909/5/707 5916/5/707
f 5912/5/708 5938/5/708 5942/5/708
f 5939/5/709 5964/5/709 5968/5/709
f 5962/5/710 5986/5/710 5992/5/710
f 5983/5/711 6007/5/711 6014/5/711
f 6008/5/712 6033/5/712 6040/5/712
f 6031/5/707 6055/5/707 6061/5/707
f 6058/5/708 6082/5/708 6086/5/708
f 6083/5/709 6108/5/709 6112/5/709
f 6106/5/710 6130/5/710 6136/5/710
f 6127/5/711 6158/5/711 6152/5/711
f 6144/5/713 6166/5/713 6170/5/713
f 6155/5/714 6176/5/714 6164/5/714
f 6161/5/705 6149/5/705 6168/5/705
f 6157/5/715 6159/5/715 6173/5/715
f 5887/5/716 5902/5/716 5907/5/716
f 5905/5/717 5923/5/717 5931/5/717
f 5933/5/718 5948/5/718 5957/5/718
f 5953/5/719 5972/5/719 5977/5/719
f 5981/5/720 5998/5/720 6003/5/720
s 1
f 6005/5/721 6023/5/721 6029/5/721
s 0
f 6025/5/716 6047/5/716 6052/5/716
f 6050/5/717 6067/5/717 6075/5/717
f 6077/5/718 6092/5/718 6101/5/718
f 6097/5/719 6116/5/719 6121/5/719
f 6125/5/720 6142/5/720 6148/5/720
f 5884/5/722 5919/5/722 5900/5/722
f 5920/5/723 5926/5/723 5901/5/723
f 5944/5/724 5951/5/724 5928/5/724
f 5966/5/725 5974/5/725 5950/5/725
f 5989/5/726 5995/5/726 5971/5/726
f 6016/5/727 6020/5/727 5997/5/727
f 6038/5/728 6043/5/728 6019/5/728
f 6064/5/723 6070/5/723 6046/5/723
f 6088/5/724 6095/5/724 6072/5/724
f 6110/5/725 6118/5/725 6094/5/725
f 6133/5/726 6139/5/726 6115/5/726
s 1
f 5889/5/729 5913/5/729 5894/5/729
s 0
f 5911/5/730 5930/5/730 5935/5/730
f 5937/5/731 5958/5/731 5961/5/731
f 5960/5/732 5979/5/732 5984/5/732
f 5988/5/733 6002/5/733 6010/5/733
f 6012/5/734 6030/5/734 6036/5/734
f 6035/5/735 6054/5/735 6059/5/735
f 6057/5/736 6074/5/736 6079/5/736
f 6081/5/731 6102/5/731 6105/5/731
f 6104/5/732 6123/5/732 6128/5/732
f 6132/5/733 6147/5/733 6160/5/733
f 5893/5/737 5917/5/737 5896/5/737
f 5915/5/738 5943/5/738 5922/5/738
f 5940/5/739 5969/5/739 5945/5/739
f 5963/5/740 5993/5/740 5965/5/740
f 5985/5/741 6015/5/741 5991/5/741
f 6009/5/742 6041/5/742 6017/5/742
f 6032/5/743 6062/5/743 6037/5/743
f 6060/5/738 6087/5/738 6066/5/738
f 6084/5/739 6113/5/739 6089/5/739
f 6107/5/740 6137/5/740 6109/5/740
f 6129/5/741 6153/5/741 6135/5/741
f 6145/5/744 6171/5/744 6150/5/744
f 6154/5/727 6163/5/727 6141/5/727
f 6162/5/745 6169/5/745 6175/5/745
f 6156/5/746 6172/5/746 6177/5/746
f 6178/5/747 6167/5/747 6165/5/747
s 1
f 5891/5/748 5898/5/748 5886/5/748
s 0
f 6178/5/747 6174/5/747 6167/5/747
f 5891/5/748 5895/5/748 5898/5/748
f 6288/5/749 6285/5/749 6270/5/749
f 6215/5/10 6269/5/10 6218/5/10
f 6335/5/7 6332/5/7 6317/5/7
f 6289/5/750 6274/5/750 6295/5/750
f 6180/5/28 6201/5/28 6183/5/28
f 6327/5/28 6342/5/28 6345/5/28
f 6280/5/751 6301/5/751 6277/5/751
f 6213/5/19 6184/5/19 6202/5/19
f 6181/5/11 6205/5/11 6199/5/11
f 6196/5/12 6211/5/12 6193/5/12
f 6279/5/752 6292/5/752 6303/5/752
f 6253/5/753 6231/5/753 6258/5/753
f 6197/5/10 6251/5/10 6200/5/10
f 6244/5/35 6318/5/35 6316/5/35
f 6252/5/754 6216/5/754 6219/5/754
f 6267/5/755 6225/5/755 6222/5/755
f 6391/5/12 6376/5/12 6394/5/12
f 6339/5/19 6346/5/19 6357/5/19
f 6235/5/11 6313/5/11 6307/5/11
f 6247/5/12 6322/5/12 6319/5/12
f 6275/5/10 6224/5/10 6227/5/10
f 6334/5/35 6354/5/35 6352/5/35
f 6268/5/756 6217/5/756 6256/5/756
f 6293/5/10 6239/5/10 6233/5/10
f 6264/5/757 6226/5/757 6262/5/757
f 6337/5/12 6358/5/12 6355/5/12
f 6249/5/19 6310/5/19 6321/5/19
f 6190/5/35 6210/5/35 6208/5/35
f 6325/5/11 6349/5/11 6343/5/11
f 6302/5/10 6236/5/10 6248/5/10
f 6380/5/10 6377/5/10 6383/5/10
f 6374/5/10 6371/5/10 6353/5/10
f 6265/5/758 6232/5/758 6229/5/758
f 6240/5/37 6315/5/37 6312/5/37
f 6375/5/19 6382/5/19 6393/5/19
f 6237/5/28 6306/5/28 6309/5/28
f 6361/5/11 6385/5/11 6379/5/11
f 6182/5/7 6191/5/7 6185/5/7
f 6206/5/10 6209/5/10 6263/5/10
f 6363/5/28 6378/5/28 6381/5/28
f 6186/5/37 6207/5/37 6204/5/37
f 6330/5/37 6351/5/37 6348/5/37
f 6347/5/10 6365/5/10 6359/5/10
f 6283/5/759 6300/5/759 6298/5/759
f 6305/5/7 6329/5/7 6323/5/7
f 6273/5/760 6297/5/760 6294/5/760
f 6366/5/37 6387/5/37 6384/5/37
f 6370/5/35 6390/5/35 6388/5/35
f 6288/5/749 6291/5/749 6285/5/749
f 6215/5/10 6272/5/10 6269/5/10
f 6320/5/7 6308/5/7 6338/5/7
f 6332/5/7 6311/5/7 6314/5/7
f 6317/5/7 6320/5/7 6338/5/7
f 6332/5/7 6314/5/7 6317/5/7
f 6317/5/7 6338/5/7 6335/5/7
f 6289/5/750 6271/5/750 6274/5/750
f 6180/5/28 6198/5/28 6201/5/28
f 6327/5/28 6324/5/28 6342/5/28
f 6280/5/751 6304/5/751 6301/5/751
f 6213/5/19 6195/5/19 6184/5/19
f 6181/5/11 6187/5/11 6205/5/11
f 6196/5/12 6214/5/12 6211/5/12
f 6279/5/752 6286/5/752 6292/5/752
f 6253/5/753 6220/5/753 6231/5/753
f 6203/5/10 6206/5/10 6266/5/10
f 6203/5/10 6266/5/10 6254/5/10
f 6257/5/10 6263/5/10 6212/5/10
f 6251/5/10 6257/5/10 6212/5/10
f 6197/5/10 6203/5/10 6254/5/10
f 6251/5/10 6212/5/10 6200/5/10
f 6197/5/10 6254/5/10 6251/5/10
f 6244/5/35 6246/5/35 6318/5/35
f 6252/5/754 6255/5/754 6216/5/754
f 6267/5/755 6261/5/755 6225/5/755
f 6391/5/12 6373/5/12 6376/5/12
f 6339/5/19 6328/5/19 6346/5/19
f 6235/5/11 6241/5/11 6313/5/11
f 6247/5/12 6250/5/12 6322/5/12
f 6218/5/10 6269/5/10 6284/5/10
f 6218/5/10 6284/5/10 6278/5/10
f 6272/5/10 6215/5/10 6221/5/10
f 6281/5/10 6272/5/10 6221/5/10
f 6230/5/10 6218/5/10 6278/5/10
f 6230/5/10 6278/5/10 6275/5/10
f 6281/5/10 6221/5/10 6224/5/10
f 6227/5/10 6230/5/10 6275/5/10
f 6275/5/10 6281/5/10 6224/5/10
f 6334/5/35 6336/5/35 6354/5/35
f 6268/5/756 6223/5/756 6217/5/756
f 6293/5/10 6296/5/10 6239/5/10
f 6264/5/757 6228/5/757 6226/5/757
f 6337/5/12 6340/5/12 6358/5/12
f 6249/5/19 6238/5/19 6310/5/19
f 6190/5/35 6192/5/35 6210/5/35
f 6325/5/11 6331/5/11 6349/5/11
f 6242/5/10 6239/5/10 6296/5/10
f 6296/5/10 6299/5/10 6245/5/10
f 6299/5/10 6302/5/10 6245/5/10
f 6302/5/10 6290/5/10 6236/5/10
f 6290/5/10 6287/5/10 6236/5/10
f 6287/5/10 6293/5/10 6233/5/10
f 6287/5/10 6233/5/10 6236/5/10
f 6245/5/10 6242/5/10 6296/5/10
f 6248/5/10 6245/5/10 6302/5/10
f 6383/5/10 6386/5/10 6389/5/10
f 6389/5/10 6392/5/10 6383/5/10
f 6392/5/10 6380/5/10 6383/5/10
f 6344/5/10 6359/5/10 6362/5/10
f 6344/5/10 6362/5/10 6374/5/10
f 6353/5/10 6356/5/10 6374/5/10
f 6356/5/10 6344/5/10 6374/5/10
f 6347/5/10 6350/5/10 6368/5/10
f 6350/5/10 6353/5/10 6368/5/10
f 6368/5/10 6365/5/10 6347/5/10
f 6371/5/10 6368/5/10 6353/5/10
f 6265/5/758 6259/5/758 6232/5/758
f 6240/5/37 6243/5/37 6315/5/37
f 6375/5/19 6364/5/19 6382/5/19
f 6237/5/28 6234/5/28 6306/5/28
f 6361/5/11 6367/5/11 6385/5/11
f 6185/5/7 6179/5/7 6182/5/7
f 6182/5/7 6194/5/7 6191/5/7
f 6191/5/7 6188/5/7 6185/5/7
f 6260/5/10 6266/5/10 6206/5/10
f 6209/5/10 6212/5/10 6263/5/10
f 6263/5/10 6260/5/10 6206/5/10
f 6363/5/28 6360/5/28 6378/5/28
f 6186/5/37 6189/5/37 6207/5/37
f 6330/5/37 6333/5/37 6351/5/37
f 6359/5/10 6344/5/10 6341/5/10
f 6341/5/10 6347/5/10 6359/5/10
f 6283/5/759 6276/5/759 6300/5/759
f 6326/5/7 6338/5/7 6308/5/7
f 6326/5/7 6308/5/7 6305/5/7
f 6311/5/7 6332/5/7 6329/5/7
f 6323/5/7 6326/5/7 6305/5/7
f 6305/5/7 6311/5/7 6329/5/7
f 6273/5/760 6282/5/760 6297/5/760
f 6366/5/37 6369/5/37 6387/5/37
f 6370/5/35 6372/5/35 6390/5/35
f 7278/4/7 6966/4/7 6960/4/7
f 7246/4/7 7284/4/7 7243/4/7
f 7190/4/7 7287/4/7 7187/4/7
f 7275/4/7 7229/4/7 7232/4/7
f 6422/4/20 7347/4/20 7564/4/20
f 7360/4/27 6402/4/27 7383/4/27
f 6496/4/11 7444/4/11 7418/4/11
f 7358/4/11 7429/4/11 7434/4/11
f 7459/4/761 7441/4/761 6796/4/761
f 7581/4/762 7448/4/762 7452/4/762
f 7351/4/28 6602/4/28 7344/4/28
f 6626/4/35 6619/4/35 7342/4/35
f 7479/4/763 6740/4/763 7425/4/763
f 6723/4/764 7421/4/764 7438/4/764
f 7377/4/19 7571/4/19 7368/4/19
f 7575/4/37 7371/4/37 7363/4/37
f 7534/4/762 7495/4/762 6883/4/762
f 7404/4/27 7481/4/27 6465/4/27
f 7551/4/35 7407/4/35 7462/4/35
f 6553/4/12 7490/4/12 7516/4/12
f 7303/4/7 7255/4/7 7252/4/7
f 7402/4/12 7506/4/12 7501/4/12
f 7557/4/763 7524/4/763 7520/4/763
f 6868/4/761 7510/4/761 7493/4/761
f 7465/4/28 7410/4/28 7545/4/28
f 6780/4/37 7336/4/37 6762/4/37
f 7526/4/764 6906/4/764 7512/4/764
f 6490/4/20 7540/4/20 7391/4/20
f 7269/4/7 7266/4/7 7316/4/7
f 7306/4/7 7024/4/7 7030/4/7
f 7249/4/7 7226/4/7 7319/4/7
f 7395/4/19 7388/4/19 6749/4/19
f 6680/4/765 6996/4/765 6993/4/765
f 7100/4/766 6997/4/766 6683/4/766
f 7065/4/767 6934/4/767 6697/4/767
f 6700/4/768 6935/4/768 7157/4/768
f 6698/4/769 7155/4/769 7146/4/769
f 6962/4/12 6959/4/12 6950/4/12
f 6782/4/6 6750/4/6 6710/4/6
f 6589/4/770 6650/4/770 6641/4/770
f 7260/4/7 7263/4/7 6936/4/7
f 6702/4/8 7471/4/8 7484/4/8
f 6862/4/771 7519/4/771 6807/4/771
f 7073/4/7 7133/4/7 7067/4/7
f 6492/4/772 7389/4/772 7396/4/772
f 7170/4/773 7174/4/773 6843/4/773
f 7203/4/28 7250/4/28 6712/4/28
f 7145/4/7 6912/4/7 7150/4/7
f 6984/4/7 7124/4/7 7130/4/7
f 7408/4/774 6467/4/774 7463/4/774
f 7659/5/11 7653/5/11 7647/5/11
f 7778/18/775 7790/18/775 7766/18/775
f 7750/18/10 7759/18/10 7747/18/10
f 6511/4/9 6478/4/9 6555/4/9
f 6747/4/776 6763/4/776 7394/4/776
f 6457/18/3 6542/18/3 7737/18/3
f 7415/4/777 7560/4/777 6494/4/777
f 6751/4/7 6987/4/7 6724/4/7
f 6572/4/37 7116/4/37 7185/4/37
f 6946/4/778 6481/4/778 6949/4/778
f 6405/4/7 6428/4/7 6506/4/7
f 7669/5/7 7672/5/7 7666/5/7
f 6947/4/11 7023/4/11 7026/4/11
f 7661/5/43 7658/5/43 7664/5/43
f 7728/5/12 7710/5/12 7716/5/12
f 7188/4/20 6666/4/20 6654/4/20
f 7756/4/7 6596/4/7 6522/4/7
f 7604/4/779 6485/4/779 6475/4/779
f 6940/4/780 6854/4/780 6943/4/780
f 7076/4/7 6571/4/7 6592/4/7
f 6564/4/781 6612/4/781 7417/4/781
f 7160/4/5 7148/4/5 7156/4/5
f 7117/4/782 6818/4/782 7186/4/782
f 6591/4/763 7032/4/763 7020/4/763
f 6601/4/783 6617/4/783 6624/4/783
f 6956/4/784 6961/4/784 6968/4/784
f 6926/4/785 6919/4/785 6930/4/785
f 7773/18/11 7779/18/11 7782/18/11
f 7550/4/786 7467/4/786 7546/4/786
f 7029/4/764 6652/4/764 6636/4/764
f 7060/4/4 7057/4/4 6692/4/4
f 6544/4/787 6517/4/787 6536/4/787
f 6730/4/788 7384/4/788 6403/4/788
f 6745/4/789 7399/4/789 6632/4/789
f 7486/4/790 7561/4/790 6613/4/790
f 6677/4/7 6668/4/7 6793/4/7
f 7570/4/2 7576/4/2 6560/4/2
f 7474/4/522 7427/4/522 7353/4/522
f 6957/4/7 7003/4/7 7006/4/7
f 7137/4/791 6834/4/791 7238/4/791
f 7239/4/763 6825/4/763 6802/4/763
f 6533/18/2 6441/18/2 6430/18/2
f 7573/4/792 7374/4/792 7370/4/792
f 7223/4/7 7027/4/7 6922/4/7
f 6667/4/793 6664/4/793 6655/4/793
f 6593/4/19 6621/4/19 7191/4/19
f 6831/4/27 7206/4/27 7270/4/27
f 7781/18/794 7814/18/794 7775/18/794
f 7259/4/761 6932/4/761 6921/4/761
f 6565/4/795 6675/4/795 7530/4/795
f 6783/4/7 7070/4/7 6803/4/7
f 6718/4/796 7366/4/796 6645/4/796
f 6832/4/797 6838/4/797 6815/4/797
f 6523/4/4 6450/4/4 6520/4/4
f 6689/4/3 6988/4/3 6693/4/3
f 7390/4/7 6746/4/7 7387/4/7
f 6432/4/2 6508/4/2 6513/4/2
f 7548/4/7 7403/4/7 7406/4/7
f 6587/4/6 6527/4/6 6598/4/6
f 7423/4/798 7432/4/798 7428/4/798
f 6516/4/762 6955/4/762 6967/4/762
f 7221/4/799 7253/4/799 7256/4/799
f 7132/4/800 7248/4/800 7245/4/800
f 6998/4/7 6528/4/7 7009/4/7
f 7019/4/801 7025/4/801 7022/4/801
f 7016/4/801 6923/4/801 7028/4/801
f 7184/4/7 6963/4/7 7281/4/7
f 7209/4/802 6938/4/802 7264/4/802
f 6501/4/8 6556/4/8 6479/4/8
f 7101/4/7 6634/4/7 6588/4/7
f 6412/4/1 6510/4/1 6507/4/1
f 6841/4/9 6910/4/9 7114/4/9
f 7364/4/803 6404/4/803 7361/4/803
f 7799/18/5 7802/18/5 6660/18/5
f 6584/4/804 6633/4/804 7401/4/804
f 6595/4/805 6610/4/805 6622/4/805
f 6597/4/5 6463/4/5 6524/4/5
f 7227/4/20 7200/4/20 6814/4/20
f 7077/4/2 7094/4/2 7086/4/2
f 7528/4/806 7555/4/806 6907/4/806
f 6735/4/807 7340/4/807 6618/4/807
f 6638/18/9 7818/18/9 7821/18/9
f 6646/4/10 6659/4/10 6707/4/10
f 6557/4/10 6568/4/10 6540/4/10
f 7021/4/7 7106/4/7 7018/4/7
f 7129/4/800 6835/4/800 6785/4/800
f 6952/4/784 6817/4/784 6767/4/784
f 7237/4/7 7240/4/7 7272/4/7
f 6811/4/808 6823/4/808 6829/4/808
f 6437/4/10 6452/4/10 6458/4/10
f 7131/4/35 7244/4/35 6725/4/35
f 6752/4/28 6773/4/28 7241/4/28
f 7453/4/7 7442/4/7 7439/4/7
f 7213/4/802 7271/4/802 7207/4/802
f 6759/4/809 6714/4/809 6778/4/809
f 7167/4/7 6704/4/7 7171/4/7
f 7218/4/799 6937/4/799 6900/4/799
f 7228/4/810 7204/4/810 7201/4/810
f 6577/4/3 6570/4/3 6603/4/3
f 6855/4/12 6849/4/12 7231/4/12
f 7267/4/37 7212/4/37 6870/4/37
f 7346/4/7 6599/4/7 7563/4/7
f 6690/4/7 6694/4/7 6737/4/7
f 6742/4/811 7354/4/811 7431/4/811
f 7199/4/7 7193/4/7 7178/4/7
f 6864/4/812 7412/4/812 7468/4/812
f 7118/4/7 7093/4/7 7121/4/7
f 7572/4/7 7359/4/7 7382/4/7
f 6806/4/7 7521/4/7 6754/4/7
f 7152/4/5 6916/4/5 6858/4/5
f 7164/4/7 7214/4/7 7220/4/7
f 6941/4/11 7254/4/11 7216/4/11
f 6623/4/7 7339/4/7 6656/4/7
f 7197/4/810 6924/4/810 6891/4/810
f 6521/4/3 6433/4/3 6514/4/3
f 6914/4/762 7262/4/762 7219/4/762
f 7454/4/813 7578/4/813 7450/4/813
f 6990/4/7 6995/4/7 7096/4/7
f 6881/4/814 7338/4/814 6821/4/814
f 7525/4/7 7514/4/7 7485/4/7
f 6896/4/815 6871/4/815 6887/4/815
f 6876/4/816 7483/4/816 7469/4/816
f 6424/4/817 7345/4/817 7348/4/817
f 7053/4/6 7050/4/6 7035/4/6
f 7189/4/782 7123/4/782 7192/4/782
f 6643/4/7 7568/4/7 6604/4/7
f 7808/4/818 7796/4/818 7811/4/818
f 7833/18/1 7822/18/1 6538/18/1
f 7497/4/819 7505/4/819 6885/4/819
f 6639/18/8 6504/18/8 6647/18/8
f 6879/4/819 7492/4/819 7509/4/819
f 7800/18/6 6648/18/6 6505/18/6
f 7141/4/791 7230/4/791 7134/4/791
f 7048/4/7 7205/4/7 7045/4/7
f 7161/4/7 7217/4/7 6899/4/7
f 6766/4/7 7090/4/7 6797/4/7
f 7513/4/820 6552/4/820 7515/4/820
f 6965/4/761 6530/4/761 6546/4/761
f 7593/4/821 6439/4/821 6445/4/821
f 7247/4/27 7125/4/27 6663/4/27
f 7586/4/822 6476/4/822 6472/4/822
f 7325/4/7 6486/4/7 6902/4/7
f 6438/4/823 7583/4/823 6453/4/823
f 7679/5/42 7697/5/42 7699/5/42
f 7816/18/64 6426/18/64 6435/18/64
f 6732/4/824 7566/4/824 7379/4/824
f 6575/4/4 6628/4/4 6722/4/4
f 7535/4/825 7508/4/825 6866/4/825
f 6874/4/826 7541/4/826 6491/4/826
f 7007/4/1 7004/4/1 7001/4/1
f 7582/4/10 7600/4/10 6477/4/10
f 7584/4/827 6459/4/827 6454/4/827
f 7225/4/35 6706/4/35 6760/4/35
f 7619/5/20 7616/5/20 7622/5/20
f 7588/4/10 7603/4/10 6449/4/10
f 6969/4/7 6972/4/7 7084/4/7
f 7153/4/7 7062/4/7 6847/4/7
f 7625/5/57 7621/5/57 7628/5/57
f 7681/5/10 7700/5/10 7696/5/10
f 6716/4/828 7446/4/828 7580/4/828
f 6819/4/7 6779/4/7 6790/4/7
f 6734/4/829 7420/4/829 6657/4/829
f 7532/4/7 7498/4/7 7494/4/7
f 6460/4/830 7587/4/830 6473/4/830
f 7475/4/831 7436/4/831 6738/4/831
f 6898/4/19 6888/4/19 7265/4/19
f 6444/4/832 7599/4/832 7592/4/832
f 7054/4/7 6800/4/7 6809/4/7
f 7598/4/833 6484/4/833 7589/4/833
f 7635/5/11 7623/5/11 7611/5/11
f 7638/5/12 7614/5/12 7626/5/12
f 7707/5/40 7678/5/40 7698/5/40
f 7760/18/775 7784/18/775 7748/18/775
f 7637/5/27 7634/5/27 7640/5/27
f 7687/5/29 7705/5/29 7702/5/29
f 7722/5/12 7668/5/12 7674/5/12
f 7606/5/59 7639/5/59 7609/5/59
f 7786/18/834 7742/18/834 7783/18/834
f 7670/5/29 7724/5/29 7727/5/29
f 7652/5/42 7715/5/42 7708/5/42
f 7612/5/56 7610/5/56 7615/5/56
f 7733/18/4 7736/18/4 7739/18/4
f 7690/5/7 7706/5/7 7704/5/7
f 7654/5/10 7651/5/10 7657/5/10
f 7692/5/11 7686/5/11 7680/5/11
f 7745/18/835 7806/18/835 7751/18/835
f 7235/4/764 6810/4/764 6828/4/764
f 7720/5/56 7709/5/56 7723/5/56
f 7726/5/58 7717/5/58 7729/5/58
f 7703/5/43 7685/5/43 7688/5/43
f 7656/5/12 7662/5/12 7731/5/12
f 7831/18/66 6397/18/66 6409/18/66
f 7440/4/836 6495/4/836 6795/4/836
f 6886/4/7 7051/4/7 7042/4/7
f 7749/18/12 7743/18/12 7746/18/12
f 6889/4/7 7142/4/7 6909/4/7
f 7809/4/518 7815/4/518 7758/4/518
f 7755/18/11 7788/18/11 7761/18/11
f 7774/18/7 7762/18/7 7771/18/7
f 7803/18/12 7770/18/12 7767/18/12
f 7744/18/7 7753/18/7 7738/18/7
f 6396/18/63 7819/18/63 6447/18/63
f 7792/18/834 7763/18/834 7789/18/834
f 7834/18/65 6427/18/65 7825/18/65
f 6726/4/837 6774/4/837 6753/4/837
f 7630/5/58 7627/5/58 7633/5/58
f 6410/18/12 7835/18/12 7832/18/12
f 7780/18/10 7765/18/10 7768/18/10
f 7817/18/11 6448/18/11 7820/18/11
f 7175/4/7 7036/4/7 7033/4/7
f 6408/4/27 6446/4/27 6425/4/27
f 7642/5/40 7676/5/40 7645/5/40
f 6482/4/12 7292/4/12 6962/4/12
f 7292/4/12 7280/4/12 6962/4/12
f 7008/4/12 6994/4/12 6950/4/12
f 6950/4/12 6482/4/12 6962/4/12
f 6959/4/12 7008/4/12 6950/4/12
f 7472/4/6 6703/4/6 7543/4/6
f 6703/4/6 6710/4/6 6750/4/6
f 7543/4/6 6703/4/6 6750/4/6
f 6710/4/6 6792/4/6 6782/4/6
f 6590/4/838 6635/4/838 6651/4/838
f 7260/4/7 7293/4/7 7263/4/7
f 7484/4/8 7552/4/8 6702/4/8
f 7552/4/8 7547/4/8 6676/4/8
f 6702/4/8 7552/4/8 6676/4/8
f 7547/4/8 6756/4/8 6676/4/8
f 6861/4/839 7556/4/839 7518/4/839
f 7073/4/7 7139/4/7 7133/4/7
f 6492/4/772 7392/4/772 7389/4/772
f 6842/4/8 6851/4/8 7169/4/8
f 6851/4/8 7037/4/8 7177/4/8
f 7177/4/8 7180/4/8 7195/4/8
f 6851/4/8 7177/4/8 7169/4/8
f 7183/4/8 6911/4/8 7173/4/8
f 6911/4/8 6842/4/8 7173/4/8
f 7177/4/8 7195/4/8 7169/4/8
f 7250/4/28 7321/4/28 6488/4/28
f 6712/4/28 7168/4/28 7194/4/28
f 7250/4/28 6488/4/28 6777/4/28
f 6712/4/28 7194/4/28 7203/4/28
f 7250/4/28 6777/4/28 6712/4/28
f 7145/4/7 6918/4/7 6912/4/7
f 6984/4/7 6981/4/7 7124/4/7
f 7408/4/774 7405/4/774 6467/4/774
f 7647/5/11 7677/5/11 7659/5/11
f 7677/5/11 7671/5/11 7659/5/11
f 7671/5/11 7665/5/11 7659/5/11
f 7778/18/775 7793/18/775 7790/18/775
f 7750/18/10 7732/18/10 7759/18/10
f 6511/4/9 6400/4/9 6478/4/9
f 6748/4/840 6781/4/840 6764/4/840
f 6457/18/3 6442/18/3 6542/18/3
f 7414/4/841 6611/4/841 7559/4/841
f 6751/4/7 6978/4/7 6987/4/7
f 7282/4/37 7297/4/37 7185/4/37
f 7297/4/37 6608/4/37 7185/4/37
f 6572/4/37 7081/4/37 7091/4/37
f 6572/4/37 7091/4/37 7116/4/37
f 7185/4/37 6608/4/37 6572/4/37
f 6946/4/778 6548/4/778 6481/4/778
f 6509/4/7 6554/4/7 6405/4/7
f 6554/4/7 6497/4/7 6405/4/7
f 6428/4/7 6440/4/7 6506/4/7
f 6509/4/7 6405/4/7 6506/4/7
f 7669/5/7 7675/5/7 7672/5/7
f 7307/4/11 7323/4/11 7026/4/11
f 7323/4/11 6549/4/11 7026/4/11
f 6947/4/11 7097/4/11 7110/4/11
f 6947/4/11 7110/4/11 7023/4/11
f 7026/4/11 6549/4/11 6947/4/11
f 7661/5/43 7655/5/43 7658/5/43
f 7728/5/12 7725/5/12 7710/5/12
f 7085/4/20 7088/4/20 6654/4/20
f 7088/4/20 7119/4/20 6654/4/20
f 7188/4/20 7288/4/20 6418/4/20
f 7188/4/20 6418/4/20 6666/4/20
f 6654/4/20 7119/4/20 7188/4/20
f 7807/4/7 7756/4/7 6522/4/7
f 7756/4/7 7798/4/7 6596/4/7
f 6503/4/7 6497/4/7 6554/4/7
f 6503/4/7 6554/4/7 6585/4/7
f 6512/4/7 6506/4/7 6440/4/7
f 6455/4/7 7804/4/7 6519/4/7
f 7804/4/7 7807/4/7 6522/4/7
f 6519/4/7 7804/4/7 6522/4/7
f 6512/4/7 6440/4/7 6455/4/7
f 6503/4/7 6585/4/7 7798/4/7
f 6585/4/7 6596/4/7 7798/4/7
f 6519/4/7 6512/4/7 6455/4/7
f 7604/4/779 7590/4/779 6485/4/779
f 6940/4/780 6848/4/780 6854/4/780
f 7076/4/7 7080/4/7 6571/4/7
f 7416/4/842 7458/4/842 6563/4/842
f 7456/4/1 7451/4/1 6558/4/1
f 6562/4/843 7457/4/843 6559/4/843
f 7451/4/1 6605/4/1 6558/4/1
f 7160/4/5 7165/4/5 7148/4/5
f 7117/4/782 6768/4/782 6818/4/782
f 6642/4/763 7324/4/763 7032/4/763
f 7324/4/763 7308/4/763 7032/4/763
f 7108/4/763 7105/4/763 6591/4/763
f 6591/4/763 6642/4/763 7032/4/763
f 7020/4/763 7108/4/763 6591/4/763
f 6600/4/844 7350/4/844 6616/4/844
f 6956/4/784 6958/4/784 6961/4/784
f 6927/4/845 6913/4/845 6920/4/845
f 7782/18/11 7776/18/11 7773/18/11
f 7773/18/11 7794/18/11 7779/18/11
f 7549/4/846 7461/4/846 7466/4/846
f 7113/4/764 7143/4/764 6636/4/764
f 7143/4/764 7017/4/764 6636/4/764
f 7029/4/764 7310/4/764 7326/4/764
f 7029/4/764 7326/4/764 6652/4/764
f 6636/4/764 7017/4/764 7029/4/764
f 7057/4/4 7074/4/4 7068/4/4
f 7063/4/847 6695/4/847 7055/4/847
f 6696/4/848 6691/4/848 7056/4/848
f 7057/4/4 7068/4/4 7064/4/4
f 6804/4/4 7071/4/4 7060/4/4
f 6692/4/4 6804/4/4 7060/4/4
f 6545/4/849 6529/4/849 6518/4/849
f 6731/4/850 7378/4/850 7385/4/850
f 6744/4/851 7503/4/851 7398/4/851
f 7487/4/852 6551/4/852 7562/4/852
f 6687/4/7 6690/4/7 7349/4/7
f 6690/4/7 6733/4/7 6615/4/7
f 6615/4/7 7349/4/7 6690/4/7
f 7349/4/7 6421/4/7 6687/4/7
f 6421/4/7 6728/4/7 6687/4/7
f 6728/4/7 6401/4/7 6687/4/7
f 6401/4/7 7369/4/7 6687/4/7
f 7369/4/524 7373/4/524 6668/4/524
f 6687/4/7 7369/4/7 6668/4/7
f 7577/4/7 6793/4/7 6668/4/7
f 6793/4/522 6493/4/522 6677/4/522
f 6493/4/7 7558/4/7 6677/4/7
f 7558/4/7 6550/4/7 6677/4/7
f 6550/4/522 6905/4/522 6677/4/522
f 6905/4/7 7553/4/7 6839/4/7
f 6677/4/7 6905/4/7 6839/4/7
f 7464/4/524 7460/4/524 6839/4/524
f 7460/4/7 6464/4/7 6850/4/7
f 6464/4/7 6873/4/7 6850/4/7
f 6873/4/7 6489/4/7 6850/4/7
f 6489/4/7 7393/4/7 6850/4/7
f 7393/4/7 6761/4/7 6856/4/7
f 6850/4/7 7393/4/7 6856/4/7
f 6878/4/7 7507/4/7 6856/4/7
f 7507/4/7 6882/4/7 6856/4/7
f 7502/4/7 6741/4/7 6694/4/7
f 6882/4/7 7502/4/7 6694/4/7
f 6882/4/7 6694/4/7 6856/4/7
f 6878/4/7 6856/4/7 6761/4/7
f 7460/4/7 6850/4/7 6839/4/7
f 6860/4/7 7464/4/7 6839/4/7
f 6860/4/7 6839/4/7 7553/4/7
f 7373/4/7 6715/4/7 6668/4/7
f 6668/4/7 6715/4/7 7577/4/7
f 7380/4/2 6569/4/2 7386/4/2
f 6569/4/2 6560/4/2 7576/4/2
f 7386/4/2 6569/4/2 7576/4/2
f 6560/4/2 6606/4/2 7570/4/2
f 7473/4/7 7422/4/7 7426/4/7
f 6957/4/7 6954/4/7 7003/4/7
f 7137/4/791 6784/4/791 6834/4/791
f 7061/4/763 7072/4/763 6802/4/763
f 7072/4/763 7138/4/763 6802/4/763
f 7239/4/763 7274/4/763 7302/4/763
f 7239/4/763 7302/4/763 6825/4/763
f 6802/4/763 7138/4/763 7239/4/763
f 6533/18/2 6541/18/2 6441/18/2
f 7574/4/853 7569/4/853 7375/4/853
f 7223/4/7 7309/4/7 7027/4/7
f 6667/4/793 6686/4/793 6664/4/793
f 7122/4/19 7095/4/19 6593/4/19
f 7095/4/19 7079/4/19 6593/4/19
f 6420/4/19 7289/4/19 7191/4/19
f 7191/4/19 7122/4/19 6593/4/19
f 6621/4/19 6420/4/19 7191/4/19
f 7317/4/27 6903/4/27 7270/4/27
f 6903/4/27 6845/4/27 7270/4/27
f 6831/4/27 7034/4/27 7046/4/27
f 6831/4/27 7046/4/27 7206/4/27
f 7270/4/27 6845/4/27 6831/4/27
f 7781/18/794 7757/18/794 7814/18/794
f 7149/4/761 7166/4/761 6921/4/761
f 7166/4/761 7222/4/761 6921/4/761
f 7257/4/854 7305/4/854 7333/4/854
f 7258/4/855 7334/4/855 6931/4/855
f 6921/4/761 7222/4/761 7259/4/761
f 6755/4/9 7523/4/9 6674/4/9
f 7523/4/9 7529/4/9 6674/4/9
f 7531/4/856 7488/4/856 6566/4/856
f 7489/4/857 6614/4/857 6567/4/857
f 6803/4/7 6975/4/7 6783/4/7
f 6975/4/7 7127/4/7 6783/4/7
f 6783/4/7 7136/4/7 7070/4/7
f 6719/4/858 7376/4/858 7367/4/858
f 6832/4/797 6846/4/797 6838/4/797
f 6523/4/4 6462/4/4 6450/4/4
f 6971/4/3 6983/4/3 6985/4/3
f 6971/4/3 6985/4/3 6988/4/3
f 6689/4/3 6974/4/3 6971/4/3
f 6977/4/3 6805/4/3 6980/4/3
f 6805/4/3 6693/4/3 6980/4/3
f 6971/4/3 6988/4/3 6689/4/3
f 6988/4/859 6980/4/859 6693/4/859
f 7390/4/7 7539/4/7 6746/4/7
f 6432/4/2 6413/4/2 6508/4/2
f 7548/4/7 7480/4/7 7403/4/7
f 6587/4/6 6502/4/6 6527/4/6
f 7424/4/860 6739/4/860 7433/4/860
f 7279/4/762 7291/4/762 6967/4/762
f 7291/4/762 6535/4/762 6967/4/762
f 6516/4/762 7002/4/762 7005/4/762
f 6516/4/762 7005/4/762 6955/4/762
f 6967/4/762 6535/4/762 6516/4/762
f 7221/4/799 7215/4/799 7253/4/799
f 7132/4/800 7126/4/800 7248/4/800
f 6998/4/7 6515/4/7 6528/4/7
f 7019/4/801 7031/4/801 7025/4/801
f 7016/4/801 6890/4/801 6923/4/801
f 7184/4/7 6816/4/7 6963/4/7
f 7209/4/802 6901/4/802 6938/4/802
f 6501/4/8 6586/4/8 6556/4/8
f 7101/4/7 7112/4/7 6634/4/7
f 6412/4/1 6399/4/1 6510/4/1
f 7104/4/9 7107/4/9 7111/4/9
f 7098/4/861 6681/4/861 7102/4/861
f 6682/4/862 6840/4/862 7103/4/862
f 7104/4/863 6841/4/863 7114/4/863
f 7104/4/9 7111/4/9 7099/4/9
f 6910/4/9 7144/4/9 7114/4/9
f 7364/4/803 7372/4/803 6404/4/803
f 7799/18/5 7769/18/5 7802/18/5
f 7400/4/864 7538/4/864 6583/4/864
f 7536/4/5 6867/4/5 6708/4/5
f 6582/4/865 7537/4/865 6709/4/865
f 6867/4/5 6791/4/5 6708/4/5
f 6594/4/866 6573/4/866 6609/4/866
f 6597/4/5 6526/4/5 6463/4/5
f 6837/4/20 6487/4/20 7227/4/20
f 6487/4/20 7320/4/20 7227/4/20
f 7179/4/20 7176/4/20 6814/4/20
f 6814/4/20 6837/4/20 7227/4/20
f 7200/4/20 7179/4/20 6814/4/20
f 7086/4/2 6973/4/2 6688/4/2
f 6671/4/2 6799/4/2 7082/4/2
f 6799/4/2 7092/4/2 7082/4/2
f 7086/4/2 6688/4/2 7077/4/2
f 6688/4/2 6671/4/2 7077/4/2
f 7094/4/2 7089/4/2 7086/4/2
f 6672/4/867 7083/4/867 7078/4/867
f 7527/4/868 7522/4/868 7554/4/868
f 6736/4/869 6658/4/869 7341/4/869
f 6638/18/9 6539/18/9 7818/18/9
f 6539/18/9 7824/18/9 7818/18/9
f 6407/18/9 6498/18/9 7821/18/9
f 6498/18/9 6638/18/9 7821/18/9
f 7821/18/9 7828/18/9 6407/18/9
f 6561/4/10 6557/4/10 6537/4/10
f 6557/4/10 6531/4/10 6537/4/10
f 7735/4/10 6540/4/10 6574/4/10
f 7810/4/10 7795/4/10 6578/4/10
f 7795/4/10 7735/4/10 6574/4/10
f 6659/4/10 7813/4/10 6707/4/10
f 7813/4/10 7810/4/10 6578/4/10
f 7795/4/10 6574/4/10 6578/4/10
f 6673/4/10 6561/4/10 6537/4/10
f 6673/4/10 6537/4/10 6637/4/10
f 7813/4/10 6578/4/10 6707/4/10
f 6701/4/10 6673/4/10 6637/4/10
f 6701/4/10 6637/4/10 6646/4/10
f 6701/4/10 6646/4/10 6707/4/10
f 6540/4/10 6531/4/10 6557/4/10
f 6568/4/10 6574/4/10 6540/4/10
f 7021/4/7 7109/4/7 7106/4/7
f 7129/4/800 7242/4/800 6835/4/800
f 6952/4/784 6964/4/784 6817/4/784
f 7237/4/7 6833/4/7 7240/4/7
f 6812/4/870 6801/4/870 6824/4/870
f 6458/4/10 6471/4/10 6468/4/10
f 6471/4/10 6474/4/10 6468/4/10
f 6474/4/10 6483/4/10 6468/4/10
f 6468/4/10 6443/4/10 6458/4/10
f 6443/4/10 6437/4/10 6458/4/10
f 7244/4/35 7286/4/35 6789/4/35
f 6725/4/35 6989/4/35 6986/4/35
f 7244/4/35 6789/4/35 6770/4/35
f 6725/4/35 6986/4/35 7131/4/35
f 7244/4/35 6770/4/35 6725/4/35
f 7128/4/28 6976/4/28 6752/4/28
f 6976/4/28 6979/4/28 6752/4/28
f 7301/4/28 7273/4/28 7241/4/28
f 7241/4/28 7128/4/28 6752/4/28
f 6773/4/28 7301/4/28 7241/4/28
f 7453/4/7 7413/4/7 7442/4/7
f 7213/4/802 7268/4/802 7271/4/802
f 6758/4/871 6705/4/871 6713/4/871
f 7167/4/7 6711/4/7 6704/4/7
f 7218/4/799 7261/4/799 6937/4/799
f 7228/4/810 7251/4/810 7204/4/810
f 7381/4/3 7567/4/3 6570/4/3
f 7567/4/3 6603/4/3 6570/4/3
f 6603/4/3 6625/4/3 6577/4/3
f 6625/4/3 6629/4/3 6577/4/3
f 6849/4/12 7066/4/12 7069/4/12
f 7231/4/12 7277/4/12 7315/4/12
f 6849/4/12 7069/4/12 7135/4/12
f 7231/4/12 7315/4/12 6855/4/12
f 6849/4/12 7135/4/12 7231/4/12
f 6893/4/37 6904/4/37 7267/4/37
f 6904/4/37 7318/4/37 7267/4/37
f 7049/4/37 7052/4/37 6870/4/37
f 6870/4/37 6893/4/37 7267/4/37
f 7212/4/37 7049/4/37 6870/4/37
f 7346/4/7 7343/4/7 6599/4/7
f 6694/4/7 6741/4/7 7430/4/7
f 6737/4/7 7435/4/7 6690/4/7
f 7435/4/7 6733/4/7 6690/4/7
f 6694/4/7 7430/4/7 6737/4/7
f 6743/4/872 6630/4/872 7355/4/872
f 7199/4/7 7202/4/7 7193/4/7
f 6863/4/873 6808/4/873 7411/4/873
f 7118/4/7 7087/4/7 7093/4/7
f 7572/4/7 7362/4/7 7359/4/7
f 6754/4/7 7544/4/7 6806/4/7
f 7544/4/7 7409/4/7 6806/4/7
f 6806/4/7 7517/4/7 7521/4/7
f 6699/4/874 7147/4/874 6857/4/874
f 7148/4/5 7152/4/5 6858/4/5
f 7152/4/5 7163/4/5 6916/4/5
f 7164/4/7 7158/4/7 7214/4/7
f 6944/4/11 7332/4/11 7254/4/11
f 7332/4/11 7304/4/11 7254/4/11
f 7159/4/11 7154/4/11 6941/4/11
f 6941/4/11 6944/4/11 7254/4/11
f 7216/4/11 7159/4/11 6941/4/11
f 7419/4/7 6720/4/7 6656/4/7
f 6720/4/7 6627/4/7 6656/4/7
f 6627/4/7 6623/4/7 6656/4/7
f 7197/4/810 7224/4/810 6924/4/810
f 6521/4/3 6451/4/3 6433/4/3
f 6928/4/762 7329/4/762 7262/4/762
f 7329/4/762 7294/4/762 7262/4/762
f 7162/4/762 7151/4/762 6914/4/762
f 6914/4/762 6928/4/762 7262/4/762
f 7219/4/762 7162/4/762 6914/4/762
f 7455/4/875 6794/4/875 7579/4/875
f 7096/4/7 6945/4/7 6948/4/7
f 6948/4/7 6990/4/7 7096/4/7
f 6880/4/876 6765/4/876 7337/4/876
f 7525/4/7 7511/4/7 7514/4/7
f 6897/4/877 6894/4/877 6872/4/877
f 6875/4/878 6466/4/878 7482/4/878
f 6424/4/817 7352/4/817 7345/4/817
f 6859/4/6 6917/4/6 7044/4/6
f 6917/4/6 7041/4/6 7044/4/6
f 7038/4/6 6852/4/6 7035/4/6
f 6852/4/6 6859/4/6 7053/4/6
f 7035/4/6 6852/4/6 7053/4/6
f 7050/4/6 7047/4/6 7035/4/6
f 6859/4/879 7044/4/879 7053/4/879
f 7189/4/782 7120/4/782 7123/4/782
f 6604/4/7 7449/4/7 6643/4/7
f 7449/4/7 7445/4/7 6643/4/7
f 6643/4/7 7365/4/7 7568/4/7
f 7808/4/818 7805/4/818 7796/4/818
f 6429/18/1 6406/18/1 7830/18/1
f 6406/18/1 7826/18/1 7830/18/1
f 6538/18/1 6532/18/1 7833/18/1
f 6532/18/1 6429/18/1 7830/18/1
f 7833/18/1 6532/18/1 7830/18/1
f 7496/4/880 7500/4/880 7504/4/880
f 6639/18/8 6499/18/8 6504/18/8
f 6879/4/881 6820/4/881 7492/4/881
f 7800/18/6 6661/18/6 6648/18/6
f 7141/4/791 7236/4/791 7230/4/791
f 7048/4/7 7211/4/7 7205/4/7
f 7208/4/7 7039/4/7 6899/4/7
f 7039/4/7 6915/4/7 6899/4/7
f 6915/4/7 7161/4/7 6899/4/7
f 6797/4/7 7012/4/7 6766/4/7
f 7012/4/7 6951/4/7 6766/4/7
f 6766/4/7 7115/4/7 7090/4/7
f 7513/4/820 6908/4/820 6552/4/820
f 6953/4/761 7014/4/761 6530/4/761
f 7014/4/761 7011/4/761 6530/4/761
f 7298/4/761 7283/4/761 6965/4/761
f 6965/4/761 6953/4/761 6530/4/761
f 6546/4/761 7298/4/761 6965/4/761
f 7593/4/821 7602/4/821 6439/4/821
f 6685/4/27 6787/4/27 7247/4/27
f 6787/4/27 7285/4/27 7247/4/27
f 6982/4/27 6970/4/27 6663/4/27
f 6663/4/27 6685/4/27 7247/4/27
f 7125/4/27 6982/4/27 6663/4/27
f 7586/4/822 7605/4/822 6476/4/822
f 6786/4/7 6684/4/7 6417/4/7
f 6684/4/7 6665/4/7 6417/4/7
f 6417/4/7 6620/4/7 7296/4/7
f 6620/4/7 6607/4/7 7296/4/7
f 6772/4/7 6769/4/7 7299/4/7
f 6769/4/7 6786/4/7 7299/4/7
f 6826/4/7 6822/4/7 7299/4/7
f 7300/4/882 6788/4/882 6419/4/882
f 7312/4/7 6826/4/7 7299/4/7
f 6942/4/7 6853/4/7 7312/4/7
f 6925/4/7 6929/4/7 7328/4/7
f 6929/4/7 7331/4/7 7328/4/7
f 7331/4/7 6942/4/7 7312/4/7
f 7312/4/7 7299/4/7 7328/4/7
f 7299/4/7 6417/4/7 7328/4/7
f 7296/4/7 6543/4/7 6534/4/7
f 6417/4/7 7296/4/7 7328/4/7
f 7331/4/7 7312/4/7 7328/4/7
f 7296/4/7 6534/4/7 7290/4/7
f 7290/4/7 6480/4/7 6547/4/7
f 7322/4/7 6640/4/7 7325/4/7
f 6640/4/7 6649/4/7 7325/4/7
f 7290/4/7 6547/4/7 7322/4/7
f 7296/4/7 7290/4/7 7328/4/7
f 6892/4/7 6895/4/7 7328/4/7
f 7328/4/7 7290/4/7 6902/4/7
f 7290/4/522 7322/4/522 6902/4/522
f 6902/4/7 6892/4/7 7328/4/7
f 6836/4/7 6844/4/7 6902/4/7
f 6757/4/7 6776/4/7 7325/4/7
f 6776/4/7 6486/4/7 7325/4/7
f 6486/4/7 6836/4/7 6902/4/7
f 6902/4/7 7322/4/7 7325/4/7
f 6438/4/823 7601/4/823 7583/4/823
f 7679/5/42 7682/5/42 7697/5/42
f 7816/18/64 7823/18/64 6426/18/64
f 6729/4/883 6423/4/883 7565/4/883
f 6722/4/4 7476/4/4 6575/4/4
f 7478/4/884 7356/4/884 6580/4/884
f 7357/4/885 6631/4/885 6581/4/885
f 6579/4/886 6576/4/886 7477/4/886
f 7535/4/825 6884/4/825 7508/4/825
f 6877/4/887 7470/4/887 7542/4/887
f 7013/4/1 6798/4/1 7010/4/1
f 6798/4/1 6670/4/1 7010/4/1
f 6669/4/888 6679/4/888 7000/4/888
f 6678/4/889 6991/4/889 6999/4/889
f 6670/4/890 7001/4/890 7010/4/890
f 6992/4/1 7007/4/1 7001/4/1
f 6411/4/10 6431/4/10 7594/4/10
f 6411/4/10 7594/4/10 7582/4/10
f 7591/4/10 7597/4/10 6500/4/10
f 7600/4/10 7591/4/10 6500/4/10
f 6398/4/10 6411/4/10 7582/4/10
f 7600/4/10 6500/4/10 6477/4/10
f 6398/4/10 7582/4/10 6477/4/10
f 7584/4/827 7595/4/827 6459/4/827
f 7198/4/35 7182/4/35 6706/4/35
f 7182/4/35 7172/4/35 6706/4/35
f 7327/4/35 7311/4/35 7225/4/35
f 7225/4/35 7198/4/35 6706/4/35
f 6760/4/35 7327/4/35 7225/4/35
f 7619/5/20 7613/5/20 7616/5/20
f 6525/4/10 6500/4/10 7597/4/10
f 6525/4/10 7597/4/10 7588/4/10
f 7585/4/10 7594/4/10 6431/4/10
f 7603/4/10 7585/4/10 6431/4/10
f 6461/4/10 6525/4/10 7588/4/10
f 7603/4/10 6431/4/10 6449/4/10
f 6461/4/10 7588/4/10 6449/4/10
f 7084/4/7 6653/4/7 6662/4/7
f 6662/4/7 6969/4/7 7084/4/7
f 6847/4/7 6939/4/7 7153/4/7
f 7153/4/7 6933/4/7 7062/4/7
f 7625/5/57 7618/5/57 7621/5/57
f 7681/5/10 7684/5/10 7700/5/10
f 6717/4/891 6644/4/891 7447/4/891
f 6790/4/7 6865/4/7 6819/4/7
f 6865/4/7 7491/4/7 6819/4/7
f 6819/4/7 7335/4/7 6779/4/7
f 6734/4/860 7437/4/860 7420/4/860
f 7533/4/522 7397/4/522 7499/4/522
f 6460/4/830 7596/4/830 7587/4/830
f 7475/4/831 6721/4/831 7436/4/831
f 6888/4/19 7043/4/19 7040/4/19
f 7265/4/19 7295/4/19 7330/4/19
f 6888/4/19 7040/4/19 7210/4/19
f 7265/4/19 7330/4/19 6898/4/19
f 6888/4/19 7210/4/19 7265/4/19
f 6444/4/832 6470/4/832 7599/4/832
f 7054/4/7 7059/4/7 6800/4/7
f 7598/4/833 6469/4/833 6484/4/833
f 7611/5/11 7641/5/11 7635/5/11
f 7635/5/11 7629/5/11 7623/5/11
f 7623/5/11 7617/5/11 7611/5/11
f 7626/5/12 7632/5/12 7638/5/12
f 7638/5/12 7608/5/12 7614/5/12
f 7614/5/12 7620/5/12 7626/5/12
f 7707/5/40 7694/5/40 7678/5/40
f 7760/18/775 7787/18/775 7784/18/775
f 7637/5/27 7631/5/27 7634/5/27
f 7687/5/29 7691/5/29 7705/5/29
f 7644/5/12 7713/5/12 7674/5/12
f 7713/5/12 7722/5/12 7674/5/12
f 7606/5/59 7636/5/59 7639/5/59
f 7786/18/834 7754/18/834 7742/18/834
f 7670/5/29 7667/5/29 7724/5/29
f 7667/5/29 7721/5/29 7724/5/29
f 7660/5/29 7663/5/29 7727/5/29
f 7663/5/29 7670/5/29 7727/5/29
f 7727/5/29 7730/5/29 7660/5/29
f 7643/5/42 7646/5/42 7708/5/42
f 7646/5/42 7652/5/42 7708/5/42
f 7652/5/42 7649/5/42 7715/5/42
f 7649/5/42 7718/5/42 7715/5/42
f 7708/5/42 7711/5/42 7643/5/42
f 7612/5/56 7607/5/56 7610/5/56
f 7733/18/4 6456/18/4 7736/18/4
f 7690/5/7 7693/5/7 7706/5/7
f 7654/5/10 7648/5/10 7651/5/10
f 7680/5/11 7695/5/11 7692/5/11
f 7692/5/11 7689/5/11 7686/5/11
f 7686/5/11 7683/5/11 7680/5/11
f 7745/18/835 7797/18/835 7806/18/835
f 7140/4/764 7075/4/764 6810/4/764
f 7075/4/764 7058/4/764 6810/4/764
f 7313/4/892 7276/4/892 7233/4/892
f 7235/4/764 7140/4/764 6810/4/764
f 6827/4/893 7314/4/893 7234/4/893
f 7720/5/56 7712/5/56 7709/5/56
f 7726/5/58 7714/5/58 7717/5/58
f 7703/5/43 7701/5/43 7685/5/43
f 7731/5/12 7719/5/12 7656/5/12
f 7719/5/12 7650/5/12 7656/5/12
f 7831/18/66 7829/18/66 6397/18/66
f 7440/4/836 7443/4/836 6495/4/836
f 6886/4/7 6869/4/7 7051/4/7
f 7746/18/12 7752/18/12 7749/18/12
f 7749/18/12 7785/18/12 7743/18/12
f 6909/4/7 7181/4/7 6889/4/7
f 7181/4/7 7196/4/7 6889/4/7
f 6889/4/7 7015/4/7 7142/4/7
f 7809/4/518 7812/4/518 7815/4/518
f 7734/18/11 7740/18/11 7761/18/11
f 7740/18/11 7755/18/11 7761/18/11
f 7774/18/7 7801/18/7 7762/18/7
f 7791/18/12 7764/18/12 7767/18/12
f 7764/18/12 7803/18/12 7767/18/12
f 7744/18/7 7741/18/7 7753/18/7
f 6396/18/63 7827/18/63 7819/18/63
f 7792/18/834 7772/18/834 7763/18/834
f 7834/18/65 6415/18/65 6427/18/65
f 6727/4/894 6771/4/894 6775/4/894
f 7630/5/58 7624/5/58 7627/5/58
f 6410/18/12 6416/18/12 7835/18/12
f 7780/18/10 7777/18/10 7765/18/10
f 7817/18/11 6436/18/11 6448/18/11
f 7033/4/7 6830/4/7 6813/4/7
f 6813/4/7 7175/4/7 7033/4/7
f 6425/4/27 6414/4/27 6408/4/27
f 6408/4/27 6395/4/27 6446/4/27
f 6446/4/27 6434/4/27 6425/4/27
f 7642/5/40 7673/5/40 7676/5/40
f 7927/18/37 7906/18/37 7909/18/37
f 8024/18/27 8021/18/27 8027/18/27
f 7992/18/7 7902/18/7 7914/18/7
f 8014/18/28 7840/18/28 8011/18/28
f 7995/18/7 7908/18/7 7905/18/7
f 7971/18/10 7884/18/10 7881/18/10
f 8017/18/11 8015/18/11 8023/18/11
f 7862/18/12 8026/18/12 8029/18/12
f 7964/18/35 7948/18/35 7966/18/35
f 8010/18/7 8028/18/7 8022/18/7
f 7870/18/37 7891/18/37 7888/18/37
f 7982/18/35 8002/18/35 8000/18/35
f 7919/18/11 7907/18/11 7925/18/11
f 7928/18/35 7912/18/35 7930/18/35
f 7895/18/12 7880/18/12 7898/18/12
f 7851/18/10 7839/18/10 7950/18/10
f 7892/18/35 7876/18/35 7894/18/35
f 7932/18/10 7920/18/10 7923/18/10
f 7961/18/11 7937/18/11 7943/18/11
f 7883/18/11 7871/18/11 7889/18/11
f 7868/18/19 7897/18/19 7879/18/19
f 7941/18/10 8016/18/10 7842/18/10
f 7960/18/37 7945/18/37 7963/18/37
f 7951/18/19 7958/18/19 7969/18/19
f 7953/18/7 7866/18/7 7956/18/7
f 8025/18/7 7857/18/7 8019/18/7
f 7983/18/10 7980/18/10 7890/18/10
f 7962/18/7 7965/18/7 7875/18/7
f 8003/18/12 7988/18/12 8006/18/12
f 7999/18/37 7978/18/37 7981/18/37
f 7976/18/19 8005/18/19 7987/18/19
f 7931/18/12 7916/18/12 7934/18/12
f 7957/18/28 7936/18/28 7954/18/28
f 7921/18/28 7900/18/28 7918/18/28
f 7933/18/19 7904/18/19 7922/18/19
f 7952/18/12 7967/18/12 7949/18/12
f 7991/18/11 7979/18/11 7997/18/11
f 7864/18/28 7885/18/28 7867/18/28
f 7858/18/37 7843/18/37 7855/18/37
f 7972/18/28 7993/18/28 7975/18/28
f 7861/18/35 7847/18/35 7859/18/35
f 8012/18/19 7852/18/19 8008/18/19
f 8041/5/12 8051/5/12 8039/5/12
f 8048/5/37 8034/5/37 8036/5/37
f 8042/5/28 8032/5/28 8030/5/28
f 8045/5/19 8040/5/19 8033/5/19
f 8050/5/35 8037/5/35 8038/5/35
f 8047/5/11 8031/5/11 8035/5/11
f 7927/18/37 7924/18/37 7906/18/37
f 8024/18/27 8018/18/27 8021/18/27
f 7911/18/7 7908/18/7 7998/18/7
f 7911/18/7 7998/18/7 8001/18/7
f 7995/18/7 7905/18/7 7899/18/7
f 7989/18/7 7995/18/7 7899/18/7
f 7914/18/7 7911/18/7 8001/18/7
f 7914/18/7 8001/18/7 8004/18/7
f 7989/18/7 7899/18/7 7902/18/7
f 7914/18/7 8004/18/7 7992/18/7
f 7992/18/7 7989/18/7 7902/18/7
f 8014/18/28 7837/18/28 7840/18/28
f 7995/18/7 7998/18/7 7908/18/7
f 7971/18/10 7974/18/10 7884/18/10
f 7856/18/11 7844/18/11 8023/18/11
f 7844/18/11 8017/18/11 8023/18/11
f 8017/18/11 7838/18/11 8015/18/11
f 8023/18/11 8020/18/11 7856/18/11
f 8009/18/12 7853/18/12 8029/18/12
f 7853/18/12 7850/18/12 8029/18/12
f 7850/18/12 7862/18/12 8029/18/12
f 7964/18/35 7946/18/35 7948/18/35
f 8022/18/7 8013/18/7 8010/18/7
f 8010/18/7 8007/18/7 8028/18/7
f 7870/18/37 7873/18/37 7891/18/37
f 7982/18/35 7984/18/35 8002/18/35
f 7919/18/11 7901/18/11 7907/18/11
f 7928/18/35 7910/18/35 7912/18/35
f 7895/18/12 7877/18/12 7880/18/12
f 7839/18/10 7836/18/10 7935/18/10
f 7836/18/10 8016/18/10 7935/18/10
f 8016/18/10 7941/18/10 7935/18/10
f 7944/18/10 7845/18/10 7848/18/10
f 7947/18/10 7944/18/10 7848/18/10
f 7839/18/10 7935/18/10 7938/18/10
f 7950/18/10 7947/18/10 7851/18/10
f 7947/18/10 7848/18/10 7851/18/10
f 7839/18/10 7938/18/10 7950/18/10
f 7892/18/35 7874/18/35 7876/18/35
f 7920/18/10 7917/18/10 7923/18/10
f 7923/18/10 7926/18/10 7929/18/10
f 7929/18/10 7932/18/10 7923/18/10
f 7961/18/11 7955/18/11 7937/18/11
f 7883/18/11 7865/18/11 7871/18/11
f 7868/18/19 7886/18/19 7897/18/19
f 7845/18/10 7944/18/10 7842/18/10
f 7944/18/10 7941/18/10 7842/18/10
f 7960/18/37 7942/18/37 7945/18/37
f 7951/18/19 7940/18/19 7958/18/19
f 7953/18/7 7863/18/7 7866/18/7
f 7860/18/7 7857/18/7 8025/18/7
f 7857/18/7 7854/18/7 8019/18/7
f 7977/18/10 7971/18/10 7881/18/10
f 7896/18/10 7884/18/10 7986/18/10
f 7884/18/10 7974/18/10 7986/18/10
f 7977/18/10 7881/18/10 7887/18/10
f 7980/18/10 7977/18/10 7887/18/10
f 7893/18/10 7896/18/10 7983/18/10
f 7896/18/10 7986/18/10 7983/18/10
f 7980/18/10 7887/18/10 7890/18/10
f 7893/18/10 7983/18/10 7890/18/10
f 7968/18/7 7956/18/7 7866/18/7
f 7869/18/7 7863/18/7 7959/18/7
f 7863/18/7 7953/18/7 7959/18/7
f 7968/18/7 7866/18/7 7878/18/7
f 7965/18/7 7968/18/7 7878/18/7
f 7872/18/7 7869/18/7 7962/18/7
f 7869/18/7 7959/18/7 7962/18/7
f 7965/18/7 7878/18/7 7875/18/7
f 7872/18/7 7962/18/7 7875/18/7
f 8003/18/12 7985/18/12 7988/18/12
f 7999/18/37 7996/18/37 7978/18/37
f 7976/18/19 7994/18/19 8005/18/19
f 7931/18/12 7913/18/12 7916/18/12
f 7957/18/28 7939/18/28 7936/18/28
f 7921/18/28 7903/18/28 7900/18/28
f 7933/18/19 7915/18/19 7904/18/19
f 7952/18/12 7970/18/12 7967/18/12
f 7991/18/11 7973/18/11 7979/18/11
f 7864/18/28 7882/18/28 7885/18/28
f 7858/18/37 7846/18/37 7843/18/37
f 7972/18/28 7990/18/28 7993/18/28
f 7861/18/35 7849/18/35 7847/18/35
f 8012/18/19 7841/18/19 7852/18/19
f 8041/5/12 8053/5/12 8051/5/12
f 8048/5/37 8046/5/37 8034/5/37
f 8042/5/28 8044/5/28 8032/5/28
f 8045/5/19 8052/5/19 8040/5/19
f 8050/5/35 8049/5/35 8037/5/35
f 8047/5/11 8043/5/11 8031/5/11
f 8059/19/895 8077/19/895 8072/19/895
f 8093/19/896 8086/19/896 8083/19/896
f 8067/19/897 8080/19/897 8055/19/897
f 8096/19/898 8062/19/898 8088/19/898
f 8107/19/899 8127/19/899 8175/19/899
f 8114/19/900 8131/19/900 8123/19/900
f 8117/19/901 8195/19/901 8129/19/901
f 8099/19/902 8172/19/902 8192/19/902
f 8157/19/903 8140/19/903 8438/19/903
f 8060/19/904 8066/19/904 8078/19/904
f 8092/19/905 8095/19/905 8085/19/905
f 8068/19/906 8089/19/906 8081/19/906
f 8097/19/907 8073/19/907 8064/19/907
f 8108/19/908 8176/19/908 8103/19/908
f 8110/19/909 8122/19/909 8105/19/909
f 8118/19/910 8130/19/910 8113/19/910
f 8101/19/911 8196/19/911 8120/19/911
f 8165/19/912 8194/19/912 8213/19/912
f 8230/19/913 8240/19/913 8133/19/913
f 8200/19/914 8246/19/914 8238/19/914
f 8186/19/915 8215/19/915 8234/19/915
f 8209/19/916 8235/19/916 8231/19/916
f 8217/19/917 8134/19/917 8243/19/917
f 8183/19/918 8136/19/918 8205/19/918
f 8180/19/919 8173/19/919 8126/19/919
f 8216/19/920 8203/19/920 8150/19/920
f 8177/19/921 8188/19/921 8197/19/921
f 8190/19/922 8220/19/922 8198/19/922
f 8273/19/923 8302/19/923 8281/19/923
f 8256/19/924 8275/19/924 8282/19/924
f 8264/19/925 8290/19/925 8266/19/925
f 8259/19/926 8278/19/926 8283/19/926
f 8311/19/927 8339/19/927 8317/19/927
f 8288/19/928 8309/19/928 8312/19/928
f 8279/19/929 8304/19/929 8284/19/929
f 8272/19/930 8316/19/930 8296/19/930
f 8331/19/931 8350/19/931 8356/19/931
f 8306/19/932 8325/19/932 8330/19/932
f 8313/19/933 8322/19/933 8295/19/933
f 8300/19/934 8318/19/934 8328/19/934
f 8345/19/935 8395/19/935 8367/19/935
f 8337/19/936 8347/19/936 8324/19/936
f 8348/19/937 8387/19/937 8355/19/937
f 8390/19/938 8421/19/938 8396/19/938
f 8386/19/939 8368/19/939 8381/19/939
f 8366/19/940 8393/19/940 8377/19/940
f 8370/19/941 8373/19/941 8382/19/941
f 8418/19/942 8424/19/942 8398/19/942
f 8380/19/943 8411/19/943 8385/19/943
f 8376/19/944 8420/19/944 8399/19/944
f 8384/19/945 8401/19/945 8406/19/945
f 8403/19/946 8430/19/946 8407/19/946
f 8414/19/947 8432/19/947 8435/19/947
f 8408/19/948 8426/19/948 8431/19/948
f 8448/19/949 8454/19/949 8477/19/949
f 8142/19/950 8148/19/950 8449/19/950
s 1
f 8151/19/951 8451/19/951 8443/19/951
s 0
f 8485/19/952 8504/19/952 8499/19/952
f 8453/19/953 8461/19/953 8482/19/953
f 8460/19/954 8441/19/954 8469/19/954
f 8445/19/955 8470/19/955 8464/19/955
f 8465/19/956 8471/19/956 8490/19/956
f 8517/19/957 8526/19/957 8595/19/957
f 8580/19/958 8588/19/958 8540/19/958
f 8518/19/959 8524/19/959 8534/19/959
f 8521/19/960 8506/19/960 8584/19/960
f 8511/19/961 8592/19/961 8590/19/961
f 8536/19/962 8562/19/962 8575/19/962
f 8593/19/963 8544/19/963 8541/19/963
f 8600/19/964 8553/19/964 8547/19/964
f 8598/19/965 8581/19/965 8556/19/965
f 8543/19/966 8549/19/966 8567/19/966
f 8546/19/967 8552/19/967 8573/19/967
f 8558/19/968 8577/19/968 8570/19/968
f 8529/19/969 8533/19/969 8583/19/969
f 8527/19/970 8601/19/970 8596/19/970
f 8495/19/971 8493/19/971 8472/19/971
f 8163/19/972 8139/19/972 8244/19/972
f 8161/19/973 8154/19/973 8206/19/973
f 8159/19/974 8439/19/974 8456/19/974
f 8260/19/975 8069/19/975 8254/19/975
f 8269/19/976 8075/19/976 8098/19/976
f 8164/19/977 8128/19/977 8193/19/977
f 8358/19/978 8340/19/978 8334/19/978
f 8232/19/979 8237/19/979 8241/19/979
f 8199/19/980 8222/19/980 8245/19/980
f 8185/19/981 8166/19/981 8214/19/981
f 8210/19/982 8225/19/982 8236/19/982
f 8218/19/983 8204/19/983 8135/19/983
f 8184/19/984 8233/19/984 8137/19/984
f 8181/19/985 8227/19/985 8174/19/985
f 8221/19/986 8156/19/986 8147/19/986
f 8178/19/987 8167/19/987 8189/19/987
f 8187/19/988 8208/19/988 8219/19/988
f 8211/19/989 8170/19/989 8226/19/989
f 8145/19/990 8247/19/990 8224/19/990
f 8228/19/991 8201/19/991 8239/19/991
f 8168/19/992 8179/19/992 8124/19/992
f 8274/19/993 8297/19/993 8303/19/993
f 8257/19/994 8252/19/994 8276/19/994
f 8263/19/995 8286/19/995 8289/19/995
f 8258/19/996 8253/19/996 8277/19/996
s 1
f 8310/19/997 8333/19/997 8338/19/997
s 0
f 8287/19/998 8285/19/998 8308/19/998
f 8280/19/999 8298/19/999 8305/19/999
f 8271/19/1000 8293/19/1000 8315/19/1000
f 8332/19/1001 8327/19/1001 8351/19/1001
f 8307/19/1002 8299/19/1002 8326/19/1002
f 8314/19/1003 8335/19/1003 8323/19/1003
f 8301/19/1004 8294/19/1004 8319/19/1004
f 8344/19/1005 8360/19/1005 8394/19/1005
f 8336/19/1006 8361/19/1006 8346/19/1006
f 8292/19/1007 8249/19/1007 8267/19/1007
f 8354/19/1008 8321/19/1008 8343/19/1008
f 8251/19/1009 8071/19/1009 8076/19/1009
f 8365/19/1010 8352/19/1010 8342/19/1010
f 8349/19/1011 8369/19/1011 8388/19/1011
f 8389/19/1012 8413/19/1012 8416/19/1012
f 8371/19/1013 8364/19/1013 8374/19/1013
f 8417/19/1014 8437/19/1014 8423/19/1014
f 8379/19/1015 8405/19/1015 8410/19/1015
f 8375/19/1016 8392/19/1016 8419/19/1016
f 8383/19/1017 8378/19/1017 8400/19/1017
f 8265/19/1018 8091/19/1018 8262/19/1018
f 8402/19/1019 8425/19/1019 8429/19/1019
f 8415/19/1020 8412/19/1020 8433/19/1020
f 8409/19/1021 8404/19/1021 8427/19/1021
f 8447/19/1022 8475/19/1022 8473/19/1022
f 8143/19/1023 8450/19/1023 8442/19/1023
f 8155/19/1024 8446/19/1024 8146/19/1024
f 8484/19/1025 8498/19/1025 8479/19/1025
f 8455/19/1026 8483/19/1026 8478/19/1026
f 8459/19/1027 8467/19/1027 8480/19/1027
f 8444/19/1028 8463/19/1028 8440/19/1028
f 8397/19/1029 8357/19/1029 8391/19/1029
f 8507/19/1030 8522/19/1030 8501/19/1030
f 8466/19/1031 8491/19/1031 8488/19/1031
f 8514/19/1032 8494/19/1032 8496/19/1032
f 8515/19/1033 8594/19/1033 8513/19/1033
f 8503/19/1034 8481/19/1034 8468/19/1034
f 8560/19/1035 8564/19/1035 8568/19/1035
f 8512/19/1036 8509/19/1036 8489/19/1036
f 8579/19/1037 8538/19/1037 8555/19/1037
f 8519/19/1038 8535/19/1038 8530/19/1038
f 8523/19/1039 8585/19/1039 8531/19/1039
f 8510/19/1040 8589/19/1040 8508/19/1040
f 8537/19/1041 8576/19/1041 8554/19/1041
f 8591/19/1042 8539/19/1042 8587/19/1042
f 8602/19/1043 8548/19/1043 8597/19/1043
f 8599/19/1044 8557/19/1044 8550/19/1044
f 8434/19/1045 8422/19/1045 8436/19/1045
f 8542/19/1046 8566/19/1046 8563/19/1046
f 8545/19/1047 8572/19/1047 8565/19/1047
f 8559/19/1048 8571/19/1048 8551/19/1048
f 8528/19/1049 8582/19/1049 8603/19/1049
f 8532/19/1050 8586/19/1050 8578/19/1050
f 8520/19/1051 8500/19/1051 8505/19/1051
f 8057/19/1052 8624/19/1052 8065/19/1052
f 8102/19/1053 8613/19/1053 8619/19/1053
f 8115/19/1054 8112/19/1054 8621/19/1054
f 8082/19/1055 8616/19/1055 8610/19/1055
f 8618/19/1056 8063/19/1056 8623/19/1056
f 8608/19/1057 8054/19/1057 8079/19/1057
f 8611/19/1058 8100/19/1058 8119/19/1058
f 8457/19/1059 8452/19/1059 8152/19/1059
f 8153/19/1060 8160/19/1060 8458/19/1060
f 8633/1/1061 8655/1/1061 8646/1/1061
f 8644/1/1062 8708/1/1062 8711/1/1062
f 8688/1/1063 8714/1/1063 8722/1/1063
f 8635/1/1064 8662/1/1064 8651/1/1064
f 8650/1/1065 8653/1/1065 8658/1/1065
f 8629/1/1065 8638/1/1065 8626/1/1065
f 8645/1/1066 8636/1/1066 8632/1/1066
f 8666/1/1067 8660/1/1067 8681/1/1067
f 8723/1/1068 8692/1/1068 8689/1/1068
f 8691/1/1061 8719/1/1061 8657/1/1061
f 8685/1/1069 8715/1/1069 8712/1/1069
f 8670/1/1064 8642/1/1064 8630/1/1064
f 8640/1/1061 8665/1/1061 8627/1/1061
f 8668/1/1062 8718/1/1062 8643/1/1062
f 8707/1/1070 8677/1/1070 8710/1/1070
f 8697/1/1065 8709/1/1065 8676/1/1065
f 8652/1/1067 8672/1/1067 8693/1/1067
f 8654/1/1062 8663/1/1062 8668/1/1062
f 8694/1/1071 8702/1/1071 8698/1/1071
f 8674/1/1066 8671/1/1066 8664/1/1066
f 8716/1/1064 8679/1/1064 8706/1/1064
s 1
f 8793/5/1072 8799/5/1072 8790/5/1072
s 0
f 8810/5/1073 8841/5/1073 8837/5/1073
f 8802/5/1074 8817/5/1074 8804/5/1074
f 8789/5/1075 8803/5/1075 8807/5/1075
f 8824/5/1076 8812/5/1076 8818/5/1076
f 8838/5/1077 8833/5/1077 8836/5/1077
f 8830/5/1078 8843/5/1078 8813/5/1078
f 8732/5/1079 8787/5/1079 8748/5/1079
f 8735/5/1080 8794/5/1080 8749/5/1080
f 8726/5/1079 8787/5/1079 8805/5/1079
f 8742/5/1081 8796/5/1081 8809/5/1081
f 8753/5/1079 8815/5/1079 8758/5/1079
f 8774/5/1080 8827/5/1080 8821/5/1080
f 8779/5/1080 8832/5/1080 8783/5/1080
f 8766/5/1079 8844/5/1079 8839/5/1079
f 8728/5/1079 8820/5/1079 8754/5/1079
f 8736/5/1082 8822/5/1082 8800/5/1082
f 8741/5/1081 8835/5/1081 8778/5/1081
f 8734/5/1079 8840/5/1079 8791/5/1079
f 8782/5/1080 8825/5/1080 8769/5/1080
f 8762/5/1079 8816/5/1079 8845/5/1079
f 8765/5/1074 8743/5/1074 8780/5/1074
f 8784/5/1083 8768/5/1083 8781/5/1083
f 8772/5/1084 8764/5/1084 8785/5/1084
f 8759/5/1085 8777/5/1085 8756/5/1085
f 8755/5/1073 8739/5/1073 8729/5/1073
f 8745/5/1086 8738/5/1086 8751/5/1086
f 8752/5/1087 8731/5/1087 8746/5/1087
f 8950/2/1088 8944/2/1088 8938/2/1088
f 8947/2/1089 8877/2/1089 8882/2/1089
f 9052/2/1090 8985/2/1090 9062/2/1090
f 9049/2/1091 8981/2/1091 9057/2/1091
f 9071/2/1092 9012/2/1092 9079/2/1092
f 9059/2/1093 8993/2/1093 9067/2/1093
f 9060/2/1094 8991/2/1094 8979/2/1094
f 9068/2/1095 9006/2/1095 8990/2/1095
f 9050/2/1096 8978/2/1096 8964/2/1096
f 9055/2/1097 8997/2/1097 8971/2/1097
f 9027/2/1098 9098/2/1098 9039/2/1098
f 9054/2/1099 8958/2/1099 8987/2/1099
f 9050/2/1096 8969/2/1096 8982/2/1096
f 9070/2/1100 8995/2/1100 9011/2/1100
f 9061/2/1101 8983/2/1101 8994/2/1101
f 8970/2/1102 8955/2/1102 9051/2/1102
f 9058/2/1103 9066/2/1103 8989/2/1103
f 9069/2/1104 9078/2/1104 9007/2/1104
f 9048/2/1105 9056/2/1105 8977/2/1105
f 9053/2/1106 9063/2/1106 8996/2/1106
f 8849/2/1107 8972/2/1107 8852/2/1107
f 8929/2/1108 8892/2/1108 8888/2/1108
f 8930/2/1109 8945/2/1109 8934/2/1109
f 8884/2/1110 8954/2/1110 8949/2/1110
f 8897/2/1111 8904/2/1111 8911/2/1111
f 9100/2/1112 9045/2/1112 9094/2/1112
f 8880/2/1113 8895/2/1113 8898/2/1113
f 9047/2/1114 8963/2/1114 8860/2/1114
f 8856/2/1115 8909/2/1115 8851/2/1115
f 8923/2/1116 8867/2/1116 8902/2/1116
f 8868/2/1117 8859/2/1117 8903/2/1117
f 8927/2/1118 8886/2/1118 8906/2/1118
f 8885/2/1119 8925/2/1119 8905/2/1119
f 8893/2/1120 8875/2/1120 8935/2/1120
f 8937/2/1121 8928/2/1121 8908/2/1121
f 8896/2/1122 8936/2/1122 8907/2/1122
f 8848/2/1123 8901/2/1123 8858/2/1123
f 9029/2/1124 9099/2/1124 9093/2/1124
f 8941/2/1125 8881/2/1125 8899/2/1125
f 8942/2/1126 8900/2/1126 8916/2/1126
f 8921/2/1127 8889/2/1127 8914/2/1127
f 8890/2/1128 8931/2/1128 8915/2/1128
f 8932/2/1129 8943/2/1129 8917/2/1129
f 8862/2/1130 8871/2/1130 8910/2/1130
f 8874/2/1131 8920/2/1131 8912/2/1131
f 8864/2/1078 8870/2/1078 8873/2/1078
f 8992/2/1132 8999/2/1132 9015/2/1132
f 9064/2/1133 9002/2/1133 9074/2/1133
f 8866/2/1134 8913/2/1134 8854/2/1134
f 9033/2/1135 9097/2/1135 9046/2/1135
f 8984/2/1136 8988/2/1136 9000/2/1136
f 8891/2/1137 8926/2/1137 8887/2/1137
f 8878/2/1138 8951/2/1138 8939/2/1138
f 9065/2/1139 9014/2/1139 8998/2/1139
f 9024/2/1140 9096/2/1140 9082/2/1140
f 9009/2/1141 9088/2/1141 9077/2/1141
f 9017/2/1142 9090/2/1142 9026/2/1142
f 9001/2/1143 9080/2/1143 9072/2/1143
f 9081/2/1144 9013/2/1144 9073/2/1144
f 9019/2/1145 9091/2/1145 9085/2/1145
f 9035/2/1146 9101/2/1146 9095/2/1146
f 9005/2/1147 9087/2/1147 9018/2/1147
f 8869/2/1148 8919/2/1148 8872/2/1148
f 8497/19/1149 8474/19/1149 8476/19/1149
f 8158/19/1150 8242/19/1150 8141/19/1150
f 8162/19/1151 8207/19/1151 8138/19/1151
f 8261/19/1152 8090/19/1152 8070/19/1152
f 8268/19/1153 8250/19/1153 8074/19/1153
f 8359/19/1154 8363/19/1154 8341/19/1154
f 8212/19/1155 8191/19/1155 8171/19/1155
f 8144/19/1156 8223/19/1156 8149/19/1156
f 8229/19/1157 8182/19/1157 8202/19/1157
f 8169/19/1158 8125/19/1158 8132/19/1158
f 8291/19/1159 8270/19/1159 8248/19/1159
f 8353/19/1160 8329/19/1160 8320/19/1160
f 8251/19/1009 8255/19/1009 8071/19/1009
f 8365/19/1010 8372/19/1010 8352/19/1010
f 8265/19/1018 8094/19/1018 8091/19/1018
f 8397/19/1029 8362/19/1029 8357/19/1029
f 8507/19/1030 8501/19/1030 8486/19/1030
f 8514/19/1032 8496/19/1032 8516/19/1032
f 8502/19/1161 8462/19/1161 8487/19/1161
f 8561/19/1162 8569/19/1162 8574/19/1162
f 8512/19/1036 8489/19/1036 8492/19/1036
f 8434/19/1045 8428/19/1045 8422/19/1045
f 8520/19/1051 8505/19/1051 8525/19/1051
f 8058/19/1163 8607/19/1163 8625/19/1163
f 8102/19/1053 8619/19/1053 8106/19/1053
f 8116/19/1164 8622/19/1164 8605/19/1164
f 8082/19/1055 8084/19/1055 8616/19/1055
f 8617/19/1165 8087/19/1165 8061/19/1165
f 8620/19/1166 8111/19/1166 8615/19/1166
f 8109/19/1167 8104/19/1167 8614/19/1167
f 8609/19/1168 8604/19/1168 8056/19/1168
f 8612/19/1169 8121/19/1169 8606/19/1169
f 8633/1/1061 8659/1/1061 8655/1/1061
f 8711/1/1062 8648/1/1062 8644/1/1062
f 8644/1/1062 8654/1/1062 8708/1/1062
f 8688/1/1066 8686/1/1066 8714/1/1066
f 8635/1/1064 8647/1/1064 8662/1/1064
f 8650/1/1170 8661/1/1170 8653/1/1170
f 8629/1/1065 8641/1/1065 8638/1/1065
f 8645/1/1066 8649/1/1066 8636/1/1066
f 8666/1/1067 8652/1/1067 8660/1/1067
f 8660/1/1067 8634/1/1067 8681/1/1067
f 8681/1/1067 8684/1/1067 8666/1/1067
f 8684/1/1067 8687/1/1067 8628/1/1067
f 8666/1/1067 8684/1/1067 8628/1/1067
f 8723/1/1068 8720/1/1068 8692/1/1068
f 8657/1/1061 8705/1/1061 8695/1/1061
f 8695/1/1061 8691/1/1061 8657/1/1061
f 8685/1/1069 8682/1/1069 8715/1/1069
f 8670/1/1064 8667/1/1064 8642/1/1064
f 8640/1/1061 8675/1/1061 8665/1/1061
f 8656/1/1062 8718/1/1062 8668/1/1062
f 8718/1/1062 8721/1/1062 8643/1/1062
f 8707/1/1070 8680/1/1070 8677/1/1070
f 8697/1/1065 8700/1/1065 8709/1/1065
f 8681/1/1067 8634/1/1067 8678/1/1067
f 8634/1/1067 8637/1/1067 8678/1/1067
f 8652/1/1067 8666/1/1067 8672/1/1067
f 8699/1/1067 8678/1/1067 8637/1/1067
f 8693/1/1067 8696/1/1067 8652/1/1067
f 8696/1/1067 8699/1/1067 8637/1/1067
f 8687/1/1067 8690/1/1067 8628/1/1067
f 8690/1/1067 8693/1/1067 8631/1/1067
f 8631/1/1067 8628/1/1067 8690/1/1067
f 8696/1/1067 8637/1/1067 8652/1/1067
f 8672/1/1067 8631/1/1067 8693/1/1067
f 8721/1/1062 8713/1/1062 8639/1/1062
f 8713/1/1062 8717/1/1062 8639/1/1062
f 8721/1/1062 8639/1/1062 8643/1/1062
f 8717/1/1062 8708/1/1062 8673/1/1062
f 8708/1/1062 8654/1/1062 8673/1/1062
f 8648/1/1062 8711/1/1062 8701/1/1062
f 8701/1/1062 8703/1/1062 8648/1/1062
f 8703/1/1062 8656/1/1062 8648/1/1062
f 8673/1/1062 8639/1/1062 8717/1/1062
f 8663/1/1062 8648/1/1062 8656/1/1062
f 8656/1/1062 8668/1/1062 8663/1/1062
f 8673/1/1062 8654/1/1062 8668/1/1062
f 8694/1/1071 8704/1/1071 8702/1/1071
f 8674/1/1066 8669/1/1066 8671/1/1066
f 8716/1/1064 8683/1/1064 8679/1/1064
s 1
f 8793/5/1072 8811/5/1072 8799/5/1072
s 0
f 8810/5/1073 8792/5/1073 8841/5/1073
f 8802/5/1074 8823/5/1074 8817/5/1074
f 8789/5/1075 8798/5/1075 8803/5/1075
f 8824/5/1076 8829/5/1076 8812/5/1076
f 8838/5/1077 8842/5/1077 8833/5/1077
f 8830/5/1078 8834/5/1078 8843/5/1078
f 8734/5/1079 8791/5/1079 8788/5/1079
f 8737/5/1171 8801/5/1171 8797/5/1171
f 8725/5/1079 8747/5/1079 8786/5/1079
f 8740/5/1080 8750/5/1080 8795/5/1080
f 8754/5/1079 8820/5/1079 8816/5/1079
f 8773/5/1080 8770/5/1080 8826/5/1080
f 8778/5/1081 8835/5/1081 8831/5/1081
f 8767/5/1079 8762/5/1079 8845/5/1079
f 8727/5/1172 8806/5/1172 8819/5/1172
f 8736/5/1080 8775/5/1080 8822/5/1080
f 8741/5/1080 8808/5/1080 8835/5/1080
f 8733/5/1172 8766/5/1172 8839/5/1172
f 8783/5/1080 8832/5/1080 8828/5/1080
f 8761/5/1079 8757/5/1079 8814/5/1079
f 8765/5/1074 8730/5/1074 8743/5/1074
f 8784/5/1083 8763/5/1083 8768/5/1083
f 8772/5/1084 8760/5/1084 8764/5/1084
f 8759/5/1085 8771/5/1085 8777/5/1085
f 8755/5/1073 8776/5/1073 8739/5/1073
f 8745/5/1086 8724/5/1086 8738/5/1086
f 8752/5/1087 8744/5/1087 8731/5/1087
f 9027/2/1098 9092/2/1098 9098/2/1098
f 8850/2/1107 8959/2/1107 8973/2/1107
f 8929/2/1108 8933/2/1108 8892/2/1108
f 8930/2/1109 8940/2/1109 8945/2/1109
f 8883/2/1173 8946/2/1173 8953/2/1173
f 8897/2/1111 8894/2/1111 8904/2/1111
f 9100/2/1174 9043/2/1174 9045/2/1174
f 8880/2/1113 8876/2/1113 8895/2/1113
f 8860/2/1175 8863/2/1175 9047/2/1175
f 8863/2/1114 8965/2/1114 9047/2/1114
f 8856/2/1115 8918/2/1115 8909/2/1115
f 9029/2/1124 9041/2/1124 9099/2/1124
f 8864/2/1078 8861/2/1078 8870/2/1078
f 8865/2/1176 8853/2/1176 8966/2/1176
f 8855/2/1177 8975/2/1177 8968/2/1177
f 8992/2/1132 8980/2/1132 8999/2/1132
f 8980/2/1132 8967/2/1132 8974/2/1132
f 8999/2/1132 8980/2/1132 8974/2/1132
f 9030/2/1132 9020/2/1132 9032/2/1132
f 9020/2/1132 9008/2/1132 9015/2/1132
f 9044/2/1132 9042/2/1132 9032/2/1132
f 9042/2/1132 9030/2/1132 9032/2/1132
f 9008/2/1132 8992/2/1132 9015/2/1132
f 9015/2/1132 9032/2/1132 9020/2/1132
f 9064/2/1133 8986/2/1133 9002/2/1133
f 9033/2/1135 9083/2/1135 9097/2/1135
f 8961/2/1136 8976/2/1136 8957/2/1136
f 8976/2/1136 8988/2/1136 8984/2/1136
f 8957/2/1136 8976/2/1136 8984/2/1136
f 9003/2/1136 9016/2/1136 9000/2/1136
f 9016/2/1136 9025/2/1136 9022/2/1136
f 9025/2/1136 9038/2/1136 9022/2/1136
f 9038/2/1136 9034/2/1136 9022/2/1136
f 8988/2/1136 9003/2/1136 9000/2/1136
f 8847/2/1178 8857/2/1178 8962/2/1178
f 8956/2/1179 8846/2/1179 8960/2/1179
f 9016/2/1136 9022/2/1136 9000/2/1136
f 8891/2/1137 8922/2/1137 8926/2/1137
f 8879/2/1180 8948/2/1180 8952/2/1180
f 9065/2/1139 9075/2/1139 9014/2/1139
f 9024/2/1140 9037/2/1140 9096/2/1140
f 9010/2/1181 9021/2/1181 9089/2/1181
f 9017/2/1182 9084/2/1182 9090/2/1182
f 9001/2/1143 9023/2/1143 9080/2/1143
f 9081/2/1183 9031/2/1183 9013/2/1183
f 9019/2/1145 9028/2/1145 9091/2/1145
f 9036/2/1184 9040/2/1184 9102/2/1184
f 9004/2/1147 9076/2/1147 9086/2/1147
f 8869/2/1148 8924/2/1148 8919/2/1148
f 9134/18/10 9118/18/10 9137/18/10
f 9188/18/1185 9180/18/1185 9161/18/1185
f 9226/18/1186 9235/18/1186 9215/18/1186
f 9104/18/1187 9206/18/1187 9147/18/1187
f 9255/18/1188 9249/18/1188 9230/18/1188
f 9108/18/1189 9150/18/1189 9153/18/1189
f 9125/18/1190 9156/18/1190 9160/18/1190
f 9130/18/7 9111/18/7 9272/18/7
f 9163/18/1191 9154/18/1191 9151/18/1191
f 9229/18/1191 9227/18/1191 9207/18/1191
f 9123/18/11 9271/18/11 9274/18/11
f 9211/18/11 9133/18/11 9214/18/11
f 9114/18/12 9110/18/12 9155/18/12
f 9179/18/1192 9183/18/1192 9170/18/1192
f 9169/18/1193 9202/18/1193 9195/18/1193
f 9148/18/12 9145/18/12 9277/18/12
f 9178/18/12 9197/18/12 9194/18/12
f 9192/18/1191 9203/18/1191 9198/18/1191
f 9191/18/1194 9185/18/1194 9181/18/1194
f 9107/18/10 9103/18/10 9140/18/10
f 9225/18/1193 9258/18/1193 9238/18/1193
f 9232/18/11 9253/18/11 9228/18/11
f 9132/18/20 9109/18/20 9113/18/20
f 9260/18/12 9264/18/12 9242/18/12
f 9217/18/1185 9236/18/1185 9244/18/1185
f 9246/18/1195 9240/18/1195 9263/18/1195
f 9204/18/11 9268/18/11 9201/18/11
f 9138/18/20 9122/18/20 9141/18/20
f 9144/18/1190 9212/18/1190 9131/18/1190
f 9248/18/1191 9259/18/1191 9252/18/1191
f 9177/18/1196 9200/18/1196 9266/18/1196
f 9273/18/17 9278/18/17 9276/18/17
f 9116/18/27 9279/18/27 9270/18/27
f 9134/18/10 9115/18/10 9118/18/10
f 9157/18/1185 9167/18/1185 9161/18/1185
f 9167/18/1185 9188/18/1185 9161/18/1185
f 9215/18/1186 9205/18/1186 9226/18/1186
f 9226/18/1192 9239/18/1192 9235/18/1192
f 9104/18/1189 9209/18/1189 9206/18/1189
f 9231/18/1197 9220/18/1197 9222/18/1197
f 9222/18/1197 9243/18/1197 9231/18/1197
f 9245/18/1198 9261/18/1198 9233/18/1198
f 9262/18/1199 9256/18/1199 9234/18/1199
f 9108/18/1187 9128/18/1187 9150/18/1187
f 9125/18/1190 9112/18/1190 9156/18/1190
f 9111/18/7 9124/18/7 9272/18/7
f 9272/18/7 9275/18/7 9130/18/7
f 9275/18/7 9143/18/7 9130/18/7
f 9171/18/1191 9173/18/1191 9151/18/1191
f 9173/18/1191 9163/18/1191 9151/18/1191
f 9210/18/1191 9219/18/1191 9207/18/1191
f 9219/18/1191 9229/18/1191 9207/18/1191
f 9120/18/11 9117/18/11 9271/18/11
f 9126/18/11 9162/18/11 9152/18/11
f 9126/18/11 9152/18/11 9129/18/11
f 9123/18/11 9120/18/11 9271/18/11
f 9126/18/11 9129/18/11 9274/18/11
f 9129/18/11 9123/18/11 9274/18/11
f 9214/18/11 9224/18/11 9211/18/11
f 9224/18/11 9221/18/11 9211/18/11
f 9211/18/11 9106/18/11 9133/18/11
f 9165/18/12 9168/18/12 9155/18/12
f 9168/18/12 9158/18/12 9155/18/12
f 9158/18/12 9114/18/12 9155/18/12
f 9170/18/1186 9149/18/1186 9159/18/1186
f 9159/18/1186 9179/18/1186 9170/18/1186
f 9169/18/1193 9182/18/1193 9202/18/1193
f 9280/18/12 9136/18/12 9139/18/12
f 9280/18/12 9139/18/12 9142/18/12
f 9208/18/12 9218/18/12 9145/18/12
f 9148/18/12 9208/18/12 9145/18/12
f 9277/18/12 9280/18/12 9142/18/12
f 9142/18/12 9148/18/12 9277/18/12
f 9178/18/12 9172/18/12 9197/18/12
f 9192/18/1191 9196/18/1191 9203/18/1191
f 9190/18/1200 9267/18/1200 9184/18/1200
f 9103/18/10 9146/18/10 9140/18/10
f 9140/18/10 9121/18/10 9107/18/10
f 9121/18/10 9127/18/10 9107/18/10
f 9225/18/1193 9251/18/1193 9258/18/1193
f 9232/18/11 9250/18/11 9253/18/11
f 9132/18/20 9105/18/20 9109/18/20
f 9260/18/12 9257/18/12 9264/18/12
f 9244/18/1185 9223/18/1185 9217/18/1185
f 9223/18/1185 9213/18/1185 9217/18/1185
f 9247/18/1201 9237/18/1201 9241/18/1201
f 9204/18/11 9186/18/11 9268/18/11
f 9138/18/20 9119/18/20 9122/18/20
f 9144/18/1190 9216/18/1190 9212/18/1190
f 9248/18/1191 9254/18/1191 9259/18/1191
f 9265/18/1202 9189/18/1202 9176/18/1202
f 9187/18/1197 9166/18/1197 9175/18/1197
f 9166/18/1197 9164/18/1197 9175/18/1197
f 9174/18/1188 9193/18/1188 9199/18/1188
f 9273/18/17 9269/18/17 9278/18/17
f 9116/18/27 9135/18/27 9279/18/27
f 9330/5/1203 9300/5/1203 9297/5/1203
f 9290/5/1204 9323/5/1204 9286/5/1204
f 9353/5/1205 9364/5/1205 9375/5/1205
f 9344/5/1206 9371/5/1206 9365/5/1206
f 9282/5/1207 9331/5/1207 9298/5/1207
f 9392/5/1208 9413/5/1208 9396/5/1208
f 9350/5/1209 9378/5/1209 9356/5/1209
f 9398/5/1210 9405/5/1210 9388/5/1210
f 9423/5/1211 9448/5/1211 9427/5/1211
f 9358/5/1212 9368/5/1212 9346/5/1212
f 9338/5/1213 9289/5/1213 9304/5/1213
f 9422/5/1214 9437/5/1214 9434/5/1214
f 9391/5/1215 9408/5/1215 9412/5/1215
f 9397/5/1216 9415/5/1216 9404/5/1216
s 1
f 9421/5/1217 9433/5/1217 9447/5/1217
s 0
f 9424/5/1218 9417/5/1218 9438/5/1218
f 9332/5/1219 9336/5/1219 9301/5/1219
f 9292/5/1220 9327/5/1220 9324/5/1220
f 9351/5/1221 9341/5/1221 9363/5/1221
f 9343/5/1222 9347/5/1222 9369/5/1222
f 9283/5/1223 9321/5/1223 9333/5/1223
s 1
f 9352/5/1224 9374/5/1224 9379/5/1224
s 0
f 9359/5/1225 9380/5/1225 9370/5/1225
f 9339/5/1226 9326/5/1226 9291/5/1226
f 9389/5/1227 9377/5/1227 9372/5/1227
f 9394/5/1228 9366/5/1228 9376/5/1228
f 9479/5/1229 9402/5/1229 9406/5/1229
f 9342/5/1230 9335/5/1230 9322/5/1230
f 9480/5/1231 9416/5/1231 9430/5/1231
f 9357/5/1232 9334/5/1232 9354/5/1232
f 9316/5/11 9309/5/11 9307/5/11
f 9306/5/1233 9296/5/1233 9315/5/1233
f 9428/5/1234 9410/5/1234 9425/5/1234
f 9384/5/1235 9403/5/1235 9401/5/1235
f 9317/5/1236 9293/5/1236 9299/5/1236
f 9390/5/1237 9362/5/1237 9382/5/1237
f 9303/5/1238 9312/5/1238 9320/5/1238
f 9518/5/1239 9539/5/1239 9547/5/1239
f 9449/5/1240 9476/5/1240 9429/5/1240
f 9418/5/1241 9411/5/1241 9400/5/1241
f 9475/5/1242 9439/5/1242 9419/5/1242
f 9529/5/1243 9551/5/1243 9541/5/1243
f 9349/5/1244 9325/5/1244 9329/5/1244
f 9381/5/1245 9367/5/1245 9386/5/1245
f 9446/5/1246 9607/5/1246 9622/5/1246
f 9399/5/1247 9393/5/1247 9383/5/1247
f 9348/5/1248 9340/5/1248 9360/5/1248
f 9313/5/1249 9285/5/1249 9308/5/1249
f 9611/5/1250 9432/5/1250 9435/5/1250
f 9506/5/1251 9467/5/1251 9473/5/1251
s 1
f 9460/5/1252 9453/5/1252 9497/5/1252
s 0
f 9618/5/1253 9436/5/1253 9442/5/1253
f 9455/5/1254 9468/5/1254 9507/5/1254
f 9568/5/1255 9574/5/1255 9591/5/1255
f 9526/5/1256 9535/5/1256 9555/5/1256
f 9573/5/1257 9564/5/1257 9581/5/1257
f 9599/5/1258 9605/5/1258 9626/5/1258
f 9532/5/1259 9522/5/1259 9544/5/1259
f 9512/5/1260 9471/5/1260 9459/5/1260
f 9598/5/1261 9610/5/1261 9615/5/1261
f 9567/5/1262 9590/5/1262 9584/5/1262
f 9572/5/1263 9580/5/1263 9588/5/1263
s 1
f 9597/5/1264 9625/5/1264 9609/5/1264
s 0
f 9600/5/1265 9616/5/1265 9595/5/1265
f 9508/5/1266 9474/5/1266 9515/5/1266
f 9462/5/1267 9498/5/1267 9503/5/1267
f 9527/5/1268 9540/5/1268 9520/5/1268
f 9517/5/1269 9545/5/1269 9523/5/1269
f 9456/5/1270 9509/5/1270 9500/5/1270
s 1
f 9528/5/1271 9556/5/1271 9550/5/1271
s 0
f 9533/5/1272 9546/5/1272 9554/5/1272
f 9513/5/1273 9461/5/1273 9502/5/1273
f 9565/5/1227 9553/5/1227 9571/5/1227
f 9570/5/1228 9542/5/1228 9561/5/1228
f 9631/5/1274 9576/5/1274 9594/5/1274
f 9521/5/1275 9511/5/1275 9531/5/1275
f 9632/5/1276 9589/5/1276 9583/5/1276
f 9536/5/1277 9510/5/1277 9516/5/1277
f 9489/5/12 9492/5/12 9484/5/12
f 9482/5/1278 9464/5/1278 9454/5/1278
f 9606/5/1279 9586/5/1279 9592/5/1279
f 9559/5/1280 9579/5/1280 9563/5/1280
f 9495/5/1281 9465/5/1281 9490/5/1281
f 9566/5/1237 9538/5/1237 9549/5/1237
f 9469/5/1282 9485/5/1282 9457/5/1282
f 9624/5/1283 9630/5/1283 9620/5/1283
f 9596/5/1284 9587/5/1284 9602/5/1284
f 9629/5/1285 9614/5/1285 9619/5/1285
f 9525/5/1286 9499/5/1286 9519/5/1286
f 9557/5/1245 9543/5/1245 9537/5/1245
f 9577/5/1287 9569/5/1287 9585/5/1287
f 9524/5/1288 9514/5/1288 9504/5/1288
f 9486/5/1289 9451/5/1289 9458/5/1289
f 9621/5/1290 9441/5/1290 9445/5/1290
f 9389/5/1227 9395/5/1227 9377/5/1227
f 9394/5/1228 9385/5/1228 9366/5/1228
f 9479/5/1229 9420/5/1229 9402/5/1229
f 9342/5/1230 9355/5/1230 9335/5/1230
f 9480/5/1231 9407/5/1231 9416/5/1231
f 9357/5/1232 9337/5/1232 9334/5/1232
f 9316/5/11 9319/5/11 9309/5/11
f 9305/5/1291 9281/5/1291 9294/5/1291
f 9428/5/1234 9414/5/1234 9410/5/1234
f 9384/5/1235 9387/5/1235 9403/5/1235
f 9318/5/1292 9314/5/1292 9295/5/1292
f 9390/5/1237 9373/5/1237 9362/5/1237
f 9302/5/1293 9287/5/1293 9310/5/1293
f 9450/5/1294 9444/5/1294 9478/5/1294
f 9418/5/1241 9426/5/1241 9411/5/1241
f 9477/5/1295 9443/5/1295 9440/5/1295
f 9349/5/1244 9345/5/1244 9325/5/1244
f 9381/5/1245 9361/5/1245 9367/5/1245
f 9446/5/1246 9431/5/1246 9607/5/1246
f 9399/5/1296 9409/5/1296 9393/5/1296
f 9348/5/1248 9328/5/1248 9340/5/1248
f 9311/5/1297 9288/5/1297 9284/5/1297
f 9611/5/1250 9608/5/1250 9432/5/1250
f 9618/5/1253 9612/5/1253 9436/5/1253
f 9565/5/1227 9548/5/1227 9553/5/1227
f 9570/5/1228 9552/5/1228 9542/5/1228
f 9631/5/1274 9582/5/1274 9576/5/1274
f 9521/5/1275 9501/5/1275 9511/5/1275
s 1
f 9632/5/1276 9604/5/1276 9589/5/1276
s 0
f 9536/5/1277 9530/5/1277 9510/5/1277
f 9489/5/12 9496/5/12 9492/5/12
f 9483/5/1298 9491/5/1298 9466/5/1298
f 9606/5/1279 9601/5/1279 9586/5/1279
f 9559/5/1280 9575/5/1280 9579/5/1280
f 9494/5/1299 9472/5/1299 9463/5/1299
f 9566/5/1237 9558/5/1237 9538/5/1237
f 9470/5/1300 9493/5/1300 9487/5/1300
f 9623/5/1301 9603/5/1301 9628/5/1301
f 9596/5/1284 9578/5/1284 9587/5/1284
f 9627/5/1302 9593/5/1302 9613/5/1302
f 9525/5/1286 9505/5/1286 9499/5/1286
f 9557/5/1245 9562/5/1245 9543/5/1245
f 9577/5/1303 9560/5/1303 9569/5/1303
f 9524/5/1288 9534/5/1288 9514/5/1288
f 9488/5/1304 9481/5/1304 9452/5/1304
f 9621/5/1290 9617/5/1290 9441/5/1290
f 9808/4/10 9802/4/10 9875/4/10
f 9811/4/10 9817/4/10 9878/4/10
f 9824/4/10 9826/4/10 9885/4/10
f 9821/4/10 9888/4/10 9829/4/10
f 9894/4/10 9863/4/10 9858/4/10
f 9847/4/10 9844/4/10 9903/4/10
f 9835/4/10 9838/4/10 9896/4/10
f 9907/4/10 9855/4/10 9866/4/10
f 10152/4/1305 10230/4/1305 10166/4/1305
f 10138/4/1306 10311/4/1306 10308/4/1306
f 10029/4/10 9998/4/10 9995/4/10
s 1
f 10196/4/1307 10124/4/1307 10088/4/1307
f 10091/4/1308 10168/4/1308 10172/4/1308
s 0
f 10151/4/1309 10234/4/1309 10229/4/1309
f 10139/4/1310 10126/4/1310 10312/4/1310
f 10277/4/8 10232/4/8 10241/4/8
f 10156/4/7 9653/4/7 10059/4/7
f 10315/4/10 10330/4/10 10318/4/10
f 9845/4/4 9987/4/4 9984/4/4
f 10320/4/1311 10322/4/1311 10316/4/1311
f 9742/4/1312 9682/4/1312 9635/4/1312
f 9642/4/28 9867/4/28 9972/4/28
f 10283/4/3 10081/4/3 10270/4/3
f 9674/4/6 9729/4/6 9680/4/6
f 9761/4/1313 9669/4/1313 9671/4/1313
f 10008/4/27 9893/4/27 9857/4/27
f 9813/4/12 9791/4/12 9952/4/12
f 9780/4/10 9965/4/10 9777/4/10
f 9953/4/10 9950/4/10 10032/4/10
f 9884/4/27 9980/4/27 9823/4/27
f 9852/4/4 9993/4/4 9990/4/4
f 9783/4/10 9798/4/10 9786/4/10
f 10069/4/4 9687/4/4 10084/4/4
f 9985/4/12 9905/4/12 9846/4/12
f 10096/4/1314 10197/4/1314 10089/4/1314
f 10323/4/6 10140/4/6 10310/4/6
f 9708/4/1315 10116/4/1315 9716/4/1315
f 10268/4/8 10161/4/8 9703/4/8
f 9986/4/10 9798/4/10 9795/4/10
f 9977/4/10 9795/4/10 9713/4/10
f 10221/4/9 10093/4/9 9645/4/9
f 9923/4/6 10019/4/6 9920/4/6
f 10333/4/7 10321/4/7 10324/4/7
f 10048/4/5 9843/4/5 10055/4/5
f 10349/4/10 10352/4/10 10226/4/10
f 9754/4/1316 9656/4/1316 9662/4/1316
f 9937/4/1317 9743/4/1317 9917/4/1317
f 9652/4/19 9831/4/19 9889/4/19
f 9741/4/1318 9931/4/1318 9767/4/1318
f 9960/4/764 9873/4/764 9806/4/764
f 10282/4/1319 10276/4/1319 10273/4/1319
f 9670/4/5 9725/4/5 9672/4/5
f 10102/4/1320 10173/4/1320 10170/4/1320
f 10054/4/762 9891/4/762 9784/4/762
f 9644/4/1 10078/4/1 10123/4/1
f 9700/4/1321 9737/4/1321 9731/4/1321
f 9779/4/763 9810/4/763 9877/4/763
f 10109/4/1322 9723/4/1322 9721/4/1322
f 10153/4/7 10086/4/7 9675/4/7
f 10309/4/1323 10306/4/1323 10303/4/1323
f 9818/4/1 9951/4/1 9954/4/1
f 9724/4/1324 10119/4/1324 9727/4/1324
f 10334/4/1325 10328/4/1325 10337/4/1325
f 9757/4/1326 9911/4/1326 9935/4/1326
f 9941/4/20 9887/4/20 9820/4/20
f 10010/4/6 9865/4/6 10007/4/6
f 10299/4/1327 10302/4/1327 10305/4/1327
f 9836/4/11 9787/4/11 9996/4/11
f 10219/4/1328 10213/4/1328 10222/4/1328
f 10113/4/3 10136/4/3 10118/4/3
f 10340/4/1329 10347/4/1329 10184/4/1329
f 9882/4/37 9948/4/37 9793/4/37
f 9770/4/1330 9679/4/1330 9684/4/1330
f 10249/4/1331 10255/4/1331 10252/4/1331
f 9991/4/763 9902/4/763 9853/4/763
f 9814/4/10 9832/4/10 9881/4/10
f 9922/4/1332 9744/4/1332 9748/4/1332
f 9750/4/1333 9648/4/1333 9657/4/1333
f 10289/4/6 10338/4/6 10329/4/6
f 9834/4/2 10043/4/2 9949/4/2
f 9683/4/9 9738/4/9 9636/4/9
f 9827/4/3 9982/4/3 9978/4/3
f 9916/4/8 10022/4/8 9924/4/8
f 10206/4/1334 10201/4/1334 10203/4/1334
f 9775/4/9 9961/4/9 9807/4/9
f 9926/4/2 10013/4/2 9910/4/2
f 9841/4/10 9860/4/10 9890/4/10
f 9805/4/10 9869/4/10 9774/4/10
f 9664/4/7 10100/4/7 10134/4/7
f 10237/4/1335 10243/4/1335 10239/4/1335
f 9909/4/1 10030/4/1 9934/4/1
f 9966/4/9 9804/4/9 9809/4/9
f 10259/4/3 10261/4/3 10270/4/3
f 9963/4/11 9876/4/11 9803/4/11
f 9765/4/1336 9673/4/1336 9678/4/1336
f 9930/4/3 10024/4/3 9925/4/3
f 10004/4/6 10046/4/6 10049/4/6
f 9898/4/854 10000/4/854 9788/4/854
f 10266/4/7 10281/4/7 10269/4/7
f 9919/4/5 10034/4/5 9940/4/5
f 9943/4/2 9830/4/2 9945/4/2
f 10287/4/1337 10133/4/1337 10129/4/1337
f 9649/4/2 9711/4/2 9659/4/2
f 9921/4/1338 9752/4/1338 9914/4/1338
f 9854/4/20 9640/4/20 9968/4/20
f 10052/4/3 9773/4/3 9994/4/3
f 9764/4/1339 9932/4/1339 9928/4/1339
f 10257/4/1340 10160/4/1340 10254/4/1340
f 10223/4/7 10205/4/7 10142/4/7
f 9912/4/1341 9763/4/1341 9927/4/1341
f 9705/4/1342 10112/4/1342 9709/4/1342
f 10300/4/2 10307/4/2 10319/4/2
f 10291/4/1343 10286/4/1343 10288/4/1343
f 9658/4/3 9718/4/3 9663/4/3
f 9696/4/1344 9735/4/1344 9692/4/1344
f 10188/4/1345 10194/4/1345 10191/4/1345
f 10272/4/10 10263/4/10 10260/4/10
f 9706/4/1 9634/4/1 9736/4/1
f 9976/4/8 9776/4/8 9871/4/8
f 10235/4/1346 10240/4/1346 10231/4/1346
f 9756/4/1347 9660/4/1347 9667/4/1347
f 9936/4/9 10015/4/9 9915/4/9
f 9745/4/1348 9633/4/1348 9646/4/1348
f 9702/4/9 10061/4/9 9695/4/9
f 9715/4/1349 10107/4/1349 9719/4/1349
f 9799/4/892 9849/4/892 9904/4/892
f 9772/4/28 9901/4/28 9796/4/28
f 9973/4/8 9856/4/8 9970/4/8
f 9958/4/761 9883/4/761 9794/4/761
f 9693/4/1 10063/4/1 9698/4/1
f 9681/4/8 9734/4/8 9685/4/8
f 9938/4/4 10027/4/4 9929/4/4
f 10071/4/7 10068/4/7 10080/4/7
f 9886/4/35 9979/4/35 9714/4/35
f 10146/4/6 10106/4/6 10155/4/6
f 9638/4/5 10158/4/5 10070/4/5
f 9861/4/19 9785/4/19 9892/4/19
f 10251/4/1350 10245/4/1350 10248/4/1350
f 9661/4/4 9720/4/4 9668/4/4
f 10348/4/20 10342/4/20 10345/4/20
f 9837/4/5 9999/4/5 9839/4/5
f 9864/4/37 9691/4/37 10006/4/37
f 9874/4/35 9975/4/35 9870/4/35
f 9699/4/2 10064/4/2 10132/4/2
f 10215/4/4 10218/4/4 10169/4/4
f 9677/4/2 10082/4/2 10150/4/2
f 10171/4/1351 10180/4/1351 10178/4/1351
f 10207/4/5 10204/4/5 10192/4/5
f 9913/4/1352 9755/4/1352 9933/4/1352
f 10267/4/1353 10262/4/1353 10264/4/1353
f 9851/4/10 10056/4/10 10050/4/10
f 9728/4/1354 9701/4/1354 9732/4/1354
f 10073/4/8 9666/4/8 10141/4/8
f 10297/4/1355 10294/4/1355 10290/4/1355
f 9790/4/762 9819/4/762 9955/4/762
f 9957/4/1 10039/4/1 9815/4/1
f 10182/4/1356 10346/4/1356 10343/4/1356
f 10029/4/10 10011/4/10 9998/4/10
f 10241/4/8 10244/4/8 10277/4/8
f 10244/4/8 10253/4/8 10265/4/8
f 10277/4/8 10244/4/8 10265/4/8
f 10253/4/8 10256/4/8 10265/4/8
f 10256/4/8 10268/4/8 10265/4/8
f 10280/4/8 10167/4/8 10232/4/8
f 10277/4/8 10280/4/8 10232/4/8
f 10059/4/7 10065/4/7 9686/4/7
f 10065/4/7 10159/4/7 9686/4/7
f 10159/4/7 10162/4/7 9686/4/7
f 10131/4/7 10062/4/7 9653/4/7
f 10062/4/7 10059/4/7 9653/4/7
f 9653/4/7 10128/4/7 10131/4/7
f 10059/4/7 9686/4/7 10156/4/7
f 10315/4/10 10327/4/10 10330/4/10
f 9845/4/4 9848/4/4 9987/4/4
f 10320/4/1311 10326/4/1311 10322/4/1311
f 9742/4/1357 9769/4/1357 9682/4/1357
f 9642/4/28 9908/4/28 9867/4/28
f 10283/4/3 10149/4/3 10081/4/3
f 9674/4/6 9726/4/6 9729/4/6
f 9761/4/1313 9758/4/1313 9669/4/1313
f 10008/4/27 9689/4/27 9893/4/27
f 9813/4/12 9880/4/12 9791/4/12
f 9792/4/10 9947/4/10 9944/4/10
f 9944/4/10 9651/4/10 9792/4/10
f 9651/4/10 9690/4/10 9792/4/10
f 9690/4/10 10009/4/10 9641/4/10
f 10009/4/10 9969/4/10 9641/4/10
f 9641/4/10 9971/4/10 9780/4/10
f 9777/4/10 9950/4/10 9789/4/10
f 9789/4/10 9792/4/10 9690/4/10
f 9690/4/10 9641/4/10 9780/4/10
f 9780/4/10 9959/4/10 9965/4/10
f 9777/4/10 9789/4/10 9780/4/10
f 9789/4/10 9690/4/10 9780/4/10
f 9950/4/10 9777/4/10 9962/4/10
f 9965/4/10 9959/4/10 10026/4/10
f 9959/4/10 10035/4/10 10026/4/10
f 9974/4/10 9780/4/10 9971/4/10
f 10035/4/10 9974/4/10 10026/4/10
f 9974/4/10 9971/4/10 10026/4/10
f 10009/4/10 10005/4/10 10023/4/10
f 10020/4/10 10014/4/10 9977/4/10
f 10014/4/10 9771/4/10 9977/4/10
f 9969/4/10 10009/4/10 10023/4/10
f 9971/4/10 9969/4/10 10023/4/10
f 10020/4/10 9977/4/10 9981/4/10
f 9981/4/10 9713/4/10 9942/4/10
f 9713/4/10 9690/4/10 9651/4/10
f 9942/4/10 9713/4/10 9651/4/10
f 9942/4/10 9944/4/10 10020/4/10
f 9944/4/362 9947/4/362 10017/4/362
f 10020/4/10 9944/4/10 10017/4/10
f 9971/4/10 10023/4/10 10026/4/10
f 10020/4/10 9981/4/10 9942/4/10
f 10026/4/10 10032/4/10 9965/4/10
f 10017/4/10 9947/4/10 10041/4/10
f 9962/4/10 9965/4/10 10032/4/10
f 9950/4/10 9962/4/10 10032/4/10
f 10032/4/10 10017/4/10 9953/4/10
f 10017/4/10 10041/4/10 9956/4/10
f 9956/4/10 9792/4/10 9953/4/10
f 9792/4/10 9789/4/10 9953/4/10
f 10017/4/10 9956/4/10 9953/4/10
f 9884/4/27 9712/4/27 9980/4/27
f 9852/4/4 10051/4/4 9993/4/4
f 10011/4/10 10047/4/10 10053/4/10
f 9798/4/10 9983/4/10 9995/4/10
f 9983/4/10 10029/4/10 9995/4/10
f 9995/4/10 9786/4/10 9798/4/10
f 9998/4/10 10011/4/10 10053/4/10
f 9786/4/10 9998/4/10 9783/4/10
f 9998/4/10 10053/4/10 9783/4/10
f 10069/4/4 10157/4/4 9687/4/4
f 9985/4/12 9801/4/12 9905/4/12
f 10096/4/1314 10193/4/1314 10197/4/1314
f 10310/4/6 10304/4/6 10317/4/6
f 10304/4/6 10298/4/6 10317/4/6
f 10317/4/6 10323/4/6 10310/4/6
f 9708/4/1358 10111/4/1358 10116/4/1358
f 9703/4/8 10122/4/8 10268/4/8
f 10122/4/8 10147/4/8 10167/4/8
f 10167/4/8 10280/4/8 10122/4/8
f 10280/4/8 10268/4/8 10122/4/8
f 10161/4/8 10067/4/8 9703/4/8
f 10268/4/8 10256/4/8 10161/4/8
f 10002/4/10 10047/4/10 10011/4/10
f 10011/4/10 10023/4/10 10005/4/10
f 9690/4/10 9713/4/10 9795/4/10
f 10002/4/10 10011/4/10 10005/4/10
f 9783/4/10 10002/4/10 10005/4/10
f 9992/4/10 9771/4/10 10014/4/10
f 10014/4/10 10029/4/10 9986/4/10
f 10029/4/10 9983/4/10 9986/4/10
f 9989/4/10 9992/4/10 10014/4/10
f 9783/4/10 10005/4/10 9690/4/10
f 9798/4/10 9783/4/10 9795/4/10
f 9783/4/520 9690/4/520 9795/4/520
f 9989/4/10 10014/4/10 9986/4/10
f 9989/4/10 9986/4/10 9795/4/10
f 9977/4/362 9771/4/362 9795/4/362
f 10212/4/9 10228/4/9 10185/4/9
f 10185/4/9 10181/4/9 10212/4/9
f 10181/4/9 10175/4/9 10212/4/9
f 10093/4/9 9665/4/9 10075/4/9
f 10175/4/9 10093/4/9 10221/4/9
f 10212/4/9 10175/4/9 10221/4/9
f 10093/4/9 10075/4/9 9645/4/9
f 9645/4/9 10225/4/9 10221/4/9
f 9923/4/6 10021/4/6 10019/4/6
f 10333/4/7 10336/4/7 10321/4/7
f 10048/4/5 10045/4/5 9843/4/5
f 10352/4/10 10202/4/10 10226/4/10
f 10202/4/10 10199/4/10 10226/4/10
f 10226/4/10 10211/4/10 10214/4/10
f 10214/4/10 10349/4/10 10226/4/10
f 9754/4/1316 9749/4/1316 9656/4/1316
f 9937/4/1317 9739/4/1317 9743/4/1317
f 9652/4/19 9946/4/19 9831/4/19
f 9741/4/1318 9939/4/1318 9931/4/1318
f 9960/4/764 9781/4/764 9873/4/764
f 10282/4/1319 10279/4/1319 10276/4/1319
f 9670/4/5 9722/4/5 9725/4/5
f 10102/4/1320 10092/4/1320 10173/4/1320
f 10054/4/762 9842/4/762 9891/4/762
f 9676/4/1 10087/4/1 10123/4/1
f 10195/4/1 10186/4/1 10200/4/1
f 10186/4/1 10183/4/1 10200/4/1
f 10078/4/1 9676/4/1 10123/4/1
f 10123/4/1 10195/4/1 10209/4/1
f 10183/4/1 10227/4/1 10200/4/1
f 10209/4/1 10224/4/1 9644/4/1
f 10195/4/1 10200/4/1 10209/4/1
f 10209/4/1 9644/4/1 10123/4/1
f 9700/4/1359 9694/4/1359 9737/4/1359
f 9779/4/763 9967/4/763 9810/4/763
f 10109/4/1360 10103/4/1360 9723/4/1360
f 10165/4/7 10145/4/7 10148/4/7
f 10145/4/7 10153/4/7 9675/4/7
f 10153/4/7 10094/4/7 10086/4/7
f 9675/4/7 10148/4/7 10145/4/7
f 10309/4/1323 10313/4/1323 10306/4/1323
f 9818/4/1 9812/4/1 9951/4/1
f 9724/4/1324 10104/4/1324 10119/4/1324
f 10334/4/1325 10331/4/1325 10328/4/1325
f 9757/4/1326 9759/4/1326 9911/4/1326
f 9941/4/20 9650/4/20 9887/4/20
f 10010/4/6 9859/4/6 9865/4/6
f 10299/4/1327 10296/4/1327 10302/4/1327
f 9836/4/11 9897/4/11 9787/4/11
f 10219/4/1328 10216/4/1328 10213/4/1328
f 10113/4/3 10098/4/3 10136/4/3
f 10187/4/1329 10189/4/1329 10184/4/1329
f 10189/4/1329 10340/4/1329 10184/4/1329
f 9882/4/37 9833/4/37 9948/4/37
f 9770/4/1330 9766/4/1330 9679/4/1330
f 10249/4/1331 10258/4/1331 10255/4/1331
f 9991/4/763 9797/4/763 9902/4/763
f 9814/4/10 10038/4/10 9832/4/10
f 9922/4/1332 9918/4/1332 9744/4/1332
f 9750/4/1333 9746/4/1333 9648/4/1333
f 9655/4/6 9639/4/6 10130/4/6
f 9639/4/6 10072/4/6 10338/4/6
f 10130/4/6 9639/4/6 10338/4/6
f 10072/4/6 10140/4/6 10323/4/6
f 10072/4/6 10323/4/6 10338/4/6
f 10298/4/6 10292/4/6 10329/4/6
f 10292/4/6 10289/4/6 10329/4/6
f 10289/4/6 10130/4/6 10338/4/6
f 10329/4/6 10317/4/6 10298/4/6
f 9834/4/2 10040/4/2 10043/4/2
f 9683/4/9 9733/4/9 9738/4/9
f 9827/4/3 9825/4/3 9982/4/3
f 9916/4/8 10016/4/8 10022/4/8
f 10206/4/1334 10210/4/1334 10201/4/1334
f 9775/4/9 10036/4/9 9961/4/9
f 9926/4/2 10025/4/2 10013/4/2
f 9841/4/10 10044/4/10 9860/4/10
f 9805/4/10 9872/4/10 9869/4/10
f 10125/4/7 10137/4/7 10097/4/7
f 10137/4/7 9664/4/7 10097/4/7
f 9664/4/7 10090/4/7 10100/4/7
f 10134/4/7 10097/4/7 9664/4/7
f 10237/4/1335 10247/4/1335 10243/4/1335
f 9909/4/1 10012/4/1 10030/4/1
f 9966/4/9 9964/4/9 9804/4/9
f 10246/4/3 10236/4/3 10274/4/3
f 10236/4/3 10233/4/3 10274/4/3
f 10233/4/3 10149/4/3 10283/4/3
f 10233/4/3 10283/4/3 10274/4/3
f 10259/4/3 10250/4/3 10261/4/3
f 10250/4/3 10246/4/3 10261/4/3
f 10085/4/3 9688/4/3 10164/4/3
f 10164/4/3 10259/4/3 10270/4/3
f 10246/4/3 10274/4/3 10261/4/3
f 10081/4/3 10085/4/3 10270/4/3
f 10085/4/3 10164/4/3 10270/4/3
f 9963/4/11 9778/4/11 9876/4/11
f 9765/4/1336 9762/4/1336 9673/4/1336
f 9930/4/3 10028/4/3 10024/4/3
f 10004/4/6 9862/4/6 10046/4/6
f 9899/4/1361 9840/4/1361 10001/4/1361
f 10266/4/7 10278/4/7 10281/4/7
f 9919/4/5 10018/4/5 10034/4/5
f 9943/4/2 9822/4/2 9830/4/2
f 10287/4/1337 10285/4/1337 10133/4/1337
f 9649/4/2 9707/4/2 9711/4/2
f 9921/4/1338 9747/4/1338 9752/4/1338
f 9854/4/20 9906/4/20 9640/4/20
f 10052/4/3 10058/4/3 9773/4/3
f 9764/4/1339 9768/4/1339 9932/4/1339
f 10257/4/1340 10163/4/1340 10160/4/1340
f 10142/4/7 10217/4/7 10223/4/7
f 10217/4/7 10220/4/7 10223/4/7
f 10223/4/7 10208/4/7 10205/4/7
f 9912/4/1341 9760/4/1341 9763/4/1341
f 9705/4/1342 9697/4/1342 10112/4/1342
f 10127/4/2 10099/4/2 10114/4/2
f 10114/4/2 10325/4/2 10127/4/2
f 10325/4/2 10319/4/2 10314/4/2
f 10127/4/2 10325/4/2 10314/4/2
f 10332/4/2 10335/4/2 10284/4/2
f 10335/4/2 10132/4/2 10284/4/2
f 10332/4/2 10284/4/2 10293/4/2
f 10307/4/2 10314/4/2 10319/4/2
f 10319/4/2 10332/4/2 10300/4/2
f 10332/4/2 10293/4/2 10300/4/2
f 10291/4/1343 10295/4/1343 10286/4/1343
f 9658/4/3 9710/4/3 9718/4/3
f 9696/4/1362 9704/4/1362 9735/4/1362
f 10188/4/1345 10198/4/1345 10194/4/1345
f 10272/4/10 10275/4/10 10263/4/10
f 9706/4/1 9647/4/1 9634/4/1
f 9976/4/8 10037/4/8 9776/4/8
f 10235/4/1346 10238/4/1346 10240/4/1346
f 9756/4/1347 9753/4/1347 9660/4/1347
f 9936/4/9 10031/4/9 10015/4/9
f 9745/4/1363 9740/4/1363 9633/4/1363
f 9702/4/9 10066/4/9 10061/4/9
f 9715/4/1364 10115/4/1364 10107/4/1364
f 9800/4/1365 9988/4/1365 9850/4/1365
f 9772/4/28 10057/4/28 9901/4/28
f 9973/4/8 9868/4/8 9856/4/8
f 9958/4/761 9816/4/761 9883/4/761
f 9693/4/1 10060/4/1 10063/4/1
f 9681/4/8 9730/4/8 9734/4/8
f 9938/4/4 10033/4/4 10027/4/4
f 10080/4/7 10077/4/7 9643/4/7
f 9643/4/7 10074/4/7 10071/4/7
f 10071/4/7 9637/4/7 10068/4/7
f 10068/4/7 10083/4/7 10080/4/7
f 10080/4/7 9643/4/7 10071/4/7
f 9886/4/35 9828/4/35 9979/4/35
f 10146/4/6 10121/4/6 10106/4/6
f 9638/4/5 9654/4/5 10158/4/5
f 9861/4/19 10003/4/19 9785/4/19
f 10251/4/1350 10242/4/1350 10245/4/1350
f 9661/4/4 9717/4/4 9720/4/4
f 10345/4/20 10339/4/20 10351/4/20
f 10351/4/20 10348/4/20 10345/4/20
f 9837/4/5 9997/4/5 9999/4/5
f 9864/4/37 9895/4/37 9691/4/37
f 9874/4/35 9782/4/35 9975/4/35
f 10132/4/2 10335/4/2 9699/4/2
f 10335/4/2 10325/4/2 10114/4/2
f 9699/4/2 10335/4/2 10114/4/2
f 10218/4/4 10143/4/4 10108/4/4
f 10108/4/4 10117/4/4 10101/4/4
f 10117/4/4 10135/4/4 10101/4/4
f 10218/4/4 10108/4/4 10101/4/4
f 10169/4/4 10177/4/4 10215/4/4
f 10177/4/4 10344/4/4 10215/4/4
f 10218/4/4 10101/4/4 10169/4/4
f 10344/4/4 10350/4/4 10215/4/4
f 9677/4/2 10079/4/2 10082/4/2
f 10171/4/1351 10174/4/1351 10180/4/1351
f 10341/4/5 10190/4/5 10204/4/5
f 10190/4/5 10192/4/5 10204/4/5
f 10095/4/5 10154/4/5 10105/4/5
f 10095/4/5 10105/4/5 10110/4/5
f 10110/4/5 10144/4/5 10207/4/5
f 10204/4/5 10353/4/5 10341/4/5
f 10095/4/5 10110/4/5 10207/4/5
f 10095/4/5 10207/4/5 10192/4/5
f 9913/4/1352 9751/4/1352 9755/4/1352
f 10267/4/1353 10271/4/1353 10262/4/1353
f 9851/4/10 9900/4/10 10056/4/10
f 9728/4/1366 10120/4/1366 9701/4/1366
f 10073/4/8 10076/4/8 9666/4/8
f 10297/4/1355 10301/4/1355 10294/4/1355
f 9790/4/762 9879/4/762 9819/4/762
f 9957/4/1 10042/4/1 10039/4/1
f 10343/4/1356 10176/4/1356 10182/4/1356
f 10176/4/1356 10179/4/1356 10182/4/1356
f 10703/4/1367 10729/4/1367 10707/4/1367
s 1
f 10713/4/1368 10721/4/1368 10723/4/1368
s 0
f 10591/4/1369 10674/4/1369 10663/4/1369
f 10704/4/1370 10726/4/1370 10730/4/1370
f 10712/4/1367 10716/4/1367 10719/4/1367
f 10856/4/27 10920/4/27 10908/4/27
f 10647/4/20 10542/4/20 10629/4/20
f 10402/4/1371 10436/4/1371 10408/4/1371
f 10442/4/27 10513/4/27 10483/4/27
f 10457/4/11 10421/4/11 10454/4/11
f 10821/4/27 10688/4/27 10824/4/27
f 10646/4/7 10441/4/7 10412/4/7
f 10877/4/27 10871/4/27 10880/4/27
f 10671/4/1372 10619/4/1372 10701/4/1372
f 10724/4/1373 10783/4/1373 10773/4/1373
f 10539/4/12 10626/4/12 10642/4/12
f 10668/15/1374 10585/15/1374 10596/15/1374
f 10676/4/1372 10578/4/1372 10654/4/1372
f 10452/4/10 10354/4/10 10360/4/10
f 10590/15/1369 10599/15/1369 10673/15/1369
f 10789/4/12 10804/4/12 10786/4/12
f 10658/4/7 10667/4/7 10699/4/7
f 10913/15/1375 10926/15/1375 10613/15/1375
f 10869/4/12 10816/4/12 10819/4/12
f 10615/15/10 10595/15/10 10582/15/10
f 10574/15/10 10598/15/10 10587/15/10
f 10529/4/1376 10414/4/1376 10443/4/1376
f 10728/4/1377 10705/4/1377 10735/4/1377
f 10661/4/7 10672/4/7 10652/4/7
f 10669/4/1369 10660/4/1369 10586/4/1369
f 10670/15/1375 10597/15/1375 10618/15/1375
f 10675/15/1372 10600/15/1372 10577/15/1372
f 10883/4/27 10889/4/27 10886/4/27
f 10505/4/1378 10516/4/1378 10509/4/1378
f 10411/4/1379 10470/4/1379 10710/4/1379
f 10842/4/27 10612/4/27 10839/4/27
f 10576/4/27 10794/4/27 10653/4/27
f 10678/4/20 10560/4/20 10548/4/20
f 10632/4/27 10845/4/27 10848/4/27
f 10639/4/12 10536/4/12 10533/4/12
f 10697/4/20 10535/4/20 10635/4/20
f 10616/4/520 10583/4/520 10559/4/520
f 10843/4/11 10890/4/11 10893/4/11
f 10477/4/1380 10417/4/1380 10420/4/1380
f 10691/4/20 10580/4/20 10656/4/20
f 10526/4/12 10510/4/12 10517/4/12
f 10367/4/1381 10475/4/1381 10456/4/1381
f 10650/4/27 10833/4/27 10557/4/27
f 10423/4/1382 10355/4/1382 10385/4/1382
f 10491/4/1383 10744/4/1383 10717/4/1383
f 10471/4/1384 10370/4/1384 10459/4/1384
f 10409/4/1385 10498/4/1385 10403/4/1385
f 10555/4/12 10630/4/12 10543/4/12
f 10912/4/1369 10909/4/1369 10923/4/1369
f 10589/4/27 10788/4/27 10785/4/27
f 10911/15/1374 10922/15/1374 10925/15/1374
f 10677/4/522 10811/4/522 10817/4/522
f 10416/4/1386 10388/4/1386 10418/4/1386
f 10374/4/1376 10386/4/1376 10376/4/1376
f 10648/4/11 10606/4/11 10609/4/11
f 10624/4/27 10809/4/27 10812/4/27
f 10906/4/7 10910/4/7 10915/4/7
f 10501/4/27 10504/4/27 10445/4/27
f 10495/4/1380 10390/4/1380 10383/4/1380
f 10755/4/1387 10736/4/1387 10738/4/1387
f 10605/4/27 10621/4/27 10554/4/27
f 10914/4/1372 10614/4/1372 10917/4/1372
f 10506/4/11 10523/4/11 10520/4/11
f 10438/4/1388 10468/4/1388 10410/4/1388
f 10450/4/1389 10431/4/1389 10433/4/1389
f 10384/4/1390 10413/4/1390 10422/4/1390
f 10777/4/1391 10759/4/1391 10747/4/1391
f 10757/4/20 10778/4/20 10748/4/20
f 10904/4/27 10895/4/27 10901/4/27
f 10803/4/27 10638/4/27 10532/4/27
f 10435/4/11 10371/4/11 10451/4/11
f 10405/4/1389 10397/4/1389 10393/4/1389
f 10834/4/12 10884/4/12 10887/4/12
f 10863/4/11 10813/4/11 10810/4/11
f 10731/4/1392 10764/4/1392 10767/4/1392
f 10776/4/1393 10782/4/1393 10780/4/1393
f 10641/4/20 10602/4/20 10538/4/20
f 10859/4/27 10865/4/27 10868/4/27
f 10603/4/1394 10666/4/1394 10594/4/1394
f 10766/4/1395 10761/4/1395 10770/4/1395
f 10419/4/1396 10465/4/1396 10453/4/1396
f 10749/4/1397 10746/4/1397 10758/4/1397
f 10878/4/11 10831/4/11 10828/4/11
f 10558/4/11 10686/4/11 10651/4/11
f 10584/4/27 10818/4/27 10815/4/27
f 10440/4/12 10460/4/12 10463/4/12
f 10849/4/11 10896/4/11 10899/4/11
f 10425/4/12 10368/4/12 10362/4/12
f 10872/4/12 10822/4/12 10825/4/12
f 10751/4/20 10769/4/20 10760/4/20
f 10853/4/12 10905/4/12 10902/4/12
f 10800/4/27 10694/4/27 10797/4/27
f 10428/4/1385 10473/4/1385 10437/4/1385
f 10546/4/12 10680/4/12 10549/4/12
f 10792/4/11 10798/4/11 10795/4/11
f 10698/4/11 10570/4/11 10573/4/11
f 10404/4/1398 10430/4/1398 10399/4/1398
f 10358/4/1399 10434/4/1399 10406/4/1399
f 10692/4/11 10564/4/11 10567/4/11
f 10507/4/7 10441/4/7 10696/4/7
f 10363/4/10 10357/4/10 10461/4/10
f 10396/4/20 10373/4/20 10494/4/20
f 10617/4/27 10830/4/27 10700/4/27
f 10657/4/1400 10593/4/1400 10665/4/1400
f 10479/4/10 10531/4/10 10534/4/10
f 10627/4/7 10429/4/7 10631/4/7
f 10500/4/1401 10524/4/1401 10521/4/1401
f 10784/4/10 10802/4/10 10531/4/10
f 10537/4/10 10601/4/10 10784/4/10
f 10601/4/10 10592/4/10 10588/4/10
f 10592/4/10 10579/4/10 10575/4/10
f 10579/4/10 10565/4/10 10790/4/10
f 10575/4/10 10579/4/10 10790/4/10
f 10784/4/10 10531/4/10 10537/4/10
f 10588/4/10 10784/4/10 10601/4/10
f 10575/4/10 10588/4/10 10592/4/10
f 10568/4/10 10799/4/10 10790/4/10
f 10568/4/10 10790/4/10 10565/4/10
f 10499/4/362 10534/4/362 10571/4/362
f 10511/4/10 10499/4/10 10571/4/10
f 10415/4/10 10604/4/10 10381/4/10
f 10482/4/10 10511/4/10 10571/4/10
f 10482/4/10 10571/4/10 10568/4/10
f 10900/4/10 10894/4/10 10844/4/10
f 10850/4/10 10900/4/10 10844/4/10
f 10921/4/1402 10852/4/1402 10541/4/1402
f 10850/4/10 10844/4/10 10540/4/10
f 10610/15/10 10924/15/10 10918/15/10
f 10540/4/10 10607/4/10 10919/4/10
f 10607/4/520 10611/4/520 10919/4/520
f 10426/4/10 10401/4/10 10553/4/10
f 10426/4/10 10553/4/10 10540/4/10
f 10550/4/10 10479/4/10 10547/4/10
f 10479/4/10 10426/4/10 10547/4/10
f 10864/4/10 10861/4/10 10808/4/10
f 10540/4/10 10844/4/10 10544/4/10
f 10814/4/10 10864/4/10 10808/4/10
f 10426/4/10 10540/4/10 10544/4/10
f 10426/4/10 10544/4/10 10547/4/10
f 10873/4/10 10876/4/10 10826/4/10
f 10820/4/10 10873/4/10 10826/4/10
f 10482/4/10 10568/4/10 10565/4/10
f 10808/4/10 10550/4/10 10547/4/10
f 10482/4/10 10565/4/10 10562/4/10
f 10559/4/10 10482/4/10 10562/4/10
f 10808/4/10 10547/4/10 10814/4/10
f 10547/4/10 10559/4/10 10583/4/10
f 10814/4/10 10547/4/10 10583/4/10
f 10559/4/10 10562/4/10 10820/4/10
f 10559/4/10 10820/4/10 10826/4/10
f 10559/4/362 10826/4/362 10616/4/362
f 10515/4/1403 10522/4/1403 10525/4/1403
f 10856/4/27 10851/4/27 10920/4/27
f 10647/4/20 10608/4/20 10542/4/20
f 10402/4/1371 10427/4/1371 10436/4/1371
f 10476/4/27 10528/4/27 10483/4/27
f 10528/4/27 10442/4/27 10483/4/27
f 10442/4/27 10508/4/27 10513/4/27
f 10457/4/11 10478/4/11 10421/4/11
f 10821/4/27 10563/4/27 10688/4/27
f 10646/4/7 10627/4/7 10841/4/7
f 10627/4/524 10847/4/524 10854/4/524
f 10847/4/7 10897/4/7 10903/4/7
f 10847/4/7 10903/4/7 10854/4/7
f 10628/4/522 10855/4/522 10907/4/522
f 10627/4/522 10906/4/522 10915/4/522
f 10398/4/7 10620/4/7 10378/4/7
f 10620/4/7 10643/4/7 10378/4/7
f 10627/4/1404 10915/4/1404 10841/4/1404
f 10841/4/7 10891/4/7 10882/4/7
f 10841/4/7 10882/4/7 10835/4/7
f 10646/4/522 10841/4/522 10835/4/522
f 10646/4/7 10835/4/7 10649/4/7
f 10646/4/7 10649/4/7 10684/4/7
f 10684/4/7 10823/4/7 10687/4/7
f 10690/4/7 10655/4/7 10793/4/7
f 10655/4/7 10664/4/7 10652/4/7
f 10646/4/7 10684/4/7 10687/4/7
f 10646/4/7 10687/4/7 10690/4/7
f 10664/4/7 10681/4/7 10661/4/7
f 10681/4/7 10640/4/7 10787/4/7
f 10623/4/7 10811/4/7 10677/4/7
f 10625/4/7 10679/4/7 10446/4/7
f 10444/4/7 10503/4/7 10634/4/7
f 10637/4/7 10805/4/7 10787/4/7
f 10444/4/7 10634/4/7 10637/4/7
f 10640/4/7 10623/4/7 10444/4/7
f 10640/4/7 10444/4/7 10637/4/7
f 10640/4/7 10637/4/7 10787/4/7
f 10681/4/7 10787/4/7 10661/4/7
f 10655/4/7 10652/4/7 10793/4/7
f 10664/4/7 10661/4/7 10652/4/7
f 10793/4/7 10796/4/7 10693/4/7
f 10378/4/7 10372/4/7 10398/4/7
f 10372/4/7 10395/4/7 10398/4/7
f 10690/4/7 10793/4/7 10693/4/7
f 10690/4/7 10693/4/7 10441/4/7
f 10646/4/7 10690/4/7 10441/4/7
f 10412/4/7 10378/4/7 10643/4/7
f 10643/4/7 10646/4/7 10412/4/7
f 10877/4/27 10874/4/27 10871/4/27
f 10724/4/1373 10722/4/1373 10783/4/1373
f 10539/4/12 10552/4/12 10626/4/12
f 10464/4/10 10715/4/10 10354/4/10
f 10715/4/10 10711/4/10 10354/4/10
f 10366/4/10 10455/4/10 10452/4/10
f 10452/4/10 10464/4/10 10354/4/10
f 10360/4/10 10366/4/10 10452/4/10
f 10789/4/12 10807/4/12 10804/4/12
f 10869/4/12 10866/4/12 10816/4/12
f 10529/4/1376 10424/4/1376 10414/4/1376
f 10407/4/1377 10394/4/1377 10705/4/1377
f 10394/4/1377 10735/4/1377 10705/4/1377
f 10735/4/1377 10752/4/1377 10762/4/1377
f 10762/4/1377 10765/4/1377 10735/4/1377
f 10765/4/1377 10728/4/1377 10735/4/1377
f 10705/4/1377 10359/4/1377 10407/4/1377
f 10883/4/27 10892/4/27 10889/4/27
f 10505/4/1378 10519/4/1378 10516/4/1378
f 10768/4/1405 10771/4/1405 10740/4/1405
f 10771/4/1405 10756/4/1405 10740/4/1405
f 10741/4/1406 10487/4/1406 10709/4/1406
f 10488/4/1379 10411/4/1379 10710/4/1379
f 10708/4/1407 10732/4/1407 10739/4/1407
f 10733/4/1405 10768/4/1405 10740/4/1405
f 10842/4/27 10916/4/27 10612/4/27
f 10576/4/27 10791/4/27 10794/4/27
f 10678/4/20 10685/4/20 10560/4/20
f 10632/4/27 10545/4/27 10845/4/27
f 10639/4/12 10636/4/12 10536/4/12
f 10697/4/20 10572/4/20 10535/4/20
f 10843/4/11 10840/4/11 10890/4/11
f 10477/4/1380 10484/4/1380 10417/4/1380
f 10691/4/20 10566/4/20 10580/4/20
f 10526/4/12 10514/4/12 10510/4/12
f 10367/4/1381 10527/4/1381 10475/4/1381
f 10650/4/27 10836/4/27 10833/4/27
f 10423/4/1408 10361/4/1408 10355/4/1408
f 10750/4/1383 10779/4/1383 10744/4/1383
f 10779/4/1383 10781/4/1383 10744/4/1383
f 10781/4/1383 10720/4/1383 10744/4/1383
f 10720/4/1383 10717/4/1383 10744/4/1383
f 10718/4/1409 10466/4/1409 10391/4/1409
f 10391/4/1409 10492/4/1409 10718/4/1409
f 10471/4/1381 10448/4/1381 10370/4/1381
f 10409/4/1385 10486/4/1385 10498/4/1385
f 10555/4/12 10622/4/12 10630/4/12
f 10589/4/27 10662/4/27 10788/4/27
f 10829/4/7 10879/4/7 10870/4/7
f 10823/4/7 10684/4/7 10829/4/7
f 10684/4/7 10677/4/7 10699/4/7
f 10829/4/7 10684/4/7 10699/4/7
f 10829/4/7 10870/4/7 10823/4/7
f 10811/4/7 10858/4/7 10867/4/7
f 10658/4/524 10699/4/524 10677/4/524
f 10811/4/7 10867/4/7 10817/4/7
f 10817/4/522 10658/4/522 10677/4/522
f 10416/4/1386 10382/4/1386 10388/4/1386
f 10374/4/1376 10380/4/1376 10386/4/1376
f 10648/4/11 10645/4/11 10606/4/11
f 10624/4/27 10551/4/27 10809/4/27
f 10445/4/27 10449/4/27 10480/4/27
f 10449/4/27 10472/4/27 10480/4/27
f 10480/4/27 10501/4/27 10445/4/27
f 10495/4/1380 10490/4/1380 10390/4/1380
f 10755/4/1387 10753/4/1387 10736/4/1387
f 10605/4/27 10644/4/27 10621/4/27
f 10506/4/11 10502/4/11 10523/4/11
f 10439/4/1410 10462/4/1410 10469/4/1410
f 10450/4/1389 10447/4/1389 10431/4/1389
f 10384/4/1390 10379/4/1390 10413/4/1390
f 10747/4/1391 10377/4/1391 10714/4/1391
f 10377/4/1391 10387/4/1391 10714/4/1391
f 10387/4/1391 10356/4/1391 10714/4/1391
f 10714/4/1391 10725/4/1391 10747/4/1391
f 10725/4/1391 10774/4/1391 10747/4/1391
f 10774/4/1391 10777/4/1391 10747/4/1391
f 10757/4/20 10775/4/20 10778/4/20
f 10904/4/27 10898/4/27 10895/4/27
f 10803/4/27 10806/4/27 10638/4/27
f 10435/4/11 10365/4/11 10371/4/11
f 10405/4/1389 10400/4/1389 10397/4/1389
f 10834/4/12 10837/4/12 10884/4/12
f 10863/4/11 10860/4/11 10813/4/11
f 10731/4/1392 10727/4/1392 10764/4/1392
f 10776/4/1393 10772/4/1393 10782/4/1393
f 10641/4/20 10682/4/20 10602/4/20
f 10859/4/27 10862/4/27 10865/4/27
f 10603/4/1394 10683/4/1394 10666/4/1394
f 10766/4/1395 10763/4/1395 10761/4/1395
f 10419/4/1396 10389/4/1396 10465/4/1396
f 10749/4/1397 10743/4/1397 10746/4/1397
f 10878/4/11 10881/4/11 10831/4/11
f 10558/4/11 10561/4/11 10686/4/11
f 10584/4/27 10659/4/27 10818/4/27
f 10440/4/12 10474/4/12 10460/4/12
f 10849/4/11 10846/4/11 10896/4/11
f 10425/4/12 10530/4/12 10368/4/12
f 10872/4/12 10875/4/12 10822/4/12
f 10751/4/20 10754/4/20 10769/4/20
f 10853/4/12 10857/4/12 10905/4/12
f 10800/4/27 10569/4/27 10694/4/27
f 10428/4/1385 10481/4/1385 10473/4/1385
f 10546/4/12 10633/4/12 10680/4/12
f 10792/4/11 10801/4/11 10798/4/11
f 10698/4/11 10695/4/11 10570/4/11
f 10404/4/1398 10432/4/1398 10430/4/1398
f 10358/4/1399 10364/4/1399 10434/4/1399
f 10692/4/11 10689/4/11 10564/4/11
f 10634/4/522 10503/4/522 10696/4/522
f 10503/4/7 10507/4/7 10696/4/7
f 10441/4/7 10693/4/7 10696/4/7
f 10357/4/10 10702/4/10 10706/4/10
f 10461/4/10 10458/4/10 10369/4/10
f 10357/4/10 10706/4/10 10467/4/10
f 10461/4/10 10369/4/10 10363/4/10
f 10357/4/10 10467/4/10 10461/4/10
f 10485/4/20 10737/4/20 10392/4/20
f 10737/4/20 10734/4/20 10392/4/20
f 10392/4/20 10396/4/20 10497/4/20
f 10485/4/20 10392/4/20 10497/4/20
f 10373/4/20 10375/4/20 10489/4/20
f 10375/4/20 10745/4/20 10742/4/20
f 10489/4/20 10375/4/20 10742/4/20
f 10373/4/20 10489/4/20 10494/4/20
f 10494/4/20 10497/4/20 10396/4/20
f 10617/4/27 10827/4/27 10830/4/27
f 10657/4/1400 10581/4/1400 10593/4/1400
f 10479/4/10 10550/4/10 10537/4/10
f 10479/4/10 10537/4/10 10531/4/10
f 10534/4/10 10499/4/10 10479/4/10
f 10620/4/7 10398/4/7 10429/4/7
f 10429/4/7 10444/4/7 10631/4/7
f 10444/4/7 10677/4/7 10631/4/7
f 10631/4/7 10847/4/7 10627/4/7
f 10627/4/7 10620/4/7 10429/4/7
f 10500/4/1401 10512/4/1401 10524/4/1401
f 10482/4/10 10559/4/10 10607/4/10
f 10559/4/10 10556/4/10 10607/4/10
f 10832/4/10 10885/4/10 10888/4/10
f 10832/4/10 10888/4/10 10838/4/10
f 10838/4/10 10611/4/10 10607/4/10
f 10604/4/10 10553/4/10 10381/4/10
f 10553/4/10 10401/4/10 10381/4/10
f 10832/4/1411 10838/4/1411 10607/4/1411
f 10556/4/10 10832/4/10 10607/4/10
f 10496/4/10 10493/4/10 10401/4/10
f 10493/4/10 10381/4/10 10401/4/10
f 10482/4/10 10607/4/10 10415/4/10
f 10607/4/10 10604/4/10 10415/4/10
f 10515/4/1403 10518/4/1403 10522/4/1403
usemtl Decal.001
f 4457/6/4 4459/7/4 4455/8/4
f 4452/9/3 4458/10/3 4456/8/3
f 4449/11/2 4453/12/2 4451/9/2
f 4457/6/4 4460/13/4 4459/7/4
f 4452/9/3 4454/12/3 4458/10/3
f 4449/11/2 4450/14/2 4453/12/2
f 5042/17/7 5044/17/7 5046/17/7
f 5046/17/7 5041/17/7 5042/17/7
f 5042/17/7 5043/17/7 5044/17/7
f 5044/17/7 5045/17/7 5046/17/7
