# Blender v2.79 (sub 0) OBJ File: ''
# www.blender.org
mtllib terrain.mtl
o Plane
v -79.283417 -1.429052 79.284737
v 79.293159 0.872058 79.300964
v -79.282547 0.221074 -79.282547
v 79.283134 0.044450 -79.283623
v -79.284088 -0.650417 -0.001761
v 0.004901 1.398360 79.266975
v 79.290398 1.092445 -0.005737
v 0.000034 0.033638 -79.282639
v -0.000850 1.426237 0.003555
v -79.282913 -0.302931 39.641037
v 39.638016 0.901938 79.319084
v 79.294693 0.956940 -39.640594
v -39.641273 0.604184 -79.282547
v -79.285080 -0.624564 -39.643055
v -39.646919 0.809467 79.301987
v 79.319290 1.355815 39.609711
v 39.636917 0.878970 -79.282539
v -0.000014 -0.192918 -39.641079
v -0.009516 1.671476 39.652100
v -39.641190 -1.304124 -0.000609
v 39.637280 1.736405 0.004004
v 39.641998 1.581805 39.636692
v -39.644917 1.260413 39.631378
v -39.643387 0.013484 -39.640732
v 39.641006 2.733508 -39.642487
v -79.288895 -0.122164 59.466736
v 59.461910 -1.389523 79.282547
v 79.302811 1.388899 -59.479614
v -59.461910 0.000926 -79.282547
v -79.282547 -0.744300 -19.820637
v -19.813511 2.064312 79.294708
v 79.282776 -0.623848 19.820658
v 19.820923 0.165446 -79.287720
v -0.000616 1.164256 -59.461452
v 0.007425 2.222030 19.790972
v -59.467899 -0.010155 -0.006994
v 19.821774 3.124088 -0.003731
v -79.290070 -0.781000 19.827209
v 19.822237 0.178753 79.280632
v 79.291145 1.054222 -19.814474
v -19.820547 0.679780 -79.282890
v -79.282547 -1.479369 -59.461910
v -59.480984 0.843824 79.337234
v 79.282547 0.477369 59.461910
v 59.462173 0.014711 -79.283051
v -0.001417 1.582391 -19.825884
v -0.009261 2.846226 59.488270
v -19.828928 2.612563 0.022039
v 59.462509 1.353538 -0.002396
v 39.640503 1.284705 19.822416
v 39.636417 2.532097 59.482361
v 19.815283 3.307224 39.636494
v 59.465843 0.755564 39.624649
v -39.648403 2.888230 19.840693
v -39.632690 2.277081 59.444283
v -59.462440 1.419812 39.633976
v -19.827732 2.983000 39.634544
v -39.641407 0.274986 -59.461609
v -39.639713 1.333641 -19.826250
v -59.460167 1.065465 -39.650829
v -19.822786 1.158787 -39.638821
v 39.641346 0.027043 -59.462135
v 39.643017 1.624881 -19.829533
v 19.820232 0.949343 -39.640137
v 59.472553 1.689444 -39.661293
v 59.457996 1.439734 -19.811142
v 19.821157 1.394396 -19.824415
v 19.822565 1.004308 -59.466782
v -19.820526 -0.413127 -19.820915
v -59.465370 1.465035 -19.812836
v -59.461910 0.131857 -59.461910
v -19.824192 1.152906 59.472031
v -59.462753 2.577440 59.459957
v -59.462936 -0.154661 19.823057
v 59.454483 4.184807 59.490036
v 19.816858 1.656706 59.470749
v 19.821487 1.785251 19.812346
v 59.461712 0.320981 19.821386
v -19.817177 3.001809 19.814747
v -19.822517 1.078449 -59.461475
v 59.461727 0.249077 -59.465221
v -79.291130 -1.004536 69.380737
v 69.378105 0.072182 79.300682
v 79.292992 -0.676170 -69.383263
v -69.372231 0.103660 -79.282547
v -79.282547 -1.537994 -9.910318
v -9.909104 0.907040 79.280022
v 79.282547 -0.171784 9.910315
v 9.910318 0.000000 -79.282547
v 0.000003 0.178689 -69.372238
v -0.003953 1.672949 9.918710
v -69.379700 0.763791 -0.011365
v 9.910325 2.765732 0.001696
v -79.282562 -1.494412 29.730967
v 29.735703 1.576938 79.293503
v 79.284248 -0.745387 -29.730364
v -29.730955 0.385041 -79.282547
v -79.282547 -1.156527 -49.551590
v -49.574070 1.023645 79.352776
v 79.297318 1.166478 49.538139
v 49.550335 0.380841 -79.282402
v -0.000514 1.175221 -29.732115
v -0.005119 2.758007 49.556908
v -29.733356 1.172621 0.000808
v 49.549412 1.493690 -0.002084
v 39.641315 1.629713 9.912236
v 39.641270 0.998631 49.551605
v 9.903388 2.306082 39.645145
v 49.551590 0.355858 39.641273
v -39.637798 1.566574 9.903721
v -39.641354 1.350652 49.554108
v -69.375450 1.426558 39.632820
v -29.733347 0.955010 39.638264
v -39.641273 -0.897642 -69.372231
v -39.637997 1.094778 -29.742661
v -69.374321 0.637723 -39.652744
v -29.732693 -0.116874 -39.639988
v 39.635345 -0.232293 -69.376137
v 39.635643 2.501034 -29.718689
v 9.909321 1.146758 -39.638515
v 49.556862 2.676965 -39.653286
v -79.293709 0.070087 49.549644
v 49.547997 -0.867037 79.301628
v 79.294029 0.873778 -49.544365
v -49.551590 0.144797 -79.282547
v -79.287430 0.125500 -29.733942
v -29.728544 1.434050 79.304245
v 79.299103 0.937032 29.729856
v 29.728741 0.285582 -79.286789
v -0.000902 0.522540 -49.550507
v -0.000541 4.366652 29.728226
v -49.551945 -1.369083 0.000447
v 29.728678 2.910605 0.000552
v -79.292175 0.029302 9.911958
v 9.910629 0.450551 79.281654
v 79.291557 -0.961418 -9.916381
v -9.908296 0.530292 -79.288826
v -79.282547 -0.144665 -69.372231
v -69.385185 -0.096013 79.316139
v 79.286789 0.103723 69.377213
v 69.377762 0.302253 -79.292931
v 0.002649 1.666417 -9.921248
v 0.002903 0.959544 69.365456
v -9.913656 2.769920 0.017861
v 69.381050 1.810218 -0.006296
v 39.647652 2.795632 29.702745
v 39.629093 3.496824 69.457024
v 29.730480 4.115083 39.625633
v 69.405891 2.960649 39.590317
v -39.655697 2.700762 29.750372
v -39.640858 4.425661 69.373993
v -49.555256 2.936003 39.630779
v -9.921080 3.347887 39.646927
v -39.645393 1.271991 -49.543831
v -39.641651 1.111481 -9.910016
v -49.552547 0.212315 -39.641708
v -9.910561 0.212397 -39.640797
v 39.644741 0.989598 -49.559689
v 39.642799 3.570492 -9.927034
v 29.726591 2.532308 -39.632370
v 69.397499 2.554664 -39.657627
v 59.461578 3.521617 -29.729399
v 59.464478 1.185559 -9.918779
v 49.548500 1.748359 -19.818785
v 69.379318 1.451476 -19.813772
v 19.821341 1.615670 -29.732294
v 19.817963 1.738887 -9.914288
v 9.908962 2.669139 -19.827347
v 29.733379 1.703200 -19.832645
v 19.824291 -0.112214 -69.385132
v 19.820660 1.213921 -49.552288
v 9.912734 1.127598 -59.468143
v 29.733490 1.152092 -59.470276
v -19.820885 -0.139230 -29.730896
v -19.821032 1.570035 -9.908169
v -29.730864 -0.052428 -19.821545
v -9.908996 1.176109 -19.827833
v -59.461845 -0.073187 -29.731241
v -59.474590 0.692933 -9.888249
v -69.372231 0.609657 -19.820625
v -49.552887 1.656015 -19.819319
v -59.461910 0.047953 -69.372231
v -59.461910 -1.349994 -49.552174
v -69.372231 -0.698411 -59.461910
v -49.551590 1.023478 -59.461910
v -19.831623 4.258697 49.570770
v -19.813650 2.802670 69.362350
v -29.724871 3.446564 59.452377
v -9.917939 2.362717 59.480892
v -59.450119 3.385010 49.537605
v -59.477520 1.646553 69.415428
v -69.383339 2.648555 59.467300
v -49.549747 0.630990 59.457611
v -59.463432 0.654202 9.909097
v -59.465458 -0.116917 29.723759
v -69.375992 -0.268345 19.823633
v -49.560730 1.123146 19.843149
v 59.462597 4.632220 49.533813
v 59.458244 1.556794 69.388611
v 49.537998 4.240392 59.505077
v 69.378380 2.258609 59.464905
v 19.810976 2.513400 49.555912
v 19.820696 -1.289356 69.372284
v 9.903541 2.698778 59.484489
v 29.730938 1.381742 59.462063
v 19.815617 3.242631 9.929227
v 19.823338 1.508438 29.718569
v 9.915153 2.359859 19.796778
v 29.727934 1.405514 19.829975
v 59.459034 1.380650 9.918489
v 59.461910 -0.089643 29.730955
v 49.550987 1.317617 19.825779
v 69.372231 0.119039 19.820637
v -19.815435 1.336834 9.892244
v -19.827248 1.414919 29.747557
v -29.731785 3.859336 19.823069
v -9.905821 1.659032 19.808830
v -19.821983 1.033251 -69.373024
v -19.820807 0.312283 -49.551228
v -29.731092 0.955325 -59.462742
v -9.910431 0.008406 -59.461773
v 59.464424 0.851009 -69.378777
v 59.461700 3.312476 -49.552887
v 49.550003 -0.090308 -59.463261
v 69.390289 2.842899 -59.477707
v 69.380981 3.168262 -49.544403
v 49.557129 1.620453 -49.565041
v 49.551491 0.238150 -69.372391
v -9.910936 1.165677 -49.550610
v -29.732517 1.471453 -49.548351
v -29.730963 -0.064209 -69.372223
v -9.916314 3.912161 29.745993
v -29.742113 1.471268 29.756931
v -29.725937 1.310122 9.889899
v 69.380852 0.368094 29.727350
v 49.551655 0.262968 29.730480
v 49.551228 1.154462 9.912190
v 29.735525 1.330208 29.709671
v 9.911966 3.364255 29.720821
v 9.902219 3.172560 9.933496
v 29.729271 1.167000 69.402466
v 9.910769 -0.006467 69.377319
v 9.903604 2.678094 49.554195
v 69.372589 1.205864 69.373009
v 49.536602 3.393525 69.441559
v 49.549263 2.516464 49.552097
v -49.560307 1.379194 29.734781
v -69.372307 -1.458578 29.730492
v -69.386871 1.252202 9.907934
v -49.562088 3.385955 69.403419
v -69.393311 1.189543 69.409348
v -69.379181 1.077970 49.545094
v -9.908860 1.645537 69.364693
v -29.726152 2.349944 69.364166
v -29.737326 3.498597 49.566200
v -49.554756 0.044305 -49.547703
v -69.372231 -1.094910 -49.551590
v -69.372231 1.074220 -69.372231
v -49.559216 1.241662 -9.894310
v -69.376541 -0.808304 -9.905990
v -69.374695 1.091938 -29.734818
v -9.905671 2.437523 -9.920855
v -29.731358 1.112250 -9.911002
v -29.730768 1.107043 -29.736376
v 29.731180 -0.101381 -49.552059
v 9.909645 0.557942 -49.550499
v 9.912838 0.377761 -69.378731
v 29.728636 3.204981 -9.919673
v 9.910089 0.986959 -9.913320
v 9.910895 1.195623 -29.733904
v 69.375648 -0.579260 -9.910416
v 49.553951 2.395459 -9.922260
v 49.546162 3.292857 -29.720112
v 69.378777 1.462908 -29.737169
v 29.726635 1.432344 -29.720623
v 29.729168 -0.667978 -69.379852
v -9.910363 -0.289065 -29.731022
v -49.547909 0.997870 -29.741991
v -49.551590 -0.748461 -69.372231
v -9.914660 2.592034 49.553955
v -49.548531 2.248956 49.544285
v -49.549866 1.537744 9.911995
v 69.394981 4.292134 49.524319
v 29.727583 1.086532 49.550335
v 29.729824 2.724119 9.919353
v 69.373497 1.072490 9.910903
v -9.909250 1.067530 9.908173
v -9.909664 0.926932 -69.376389
v 69.377495 -0.533169 -69.381180
v -79.284401 -1.373967 74.330887
v 74.339127 1.141963 79.308205
v 79.284286 -1.381232 -74.329659
v -74.327385 0.248913 -79.282547
v -79.282616 -1.276939 -4.955283
v -4.952337 1.106628 79.273232
v 79.283653 0.883570 4.954280
v 4.955159 0.001981 -79.282547
v 0.000020 -0.414004 -74.327446
v -0.004101 1.513605 4.966985
v -74.332436 0.353774 -0.007929
v 4.953889 1.536829 0.004614
v -79.282547 -0.807205 34.686115
v 34.687912 1.433499 79.308853
v 79.286003 -1.096644 -34.687698
v -34.686115 0.490093 -79.282547
v -79.282547 -0.870909 -44.596432
v -44.616909 1.185946 79.347603
v 79.317932 1.193526 44.560211
v 44.592731 0.842086 -79.282181
v -0.000013 0.601450 -34.686470
v -0.006018 1.636764 44.597313
v -34.685905 -0.403610 -0.003872
v 44.592388 1.667932 0.002895
v 39.639503 1.746226 4.959549
v 39.641270 1.436351 44.596004
v 4.946438 1.691043 39.650780
v 44.596462 0.931108 39.641140
v -39.639729 -0.807069 4.950219
v -39.642456 1.334384 44.595242
v -74.329796 0.811527 39.637875
v -34.688210 0.135760 39.637527
v -39.641273 -0.083701 -74.327385
v -39.640976 1.028039 -34.690578
v -74.331940 0.290242 -39.647411
v -34.688694 -0.251427 -39.638733
v 39.634720 1.088595 -74.329071
v 39.637833 2.620661 -34.679642
v 4.954780 0.583199 -39.639725
v 44.598434 2.387197 -39.646629
v -79.289169 0.060601 54.506180
v 54.506344 -1.432268 79.284416
v 79.297325 1.088294 -54.512737
v -54.506752 0.003232 -79.282547
v -79.283234 -0.187996 -24.776157
v -24.769619 2.411011 79.305435
v 79.287811 -0.094447 24.776125
v 24.774195 0.315175 -79.290115
v -0.001270 1.168952 -54.505199
v 0.004622 3.836154 24.757027
v -54.509960 -0.648230 -0.000461
v 24.775789 3.133925 -0.001900
v -79.294304 0.122716 14.873372
v 14.865530 0.009084 79.282463
v 79.287094 -0.446378 -14.863534
v -14.863950 0.724477 -79.287521
v -79.282547 -0.805314 -64.417068
v -64.434097 0.178992 79.329872
v 79.282669 -0.875547 64.417183
v 64.420654 0.178223 -79.289314
v 0.000678 1.702854 -14.876568
v -0.004151 1.073923 64.429344
v -14.872056 2.998251 0.023861
v 64.420738 1.639553 -0.001625
v 39.643333 2.491735 24.765022
v 39.631165 3.456412 64.473915
v 24.772717 3.996076 39.630146
v 64.433464 1.998495 39.602528
v -39.658867 2.516933 24.817644
v -39.632576 3.894472 64.394936
v -54.507568 2.343549 39.634106
v -14.875043 3.586321 39.639107
v -39.643188 1.240240 -54.502731
v -39.641525 1.405835 -14.865784
v -54.506695 0.572347 -39.645073
v -14.866734 1.086763 -39.639309
v 39.642666 0.604924 -54.510025
v 39.644585 2.778178 -14.882709
v 24.773535 1.344541 -39.635857
v 64.434845 1.669762 -39.661068
v 59.466820 2.424033 -34.695068
v 59.463718 0.132643 -14.869741
v 44.597084 1.551578 -19.828222
v 64.418968 1.312433 -19.815371
v 19.819977 1.404955 -34.683350
v 19.819469 1.361081 -14.868440
v 4.953073 1.782014 -19.825890
v 24.776480 1.311163 -19.825891
v 19.823259 -0.666183 -74.341133
v 19.822083 1.055280 -54.510502
v 4.955973 1.214537 -59.464581
v 24.778971 1.181912 -59.470562
v -19.822523 0.125226 -34.684544
v -19.820009 0.321753 -14.866802
v -34.684658 0.600192 -19.825686
v -14.864766 -0.047367 -19.822960
v -59.460602 0.275307 -34.692780
v -59.469654 1.382517 -14.848236
v -74.327385 0.138622 -19.820637
v -54.509274 1.616176 -19.815899
v -59.461910 -1.074094 -74.327385
v -59.461910 -0.780836 -54.506752
v -74.327385 -1.216540 -59.461910
v -54.506752 0.484920 -59.461910
v -19.829365 3.736326 44.596073
v -19.817450 1.194460 64.410225
v -34.675800 3.347287 59.440395
v -14.869835 1.436199 59.471275
v -59.456394 2.888846 44.586990
v -59.466534 1.620391 64.424469
v -74.339096 1.355255 59.469852
v -54.506138 0.591810 59.460968
v -59.465588 1.106495 4.949188
v -59.464638 0.072926 24.776878
v -74.336670 -0.237274 19.828463
v -54.511116 0.221137 19.830978
v 59.465137 2.738065 44.575138
v 59.455162 2.644014 64.447273
v 44.586201 3.499338 59.498734
v 64.419853 3.159572 59.474480
v 19.808832 2.863019 44.595413
v 19.819517 -0.030105 64.420700
v 4.948031 2.563427 59.484310
v 24.774990 1.393016 59.463161
v 19.820080 3.642231 4.961514
v 19.825684 1.421175 24.752983
v 4.963511 2.647990 19.784836
v 24.773851 1.715902 19.823671
v 59.460205 1.257046 4.961319
v 59.461910 -0.156627 24.775795
v 44.595242 1.438105 19.826017
v 64.417061 0.167506 19.820665
v -19.824133 1.763909 4.962226
v -19.821064 2.573766 24.780954
v -34.691227 3.697182 19.835070
v -14.861998 2.265458 19.814754
v -19.820683 0.666451 -74.328735
v -19.821100 0.650912 -54.506981
v -34.686245 0.375521 -59.461670
v -14.866263 0.053282 -59.461567
v 59.463795 -0.724154 -74.331192
v 59.459690 1.357965 -54.502686
v 44.596172 -0.087037 -59.462582
v 64.422852 1.437960 -59.466335
v -79.294327 -0.196374 64.427711
v 64.417671 -1.059678 79.285210
v 79.301041 0.404249 -64.434769
v -64.417068 0.022405 -79.282547
v -79.282547 -1.496147 -14.865478
v -14.861405 1.238361 79.284752
v 79.282547 -0.497966 14.865478
v 14.865623 0.017998 -79.283180
v 0.000053 0.517234 -64.417366
v 0.002377 1.594356 14.851427
v -64.425415 0.693897 -0.012389
v 14.866679 3.153902 -0.002829
v -79.284653 -1.359681 24.777655
v 24.779861 1.197714 79.282417
v 79.288918 0.925247 -24.771963
v -24.775795 0.524872 -79.282547
v -79.282547 -1.520893 -54.506752
v -54.527008 0.871325 79.343300
v 79.284462 1.347806 54.505566
v 54.506741 0.062835 -79.282547
v -0.001532 1.373688 -24.778097
v -0.007949 3.405633 54.525478
v -24.782764 1.652113 0.014732
v 54.506878 1.357311 -0.005705
v 39.641212 1.005577 14.866792
v 39.640266 1.183154 54.509922
v 14.858973 2.668925 39.641121
v 54.506920 0.084972 39.639507
v -39.639694 3.130659 14.863813
v -39.637634 1.283695 54.504772
v -64.419189 1.444819 39.631908
v -24.779945 1.517177 39.634693
v -39.641273 -0.434256 -64.417068
v -39.637783 1.069683 -24.787207
v -64.415901 1.070820 -39.654278
v -24.778090 0.643436 -39.639507
v 39.640190 -1.044981 -64.418739
v 39.637497 1.669664 -24.768694
v 14.864417 1.066558 -39.638931
v 54.514732 2.427749 -39.658810
v -79.289352 -0.059613 44.594463
v 44.591080 -0.283169 79.316833
v 79.296562 1.231675 -44.589005
v -44.596432 0.422941 -79.282547
v -79.289268 -0.187815 -34.690765
v -34.686180 0.874952 79.294746
v 79.310738 1.157344 34.675041
v 34.683857 0.512904 -79.283607
v -0.000101 0.102566 -44.596409
v -0.007564 3.599489 34.698944
v -44.596432 -1.507770 -0.000000
v 34.682110 2.689969 0.002574
v -79.289040 -0.037653 4.952601
v 4.958938 1.353246 79.270889
v 79.294037 -0.360511 -4.963256
v -4.954054 0.215791 -79.285751
v -79.282547 -0.330045 -74.327385
v -74.334267 -0.718460 79.299805
v 79.292534 1.188588 74.342545
v 74.330750 0.203158 -79.288834
v 0.002216 1.750778 -4.961236
v 0.005158 1.571373 74.312424
v -4.956116 1.773379 0.007905
v 74.337990 1.686292 -0.008013
v 39.646622 1.578386 34.662399
v 39.631718 2.482553 74.411057
v 34.687222 3.259144 39.628059
v 74.373535 3.004530 39.593620
v -39.650913 2.505317 34.678745
v -39.648758 3.304945 74.353767
v -44.601933 2.711414 39.627403
v -4.965710 2.665954 39.652813
v -39.646580 0.720987 -44.588455
v -39.641418 -0.275174 -4.955323
v -44.597454 0.177428 -39.642506
v -4.955163 -0.276298 -39.641308
v 39.643803 1.586930 -44.603191
v 39.639091 3.191281 -4.965067
v 34.682819 2.993426 -39.635910
v 74.349884 1.709392 -39.646618
v 59.456970 3.406631 -24.764153
v 59.463711 1.667597 -4.962928
v 54.499855 2.413154 -19.807722
v 74.337196 1.530503 -19.812437
v 19.822248 1.742305 -24.781384
v 19.819353 2.552170 -4.959859
v 14.865499 2.397973 -19.827068
v 34.688675 1.755899 -19.831785
v 19.823250 0.608266 -64.424515
v 19.819981 1.193864 -44.595436
v 14.867555 0.462768 -59.467209
v 34.686718 0.459723 -59.465031
v -19.820616 -0.075824 -24.775862
v -19.825809 2.650659 -4.940688
v -24.775791 -0.306054 -19.821035
v -4.955067 1.487330 -19.828207
v -59.462166 1.139114 -24.775322
v -59.472313 0.094455 -4.950455
v -64.418007 1.161335 -19.818501
v -44.596493 1.533952 -19.822350
v -59.461910 1.072510 -64.417068
v -59.461052 0.033958 -44.602047
v -64.417068 -0.241358 -59.461910
v -44.596443 0.531511 -59.461891
v -19.830404 3.492529 54.530972
v -19.810627 3.723089 74.324371
v -24.776978 2.413115 59.470516
v -4.965342 2.974766 59.489300
v -59.454556 3.295769 54.496075
v -59.488327 1.369329 74.403175
v -64.424072 3.380064 59.463577
v -44.590855 1.391514 59.449955
v -59.462608 -0.382811 14.866660
v -59.464134 0.076392 34.676693
v -64.418312 -0.246963 19.822332
v -44.606300 1.541691 19.846771
v 59.458878 5.074616 54.506535
v 59.461391 0.022331 74.329704
v 54.493778 4.485160 59.501110
v 74.329033 1.414436 59.461903
v 19.815313 2.729015 54.513630
v 19.821676 -0.193180 74.326500
v 14.859892 2.421481 59.478489
v 34.685173 1.523309 59.467072
v 19.814947 2.752589 14.881887
v 19.820034 2.857331 34.680920
v 14.867537 1.787835 19.807100
v 34.685837 0.997802 19.821266
v 59.459911 1.303138 14.871039
v 59.462727 0.172467 34.683769
v 54.506538 1.118027 19.823269
v 74.327484 -0.005676 19.820646
v -19.814960 1.548851 14.849483
v -19.828455 1.568772 34.694645
v -24.773693 3.547349 19.816662
v -4.949656 1.600468 19.801252
v -19.822969 1.144394 -64.416519
v -19.821962 1.074224 -44.594383
v -24.776960 1.261522 -59.462444
v -4.955798 0.509548 -59.461063
v 59.463448 1.131980 -64.423843
v 59.467587 3.367944 -44.609810
v 54.505196 -0.069062 -59.465313
v 74.352043 2.857578 -59.484211
v 69.388680 3.351288 -54.514389
v 69.386993 2.813607 -44.596256
v 64.416832 3.575954 -49.544514
v 74.343475 1.629571 -49.544266
v 49.551659 1.240813 -54.510128
v 49.560524 1.625918 -44.615997
v 44.601601 1.389783 -49.563797
v 54.510849 2.506435 -49.562561
v 49.550606 0.336199 -74.327301
v 49.550713 -0.468586 -64.418358
v 44.594158 -0.048657 -69.372604
v 54.507179 0.632357 -69.374443
v -9.910945 0.296822 -54.505924
v -9.910803 1.066123 -44.595413
v -14.865808 1.047460 -49.550747
v -4.956204 1.127261 -49.550293
v -29.731512 1.540537 -54.506126
v -29.732838 1.029594 -44.592930
v -34.689686 1.509145 -49.544319
v -24.776058 1.133313 -49.551193
v -29.730955 0.100784 -74.327385
v -29.731142 -0.515243 -64.417175
v -34.686115 -0.395298 -69.372231
v -24.776342 0.352696 -69.372040
v -9.908512 3.506354 24.772205
v -9.925858 3.701890 34.714760
v -14.872899 2.715031 29.750118
v -4.958672 4.598987 29.737686
v -29.742138 2.972935 24.806097
v -29.736082 1.148530 34.692757
v -34.701405 2.497708 29.760254
v -24.782661 1.160179 29.748064
v -29.729221 1.118204 4.941343
v -29.727104 3.257217 14.852429
v -34.681690 1.477831 9.894475
v -24.768837 1.371056 9.885216
v 69.372925 0.178059 24.775770
v 69.392792 1.527793 34.665199
v 64.417915 -0.209280 29.730106
v 74.346207 1.239207 29.727636
v 49.551052 0.744333 24.778183
v 49.551598 -0.338622 34.686089
v 44.598660 1.514911 29.720297
v 54.506752 0.041474 29.730955
v 49.549938 1.078926 4.956881
v 49.551182 1.372842 14.869798
v 44.595932 1.216057 9.911826
v 54.504856 1.319256 9.915870
v 29.732700 0.976630 24.767862
v 29.733824 3.296159 34.665802
v 24.777323 1.054708 29.722755
v 34.694229 2.486892 29.695450
v 9.915655 2.216299 24.752737
v 9.908687 3.471690 34.683868
v 4.956263 3.896090 29.722841
v 14.868311 2.796769 29.717096
v 9.905850 3.054937 4.970333
v 9.907161 3.226453 14.868855
v 4.948003 2.711452 9.929014
v 14.857441 3.546962 9.935882
v 29.729984 0.555634 64.426331
v 29.733280 1.645556 74.353455
v 24.776121 -0.631411 69.377594
v 34.679089 2.656319 69.438408
v 9.906543 1.201094 64.436455
v 9.911541 0.607841 74.325211
v 4.958055 0.384706 69.369614
v 14.864968 -1.029427 69.375298
v 9.901536 1.574586 44.598579
v 9.904348 3.243083 54.517300
v 4.949466 2.794899 49.554867
v 14.857113 2.641431 49.554909
v 69.372452 0.108073 64.418022
v 69.376549 1.360894 74.339096
v 64.416718 1.270200 69.373833
v 74.330597 0.974387 69.376801
v 49.536339 4.362211 64.478432
v 49.540524 1.037650 74.380280
v 44.580574 3.728220 69.458595
v 54.497688 2.561982 69.412086
v 49.551441 1.594782 44.595734
v 49.543068 3.356120 54.525375
v 44.595722 1.311328 49.552803
v 54.504227 3.758892 49.545143
v -49.561737 1.267460 24.796528
v -49.557987 1.474623 34.670460
v -54.512592 0.369921 29.731007
v -44.607582 2.370295 29.737038
v -69.372444 -1.385401 24.776016
v -69.372932 -0.079555 34.682529
v -74.327385 -1.466123 29.730955
v -64.418396 -0.847215 29.725208
v -69.385040 1.373931 4.941777
v -69.382774 0.649334 14.870617
v -74.344223 1.291320 9.911708
v -64.425262 0.461730 9.904974
v -49.552723 2.727437 64.420494
v -49.578789 3.132030 74.410927
v -54.521160 2.813358 69.413834
v -44.603321 4.184370 69.395241
v -69.392479 2.486004 64.438194
v -69.391113 0.416648 74.373093
v -74.347527 0.159417 69.400032
v -64.433281 1.362474 69.407639
v -69.379776 1.382835 44.586025
v -69.376984 1.486570 54.505245
v -74.340759 1.048195 49.547062
v -64.411987 2.084505 49.542206
v -9.914078 1.694408 64.422066
v -9.907999 1.626667 74.320503
v -14.860415 2.939966 69.360558
v -4.955055 1.097235 69.368729
v -29.722408 2.841676 64.395935
v -29.727434 2.602880 74.341248
v -34.680157 3.975133 69.357010
v -24.769743 2.285060 69.367622
v -29.735191 2.000821 44.600273
v -29.733885 3.951558 54.520409
v -34.688656 2.417276 49.559582
v -24.785772 4.218670 49.571892
v -49.551998 0.130753 -54.506176
v -49.554825 -0.286885 -44.593563
v -54.507923 -0.820826 -49.551205
v -44.600422 0.693528 -49.545029
v -69.372231 -1.499201 -54.506752
v -69.372261 -0.099683 -44.598465
v -74.327385 -0.893048 -49.551590
v -64.417046 -1.359010 -49.551693
v -69.372231 -0.156682 -74.327385
v -69.372231 0.329381 -64.417068
v -74.327385 0.661272 -69.372231
v -64.417068 0.467458 -69.372231
v -49.557663 1.696572 -14.852545
v -49.556355 -0.489114 -4.946189
v -54.518326 1.218487 -9.888838
v -44.599773 1.235363 -9.902577
v -69.373322 -0.631676 -14.863493
v -69.377609 -0.370193 -4.957564
v -74.327766 -1.465732 -9.910303
v -64.425850 -0.127571 -9.896173
v -69.376839 1.058593 -34.698559
v -69.372261 1.188448 -24.775831
v -74.333115 1.205479 -29.735626
v -64.417252 0.252146 -29.732592
v -9.906214 1.433990 -14.878385
v -9.909058 3.023500 -4.952671
v -14.862926 2.401253 -9.914708
v -4.951038 2.359071 -9.922277
v -29.731159 1.055598 -14.866179
v -29.732380 1.081196 -4.953512
v -34.686512 1.115847 -9.910832
v -24.776335 1.173655 -9.909605
v -29.732185 0.330396 -34.688015
v -29.729916 0.207318 -24.781183
v -34.684074 1.113676 -29.740385
v -24.776743 0.462884 -29.731857
v 29.732956 0.288140 -54.511986
v 29.730354 1.098381 -44.595436
v 24.776545 0.590748 -49.553425
v 34.687122 -0.087497 -49.553944
v 9.910579 0.903604 -54.507648
v 9.908997 1.157716 -44.593624
v 4.954956 0.198298 -49.551380
v 14.864583 1.214446 -49.550407
v 9.910617 -1.241950 -74.328209
v 9.914029 1.070998 -64.426460
v 4.955558 0.194452 -69.373222
v 14.869594 0.319872 -69.383934
v 29.732174 3.154716 -14.878614
v 29.726212 3.032807 -4.955896
v 24.772881 2.885392 -9.917615
v 34.685116 3.463398 -9.922524
v 9.908665 1.591787 -14.870451
v 9.911120 1.293224 -4.957663
v 4.956081 1.414668 -9.918485
v 14.864696 1.142457 -9.912565
v 9.910164 0.106162 -34.685215
v 9.910374 1.736224 -24.781979
v 4.955060 1.220492 -29.732475
v 14.866942 1.420319 -29.735880
v 69.379662 0.516367 -14.860185
v 69.378036 0.983372 -4.959630
v 64.419937 0.284979 -9.914765
v 74.336823 -0.785250 -9.915487
v 49.554096 1.725163 -14.878178
v 49.551708 2.703175 -4.964418
v 44.599632 3.405862 -9.928576
v 54.509270 1.531840 -9.921288
v 49.551193 3.115246 -34.686420
v 49.544437 2.882346 -24.761602
v 44.589970 3.020633 -29.717327
v 54.502792 3.427078 -29.723063
v 69.392189 1.501828 -34.705254
v 69.375259 1.618266 -24.774139
v 64.422165 3.037701 -29.736820
v 74.330765 0.291614 -29.732750
v 29.724592 2.873239 -34.672062
v 29.731976 0.899639 -24.779917
v 24.773331 1.655646 -29.723686
v 34.683167 1.397525 -29.724819
v 29.728096 -0.706133 -74.334770
v 29.731737 0.312727 -64.424828
v 24.777258 -0.630180 -69.382050
v 34.681431 -0.482214 -69.379173
v -9.910338 -0.003458 -34.686165
v -9.910502 0.353412 -24.777050
v -14.865452 -0.379755 -29.730978
v -4.955679 0.472733 -29.731747
v -49.549664 0.407299 -34.692577
v -49.549206 1.223261 -24.783175
v -54.505482 0.106791 -29.734545
v -44.592648 1.055732 -29.743284
v -49.551590 -1.332968 -74.327385
v -49.551590 0.167588 -64.417068
v -54.506752 -0.332907 -69.372231
v -44.596432 -1.073858 -69.372231
v -9.915958 2.940155 44.590042
v -9.916814 2.702374 54.522324
v -14.873348 3.525074 49.560329
v -4.959581 2.620761 49.555771
v -49.552074 3.724075 44.588390
v -49.550327 -0.665998 54.504879
v -54.496468 3.532559 49.537510
v -44.596432 0.778657 49.550850
v -49.550961 0.377790 4.956056
v -49.552456 1.419213 14.873197
v -54.506641 1.337576 9.911259
v -44.593731 1.557606 9.910948
v 69.408875 3.600246 44.536839
v 69.385651 4.160078 54.501064
v 64.427170 4.793667 49.526165
v 74.352371 3.036154 49.528748
v 29.727089 2.761717 44.586777
v 29.730440 1.293872 54.506969
v 24.768539 1.528958 49.552933
v 34.685852 0.230109 49.551125
v 29.731428 3.133660 4.955473
v 29.727421 1.800603 14.879567
v 24.773554 2.964602 9.922010
v 34.686184 2.520526 9.915012
v 69.379150 1.629768 4.951561
v 69.372208 0.226839 14.865587
v 64.415901 1.311389 9.916310
v 74.327843 0.444326 9.910001
v -9.914450 1.595943 4.973118
v -9.906013 0.202563 14.852271
v -14.863831 1.169639 9.904882
v -4.955520 1.219853 9.910181
v -9.908134 0.706922 -74.335251
v -9.910480 0.323495 -64.417435
v -14.865823 1.275695 -69.375824
v -4.954979 0.311596 -69.372887
v 69.379761 -0.679184 -74.341614
v 69.381096 1.111054 -64.426056
v 64.421555 0.370934 -69.381546
v 74.337677 -0.588789 -69.383499
v 74.346642 1.348176 -64.435631
v 64.419624 0.963580 -64.422569
v 64.423645 -0.674805 -74.340034
v -4.955179 0.296262 -64.417046
v -14.866980 0.860441 -64.417389
v -14.864029 0.935797 -74.334198
v -4.950578 1.178177 14.847356
v -14.860796 1.020516 14.852653
v -14.869473 1.699918 4.970355
v 74.327385 0.065992 14.865478
v 64.416199 0.563904 14.867768
v 64.419487 1.527968 4.957582
v 34.685268 1.485219 14.872049
v 24.771137 2.564970 14.880462
v 24.776646 3.439157 4.955923
v 34.686108 1.166442 54.506779
v 24.772339 1.672797 54.509720
v 24.767086 3.261733 44.588966
v 74.337196 3.168388 54.502899
v 64.423782 4.949465 54.501427
v 64.433197 3.342343 44.552334
v -44.596680 2.497742 14.872186
v -54.506870 0.365567 14.867348
v -54.507408 0.670701 4.955229
v -44.593487 -0.131876 54.502850
v -54.499451 1.641398 54.498642
v -54.502693 3.717291 44.586666
v -4.962811 3.081359 54.526192
v -14.872358 2.550719 54.522076
v -14.872969 3.689197 44.591141
v -44.596432 -0.134783 -64.417068
v -54.506752 0.553329 -64.417068
v -54.506752 -1.387345 -74.327385
v -44.592865 1.191052 -24.786901
v -54.506115 1.265430 -24.778120
v -54.506302 0.015212 -34.688095
v -4.956087 1.147285 -24.778055
v -14.865418 -0.013769 -24.775898
v -14.865952 -0.039949 -34.685619
v 34.684998 -0.216679 -64.423294
v 24.777622 0.467553 -64.423538
v 24.775742 -0.608445 -74.339828
v 34.686260 1.351146 -24.778669
v 24.776215 1.163071 -24.776836
v 24.771715 2.515853 -34.675575
v 74.333755 1.466990 -24.771280
v 64.417427 2.583605 -24.772961
v 64.429977 2.407190 -34.702808
v 54.498856 3.310050 -24.759209
v 44.590237 2.542020 -24.763584
v 44.593494 3.169832 -34.680759
v 54.508236 1.850740 -4.964982
v 44.595444 2.738229 -4.963518
v 44.600048 2.609974 -14.882594
v 74.339493 0.582084 -4.963933
v 64.418419 1.357129 -4.958147
v 64.421928 0.144983 -14.866219
v 14.866911 2.587072 -24.783922
v 4.954175 1.475400 -24.778849
v 4.955093 0.967580 -34.685658
v 14.866030 1.678664 -4.959746
v 4.956030 1.311241 -4.958049
v 4.954072 1.760341 -14.873465
v 34.681828 3.132237 -4.959514
v 24.772568 2.780054 -4.957728
v 24.775110 2.706187 -14.874409
v 14.869697 0.974788 -64.428162
v 4.956734 0.886651 -64.421127
v 4.955159 -0.909785 -74.327385
v 14.863995 1.259612 -44.593723
v 4.954794 0.432163 -44.595520
v 4.954852 1.107709 -54.506859
v 34.686062 1.394735 -44.597401
v 24.775730 0.983035 -44.596249
v 24.778603 1.006154 -54.513775
v -24.775839 -0.128822 -24.776304
v -34.682880 0.994213 -24.787317
v -34.686325 0.400525 -34.689293
v -24.780787 1.606570 -4.943233
v -34.686550 0.153837 -4.955523
v -34.686195 1.149967 -14.866276
v -4.953255 2.754286 -4.957062
v -14.867032 2.819274 -4.947116
v -14.862446 1.179217 -14.872910
v -64.417068 1.175195 -24.775791
v -74.327919 1.042274 -24.776131
v -74.335785 0.615396 -34.695099
v -64.426308 0.099139 -4.954380
v -74.329315 -0.833270 -4.958026
v -74.327385 -1.280743 -14.865476
v -44.597057 -0.602399 -4.953672
v -54.515133 -0.235401 -4.946523
v -54.514717 1.646101 -14.848289
v -64.417068 0.671501 -64.417068
v -74.327385 -0.125373 -64.417068
v -74.327385 0.132897 -74.327385
v -64.416084 0.005539 -44.601765
v -74.327538 -0.354056 -44.596718
v -74.327385 -1.516018 -54.506752
v -44.600986 -0.074201 -44.590221
v -54.507851 -0.135364 -44.598301
v -54.506790 -0.268205 -54.506714
v -24.783699 4.151939 54.530418
v -34.684734 2.793791 54.511169
v -34.688068 1.354592 44.599213
v -24.767986 3.417854 74.335304
v -34.685486 2.537232 74.334358
v -34.674973 3.910836 64.387863
v -4.952521 1.449690 74.318108
v -14.858877 3.043661 74.319405
v -14.864962 1.475976 64.413719
v -64.416039 2.908376 54.500141
v -74.334862 1.123732 54.506496
v -74.338005 1.225897 44.589485
v -64.441383 1.121833 74.392258
v -74.338341 -0.411996 74.352104
v -74.345436 1.291462 64.433128
v -44.615894 3.320567 74.389984
v -54.534126 2.275284 74.408127
v -54.510433 1.653235 64.427361
v -64.420380 -0.123483 14.866800
v -74.342148 1.140706 14.874455
v -74.338005 1.185923 4.947605
v -64.418724 0.207023 34.677082
v -74.327446 -0.353418 34.685928
v -74.328857 -1.404007 24.777090
v -44.605385 2.509399 34.669163
v -54.510342 0.350355 34.677254
v -54.513557 1.093818 24.786476
v 54.498844 4.597267 54.517262
v 44.591438 1.883018 54.519890
v 44.596432 1.522776 44.596432
v 54.501686 0.360120 74.349762
v 44.582985 1.898752 74.408089
v 44.582256 4.243544 64.481377
v 74.337914 1.631658 74.347336
v 64.417274 0.452373 74.328255
v 64.415504 1.308927 64.428459
v 14.859286 3.237552 54.516399
v 4.948294 3.346260 54.521179
v 4.948197 1.592877 44.598007
v 14.865498 -0.274016 74.327385
v 4.959585 1.497642 74.316193
v 4.951941 1.214412 64.434319
v 34.683193 2.589599 74.386314
v 24.778795 0.708808 74.331284
v 24.775749 -0.107076 64.417473
v 14.859590 2.940102 14.880587
v 4.955163 2.744832 14.857992
v 4.949200 2.577507 4.973053
v 14.865306 3.181112 34.680435
v 4.950750 3.472164 34.690472
v 4.960619 3.058319 24.753090
v 34.691883 3.033963 34.656906
v 24.776094 3.042803 34.676228
v 24.777391 1.148235 24.766661
v 54.505512 1.421392 14.870692
v 44.595993 1.150408 14.868959
v 44.593739 1.445727 4.959739
v 54.506752 -0.103559 34.686115
v 44.597603 0.055994 34.681110
v 44.596272 1.672531 24.774765
v 74.359566 1.683578 34.667149
v 64.424629 1.130321 34.672699
v 64.417068 -0.013027 24.775795
v -24.770237 2.714182 14.848885
v -34.683292 3.326472 14.856393
v -34.682880 -0.084807 4.940505
v -24.780411 1.217041 34.690113
v -34.694073 1.459864 34.691162
v -34.702496 2.836860 24.818016
v -4.967360 3.741858 34.709229
v -14.878524 2.892650 34.707020
v -14.864603 3.074349 24.777414
v -24.777441 0.690557 -64.416595
v -34.686115 -0.756042 -64.417076
v -34.686115 0.040724 -74.327385
v -24.776628 0.906217 -44.595325
v -34.690033 1.164948 -44.589924
v -34.687531 1.437939 -54.503643
v -4.955457 0.358002 -44.596119
v -14.866464 1.135183 -44.594490
v -14.865598 -0.010235 -54.506638
v 54.506611 0.755768 -64.422104
v 44.596272 -1.335773 -64.417099
v 44.591614 1.109868 -74.327408
v 54.516975 3.031430 -44.619743
v 44.602371 1.547027 -44.609962
v 44.597767 1.208648 -54.511314
v 74.345795 2.477458 -44.590633
v 64.423546 3.246644 -44.600002
v 64.420715 2.657632 -54.502693
v 74.351501 2.898797 -54.520405
v 54.505951 1.186741 -54.508678
v 54.506809 -0.210873 -74.327522
v -4.956528 1.055532 -54.504971
v -24.776150 1.434836 -54.507580
v -24.775812 0.383329 -74.327393
v -4.952032 3.789458 24.764809
v -24.779688 2.772098 24.788736
v -24.778036 1.430284 4.954062
v 74.332199 0.428159 24.775963
v 54.506733 -0.100670 24.776085
v 54.505745 0.950630 4.956923
v 34.689598 1.502762 24.760401
v 14.870968 1.509652 24.751589
v 14.862959 3.339037 4.966063
v 34.681553 1.620879 64.450142
v 14.861446 0.747244 64.433189
v 14.854384 1.717133 44.597992
v 74.327415 -0.371281 64.417099
v 54.493889 3.883738 64.467896
v 54.506577 2.269279 44.589401
v -44.610657 1.567637 24.806829
v -64.417686 -0.912401 24.776085
v -64.425858 1.163665 4.942943
v -44.592873 3.064445 64.408501
v -64.429680 2.618507 64.431572
v -64.418121 1.519056 44.586594
v -4.960617 1.399219 64.428329
v -24.772963 1.080289 64.412209
v -24.783119 3.019687 44.599304
v -44.597767 0.993338 -54.504360
v -64.417068 -1.288816 -54.506752
v -64.417068 -0.609375 -74.327385
v -44.599255 1.592236 -14.859698
v -64.422935 0.578137 -14.852718
v -64.416954 0.585873 -34.698193
v -4.952390 1.552119 -14.878879
v -24.775759 0.471001 -14.866225
v -24.778118 0.228737 -34.685490
v 34.686447 0.096818 -54.507561
v 14.865623 0.489258 -54.507462
v 14.867729 -1.022613 -74.334869
v 34.688438 3.008473 -14.880078
v 14.864596 1.227112 -14.867887
v 14.865776 0.152436 -34.686546
v 74.335320 0.492335 -14.858636
v 54.507507 1.048062 -14.870879
v 54.508747 2.766994 -34.691216
v 74.342720 0.231666 -34.696861
v 34.680958 2.715058 -34.676216
v 34.680599 -0.036114 -74.331406
v -4.955167 0.163022 -34.686295
v -44.594711 1.072859 -34.693764
v -44.596432 -0.640301 -74.327385
v -4.959968 1.689273 44.593876
v -44.598927 2.497974 44.592117
v -44.595486 -0.540063 4.955592
v 74.376396 3.034364 44.538380
v 34.685326 1.931100 44.591324
v 34.685711 2.626636 4.957747
v 74.333443 1.476948 4.950580
v -4.958030 1.429185 4.966011
v -4.954049 0.115986 -74.330795
v 74.332008 -1.021270 -74.335480
v -79.283775 -1.395930 76.807961
v 76.817398 1.109228 79.307281
v 79.283226 0.044297 -76.806152
v -76.804970 0.267954 -79.282547
v -79.282967 -0.957816 -2.478268
v -2.473360 1.281699 79.268898
v 79.286316 1.039035 2.474728
v 2.477580 0.010103 -79.282547
v 0.000041 0.202443 -76.805084
v -0.002829 1.451685 2.486412
v -76.808456 -0.100231 -0.005113
v 2.476252 1.411525 0.004531
v -79.282547 -0.451008 37.163685
v 37.163200 1.223724 79.315521
v 79.290855 -0.299637 -37.165493
v -37.163692 0.581893 -79.282547
v -79.282997 -0.797556 -42.119190
v -42.132256 1.045720 79.325768
v 79.321106 1.302167 42.080570
v 42.114559 0.931541 -79.282318
v 0.000019 0.125488 -37.163620
v -0.007709 1.617829 42.123535
v -37.163452 -0.974349 -0.002134
v 42.114704 1.689969 0.004125
v 39.638309 1.704623 2.482731
v 39.641388 1.596620 42.117332
v 2.468113 1.665354 39.651836
v 42.119083 1.319670 39.640011
v -39.640724 -1.316777 2.475257
v -39.643227 1.312553 42.113991
v -76.806175 0.231147 39.640091
v -37.166313 0.952109 39.634544
v -39.641273 0.688843 -76.804970
v -39.642151 0.415054 -37.165577
v -76.808937 -0.105508 -39.644909
v -37.166271 -0.119217 -39.639431
v 39.635578 1.044011 -76.805656
v 39.639606 2.788553 -37.161633
v 2.477453 0.208742 -39.640488
v 42.119797 2.454721 -39.644653
v -79.287361 -0.040648 56.985268
v 56.984306 -1.450172 79.282661
v 79.300163 1.279608 -56.997303
v -56.984329 0.000005 -79.282547
v -79.282585 -0.345106 -22.298237
v -22.290794 2.419520 79.300476
v 79.284195 -0.420176 22.298361
v 22.297653 0.270618 -79.289940
v -0.001017 1.207039 -56.983219
v 0.006606 3.032891 22.272243
v -56.989159 -0.272719 -0.003610
v 22.298996 3.179229 -0.003198
v -79.292480 -0.313628 17.351032
v 17.343542 -0.043094 79.281868
v 79.289902 0.238826 -17.337595
v -17.342489 0.711040 -79.284515
v -79.282547 -1.225753 -61.939491
v -61.957890 0.827808 79.334663
v 79.282547 -0.257734 61.939491
v 61.940845 0.066595 -79.285110
v -0.000616 1.670989 -17.351128
v -0.007605 1.546494 61.961411
v -17.350943 2.856091 0.023978
v 61.940800 1.472087 -0.000629
v 39.641506 1.597942 22.295147
v 39.633942 3.102347 61.975567
v 22.293972 3.656997 39.633511
v 61.948341 1.337753 39.613773
v -39.655319 2.551857 22.334768
v -39.631264 3.158841 61.915432
v -56.984478 1.850895 39.634796
v -17.351534 3.401090 39.636215
v -39.642002 1.068188 -56.982738
v -39.640736 1.434653 -17.345690
v -56.983334 1.034411 -39.647961
v -17.344816 1.149022 -39.638916
v 39.641689 0.369872 -56.985325
v 39.644516 2.331612 -17.357847
v 22.297272 1.083327 -39.638744
v 61.952858 1.636186 -39.661118
v 59.469814 1.664515 -37.178070
v 59.461174 0.520573 -17.340721
v 42.120247 1.568978 -19.829475
v 61.938351 1.315181 -19.814123
v 19.820004 1.136905 -37.161488
v 19.820381 1.319758 -17.345722
v 2.475789 1.651162 -19.825605
v 22.298563 1.240010 -19.823732
v 19.821985 0.311531 -76.815277
v 19.822536 0.999855 -56.989059
v 2.477552 1.209213 -59.462753
v 22.300943 1.115493 -59.468952
v -19.822905 0.691417 -37.161465
v -19.820333 -0.200604 -17.343744
v -37.161751 1.190457 -19.827139
v -17.342789 -0.342209 -19.821280
v -59.460087 0.638679 -37.173244
v -59.467506 1.485765 -17.330322
v -76.804970 -0.261697 -19.820637
v -56.987629 1.568741 -19.813633
v -59.461910 0.042016 -76.804970
v -59.461910 -0.273161 -56.984329
v -76.804970 -1.381086 -59.461910
v -56.984329 0.312947 -59.461910
v -19.828070 3.410514 42.110630
v -19.820347 0.968711 61.938831
v -37.153645 2.889053 59.440975
v -17.346640 1.230567 59.470097
v -59.460155 2.211704 42.111122
v -59.464817 2.304760 61.941483
v -76.814926 0.676244 59.469357
v -56.983604 1.429469 59.459927
v -59.466633 0.453045 2.470310
v -59.463551 -0.043137 22.300869
v -76.814034 -0.492771 19.828430
v -56.986187 -0.047683 19.825148
v 59.465843 1.421537 42.098377
v 59.454239 3.392118 61.972569
v 42.111393 2.994568 59.490784
v 61.937313 3.716075 59.481606
v 19.812046 3.183835 42.115253
v 19.818012 1.022852 61.946892
v 2.469485 2.656352 59.485893
v 22.295988 1.518115 59.466240
v 19.821749 3.558818 2.477027
v 19.824310 1.601378 22.279850
v 2.486012 2.524546 19.785711
v 22.297785 1.757918 19.817493
v 59.461430 1.210792 2.480036
v 59.461903 0.071472 22.298302
v 42.117710 1.411222 19.824577
v 61.939400 0.205673 19.820883
v -19.828157 2.514259 2.496732
v -19.818916 2.958803 22.297794
v -37.169819 3.348117 19.838013
v -17.339668 2.573792 19.815332
v -19.820501 0.829329 -76.805832
v -19.821764 1.086090 -56.984318
v -37.163872 0.259870 -59.461494
v -17.344654 0.424537 -59.461311
v 59.462856 0.106228 -76.806801
v 59.460430 0.302760 -56.982819
v 42.118927 -0.073722 -59.462341
v 61.940964 1.063305 -59.464081
v -79.294029 -0.623717 66.905281
v 66.897285 -0.557425 79.292671
v 79.297325 -0.231443 -66.909431
v -66.894646 0.053441 -79.282547
v -79.282547 -1.539902 -12.387897
v -12.385357 1.046963 79.280624
v 79.282547 -0.380870 12.387897
v 12.387912 0.001426 -79.282593
v 0.000042 0.287190 -66.894768
v -0.001478 1.710639 12.387043
v -66.903130 1.105926 -0.013034
v 12.388706 3.077166 -0.000935
v -79.282944 -1.505179 27.253723
v 27.258305 1.444854 79.286903
v 79.286827 -0.100429 -27.251274
v -27.253376 0.441068 -79.282547
v -79.282547 -1.402871 -52.029171
v -52.050266 0.915349 79.347427
v 79.288734 1.300076 52.024326
v 52.028915 0.171812 -79.282516
v -0.001011 1.245194 -27.254902
v -0.006295 3.188166 52.040527
v -27.258289 1.444816 0.007903
v 52.028233 1.408204 -0.004303
v 39.641575 1.274861 12.389019
v 39.641060 0.947795 52.029766
v 12.381175 2.467036 39.643017
v 52.029182 0.148074 39.641087
v -39.638103 2.720134 12.382433
v -39.640030 1.300023 52.031166
v -66.897392 1.462080 39.631847
v -27.256378 1.197381 39.636517
v -39.641273 -0.934328 -66.894646
v -39.637402 1.054579 -27.266193
v -66.894882 1.047760 -39.654221
v -27.255373 0.286483 -39.640003
v 39.637794 -0.848802 -66.898109
v 39.636005 2.425303 -27.242144
v 12.386736 1.137961 -39.638428
v 52.036034 2.616345 -39.656525
v -79.293457 0.074684 47.071659
v 47.068928 -0.472071 79.312378
v 79.295403 1.106171 -47.065620
v -47.074013 0.288297 -79.282547
v -79.288651 -0.003430 -32.212589
v -32.207584 1.152740 79.300240
v 79.305344 1.020831 32.203941
v 32.206417 0.364957 -79.284866
v -0.000365 0.274954 -47.073658
v -0.004054 4.130224 32.214378
v -47.074036 -1.501846 0.000059
v 32.205173 2.832274 0.001576
v -79.290634 -0.009168 7.431554
v 7.434323 1.113145 79.277802
v 79.293564 -0.802600 -7.440366
v -7.431005 0.370745 -79.287743
v -79.282547 -0.091015 -71.849808
v -71.859940 -0.367748 79.308273
v 79.290176 1.072443 71.860069
v 71.854507 0.265425 -79.291336
v 0.002641 1.713547 -7.441436
v 0.004397 1.336561 71.837906
v -7.434792 2.576241 0.013227
v 71.859940 1.789027 -0.007605
v 39.648502 2.361906 32.177181
v 39.629635 3.129919 71.940178
v 32.209053 3.778924 39.625980
v 71.890923 3.152379 39.590645
v -39.653221 2.754979 32.212959
v -39.645218 4.057321 71.865089
v -47.079014 2.986055 39.628757
v -7.443542 3.036956 39.650181
v -39.646416 1.255078 -47.065132
v -39.641483 0.322385 -7.432844
v -47.074863 0.142501 -39.642090
v -7.432787 -0.074432 -39.641209
v 39.644703 1.192736 -47.082294
v 39.641277 3.530261 -7.448001
v 32.204319 2.858140 -39.633411
v 71.874908 2.529086 -39.652229
v 59.459141 3.718032 -27.246510
v 59.464100 1.500396 -7.441077
v 52.023647 2.473927 -19.812193
v 71.858597 1.538350 -19.812668
v 19.821995 1.751632 -27.257278
v 19.818279 2.414274 -7.437174
v 12.387267 2.615039 -19.827522
v 32.211304 1.778656 -19.833204
v 19.823914 0.405004 -66.904877
v 19.820166 1.222376 -47.073574
v 12.390514 1.030540 -59.468555
v 32.210140 1.062314 -59.468143
v -19.820650 -0.034998 -27.253439
v -19.823500 2.331083 -7.424060
v -27.253399 -0.201113 -19.821089
v -7.431833 1.368337 -19.828690
v -59.461884 0.337772 -27.253475
v -59.474609 0.394007 -7.417132
v -66.894836 1.068836 -19.820204
v -47.074722 1.629073 -19.820776
v -59.461910 0.526016 -66.894646
v -59.461628 -0.819895 -47.076687
v -66.894646 -0.450488 -59.461910
v -47.074013 1.010576 -59.461910
v -19.831478 4.092151 52.052723
v -19.811819 3.478477 71.841873
v -27.250990 3.099132 59.462173
v -7.441951 2.722962 59.485962
v -59.451241 3.366008 52.015755
v -59.484669 1.586577 71.914650
v -66.904297 3.175025 59.465809
v -47.070293 1.061092 59.453636
v -59.462757 0.017099 12.388077
v -59.464954 -0.146949 32.199017
v -66.896530 -0.293091 19.822399
v -47.083775 1.291089 19.845493
v 59.460838 4.991850 52.017982
v 59.460129 1.175950 71.857788
v 52.015480 4.411178 59.503502
v 71.853867 1.870903 59.462585
v 19.813618 2.639839 52.034824
v 19.821054 -0.898550 71.849602
v 12.381680 2.595006 59.481743
v 32.208305 1.432398 59.463417
v 19.814453 3.005207 12.408497
v 19.821594 2.252378 32.201611
v 12.390942 2.274964 19.803333
v 32.207027 1.124053 19.825701
v 59.459187 1.386737 12.395341
v 59.462009 0.078958 32.208294
v 52.028866 1.232625 19.824543
v 71.849815 0.077636 19.820637
v -19.814440 1.313903 12.368223
v -19.828342 1.346111 32.222954
v -27.252558 3.705511 19.819220
v -7.427678 1.630153 19.804857
v -19.822594 1.079374 -66.894661
v -19.821302 0.968056 -47.072769
v -27.253963 1.247946 -59.462769
v -7.433056 0.225434 -59.461479
v 59.464043 1.141159 -66.901566
v 59.464230 3.556209 -47.080929
v 52.027390 -0.112363 -59.464207
v 71.872131 3.008532 -59.481911
v 69.390923 3.296209 -56.998104
v 69.382225 2.967738 -47.067371
v 61.938137 3.503867 -49.547729
v 71.863861 2.634269 -49.545010
v 49.550529 0.632681 -56.986057
v 49.559521 1.642088 -47.091846
v 42.123280 1.196929 -49.561993
v 52.034260 1.705084 -49.564262
v 49.550243 0.705414 -76.804832
v 49.551392 -0.072208 -66.895309
v 42.114288 -0.130493 -69.373955
v 52.029228 0.424501 -69.373001
v -9.910679 -0.025559 -56.983845
v -9.910878 1.164511 -47.072968
v -17.343330 0.471943 -49.550877
v -7.433577 1.161688 -49.550457
v -29.731199 1.406424 -56.984753
v -29.732878 1.232411 -47.070103
v -37.167831 1.418391 -49.543472
v -27.254137 1.338994 -49.550083
v -29.730955 0.645626 -76.804970
v -29.731033 -0.349477 -66.894630
v -37.163692 -0.641028 -69.372231
v -27.253513 0.093364 -69.372169
v -9.906725 2.948340 22.289537
v -9.922341 3.910669 32.235027
v -17.350025 2.042261 29.748713
v -7.437634 4.368140 29.742258
v -29.736593 3.523213 22.314369
v -29.738791 1.277640 32.223953
v -37.178890 2.665043 29.755861
v -27.261719 1.248628 29.751242
v -29.731743 1.161116 2.471879
v -29.726364 2.265111 12.371069
v -37.159893 1.520658 9.899301
v -27.247458 1.306351 9.887561
v 69.372269 0.155191 22.298216
v 69.386673 1.163663 32.198307
v 61.939571 -0.180884 29.730837
v 71.864532 1.116573 29.727079
v 49.550888 1.214575 22.302689
v 49.551640 -0.040588 32.208263
v 42.123199 2.437045 29.711275
v 52.029167 0.080329 29.730946
v 49.549294 1.260216 2.478382
v 49.551262 1.337861 12.390998
v 42.118484 1.403683 9.912035
v 52.028233 1.241470 9.913772
v 29.730124 1.115571 22.299622
v 29.735023 2.309850 32.186638
v 22.299973 1.194011 29.722355
v 32.215321 1.613545 29.700653
v 9.916577 1.643720 22.270704
v 9.910344 3.623143 32.202736
v 2.478029 4.129604 29.725056
v 12.390086 3.104905 29.719080
v 9.908306 2.990696 2.485762
v 9.903400 3.254979 12.405012
v 2.471561 2.478326 9.924927
v 12.379356 3.454702 9.935974
v 29.730688 1.145689 61.941795
v 29.731056 1.385828 71.882080
v 22.298491 -1.096614 69.373169
v 32.204449 1.588176 69.420914
v 9.904530 1.614118 61.962605
v 9.911605 0.209913 71.849541
v 2.481048 0.937842 69.366371
v 12.387407 -0.502338 69.377930
v 9.901197 1.559266 42.122807
v 9.904299 3.115762 52.034695
v 2.472261 2.802724 49.555515
v 12.380453 2.641023 49.554092
v 69.374207 0.855086 61.942074
v 69.374031 1.345329 71.854218
v 61.938026 1.375064 69.378777
v 71.851295 1.199733 69.374718
v 49.536911 4.424283 61.992157
v 49.538101 2.306511 71.913536
v 42.104588 3.670270 69.459396
v 52.016891 2.985382 69.426666
v 49.551579 1.296505 42.118725
v 49.546745 2.942621 52.035999
v 42.118683 1.132380 49.551971
v 52.026497 3.144105 49.549309
v -49.561680 1.184251 22.321138
v -49.559010 1.400789 32.199078
v -56.989040 0.107205 29.726997
v -47.083851 1.626332 29.734715
v -69.373558 -0.919066 22.299404
v -69.372505 -1.053127 32.206917
v -76.804977 -1.469064 29.730963
v -66.895096 -1.268276 29.728640
v -69.382286 1.280436 2.463294
v -69.385269 1.122055 12.390625
v -76.818924 0.732660 9.912560
v -66.906410 1.087487 9.906193
v -49.550499 1.495584 61.936981
v -49.571156 3.523993 71.909248
v -57.000000 2.443744 69.417198
v -47.083141 3.771697 69.400665
v -69.388039 2.635642 61.951748
v -69.391380 0.458904 71.891769
v -76.818550 -0.554694 69.387917
v -66.912987 1.275815 69.407944
v -69.377472 1.496612 42.108997
v -69.376602 1.218586 52.025482
v -76.817902 0.484334 49.548336
v -66.895493 1.303439 49.544182
v -9.916793 1.728227 61.953548
v -9.908175 1.688514 71.842072
v -17.336689 2.948077 69.360779
v -7.432397 1.332713 69.367325
v -29.722586 3.126830 61.921295
v -29.727179 2.531899 71.853668
v -37.159973 4.290139 69.363838
v -27.248724 1.660411 69.369003
v -29.733992 1.166974 42.118233
v -29.736708 3.877655 52.046280
v -37.164757 1.584891 49.556633
v -27.261768 3.942142 49.569496
v -49.551609 0.382884 -56.984291
v -49.555328 -0.219002 -47.069962
v -56.984684 -1.158106 -49.552082
v -47.077755 0.417016 -49.546146
v -69.372231 -1.254571 -56.984329
v -69.372215 -0.529994 -47.074219
v -76.804970 -0.988351 -49.551590
v -66.894646 -1.250292 -49.551601
v -69.372231 0.356387 -76.804970
v -69.372231 1.058666 -66.894646
v -76.804970 0.326215 -69.372231
v -66.894646 0.657479 -69.372231
v -49.555576 1.744895 -17.335209
v -49.558586 0.390211 -7.418600
v -56.997326 1.172340 -9.886932
v -47.079590 1.257806 -9.897790
v -69.372444 0.025317 -17.342607
v -69.377296 -0.613004 -7.430917
v -76.804985 -1.534085 -9.910328
v -66.901352 -0.451791 -9.901065
v -69.375801 1.075562 -37.176918
v -69.372879 1.181674 -27.254190
v -76.810707 0.720109 -29.734955
v -66.895607 0.512311 -29.733685
v -9.907430 1.297220 -17.354172
v -9.906568 2.900150 -7.438879
v -17.342110 1.748802 -9.910906
v -7.428030 2.433281 -9.922241
v -29.731060 0.334121 -17.343620
v -29.731600 1.107395 -7.432869
v -37.163971 1.106887 -9.910694
v -27.253704 1.114330 -9.910749
v -29.732687 -0.142926 -37.163841
v -29.730103 0.662316 -27.259722
v -37.160950 1.095352 -29.741566
v -27.254000 1.043785 -29.733841
v 29.733639 1.076913 -56.991924
v 29.730976 0.272913 -47.074081
v 22.298758 1.133479 -49.553188
v 32.208817 -0.207601 -49.552212
v 9.911536 1.013391 -56.987602
v 9.909171 1.087330 -47.071850
v 2.477111 0.288317 -49.551086
v 12.386915 1.121728 -49.550091
v 9.910339 0.011347 -76.805031
v 9.913835 0.881387 -66.903587
v 2.477651 0.171216 -69.372406
v 12.391487 0.409360 -69.381844
v 29.733015 2.738287 -17.356380
v 29.726694 3.167411 -7.437322
v 22.295116 2.651451 -9.915899
v 32.206654 3.370760 -9.920776
v 9.908574 1.804186 -17.348949
v 9.910729 1.012837 -7.435212
v 2.479456 1.567765 -9.920366
v 12.387574 0.967716 -9.912431
v 9.909670 0.518003 -37.161507
v 9.910850 1.464817 -27.258188
v 2.477241 1.209509 -29.732208
v 12.388947 1.270628 -29.735113
v 69.379967 1.257397 -17.336390
v 69.375694 -0.099607 -7.435122
v 61.942188 0.660349 -9.917032
v 71.855461 -0.810041 -9.911932
v 49.551762 1.710874 -17.350029
v 49.552952 2.684961 -7.443504
v 42.121479 3.579253 -9.928684
v 52.031437 1.651026 -9.921118
v 49.553783 2.849062 -37.169388
v 49.544285 3.125211 -27.238268
v 42.112347 2.834116 -29.716875
v 52.024353 3.389810 -29.721338
v 69.398094 1.687916 -37.185276
v 69.375595 1.552711 -27.255161
v 61.941936 3.427965 -29.733526
v 71.855026 1.139407 -29.735292
v 29.725071 2.854578 -37.151203
v 29.729900 0.837280 -27.251230
v 22.297522 1.654627 -29.728178
v 32.205162 1.313489 -29.723625
v 29.728502 0.341650 -76.810860
v 29.730503 -0.364565 -66.902176
v 22.300972 -0.390991 -69.384064
v 32.205254 -0.585391 -69.379684
v -9.910422 0.106481 -37.163582
v -9.910470 -0.035661 -27.253664
v -17.343094 -0.299951 -29.730963
v -7.432998 0.018168 -29.731272
v -49.551113 0.270209 -37.166550
v -49.548183 1.071960 -27.263468
v -56.984032 -0.088291 -29.731789
v -47.070095 1.036630 -29.743162
v -49.551590 0.140572 -76.804970
v -49.551590 -0.224761 -66.894646
v -56.984329 -0.142570 -69.372231
v -47.074013 -0.955065 -69.372231
v -9.918164 3.190974 42.115433
v -9.915716 2.636177 52.038807
v -17.352907 3.976841 49.566113
v -7.436940 2.562762 49.554684
v -49.553844 3.564303 42.109989
v -49.548870 0.313647 52.024780
v -56.972343 3.596301 49.536835
v -47.073441 1.268749 49.548550
v -49.551502 -0.898454 2.477850
v -49.550224 1.538490 12.390696
v -56.984894 1.181653 9.910611
v -47.071735 1.554105 9.912036
v 69.409714 3.337160 42.057316
v 69.389351 4.433314 52.014637
v 61.943928 4.790802 49.528984
v 71.875450 3.740143 49.525749
v 29.728636 3.659231 42.105618
v 29.729414 1.160279 52.029301
v 22.289440 1.723562 49.554722
v 32.207279 0.355538 49.550480
v 29.730265 2.994725 2.477566
v 29.728312 2.477977 12.400665
v 22.294880 3.062746 9.924794
v 32.208004 2.608173 9.917397
v 69.380653 1.800412 2.472204
v 69.372292 0.368662 12.388450
v 61.937126 1.364782 9.918093
v 71.850883 0.555223 9.909891
v -9.914646 2.421406 2.497757
v -9.907042 0.187385 12.377706
v -17.339754 1.247677 9.898705
v -7.432078 1.093376 9.908542
v -9.908126 0.855921 -76.812256
v -9.910354 0.688260 -66.896278
v -17.344038 1.215204 -69.374420
v -7.432229 0.970428 -69.374527
v 69.379204 0.372838 -76.818092
v 69.377502 0.167940 -66.901230
v 61.943092 0.694965 -69.380386
v 71.856781 -0.703875 -69.381172
v -79.286934 -1.260549 71.855103
v 71.859032 0.998706 79.305809
v 79.287971 -1.096802 -71.856018
v -71.849808 0.176281 -79.282547
v -79.282547 -1.487392 -7.432742
v -7.431443 0.934500 79.278351
v 79.282661 0.042105 7.432628
v 7.432739 0.000108 -79.282547
v 0.000002 0.025596 -71.849815
v -0.004781 1.566553 7.445314
v -71.856026 0.604488 -0.009520
v 7.431918 2.262567 0.003797
v -79.282547 -1.264176 32.208534
v 32.211956 1.552303 79.301651
v 79.283630 -1.235803 -32.209003
v -32.208534 0.397657 -79.282547
v -79.282547 -0.962282 -47.074013
v -47.097153 1.147855 79.355453
v 79.308205 1.105341 47.048672
v 47.071365 0.639978 -79.282242
v -0.000179 1.122539 -32.209366
v -0.004917 1.730133 47.075214
v -32.209129 0.290118 -0.003297
v 47.070656 1.605736 0.000484
v 39.640545 1.782417 7.435862
v 39.641270 1.201567 47.073963
v 7.425192 2.195405 39.648022
v 47.074013 0.626999 39.641273
v -39.638485 0.421374 7.426219
v -39.641922 1.323495 47.075169
v -71.853043 1.310888 39.634960
v -32.210663 0.153221 39.639290
v -39.641273 -0.391915 -71.849808
v -39.639523 1.078197 -32.216457
v -71.853615 0.511890 -39.650230
v -32.210567 -0.322470 -39.639194
v 39.634472 0.475275 -71.852707
v 39.636196 2.465100 -32.197788
v 7.432032 1.095484 -39.638992
v 47.077480 2.553276 -39.649632
v -79.291885 0.050832 52.027924
v 52.027569 -1.253509 79.290314
v 79.294533 0.884444 -52.026936
v -52.029171 0.036679 -79.282547
v -79.285370 -0.027414 -27.254959
v -27.249121 2.068153 79.306526
v 79.292892 0.225969 27.253515
v 27.251270 0.295833 -79.288795
v -0.001266 1.070249 -52.027588
v 0.002236 4.314098 27.242542
v -52.030556 -1.073853 0.000727
v 27.252281 3.011869 -0.000539
v -79.294113 0.801769 12.393457
v 12.387904 0.197965 79.282532
v 79.288315 -0.876684 -12.390636
v -12.385898 0.661337 -79.288910
v -79.282547 -0.471885 -66.894646
v -66.910042 0.098122 79.323860
v 79.283745 -0.694024 66.895927
v 66.900017 0.281304 -79.292633
v 0.002005 1.673825 -12.400142
v -0.000283 0.861906 66.896835
v -12.392705 2.920704 0.021397
v 66.901215 1.761506 -0.004091
v 39.645485 2.821038 27.233828
v 39.629467 3.575430 66.968857
v 27.251633 4.184760 39.627125
v 66.919632 2.547909 39.594353
v -39.658131 2.608178 27.287014
v -39.636391 4.338495 66.883080
v -52.031284 2.704586 39.632568
v -12.398252 3.543346 39.643127
v -39.644348 1.257040 -52.022999
v -39.641781 1.278071 -12.387316
v -52.029854 0.394020 -39.642765
v -12.388597 0.553384 -39.640015
v 39.643906 1.028320 -52.035301
v 39.643833 3.280658 -12.405003
v 27.249710 1.642758 -39.633213
v 66.917152 2.322667 -39.660534
v 59.464088 2.968523 -32.212246
v 59.464615 0.365848 -12.395534
v 47.073143 1.613388 -19.824568
v 66.899475 1.359962 -19.815153
v 19.820513 1.519299 -32.207123
v 19.818514 1.547240 -12.391418
v 7.430772 2.558559 -19.826557
v 27.254930 1.514986 -19.829687
v 19.824120 -0.502014 -71.864349
v 19.821367 1.158311 -52.031380
v 7.434450 1.187737 -59.466576
v 27.256454 1.192478 -59.471020
v -19.821573 -0.217257 -32.207924
v -19.819931 1.220167 -12.389069
v -32.207962 0.193052 -19.823051
v -12.386662 0.477491 -19.825748
v -59.461494 -0.106392 -32.210724
v -59.472237 1.199020 -12.366568
v -71.849808 0.419640 -19.820637
v -52.030991 1.637789 -19.817936
v -59.461910 -0.461473 -71.849808
v -59.461926 -1.292090 -52.029205
v -71.849808 -0.975429 -59.461910
v -52.029171 0.613706 -59.461910
v -19.830730 4.074543 47.084648
v -19.815413 1.591849 66.885246
v -32.199631 3.532040 59.444443
v -12.393764 1.631829 59.475513
v -59.452454 3.316839 47.062061
v -59.470295 1.557563 66.915001
v -71.861610 1.648000 59.468712
v -52.028603 0.321940 59.460697
v -59.464478 1.148695 7.429265
v -59.465420 0.005144 27.250441
v -71.856895 -0.171119 19.826431
v -52.036610 0.577671 19.838480
v 59.464073 3.889824 47.053314
v 59.456642 2.260810 66.918213
v 47.061573 3.940305 59.503880
v 66.900421 2.669088 59.469036
v 19.808449 2.555453 47.076157
v 19.820372 -0.894327 66.895607
v 7.425802 2.653608 59.484959
v 27.253223 1.360013 59.462090
v 19.817551 3.432054 7.446882
v 19.825079 1.401958 27.233849
v 7.439629 2.536787 19.789499
v 27.250284 1.614490 19.828793
v 59.459381 1.326477 7.440588
v 59.461910 -0.256864 27.253376
v 47.073029 1.392863 19.826437
v 66.894646 0.150362 19.820637
v -19.818935 1.530608 7.424474
v -19.824236 1.658901 27.265427
v -32.211555 3.872336 19.829046
v -12.384030 1.687447 19.812536
v -19.821241 1.020694 -71.851181
v -19.820736 0.354555 -52.029301
v -32.208565 0.633825 -59.462227
v -12.388099 -0.089554 -59.461819
v 59.464371 0.193125 -71.855309
v 59.460064 2.586392 -52.026260
v 47.072998 -0.061862 -59.462746
v 66.906731 2.345462 -59.471977
v -79.292625 -0.033632 61.948448
v 61.939533 -1.288532 79.282776
v 79.303329 1.182193 -61.958775
v -61.939491 0.006502 -79.282547
v -79.282547 -1.248725 -17.343058
v -17.337440 1.436399 79.290031
v 79.282547 -0.592792 17.343058
v 17.343418 0.068209 -79.284882
v -0.000181 1.063304 -61.939621
v 0.006062 1.550004 17.317028
v -61.946667 0.324181 -0.009919
v 17.344284 3.114973 -0.003624
v -79.287445 -1.108487 22.302547
v 22.301008 0.538887 79.280464
v 79.290344 1.090354 -22.292927
v -22.298216 0.611987 -79.282547
v -79.282547 -1.539285 -56.984329
v -57.004032 0.859340 79.340050
v 79.282852 1.209804 56.984203
v 56.984341 0.016011 -79.282562
v -0.001696 1.484831 -22.301704
v -0.009105 3.356804 57.008827
v -22.306250 2.355968 0.019243
v 56.984955 1.332691 -0.005084
v 39.640617 1.044021 17.345470
v 39.638577 1.531938 56.994064
v 17.336868 2.967405 39.639023
v 56.985470 0.272321 39.634388
v -39.642960 3.171944 17.349430
v -39.635033 1.423681 56.975163
v -61.940884 1.406647 39.632736
v -22.303854 2.455082 39.633614
v -39.641273 -0.050958 -61.939484
v -39.638660 1.173727 -22.306889
v -61.937622 1.076692 -39.653069
v -22.300577 1.116938 -39.639015
v 39.641121 -0.562354 -61.939995
v 39.640240 1.545130 -22.298685
v 17.342428 0.964038 -39.639874
v 56.993313 1.747582 -39.660267
v -79.284752 -0.220952 42.117905
v 42.113972 -0.078472 79.318787
v 79.296432 1.174495 -42.114388
v -42.118855 0.536360 -79.282547
v -79.288315 -0.376757 -37.167702
v -37.165207 0.729250 79.292351
v 79.314957 1.300245 37.142918
v 37.160320 0.711014 -79.282906
v -0.000039 -0.074490 -42.118786
v -0.009822 2.755600 37.178997
v -42.118858 -1.453692 -0.000037
v 37.159698 2.418715 0.003277
v -79.286491 -0.306892 2.474794
v 2.482459 1.442404 79.267281
v 79.293236 0.376623 -2.485214
v -2.477249 0.094149 -79.283485
v -79.282547 0.386918 -76.804970
v -76.808418 -1.114727 79.291183
v 79.293900 1.133302 76.823593
v 76.806793 0.124006 -79.285957
v 0.001128 1.613434 -2.479789
v 0.005318 1.586620 76.788727
v -2.478038 1.580033 0.003992
v 76.815025 1.458883 -0.007485
v 39.643723 1.484117 37.151726
v 39.634987 1.432549 76.867233
v 37.164837 2.587455 39.631985
v 76.849754 2.373164 39.600143
v -39.648106 1.539635 37.150623
v -39.650043 2.011197 76.835136
v -42.123726 1.658247 39.628136
v -2.487413 2.272849 39.653221
v -39.645119 0.070784 -42.114704
v -39.641376 -0.860425 -2.477694
v -42.120384 0.130734 -39.641914
v -2.477576 -0.353053 -39.641273
v 39.642464 2.485893 -42.123116
v 39.637402 2.607069 -2.479151
v 37.161865 2.946187 -39.639297
v 76.823013 1.376263 -39.642712
v 59.456337 2.647774 -22.285101
v 59.463268 1.599111 -2.483778
v 56.978210 2.018121 -19.807991
v 76.814690 1.356082 -19.813023
v 19.821882 1.564729 -22.303642
v 19.820704 2.732811 -2.482202
v 17.343546 1.640391 -19.826071
v 37.165756 1.683654 -19.829981
v 19.822567 0.990421 -61.944630
v 19.820133 1.017395 -42.117897
v 17.344568 0.415484 -59.465755
v 37.163795 0.194163 -59.462753
v -19.820599 -0.265810 -22.298313
v -19.827612 2.742119 -2.458620
v -22.298155 -0.379856 -19.820976
v -2.478362 1.546841 -19.826971
v -59.463276 1.354418 -22.295258
v -59.469780 -0.118330 -2.481102
v -61.941818 1.302202 -19.815268
v -42.118095 1.436270 -19.824272
v -59.461910 0.584048 -61.939491
v -59.460529 0.587674 -42.126839
v -61.939491 -0.050266 -59.461910
v -42.118904 0.379681 -59.461796
v -19.828085 2.293621 57.004642
v -19.810888 3.311363 76.809036
v -22.301462 1.517926 59.473782
v -2.487746 3.007837 59.489994
v -59.458935 2.962865 56.977707
v -59.486671 1.134457 76.876129
v -61.943321 3.217861 59.461353
v -42.111843 1.548177 59.447502
v -59.462723 -0.296237 17.344919
v -59.463398 1.077123 37.155663
v -61.940540 -0.197720 19.822599
v -42.127674 2.377668 19.844843
v 59.456444 4.803267 56.999111
v 59.461872 -0.850472 76.805145
v 56.973221 4.437859 59.497112
v 76.805283 1.065976 59.461868
v 19.816236 2.619397 56.992344
v 19.822224 0.188902 76.803299
v 17.338190 2.246523 59.474987
v 37.161129 2.100558 59.474068
v 19.817835 2.574368 17.347931
v 19.818026 3.219892 37.158623
v 17.344610 1.809302 19.809315
v 37.163475 1.101009 19.820459
v 59.460995 1.061469 17.345879
v 59.464317 0.340703 37.155361
v 56.984089 0.560574 19.822197
v 76.805183 -0.235395 19.820656
v -19.815851 2.553902 17.331820
v -19.828175 2.477136 37.164272
v -22.295145 3.357286 19.814951
v -2.471261 1.995356 19.796598
v -19.822992 1.008782 -61.938782
v -19.822466 1.154925 -42.116451
v -22.299843 1.198452 -59.461956
v -2.478391 1.077353 -59.460922
v 59.462685 0.801229 -61.945431
v 59.471466 2.729165 -42.138477
v 56.983368 0.024689 -59.465988
v 76.829308 2.353617 -59.483772
v 69.384132 3.257185 -52.028214
v 69.392632 2.761403 -42.126972
v 66.897980 3.493906 -49.543678
v 76.819435 1.258319 -49.543667
v 49.554054 1.445919 -52.036835
v 49.559391 2.324107 -42.135975
v 47.079571 1.530722 -49.564877
v 56.986420 2.962191 -49.558586
v 49.551144 0.383407 -71.849792
v 49.549999 -0.536288 -61.940880
v 47.073322 0.073773 -69.372261
v 56.985676 0.821708 -69.376694
v -9.910980 1.053073 -52.028244
v -9.910709 0.443458 -42.118008
v -12.388337 1.129099 -49.550705
v -2.478702 1.059018 -49.550220
v -29.731953 1.598604 -52.027290
v -29.732639 0.264380 -42.116402
v -32.211113 1.526212 -49.546238
v -22.298313 0.925870 -49.551517
v -29.730955 0.086689 -71.849808
v -29.731152 0.099727 -61.940025
v -32.208534 -0.206937 -69.372231
v -22.299381 0.727550 -69.372169
v -9.911565 3.810527 27.257574
v -9.924378 3.486010 37.182327
v -12.394926 3.368105 29.749151
v -2.479531 4.575826 29.732674
v -29.744411 2.277976 27.287661
v -29.734062 1.030628 37.163303
v -32.222691 1.718813 29.761560
v -22.304794 1.237763 29.747311
v -29.726877 1.119285 7.412842
v -29.728731 3.795269 17.335917
v -32.203777 1.392914 9.891472
v -22.291645 1.388517 9.887395
v 69.375412 0.176921 27.252764
v 69.399323 2.422226 37.128567
v 66.897949 -0.063842 29.728756
v 76.824104 1.157624 29.728666
v 49.551422 0.490865 27.253605
v 49.551590 -0.243775 37.163692
v 47.074631 0.863185 29.727491
v 56.984329 -0.009688 29.730955
v 49.550846 1.007479 7.434180
v 49.551090 1.363837 17.348042
v 47.073666 1.126989 9.911638
v 56.981659 1.366719 9.917672
v 29.734787 1.019731 27.236748
v 29.732252 3.977475 37.145779
v 27.255997 1.119066 29.717943
v 37.171547 2.793618 29.696709
v 9.913802 2.792830 27.237251
v 9.906510 2.978653 37.164864
v 7.434185 3.637291 29.721607
v 17.346209 2.360356 29.716381
v 9.903664 3.142273 7.453403
v 9.911527 2.916588 17.331285
v 7.425197 2.900228 9.930961
v 17.336361 3.432827 9.933240
v 29.729103 0.732284 66.915443
v 29.734856 1.726898 76.823578
v 27.253109 0.127627 69.387901
v 37.153896 3.177119 69.450516
v 9.908875 0.343394 66.907425
v 9.911100 0.665061 76.803040
v 7.434503 0.253162 69.373749
v 17.342875 -1.273603 69.373077
v 9.902558 1.735753 47.075283
v 9.903728 3.079192 57.001953
v 7.426591 2.733608 49.554783
v 17.333704 2.649886 49.555908
v 69.372223 0.459703 66.894760
v 69.378235 0.918466 76.822044
v 66.894638 1.222764 69.372421
v 76.809418 0.669419 69.377914
v 49.536243 4.081887 66.961945
v 49.544003 -0.078158 76.842430
v 47.057766 3.651970 69.452888
v 56.978104 2.201346 69.399811
v 49.550816 2.217525 47.072735
v 49.539814 3.832637 57.016582
v 47.072433 1.571643 49.553291
v 56.982803 4.280046 49.539696
v -49.561359 1.337132 27.268198
v -49.556667 2.078758 37.149982
v -52.036377 1.102654 29.733624
v -42.131760 2.599287 29.743361
v -69.372246 -1.523004 27.253347
v -69.373871 0.959113 37.157505
v -71.849808 -1.483106 29.730944
v -61.941898 -0.424366 29.723042
v -69.386909 1.361147 7.423937
v -69.379517 0.294329 17.347994
v -71.866676 1.361277 9.909717
v -61.943577 0.338048 9.906361
v -49.556156 3.226156 66.907883
v -49.579292 1.886373 76.890938
v -52.041531 3.103343 69.408089
v -42.122299 4.406933 69.385612
v -69.394852 1.633795 66.924812
v -69.389229 0.273368 76.847755
v -71.872589 0.728419 69.407974
v -61.954849 1.480266 69.410507
v -69.380959 1.146247 47.064621
v -69.379547 2.322691 56.985573
v -71.861244 1.051198 49.545948
v -61.929951 2.872649 49.539566
v -9.910858 1.631811 66.890800
v -9.908214 1.397799 76.799690
v -12.384669 2.650956 69.362045
v -2.476470 0.974416 69.367607
v -29.724047 2.509130 66.877228
v -29.727732 2.264145 76.824150
v -32.202316 3.241565 69.357094
v -22.291218 2.589067 69.364647
v -29.736633 2.897315 47.083534
v -29.729103 3.774408 56.987129
v -32.212883 2.969417 49.562824
v -22.309132 4.322209 49.572639
v -49.553257 0.127536 -52.026939
v -49.553806 -0.017253 -42.117554
v -52.031429 -0.394513 -49.549522
v -42.122883 1.144122 -49.544376
v -69.372231 -1.453924 -52.029171
v -69.372902 0.315037 -42.125793
v -71.849808 -0.941993 -49.551590
v -61.939430 -1.403241 -49.551933
v -69.372231 0.396475 -71.849808
v -69.372231 -0.166779 -61.939491
v -71.849808 1.084694 -69.372231
v -61.939491 0.250640 -69.372231
v -49.558765 1.532518 -12.372560
v -49.553402 -1.152867 -2.474670
v -52.038731 1.225530 -9.891680
v -42.120148 1.160789 -9.907487
v -69.374977 -0.931613 -12.383827
v -69.378181 0.128495 -2.484559
v -71.851578 -1.221028 -9.909357
v -61.950317 0.256012 -9.891918
v -69.376602 1.048728 -32.217411
v -69.372231 1.128937 -22.298216
v -71.854218 1.205753 -29.735584
v -61.939438 0.058972 -29.731728
v -9.905688 1.609567 -12.400402
v -9.911999 2.898984 -2.465206
v -12.384022 2.430921 -9.918224
v -2.474227 1.743799 -9.921768
v -29.731253 1.115173 -12.388638
v -29.733469 1.103521 -2.474359
v -32.208996 1.117785 -9.910928
v -22.299026 1.332422 -9.908078
v -29.731520 1.056328 -32.212250
v -29.730408 -0.172583 -22.300806
v -32.207375 1.125758 -29.738689
v -22.298870 0.127654 -29.730993
v 29.731787 -0.245263 -52.031193
v 29.728731 1.504443 -42.114609
v 27.253883 0.186970 -49.552742
v 37.165962 0.206031 -49.556847
v 9.910108 0.365378 -52.029011
v 9.909092 1.195886 -42.115917
v 7.432454 0.293038 -49.551167
v 17.342552 1.239669 -49.551231
v 9.911433 -0.474015 -71.852760
v 9.913613 1.059187 -61.947872
v 7.433964 0.266698 -69.375320
v 17.347170 0.134642 -69.384995
v 29.730795 3.239923 -12.400185
v 29.727167 2.914211 -2.476945
v 27.250818 3.029633 -9.918869
v 37.163933 3.518523 -9.924813
v 9.909252 1.286900 -12.392033
v 9.911150 2.102437 -2.479249
v 7.432828 1.194121 -9.915725
v 17.341345 1.439568 -9.913177
v 9.910624 0.418537 -32.209465
v 9.909650 2.652086 -22.304909
v 7.432936 1.206349 -29.732985
v 17.344492 1.543179 -29.735010
v 69.377853 -0.194741 -12.385059
v 69.380188 1.611978 -2.483579
v 66.897598 -0.148590 -9.912066
v 76.815384 -0.823788 -9.917019
v 49.554615 2.178905 -12.401535
v 49.550354 1.767529 -2.483768
v 47.076942 2.937717 -9.925634
v 56.986897 1.367722 -9.920342
v 49.548916 3.317250 -32.203907
v 49.545898 2.521682 -22.288643
v 47.068130 3.141529 -29.718943
v 56.981846 3.472908 -29.725838
v 69.384514 1.454800 -32.220879
v 69.377373 1.592771 -22.293121
v 66.901291 2.366854 -29.737934
v 76.807251 -0.246274 -29.730928
v 29.724880 2.561573 -32.194565
v 29.732992 1.329956 -22.306740
v 27.249388 1.582549 -29.720495
v 37.159645 1.638344 -29.722265
v 29.728186 -0.674957 -71.857849
v 29.732767 1.084754 -61.947727
v 27.253216 -0.722973 -69.380287
v 37.157871 -0.345681 -69.378067
v -9.910320 -0.177041 -32.208588
v -9.910086 0.709931 -22.301760
v -12.387872 -0.391662 -29.730967
v -2.478174 1.092325 -29.732033
v -49.548473 0.531003 -32.218189
v -49.550735 1.453903 -22.301962
v -52.026421 0.414230 -29.738918
v -42.115276 1.078247 -29.743130
v -49.551590 -1.248232 -71.849808
v -49.551590 0.550543 -61.939491
v -52.029171 -0.531153 -69.372231
v -42.118855 -1.058176 -69.372231
v -9.914646 2.732243 47.070301
v -9.917674 2.645293 57.003296
v -12.393609 2.997433 49.555523
v -2.482438 2.679569 49.557255
v -49.550091 3.402053 47.066113
v -49.550343 -0.224541 56.981754
v -52.022182 3.129728 49.539909
v -42.118645 1.135314 49.552200
v -49.550220 1.350629 7.434178
v -49.557201 1.216644 17.359947
v -52.028225 1.464993 9.911679
v -42.115658 1.579937 9.907813
v 69.402580 3.935065 47.029789
v 69.382439 3.400771 56.984676
v 66.911629 4.642241 49.524864
v 76.826225 2.117130 49.532887
v 29.726444 1.439539 47.069012
v 29.730864 1.401479 56.984398
v 27.247816 1.323490 49.551342
v 37.163677 0.365256 49.551540
v 29.731300 3.042068 7.436368
v 29.727095 1.645788 17.356588
v 27.251724 2.874108 9.920722
v 37.164005 2.345229 9.913100
v 69.376396 1.387471 7.431553
v 69.372231 0.177088 17.343058
v 66.894981 1.211437 9.913526
v 76.805031 0.244400 9.910264
v -9.912278 1.367135 7.442010
v -9.905634 1.163067 17.329718
v -12.386830 1.115058 9.907829
v -2.479469 1.435847 9.913352
v -9.908649 0.890857 -71.856728
v -9.910398 0.131136 -61.939510
v -12.387600 1.192120 -69.376740
v -2.477566 0.213552 -69.372276
v 69.379005 -0.710630 -71.862526
v 69.386436 2.059013 -61.952999
v 66.899567 -0.097587 -69.381844
v 76.816544 -0.555393 -69.384377
v 74.342606 0.202777 -66.909760
v 74.350121 2.322886 -61.960884
v 71.864578 1.350534 -64.431343
v 76.825592 1.002374 -64.436829
v 64.420219 0.819443 -66.901741
v 64.420677 1.108426 -61.944427
v 61.941509 1.079733 -64.423431
v 66.898994 0.921240 -64.422775
v 64.422874 0.298745 -76.815987
v 64.422966 -0.290229 -71.861488
v 61.943890 -0.728945 -74.335999
v 66.902298 -0.645416 -74.341934
v -4.955143 0.375289 -66.894737
v -4.955340 0.287718 -61.939259
v -7.432751 0.255076 -64.417168
v -2.477626 0.388966 -64.417030
v -14.866614 1.064348 -66.896408
v -14.866817 0.554554 -61.939144
v -17.345160 1.078424 -64.416908
v -12.388602 0.560447 -64.417648
v -14.863692 0.980386 -76.811584
v -14.864873 1.208348 -71.855278
v -17.342518 0.857496 -74.331444
v -12.385878 0.873969 -74.335442
v -4.953228 1.184910 12.378916
v -4.949220 1.291675 17.321199
v -7.428098 0.506995 14.849342
v -2.473831 1.412812 14.848136
v -14.861163 0.969385 12.374340
v -14.861409 1.376652 17.334152
v -17.337685 1.300561 14.850513
v -12.383612 0.274351 14.853444
v -14.871772 2.584899 2.500381
v -14.866867 1.459512 7.438423
v -17.346752 1.747119 4.966304
v -12.392240 1.655374 4.973304
v 74.327400 0.154061 12.387890
v 74.327385 0.011960 17.343058
v 71.849808 0.184897 14.865479
v 76.804970 -0.185956 14.865478
v 64.415421 1.162947 12.392952
v 64.416855 0.279546 17.343586
v 61.937798 1.151512 14.869874
v 66.894386 0.324437 14.866231
v 64.420799 1.617191 2.477620
v 64.417564 1.416793 7.437483
v 61.939331 1.414386 4.960358
v 66.899719 1.597968 4.954314
v 34.685764 1.715628 12.394046
v 34.685165 1.165404 17.347759
v 32.206192 1.698964 14.876839
v 37.163719 1.192440 14.867873
v 24.771486 2.843189 12.404205
v 24.772285 1.791050 17.352470
v 22.293009 2.699120 14.881115
v 27.249189 2.453158 14.880304
v 24.776613 3.376834 2.476413
v 24.775719 3.196093 7.437760
v 22.298559 3.567349 4.958452
v 27.254215 3.293983 4.954925
v 34.686085 0.451303 52.029144
v 34.685894 1.357521 56.985359
v 32.208485 1.210816 54.506760
v 37.163483 1.144442 54.507492
v 24.770746 1.612214 52.031906
v 24.773874 1.635336 56.986595
v 22.293665 1.838845 54.511738
v 27.251583 1.457520 54.507896
v 24.769926 3.881647 42.108387
v 24.766285 2.238270 47.071507
v 22.287346 3.189784 44.592323
v 27.247250 3.103044 44.586788
v 74.342834 3.281508 52.019073
v 74.332405 2.497317 56.983448
v 71.862450 3.703118 54.502110
v 76.810394 2.350849 54.504131
v 64.425438 5.071988 52.014175
v 64.422234 4.312017 56.988701
v 61.940945 5.098363 54.503613
v 66.905930 4.606389 54.500626
v 64.435059 2.566428 42.072659
v 64.429688 4.184266 47.038452
v 61.947762 3.049293 44.564209
v 66.920525 3.527923 44.542564
v -44.594372 2.360044 12.389810
v -44.600815 2.227448 17.358158
v -47.075005 1.672168 14.874363
v -42.118153 2.838821 14.868308
v -54.506516 1.208820 12.388896
v -54.508514 -0.062746 17.348370
v -56.984692 -0.117843 14.866568
v -52.029465 1.145059 14.869824
v -54.508121 -0.139433 2.476817
v -54.506927 1.256771 7.433459
v -56.986149 0.757929 4.953116
v -52.029095 0.616056 4.955918
v -44.595161 -0.113172 52.028038
v -44.591957 0.558336 56.976307
v -47.072380 -0.660197 54.504147
v -42.115162 0.519401 54.502983
v -54.495831 2.716911 52.016048
v -54.503803 0.760593 56.980900
v -56.975475 2.780197 54.496128
v -52.025723 0.186685 54.502773
v -54.505371 3.209102 42.110741
v -54.499615 3.860894 47.062046
v -56.978737 3.406024 44.586594
v -52.027386 3.832520 44.587337
v -4.961267 2.878178 52.041977
v -4.964228 3.164579 57.008732
v -7.439854 2.901120 54.524685
v -2.485498 3.254791 54.526291
v -14.873091 3.130722 52.042645
v -14.871601 1.641304 56.999054
v -17.351646 2.958368 54.526680
v -12.394175 2.534835 54.520985
v -14.873364 3.660850 42.110947
v -14.873158 3.669927 47.075840
v -17.351406 3.797463 44.593674
v -12.394383 3.374299 44.589798
v -44.596432 -0.589333 -66.894646
v -44.596432 0.197013 -61.939491
v -47.074013 0.009907 -64.417068
v -42.118855 -0.277800 -64.417068
v -54.506752 0.120552 -66.894646
v -54.506752 1.053746 -61.939491
v -56.984329 1.040787 -64.417068
v -52.029171 0.352553 -64.417068
v -54.506752 0.006323 -76.804970
v -54.506752 -0.917298 -71.849808
v -56.984329 -1.259485 -74.327385
v -52.029171 -1.436316 -74.327385
v -44.592216 1.072611 -27.266449
v -44.594593 1.356263 -22.304733
v -47.070950 1.198661 -24.785240
v -42.115341 1.127786 -24.786953
v -54.505371 0.580015 -27.257402
v -54.507484 1.503794 -22.297482
v -56.984436 1.205591 -24.775936
v -52.027599 1.259486 -24.780806
v -54.506340 0.367857 -37.167027
v -54.506042 -0.092674 -32.210674
v -56.983585 0.099892 -34.689610
v -52.028240 0.115712 -34.689304
v -4.956014 0.631018 -27.254557
v -4.955819 1.346528 -22.302776
v -7.433312 0.679096 -24.777721
v -2.478887 1.265776 -24.778126
v -14.865432 -0.117559 -27.253389
v -14.865298 -0.054375 -22.298876
v -17.343019 -0.049449 -24.775829
v -12.387856 0.092119 -24.776312
v -14.866479 0.498759 -37.162327
v -14.865582 -0.481967 -32.208473
v -17.344185 0.043673 -34.684998
v -12.388038 -0.046325 -34.686012
v 34.683167 -0.514254 -66.901825
v 34.686245 0.279311 -61.944210
v 32.208366 0.092666 -64.424461
v 37.162128 -0.615764 -64.421158
v 24.777153 -0.178687 -66.901176
v 24.778406 1.116548 -61.947281
v 22.300100 0.458725 -64.422798
v 27.254862 0.439544 -64.424469
v 24.774782 0.397721 -76.815529
v 24.776802 -0.652219 -71.862305
v 22.299698 -0.596029 -74.341324
v 27.251894 -0.687622 -74.337311
v 34.684658 1.291250 -27.251263
v 34.687687 1.555782 -22.305693
v 32.209728 1.103836 -24.781052
v 37.161934 1.544486 -24.773802
v 24.775106 1.398232 -27.250807
v 24.776476 1.083272 -22.301218
v 22.299259 1.500020 -24.778801
v 27.253786 0.894281 -24.777407
v 24.772072 1.676607 -37.154469
v 24.772121 2.493517 -32.198536
v 22.295956 1.688910 -34.679462
v 27.247797 2.757517 -34.672894
v 74.331314 0.904305 -27.251890
v 74.335838 1.614964 -22.291494
v 71.854538 1.562245 -24.772512
v 76.811760 1.241861 -24.771193
v 64.419228 3.025295 -27.254229
v 64.417198 1.560818 -22.293037
v 61.937481 3.044223 -24.769272
v 66.896446 2.188202 -24.774412
v 64.433716 1.629980 -37.183777
v 64.426010 2.796542 -32.220272
v 61.947704 2.396473 -34.698551
v 66.912071 1.739968 -34.705673
v 54.500439 3.395887 -27.240150
v 54.498360 3.101738 -22.280964
v 52.021492 3.063991 -24.760084
v 56.977203 3.476762 -24.760269
v 44.589397 2.829304 -27.238447
v 44.593483 1.662522 -22.295504
v 42.113537 2.280347 -24.765116
v 47.067352 2.738355 -24.762846
v 44.595947 2.818458 -37.163841
v 44.591419 3.186609 -32.198402
v 42.115337 2.918618 -34.679424
v 47.072239 3.224270 -34.683403
v 54.508896 1.802713 -7.443651
v 54.507561 1.688657 -2.485866
v 52.030170 2.639617 -4.965430
v 56.986107 1.766075 -4.964217
v 44.598007 3.228435 -7.447564
v 44.593216 2.318731 -2.478989
v 42.117607 2.950965 -4.965079
v 47.073326 2.679406 -4.963072
v 44.599056 1.696217 -17.356550
v 44.600288 3.108553 -12.406754
v 42.122456 2.673427 -14.882997
v 47.077362 2.529943 -14.881427
v 74.339317 -0.380255 -7.441137
v 74.338852 1.437636 -2.486060
v 71.859383 0.851183 -4.962258
v 76.817780 0.156647 -4.964324
v 64.418770 0.852748 -7.436954
v 64.419296 1.526016 -2.479786
v 61.941002 1.527853 -4.960686
v 66.897194 1.228053 -4.957603
v 64.421051 0.721000 -17.340406
v 64.421295 -0.040312 -12.391214
v 61.942642 0.067723 -14.868338
v 66.901031 0.324007 -14.863306
v 14.867149 1.755516 -27.260384
v 14.866271 2.640503 -22.306074
v 12.388717 2.488162 -24.783527
v 17.344795 1.871689 -24.783209
v 4.954698 1.351684 -27.255890
v 4.953536 1.618231 -22.302116
v 2.476217 1.439812 -24.778324
v 7.432165 1.570049 -24.780016
v 4.954935 0.379085 -37.162548
v 4.955170 1.101517 -32.208942
v 2.477566 0.650485 -34.686146
v 7.432603 0.352438 -34.685249
v 14.865186 1.363598 -7.436190
v 14.866670 2.695521 -2.482177
v 12.388787 1.462736 -4.958783
v 17.342772 2.410087 -4.960071
v 4.956340 1.299161 -7.438528
v 4.955321 1.449050 -2.477522
v 2.479153 1.525353 -4.960090
v 7.433406 1.230915 -4.957140
v 4.953206 1.853098 -17.349676
v 4.955224 1.573023 -12.396755
v 2.477247 1.762116 -14.875084
v 7.431201 1.704762 -14.871933
v 34.683182 3.306797 -7.441270
v 34.681248 2.938349 -2.477843
v 32.203758 3.066732 -4.956992
v 37.160328 3.217936 -4.962672
v 24.772228 2.796080 -7.437499
v 24.774107 2.928889 -2.479499
v 22.295994 2.624698 -4.959096
v 27.249186 2.956320 -4.956394
v 24.776049 2.126810 -17.350489
v 24.773924 2.885916 -12.396832
v 22.296970 1.670554 -14.870997
v 27.253677 3.064765 -14.877182
v 14.869849 0.832423 -66.906532
v 14.868964 0.824699 -61.948441
v 12.392127 1.056637 -64.427925
v 17.346668 1.089628 -64.426895
v 4.956277 0.540493 -66.897446
v 4.956537 1.081900 -61.943302
v 2.478145 0.702942 -64.418655
v 7.435485 1.014415 -64.424019
v 4.955159 0.062151 -76.804970
v 4.955211 -0.233226 -71.849937
v 2.477580 -0.654891 -74.327385
v 7.432769 -1.125814 -74.327461
v 14.864187 1.286293 -47.071899
v 14.864055 1.182154 -42.116013
v 12.386366 1.222919 -44.593437
v 17.341881 1.259915 -44.594448
v 4.954952 0.201007 -47.073643
v 4.954710 0.634833 -42.117413
v 2.477475 0.189524 -44.596230
v 7.431865 1.055174 -44.594414
v 4.955328 1.195676 -56.985584
v 4.954792 0.477787 -52.028885
v 2.476725 1.162950 -54.505920
v 7.432884 1.007765 -54.507572
v 34.687023 0.633405 -47.076485
v 34.684364 2.342133 -42.116680
v 32.207954 1.251515 -44.595879
v 37.164711 1.511836 -44.599915
v 24.775972 0.517053 -47.074444
v 24.775116 1.119753 -42.117184
v 22.298048 1.068701 -44.596203
v 27.253084 0.991918 -44.595802
v 24.779074 1.132750 -56.992817
v 24.777555 0.587251 -52.033478
v 22.300476 1.042701 -54.512398
v 27.256176 0.501772 -54.513855
v -24.776100 0.202189 -27.254297
v -24.775805 -0.380094 -22.298479
v -27.253197 -0.027061 -24.777800
v -22.298231 -0.123357 -24.775927
v -34.683262 1.071392 -27.264618
v -34.683392 0.557788 -22.307409
v -37.160149 1.033988 -24.787714
v -32.206249 0.444823 -24.784973
v -34.687496 -0.099966 -37.163712
v -34.685127 1.065569 -32.215206
v -37.163792 0.531802 -34.689468
v -32.209126 0.361372 -34.688984
v -24.778143 1.362847 -7.427384
v -24.782616 1.696167 -2.461808
v -27.256458 1.316162 -4.948954
v -22.304049 2.422272 -4.940024
v -34.686554 0.627130 -7.433204
v -34.686493 -0.213566 -2.478472
v -37.163990 -0.069155 -4.955404
v -32.209213 0.428666 -4.955280
v -34.685730 1.084014 -17.345007
v -34.686394 1.151464 -12.388434
v -37.163616 1.251927 -14.866557
v -32.208752 1.097551 -14.866112
v -4.951856 2.662836 -7.440097
v -4.954763 2.527874 -2.474072
v -7.431177 2.906485 -4.954340
v -2.475322 2.558042 -4.959946
v -14.864564 2.694575 -7.432054
v -14.869832 3.028668 -2.460728
v -17.346565 2.723976 -4.943631
v -12.387693 2.967717 -4.950300
v -14.863605 0.298073 -17.348204
v -14.862157 1.532058 -12.395170
v -17.341425 0.572697 -14.869059
v -12.383938 1.339276 -14.876333
v -64.417091 0.655724 -27.253485
v -64.417213 1.183162 -22.297899
v -66.894646 1.194775 -24.775799
v -61.939579 1.140919 -24.775616
v -74.330040 1.152027 -27.255255
v -74.327400 0.558277 -22.298223
v -76.805733 0.307795 -24.776228
v -71.850021 1.151896 -24.775953
v -74.334946 0.510918 -37.172661
v -74.334961 1.094426 -32.215698
v -76.813011 0.266453 -34.692875
v -71.856911 1.064659 -34.697102
v -64.426193 -0.090819 -7.423762
v -64.425827 0.325389 -2.485134
v -66.901718 -0.175216 -4.955938
v -61.950161 0.228515 -4.952063
v -74.328354 -1.287461 -7.433500
v -74.330666 -0.152347 -2.483244
v -76.805534 -1.103369 -4.956192
v -71.853600 -0.550796 -4.958753
v -74.327385 -0.626524 -17.343058
v -74.327477 -1.497789 -12.387839
v -76.804970 -1.417911 -14.865478
v -71.849983 -1.040427 -14.865209
v -44.598427 0.242495 -7.428024
v -44.596485 -1.273850 -2.477452
v -47.076180 -0.627491 -4.950418
v -42.118961 -0.467243 -4.955055
v -54.517132 0.303579 -7.417294
v -54.512726 -0.533433 -2.474609
v -56.993717 -0.105388 -4.948900
v -52.036190 -0.332318 -4.944817
v -54.511589 1.643655 -17.332930
v -54.517593 1.515164 -12.365366
v -56.992153 1.520268 -14.848374
v -52.036671 1.717484 -14.849380
v -64.417068 1.077428 -66.894646
v -64.417068 0.215055 -61.939491
v -66.894646 0.522190 -64.417068
v -61.939491 1.065410 -64.417068
v -74.327385 0.359200 -66.894646
v -74.327385 -0.646735 -61.939491
v -76.804970 -0.432823 -64.417068
v -71.849808 0.117004 -64.417068
v -74.327385 0.519569 -76.804970
v -74.327385 0.582442 -71.849808
v -76.804970 -0.013219 -74.327385
v -71.849808 0.045262 -74.327385
v -64.416779 -0.776083 -47.075386
v -64.415649 0.559445 -42.128994
v -66.894218 -0.050395 -44.600109
v -61.938274 0.043432 -44.602535
v -74.327385 -0.541482 -47.074013
v -74.328712 -0.117623 -42.120964
v -76.805008 -0.598433 -44.596485
v -71.849998 -0.175806 -44.597321
v -74.327385 -1.490271 -56.984329
v -74.327385 -1.335638 -52.029171
v -76.804970 -1.511685 -54.506752
v -71.849808 -1.522534 -54.506752
v -44.601059 0.356905 -47.066883
v -44.599560 -0.166032 -42.115868
v -47.077976 -0.266189 -44.591656
v -42.124031 0.329097 -44.589012
v -54.508266 -0.589170 -47.074493
v -54.507252 0.384145 -42.121902
v -56.984325 -0.034023 -44.600464
v -52.031422 -0.227952 -44.595894
v -54.506752 0.078261 -56.984329
v -54.507133 -0.655474 -52.028915
v -56.984329 -0.500614 -54.506752
v -52.029327 -0.064760 -54.506561
v -24.785311 4.363521 52.053295
v -24.780769 3.469608 57.002720
v -27.258774 4.157526 54.525639
v -22.307793 3.930429 54.532536
v -34.687714 2.679379 52.038036
v -34.680008 3.012960 56.976818
v -37.160919 1.628273 54.507622
v -32.209160 3.491127 54.515610
v -34.687565 0.578864 42.118366
v -34.688576 1.627119 47.079533
v -37.164822 1.274871 44.597172
v -32.211479 1.473719 44.599945
v -24.768547 3.037644 71.850235
v -24.768061 3.225718 76.821083
v -27.247721 3.049149 74.339638
v -22.288744 3.667211 74.329887
v -34.683098 3.515264 71.845184
v -34.686291 1.359066 76.817635
v -37.166088 3.031186 74.339211
v -32.206581 2.308326 74.338104
v -34.674164 3.701486 61.910206
v -34.677357 4.021804 66.871277
v -37.153248 4.043018 64.389877
v -32.197868 3.542437 64.389511
v -4.953777 1.352690 71.843552
v -4.952015 1.373340 76.794533
v -7.431119 1.483348 74.321083
v -2.473215 1.518460 74.313721
v -14.859012 3.265103 71.838242
v -14.859931 2.337575 76.802536
v -17.334061 3.533932 74.320656
v -12.383847 2.442894 74.319565
v -14.867479 1.382254 61.942192
v -14.862469 2.243148 66.885910
v -17.340809 1.344647 64.410980
v -12.389512 1.618905 64.417435
v -64.412926 2.541055 52.020718
v -64.420128 3.191221 56.981220
v -66.896912 2.293568 54.502937
v -61.935097 3.281741 54.497707
v -74.337967 1.032825 52.026711
v -74.334885 1.268102 56.987453
v -76.812515 0.567875 54.506203
v -71.855980 1.245482 54.506496
v -74.333504 1.240636 42.112980
v -74.341095 1.120027 47.067677
v -76.814758 0.642670 44.592072
v -71.859459 1.338585 44.587322
v -64.439339 1.207515 71.905922
v -64.438759 0.605404 76.864502
v -66.917023 1.044166 74.383766
v -61.964806 1.212069 74.398430
v -74.341873 -0.267218 71.876587
v -74.336540 -0.512580 76.827179
v -76.811028 -0.936005 74.340485
v -71.864761 0.024865 74.362366
v -74.342781 1.365355 61.951496
v -74.348167 0.747925 66.917091
v -76.820175 0.526030 64.430290
v -71.870026 1.613045 64.436646
v -44.610600 4.006214 71.895714
v -44.618618 2.273912 76.875992
v -47.098331 3.276003 74.403755
v -42.132336 3.353908 74.372032
v -54.527199 2.714799 71.909447
v -54.535099 1.395032 76.889236
v -57.011200 1.553015 74.405334
v -52.057148 2.771487 74.411568
v -54.507481 1.283270 61.941311
v -54.515793 2.600542 66.920509
v -56.987709 1.532221 64.425156
v -52.032257 2.454595 64.425819
v -64.422989 0.047168 12.386880
v -64.418930 -0.151959 17.344851
v -66.901581 0.276873 14.868140
v -61.940884 -0.362488 14.866659
v -74.344147 1.244627 12.394209
v -74.339653 0.478780 17.352411
v -76.819351 0.665468 14.874636
v -71.862999 1.123117 14.872972
v -74.334801 0.703353 2.468814
v -74.341789 1.301156 7.428774
v -76.813553 0.563331 4.950142
v -71.862373 1.334307 4.944404
v -64.418732 -0.447181 32.200165
v -64.418816 1.207892 37.154652
v -66.895882 0.120971 34.679222
v -61.941433 0.178509 34.676311
v -74.327385 -1.085752 32.208534
v -74.327950 0.320309 37.162552
v -76.804970 -0.536094 34.686111
v -71.850090 -0.229952 34.684959
v -74.332489 -0.967079 22.302689
v -74.327576 -1.522680 27.253536
v -76.807182 -1.348946 24.777748
v -71.850410 -1.439544 24.776325
v -44.606125 2.491359 32.201115
v -44.604000 2.517720 37.145050
v -47.081757 1.698924 34.668858
v -42.128414 2.662171 34.672321
v -54.511551 0.163931 32.202423
v -54.509090 1.265639 37.155972
v -56.986980 0.040236 34.677647
v -52.034103 1.170443 34.674217
v -54.513054 0.649475 22.310837
v -54.513283 0.710364 27.259588
v -56.989117 0.533950 24.780867
v -52.037594 1.174899 24.791576
v 54.501862 4.300080 52.029034
v 54.495739 4.566266 57.009312
v 52.020325 4.079197 54.522957
v 56.978302 4.910233 54.511005
v 44.593987 1.380356 52.034500
v 44.588943 2.664967 57.007679
v 42.116066 1.335775 54.514694
v 47.067017 2.559209 54.523693
v 44.596432 1.464732 42.118855
v 44.596333 1.391561 47.074120
v 42.118855 1.477837 44.596413
v 47.073978 1.553850 44.596367
v 54.499241 1.436392 71.883141
v 54.504723 -0.867745 76.814011
v 52.020794 0.699831 74.365280
v 56.982285 0.071200 74.336411
v 44.580868 3.077523 71.940216
v 44.587223 0.576777 76.860809
v 42.106544 2.277756 74.414566
v 47.061127 1.380072 74.394981
v 44.583874 4.089024 61.990578
v 44.581287 4.094283 66.970482
v 42.106308 3.962348 64.480003
v 47.058975 4.361281 64.480225
v 74.334862 1.518301 71.862282
v 74.339401 1.493382 76.829155
v 71.858017 1.579758 74.345100
v 76.815834 1.478856 74.346161
v 64.417053 1.173965 71.850082
v 64.417557 -0.306795 76.807076
v 61.939453 0.172334 74.327621
v 66.895973 0.852601 74.331917
v 64.416878 2.018389 61.954731
v 64.416031 1.252477 66.899895
v 61.935604 1.976509 64.437592
v 66.894554 0.991073 64.421272
v 14.858562 3.019493 52.035229
v 14.859585 3.007117 56.997883
v 12.381784 3.274306 54.517307
v 17.337124 3.028046 54.515121
v 4.949049 3.298352 52.037792
v 4.947891 3.080120 57.003597
v 2.470030 3.425990 54.523769
v 7.426501 3.276995 54.518505
v 4.947047 1.524336 42.124683
v 4.949062 1.752512 47.074608
v 2.471246 1.595400 44.598206
v 7.424860 1.584290 44.598263
v 14.865449 -0.801360 71.850273
v 14.865519 0.020583 76.804909
v 12.388133 0.041188 74.327164
v 17.343294 -0.348353 74.327087
v 4.958916 1.204638 71.842255
v 4.959816 1.544565 76.791634
v 2.482709 1.575701 74.313416
v 7.435742 1.302555 74.320656
v 4.948943 1.589373 61.962738
v 4.955825 0.461755 66.900818
v 2.474139 1.142189 64.431610
v 7.429417 1.219050 64.435745
v 34.680355 2.686951 71.919495
v 34.685970 1.759167 76.847740
v 32.208595 1.830940 74.369812
v 37.157505 2.580337 74.400482
v 24.777504 -0.079126 71.855560
v 24.779654 1.234624 76.807014
v 22.300438 0.195442 74.327141
v 27.256674 1.355144 74.339973
v 24.775576 0.572584 61.939926
v 24.775709 -0.494152 66.896996
v 22.297960 -0.164727 64.417809
v 27.253115 0.123405 64.419868
v 14.857493 3.274622 12.411341
v 14.863082 2.657393 17.345421
v 12.383063 3.119866 14.875678
v 17.336960 2.801312 14.882442
v 4.950757 2.663723 12.396325
v 4.960515 2.743921 17.316673
v 2.478747 2.309816 14.854661
v 7.431359 3.106731 14.862386
v 4.951560 1.669294 2.489039
v 4.947646 2.798967 7.454113
v 2.472367 1.696076 4.970246
v 7.427118 2.904524 4.972929
v 14.867017 3.206226 32.198959
v 14.862452 2.950463 37.161327
v 12.387365 3.390645 34.681244
v 17.342657 2.968613 34.680813
v 4.953785 3.877652 32.206711
v 4.947945 2.837336 37.172394
v 2.471947 3.525052 34.693951
v 7.429637 3.470531 34.687302
v 4.962754 2.710066 22.266771
v 4.958459 3.548804 27.238529
v 2.482852 3.532673 24.754089
v 7.438140 2.584612 24.752964
v 34.693874 2.763658 32.173027
v 34.689243 3.259636 37.143547
v 32.213013 3.267702 34.660313
v 37.169815 2.565733 34.657490
v 24.776846 1.887480 32.199806
v 24.774788 3.737477 37.153023
v 22.297800 2.897969 34.679565
v 27.254793 3.179528 34.671547
v 24.775620 1.545237 22.294653
v 24.777782 0.824269 27.244038
v 22.301735 1.332252 24.758785
v 27.254168 0.952386 24.770802
v 54.505081 1.451097 12.393566
v 54.506084 1.305548 17.347168
v 52.028435 1.415629 14.870156
v 56.982574 1.389313 14.871137
v 44.596268 1.083717 12.389415
v 44.595505 1.288910 17.348309
v 42.118481 1.015985 14.867749
v 47.073658 1.283623 14.869514
v 44.592651 1.563641 2.482369
v 44.594971 1.331811 7.435815
v 42.116360 1.631081 4.960122
v 47.071640 1.250533 4.958526
v 54.506752 0.051260 32.208534
v 54.506802 -0.258545 37.163395
v 52.029171 -0.219498 34.686115
v 56.984428 0.006420 34.685768
v 44.598782 0.850091 32.198265
v 44.596718 0.186055 37.162472
v 42.122192 1.139812 34.671833
v 47.074211 -0.327075 34.685242
v 44.595482 1.569607 22.301353
v 44.597439 1.685684 27.247150
v 42.119694 2.394048 24.770071
v 47.073326 1.412310 24.777800
v 74.353683 1.399357 32.199043
v 74.366112 2.664184 37.131779
v 71.877190 1.663128 34.665382
v 76.837753 1.520713 34.670509
v 64.420219 0.262867 32.204147
v 64.429260 1.389012 37.138000
v 61.942539 0.462787 34.679188
v 66.907997 1.331581 34.667973
v 64.417068 0.139833 22.298216
v 64.417130 -0.258081 27.253336
v 61.939491 -0.092792 24.775795
v 66.894699 0.069752 24.775789
v -24.768841 1.604869 12.365359
v -24.771713 3.295270 17.332232
v -27.248413 3.104087 14.849710
v -22.292482 2.276154 14.849058
v -34.682163 2.725174 12.374719
v -34.686008 3.627882 17.342339
v -37.161308 3.303910 14.859362
v -32.205437 3.283644 14.854708
v -34.684521 -0.362245 2.468241
v -34.681759 0.523269 7.415569
v -37.161140 -0.519239 4.944853
v -32.205360 0.454380 4.938450
v -24.781961 1.155473 32.220528
v -24.779499 1.328596 37.160805
v -27.257957 1.154938 34.691303
v -22.303776 1.341306 34.690922
v -34.698185 1.742447 32.225582
v -34.690491 0.751006 37.161148
v -37.172955 1.702756 34.686100
v -32.214832 1.249972 34.692944
v -34.697739 3.368385 22.330296
v -34.703133 2.580677 27.292282
v -37.181793 2.746800 24.821096
v -32.222534 2.890642 24.812489
v -4.963456 4.337854 32.225815
v -4.968155 3.096319 37.184074
v -7.447064 3.789056 34.713432
v -2.487522 3.680350 34.704365
v -14.877272 2.637401 32.233437
v -14.877359 3.323890 37.173592
v -17.353680 2.397207 34.700760
v -12.402949 3.392108 34.712326
v -14.862818 2.826317 22.295107
v -14.867986 2.962518 27.262770
v -17.342796 2.788809 24.779392
v -12.386541 3.317773 24.775017
v -24.776972 0.510916 -66.894180
v -24.777401 0.806655 -61.939476
v -27.254181 0.079278 -64.416992
v -22.300417 1.035681 -64.416397
v -34.686115 -0.849359 -66.894646
v -34.686111 -0.202705 -61.939518
v -37.163692 -0.605876 -64.417068
v -32.208546 -0.781235 -64.417137
v -34.686115 0.675742 -76.804970
v -34.686115 -0.055705 -71.849808
v -37.163692 0.017860 -74.327385
v -32.208534 0.044586 -74.327385
v -24.776249 0.930969 -47.073143
v -24.777397 1.002508 -42.117313
v -27.254423 0.927482 -44.594601
v -22.299355 0.986711 -44.594917
v -34.690224 1.399261 -47.066223
v -34.689533 0.271763 -42.114189
v -37.168499 1.149819 -44.588821
v -32.211445 1.118385 -44.591328
v -34.686726 1.176628 -56.983002
v -34.688610 1.543761 -52.023819
v -37.165436 1.337982 -54.502949
v -32.209499 1.516609 -54.504829
v -4.955847 1.070196 -47.073196
v -4.955235 -0.136854 -42.118824
v -7.433091 0.594281 -44.595867
v -2.477784 0.160454 -44.596302
v -14.866135 1.125952 -47.072517
v -14.866691 1.124942 -42.116749
v -17.344292 1.123545 -44.594288
v -12.388612 1.114774 -44.594898
v -14.865801 -0.225422 -56.984169
v -14.865612 0.372408 -52.028870
v -17.343325 0.170255 -54.506714
v -12.388134 0.070146 -54.506443
v 54.507133 0.860062 -66.898788
v 54.505821 0.270821 -61.944279
v 52.028385 0.232781 -64.420303
v 56.985050 1.039077 -64.423332
v 44.595760 -0.935918 -66.894882
v 44.596146 -0.998196 -61.939571
v 42.118431 -1.310135 -64.417480
v 47.073574 -1.060157 -64.417290
v 44.591995 1.047797 -76.804756
v 44.592266 0.631050 -71.850052
v 42.112823 1.146459 -74.328117
v 47.071068 1.005486 -74.327141
v 54.514111 3.003446 -47.091625
v 54.517406 2.676331 -42.142475
v 52.039673 2.538398 -44.619617
v 56.992435 3.293205 -44.615723
v 44.603142 1.435596 -47.089306
v 44.600479 1.676160 -42.128353
v 42.123177 1.601163 -44.606792
v 47.081234 1.497009 -44.612415
v 44.596725 0.673962 -56.986645
v 44.599319 1.303799 -52.036854
v 42.120602 1.129725 -54.511402
v 47.074661 1.238804 -54.510696
v 74.343452 1.735776 -47.065430
v 74.348129 2.499860 -42.117996
v 71.867546 2.716355 -44.593719
v 76.821953 1.598788 -44.588924
v 64.418419 3.543084 -47.070034
v 64.430458 2.668090 -42.132004
v 61.944305 3.349619 -44.604305
v 66.905045 3.011109 -44.597622
v 64.423111 2.090821 -56.985298
v 64.418045 3.255515 -52.022438
v 61.938549 2.009829 -54.500660
v 66.904785 3.127937 -54.508156
v 74.352516 3.045031 -57.004719
v 74.347687 2.321140 -52.030884
v 71.871506 3.315221 -54.519142
v 76.826347 1.963360 -54.517620
v 54.505157 0.267790 -56.986111
v 54.508015 1.538446 -52.034458
v 52.028820 1.219146 -54.509666
v 56.982826 1.195264 -54.506302
v 54.506741 0.280447 -76.804977
v 54.506969 0.291777 -71.850533
v 52.029018 0.069682 -74.327400
v 56.984776 -0.522832 -74.328362
v -4.956309 1.042490 -56.982796
v -4.956446 1.090291 -52.027538
v -7.433801 0.527637 -54.505352
v -2.479023 1.130484 -54.504890
v -24.776524 1.415096 -56.985157
v -24.775961 1.323899 -52.029545
v -27.253725 1.514980 -54.507107
v -22.298676 1.270907 -54.507462
v -24.775795 0.705337 -76.804970
v -24.775951 0.375657 -71.849777
v -27.253376 0.238655 -74.327385
v -22.298311 0.949919 -74.327599
v -4.950546 2.897266 22.282393
v -4.954648 4.392938 27.249798
v -7.430327 3.660351 24.768690
v -2.473718 3.886770 24.760853
v -24.776516 3.479046 22.302769
v -24.782072 1.471402 27.271338
v -27.260796 2.955534 24.797184
v -22.299875 2.566134 24.783611
v -24.781359 1.562639 2.486928
v -24.772654 1.354834 7.416573
v -27.253851 1.259305 4.947750
v -22.301258 1.647470 4.958249
v 74.328545 0.117826 22.298302
v 74.338364 1.081153 27.252886
v 71.852211 0.324949 24.775820
v 76.810890 0.282261 24.776091
v 54.506714 0.288826 22.299362
v 54.506752 -0.102583 27.253391
v 52.029007 0.150228 24.776920
v 56.984329 -0.175445 24.775829
v 54.506298 1.055726 2.475776
v 54.505077 1.117814 7.437146
v 52.028236 0.957082 4.955879
v 56.982597 1.079806 4.959667
v 34.687313 1.194090 22.292303
v 34.692360 2.235930 27.226377
v 32.211506 1.200163 24.763039
v 37.166809 2.274293 24.761105
v 14.870831 1.567677 22.273489
v 14.869649 2.155169 27.234510
v 12.393263 1.608245 24.752243
v 17.348627 1.458101 24.751144
v 14.865661 3.318035 2.479363
v 14.859545 3.495644 7.453528
v 12.384542 3.153143 4.967745
v 17.341490 3.561279 4.964101
v 34.683575 1.593439 61.955673
v 34.679794 2.301995 66.945915
v 32.206062 1.278867 64.437607
v 37.156475 2.740306 64.462975
v 14.860387 1.476086 61.957348
v 14.863336 -0.357364 66.904594
v 12.383690 0.961737 64.436035
v 17.340298 0.349673 64.426994
v 14.855618 2.356193 42.119926
v 14.855431 1.779955 47.076031
v 12.377896 1.626075 44.598392
v 17.331356 2.460064 44.597164
v 74.327614 0.450889 61.939514
v 74.328110 0.007581 66.895515
v 71.849884 -0.189874 64.417152
v 76.805069 -0.573580 64.417175
v 54.493076 4.297696 61.988277
v 54.495869 3.310443 66.940628
v 52.014538 4.228650 64.474945
v 56.974346 3.316105 64.457825
v 54.506927 1.202007 42.114590
v 54.505798 3.134752 47.065697
v 52.028904 2.055519 44.593616
v 56.985058 2.467624 44.583549
v -44.609959 1.489036 22.331106
v -44.609432 1.687949 27.274147
v -47.086517 1.420665 24.802450
v -42.134502 1.717166 24.810886
v -64.417984 -0.504802 22.299622
v -64.417847 -1.092938 27.251223
v -66.894974 -1.216771 24.776154
v -61.940784 -0.468152 24.775871
v -64.425499 1.151251 2.463974
v -64.425987 1.089837 7.423444
v -66.905960 1.297511 4.941408
v -61.945572 1.098094 4.945460
v -44.591042 2.254382 61.926750
v -44.596672 3.802582 66.897141
v -47.072765 2.865747 64.414253
v -42.112709 3.482567 64.401886
v -64.427666 3.179459 61.947292
v -64.430229 1.628159 66.916252
v -66.911995 2.709838 64.435898
v -61.947334 2.310149 64.427094
v -64.419350 1.511134 42.109276
v -64.414597 1.551041 47.064224
v -66.899361 1.415363 44.585880
v -61.936504 2.237462 44.587223
v -4.964309 2.367089 61.962723
v -4.957054 1.049156 66.895706
v -7.437937 1.614853 64.426338
v -2.482540 1.175745 64.428764
v -24.774225 1.290001 61.938984
v -24.771486 1.326917 66.888664
v -27.248333 1.511033 64.405899
v -22.295254 1.021951 64.411949
v -24.781494 2.264566 42.114361
v -24.784874 3.773648 47.086369
v -27.259321 2.519294 44.600437
v -22.306618 3.473270 44.597897
v -44.596699 1.014491 -56.983829
v -44.599377 1.047953 -52.024109
v -47.074825 0.345493 -54.505444
v -42.120640 1.125442 -54.503246
v -64.417068 -0.759271 -56.984329
v -64.417068 -1.497439 -52.029171
v -66.894646 -1.424999 -54.506752
v -61.939491 -1.069742 -54.506752
v -64.417068 0.153152 -76.804970
v -64.417068 -0.045916 -71.849808
v -66.894646 -0.380908 -74.327385
v -61.939491 -0.845405 -74.327385
v -44.598068 1.616953 -17.340603
v -44.599911 1.485885 -12.380124
v -47.078442 1.643069 -14.856138
v -42.120186 1.524464 -14.863185
v -64.420059 1.117133 -17.336229
v -64.424934 0.144459 -12.372361
v -66.897926 -0.045830 -14.858782
v -61.946793 1.210297 -14.849151
v -64.416412 1.067580 -37.177536
v -64.417343 0.280840 -32.215248
v -66.896622 1.028191 -34.699024
v -61.938229 0.450240 -34.695976
v -4.953861 1.526340 -17.353767
v -4.951271 1.657534 -12.401936
v -7.429114 1.492395 -14.879125
v -2.475854 1.618430 -14.877826
v -24.775764 0.028179 -17.343641
v -24.775789 1.087204 -12.388628
v -27.253479 0.618745 -14.866228
v -22.298004 0.328170 -14.866223
v -24.778404 0.364651 -37.162205
v -24.777470 0.434281 -32.208824
v -27.255260 0.284057 -34.686718
v -22.300571 0.175662 -34.684666
v 34.686577 0.356745 -56.985867
v 34.686687 -0.207818 -52.030434
v 32.209351 0.089211 -54.508953
v 37.164330 0.291378 -54.508141
v 14.866236 0.247884 -56.986347
v 14.865128 1.101719 -52.029037
v 12.388022 0.348574 -54.507336
v 17.343697 1.023715 -54.508621
v 14.866273 0.083928 -76.807968
v 14.869024 -0.456196 -71.860565
v 12.388947 -1.213356 -74.330498
v 17.345978 -0.809968 -74.338943
v 34.688980 2.568152 -17.356647
v 34.687084 3.400481 -12.402169
v 32.210369 3.092126 -14.879178
v 37.166557 2.912123 -14.881552
v 14.864867 1.536970 -17.347567
v 14.864577 1.091839 -12.389568
v 12.386540 1.416574 -14.869035
v 17.342207 1.187436 -14.867477
v 14.865047 0.367507 -37.162498
v 14.866453 0.582213 -32.211113
v 12.387900 -0.061722 -34.685837
v 17.343266 1.059707 -34.685921
v 74.337029 1.281317 -17.334438
v 74.334175 -0.453980 -12.386431
v 71.857742 0.604179 -14.858353
v 76.811821 0.107382 -14.860708
v 54.504059 1.338924 -17.340445
v 54.508915 1.194059 -12.396909
v 52.030514 1.399211 -14.873751
v 56.985332 0.279649 -14.870247
v 54.511703 2.474176 -37.174759
v 54.505665 3.184800 -32.207123
v 52.030102 2.927542 -34.689121
v 56.987389 2.565254 -34.692829
v 74.349152 1.233685 -37.174618
v 74.334846 -0.062733 -32.214611
v 71.869186 1.173453 -34.701935
v 76.814156 -0.500235 -34.691566
v 34.681610 3.117989 -37.155640
v 34.681614 1.664204 -32.199314
v 32.202316 2.861629 -34.673279
v 37.159859 2.543478 -34.679108
v 34.681976 0.659691 -76.807220
v 34.680386 -0.266618 -71.855598
v 32.204124 -0.483635 -74.332901
v 37.157391 0.457042 -74.330154
v -4.955144 -0.061457 -37.163754
v -4.955319 0.323487 -32.209003
v -7.432735 0.059256 -34.686192
v -2.477601 0.380553 -34.686489
v -44.595917 0.569007 -37.168392
v -44.593605 1.082930 -32.218742
v -47.071815 1.020761 -34.694256
v -42.117870 1.069416 -34.692230
v -44.596432 0.463210 -76.804970
v -44.596432 -0.993972 -71.849808
v -47.074013 -1.024862 -74.327385
v -42.118855 -0.306031 -74.327385
v -4.962498 2.320436 42.121407
v -4.959074 1.773123 47.072437
v -7.437774 2.438123 44.592068
v -2.482920 1.663688 44.595284
v -44.600327 2.825003 42.110386
v -44.597576 1.788486 47.072140
v -47.076176 3.286397 44.590054
v -42.120728 1.533590 44.593803
v -44.596264 -1.367113 2.477672
v -44.594265 0.841255 7.433435
v -47.073040 -0.077740 4.955955
v -42.117924 -0.826391 4.954123
v 74.378502 3.102906 42.059505
v 74.365967 2.906837 47.031719
v 71.895325 3.485691 44.535233
v 76.850273 2.154682 44.547276
v 34.685905 2.781216 42.110306
v 34.685459 1.150397 47.071960
v 32.206451 2.347031 44.588516
v 37.163555 1.458666 44.594425
v 34.684143 2.521624 2.480551
v 34.686283 2.727850 7.435890
v 32.208565 2.897989 4.956698
v 37.162720 2.406936 4.958647
v 74.336411 1.680489 2.470688
v 74.329742 1.164329 7.431007
v 71.857178 1.609024 4.950125
v 76.808258 1.197687 4.952590
v -4.957394 1.635714 2.488360
v -4.957114 1.273553 7.439087
v -7.436032 1.506453 4.969485
v -2.480853 1.421413 4.965374
v -4.953878 0.529517 -76.808777
v -4.954558 0.273620 -71.851768
v -7.430797 0.454355 -74.333801
v -2.477299 -0.182685 -74.328209
v 74.331512 0.236196 -76.812660
v 74.333473 -0.975771 -71.858185
v 71.856171 -0.818316 -74.339218
v 76.807846 -1.236704 -74.331764
v 76.811218 -1.006781 -71.857231
v 71.856049 -0.883098 -71.860405
v 71.855682 0.320280 -76.815994
v -2.477460 0.114203 -71.850174
v -7.431331 0.585490 -71.854866
v -7.430780 0.714342 -76.811104
v -2.480649 1.363195 7.441039
v -7.434314 1.293229 7.439658
v -7.435913 1.766238 2.493416
v 76.805832 0.573756 7.432054
v 71.853836 1.298611 7.430311
v 71.859154 1.791262 2.470775
v 37.163544 2.572101 7.435640
v 32.208805 2.880934 7.436298
v 32.207050 2.793836 2.479035
v 37.163597 1.139071 47.073425
v 32.206318 1.279785 47.069901
v 32.207497 3.269310 42.107250
v 76.839653 1.642862 47.038509
v 71.886742 3.545917 47.028633
v 71.896065 3.415263 42.056442
v -42.116570 0.553679 7.430977
v -47.072071 1.170707 7.434164
v -47.073814 -1.179594 2.477770
v -42.119678 1.334064 47.073658
v -47.074589 2.612368 47.069458
v -47.077633 3.385268 42.109779
v -2.482013 1.750960 47.073883
v -7.436427 2.356169 47.071323
v -7.440484 2.782111 42.118786
v -42.118855 -0.678393 -71.849808
v -47.074013 -1.209061 -71.849808
v -47.074013 0.302815 -76.804970
v -42.116619 1.086702 -32.217541
v -47.070736 1.048665 -32.219372
v -47.073189 0.460331 -37.168297
v -2.477807 0.684728 -32.209362
v -7.432793 0.025550 -32.208691
v -7.432745 0.003186 -37.163734
v 37.157066 0.110792 -71.854263
v 32.204124 -0.534128 -71.856598
v 32.205418 0.445721 -76.808617
v 37.159466 1.682710 -32.199799
v 32.202877 2.324326 -32.196384
v 32.202919 3.056629 -37.152615
v 76.808426 -0.787330 -32.210911
v 71.860542 1.068149 -32.218197
v 71.875458 1.536966 -37.180603
v 56.984421 3.045191 -32.209118
v 52.027348 3.292633 -32.205708
v 52.032818 2.676736 -37.172325
v 56.986740 0.728571 -12.396782
v 52.031441 1.408363 -12.397997
v 52.027409 1.601154 -17.344297
v 76.811943 -0.616215 -12.389403
v 71.856003 -0.321872 -12.384241
v 71.858734 1.321203 -17.334801
v 17.343925 1.247574 -32.210201
v 12.388552 0.331909 -32.210506
v 12.387218 0.466721 -37.161705
v 17.341648 1.257005 -12.389977
v 12.386996 1.109411 -12.390196
v 12.386659 1.695872 -17.348404
v 37.165417 3.355759 -12.403590
v 32.208920 3.349550 -12.400968
v 32.211159 2.706117 -17.356924
v 17.346930 -0.466019 -71.863159
v 12.390354 -0.472619 -71.856659
v 12.388147 0.024333 -76.805763
v 17.343147 1.161436 -52.030018
v 12.387481 0.980729 -52.028721
v 12.388968 0.365652 -56.987133
v 37.165287 0.225459 -52.032772
v 32.208874 -0.394461 -52.029968
v 32.210033 0.564795 -56.988911
v -22.299755 0.139437 -32.207966
v -27.254656 0.632255 -32.210381
v -27.255634 0.085905 -37.163101
v -22.298052 1.111739 -12.388402
v -27.253532 1.100339 -12.388717
v -27.253431 0.178746 -17.343637
v -2.474588 1.676513 -12.401278
v -7.428235 1.634792 -12.401729
v -7.430440 1.437784 -17.354654
v -61.939045 0.056318 -32.212841
v -66.896652 0.515304 -32.216911
v -66.895844 1.078985 -37.177891
v -61.948757 0.610455 -12.368814
v -66.900299 -0.374493 -12.377858
v -66.895752 0.407556 -17.340618
v -42.120575 1.404468 -12.384284
v -47.079323 1.518870 -12.376208
v -47.076889 1.691710 -17.337748
v -61.939491 -0.252558 -71.849808
v -66.894646 0.169210 -71.849808
v -66.894646 0.246385 -76.804970
v -61.939491 -1.436130 -52.029171
v -66.894646 -1.497905 -52.029171
v -66.894646 -1.029106 -56.984329
v -42.121975 1.149445 -52.023289
v -47.076416 0.455362 -52.025463
v -47.074116 0.533318 -56.984161
v -22.308195 4.009472 47.086380
v -27.260859 3.368890 47.085232
v -27.257656 1.414492 42.116707
v -22.292967 1.463394 66.886688
v -27.248968 1.433253 66.886047
v -27.248541 2.348955 61.931114
v -2.479088 0.872545 66.896683
v -7.434307 1.340883 66.893608
v -7.441100 2.415694 61.959366
v -61.932095 2.643254 47.063332
v -66.898376 1.257323 47.064281
v -66.898544 1.513097 42.108643
v -61.949276 1.569566 66.913612
v -66.912575 1.672326 66.920937
v -66.908714 3.076546 61.950302
v -42.116657 4.188968 66.890808
v -47.076267 3.440014 66.901909
v -47.070770 1.998247 61.931744
v -61.944897 1.081677 7.425335
v -66.906693 1.216154 7.423456
v -66.904564 1.275242 2.462253
v -61.941452 -0.544790 27.249447
v -66.894844 -1.410087 27.252796
v -66.895546 -0.718488 22.299253
v -42.133789 2.425557 27.279619
v -47.085659 1.523754 27.271803
v -47.085884 1.305528 22.326227
v 56.984257 3.544004 47.060226
v 52.028088 2.713607 47.069759
v 52.029133 1.218042 42.117760
v 56.976471 2.767516 66.928566
v 52.015514 3.794599 66.952797
v 52.014557 4.420343 61.991165
v 76.806198 -0.286901 66.896042
v 71.849998 0.229097 66.894913
v 71.850845 0.588326 61.939976
v 17.331715 2.440767 47.076572
v 12.379038 1.750058 47.075546
v 12.378407 1.642654 42.121540
v 17.342031 -0.779376 66.898796
v 12.385530 0.101882 66.908264
v 12.382433 1.553094 61.960274
v 37.154461 3.040042 66.960373
v 32.204819 1.405697 66.929733
v 32.207539 1.331064 61.946812
v 17.338291 3.536025 7.451208
v 12.381468 3.312529 7.453751
v 12.387214 3.211141 2.481969
v 17.347649 1.581402 27.233030
v 12.391567 2.444604 27.236382
v 12.393641 1.580302 22.272207
v 37.169376 2.718988 27.228174
v 32.213966 1.387582 27.230087
v 32.209053 1.047404 22.295301
v 56.981808 1.236974 7.439572
v 52.028351 1.013258 7.434825
v 52.027962 1.139246 2.476315
v 56.984329 -0.186712 27.253376
v 52.029114 0.054843 27.253590
v 52.028931 0.632412 22.300957
v 76.816826 0.639861 27.253197
v 71.857391 0.585956 27.252668
v 71.850227 0.150324 22.298243
v -22.295424 1.506438 7.419230
v -27.250122 1.199710 7.415212
v -27.256741 1.381886 2.479434
v -22.302628 1.494269 27.267115
v -27.262867 1.597792 27.278746
v -27.256508 3.536493 22.308367
v -2.476232 4.477767 27.246065
v -7.433041 4.132897 27.253572
v -7.428749 2.914735 22.286301
v -22.298670 0.676318 -71.850044
v -27.253395 0.187796 -71.849800
v -27.253376 0.673895 -76.804970
v -22.298302 1.081901 -52.029652
v -27.253839 1.499133 -52.028717
v -27.253775 1.444949 -56.985172
v -2.478993 1.087722 -52.027374
v -7.433745 1.082389 -52.027847
v -7.433538 0.367617 -56.983253
v 56.985256 0.259908 -71.852211
v 52.029167 0.328741 -71.849945
v 52.028912 0.482435 -76.804962
v 56.984043 2.123561 -52.030952
v 52.031208 1.482394 -52.036201
v 52.027729 0.479784 -56.986092
v 76.822266 1.346497 -52.028812
v 71.868004 2.945230 -52.030975
v 71.872711 3.334873 -57.002651
v 66.900444 3.364666 -52.024570
v 61.937771 2.985093 -52.022896
v 61.940048 1.208916 -56.981777
v 66.911919 2.670088 -42.129768
v 61.950020 2.738907 -42.135162
v 61.940105 3.590021 -47.074734
v 76.823135 1.577646 -42.115055
v 71.871407 2.779289 -42.122578
v 71.864166 2.594543 -47.066826
v 47.076698 1.389023 -52.036919
v 42.121849 1.188948 -52.036537
v 42.119492 0.520210 -56.986320
v 47.079571 1.674850 -42.131340
v 42.121609 1.787423 -42.126080
v 42.124020 1.312695 -47.086048
v 56.994381 2.699759 -42.141258
v 52.039082 2.568884 -42.140545
v 52.037361 2.468776 -47.092690
v 47.072166 0.488233 -71.849739
v 42.112862 0.654008 -71.851158
v 42.113560 1.100341 -76.805145
v 47.073025 -0.866769 -61.939819
v 42.118805 -0.866335 -61.939552
v 42.116901 -1.022180 -66.895851
v 56.984280 0.620806 -61.945354
v 52.027626 -0.142923 -61.942631
v 52.029037 0.438651 -66.896767
v -12.388236 0.591520 -52.028618
v -17.343151 0.234030 -52.029018
v -17.343861 0.204415 -56.984089
v -12.388682 1.046245 -42.117275
v -17.344635 1.160134 -42.116478
v -17.343788 1.062496 -47.072464
v -2.477624 -0.194963 -42.118877
v -7.432891 0.101831 -42.118576
v -7.433348 1.136956 -47.073128
v -32.210285 1.616811 -52.025463
v -37.166611 1.396736 -52.023087
v -37.164486 1.102257 -56.982521
v -32.211140 0.287535 -42.114956
v -37.167515 0.179596 -42.114212
v -37.168610 1.374010 -47.065113
v -22.300064 1.103461 -42.116779
v -27.254717 0.371438 -42.117420
v -27.254389 1.081905 -47.071873
v -32.208534 0.019063 -71.849808
v -37.163692 -0.185303 -71.849808
v -37.163692 0.707433 -76.804970
v -32.208534 -0.162805 -61.939739
v -37.163708 -0.140324 -61.939461
v -37.163692 -0.965509 -66.894646
v -22.300360 0.975114 -61.939030
v -27.254208 0.500800 -61.939926
v -27.253807 0.032570 -66.894478
v -12.389928 3.408510 27.260876
v -17.346071 2.503700 27.264200
v -17.340855 2.812536 22.296761
v -12.401289 3.516000 37.178295
v -17.352829 2.928980 37.168877
v -17.353075 1.615760 32.228413
v -2.489178 2.894857 37.182648
v -7.446520 3.308470 37.183918
v -7.443309 4.261500 32.231590
v -32.224594 2.489717 27.292177
v -37.181206 2.642279 27.291428
v -37.177544 3.035870 22.335649
v -32.212097 0.580750 37.163586
v -37.169296 1.262527 37.156673
v -37.176083 2.570745 32.220009
v -22.303474 1.587611 37.161274
v -27.256386 1.150744 37.161552
v -27.259813 1.159040 32.221645
v -32.203827 0.730893 7.412276
v -37.160244 0.380731 7.421083
v -37.162407 -0.925606 2.471349
v -32.207684 3.770615 17.339777
v -37.164196 3.438661 17.344967
v -37.160080 2.802716 12.378135
v -22.293680 2.947548 17.331818
v -27.249983 3.618616 17.333158
v -27.247372 2.157215 12.367403
v 66.895454 -0.112617 27.253078
v 61.939491 -0.290914 27.253376
v 61.939491 0.099587 22.298222
v 66.914246 1.637464 37.131294
v 61.945965 1.133137 37.146183
v 61.940361 0.118207 32.206932
v 76.843544 2.186372 37.136581
v 71.883995 2.700441 37.128773
v 71.871635 1.340881 32.197792
v 47.074112 1.320043 27.251719
v 42.121368 2.600092 27.240685
v 42.118401 1.634682 22.298409
v 47.074028 -0.102946 37.163620
v 42.120010 1.068632 37.158489
v 42.123913 1.506869 32.186714
v 56.984882 -0.056279 37.161209
v 52.029171 -0.303354 37.163692
v 52.029171 -0.009714 32.208534
v 47.072815 1.127093 7.434955
v 42.117580 1.573919 7.436098
v 42.115234 1.654544 2.483113
v 47.073326 1.345534 17.348415
v 42.117867 1.179480 17.347326
v 42.118820 1.098671 12.388938
v 56.983414 1.207971 17.346767
v 52.028687 1.353213 17.347546
v 52.028271 1.422564 12.392191
v 27.255684 0.791424 27.242844
v 22.301508 1.118200 27.238632
v 22.300076 1.614317 22.286690
v 27.253473 3.942268 37.149204
v 22.296251 3.488134 37.156200
v 22.298819 1.608885 32.202362
v 37.166927 2.562376 37.146042
v 32.210953 3.752282 37.143593
v 32.214703 2.605800 32.178493
v 7.436167 3.167838 27.237776
v 2.480486 3.949598 27.240042
v 2.485070 2.991047 22.267878
v 7.427306 2.936286 37.168716
v 2.469023 2.743832 37.175365
v 2.475118 4.010562 32.209934
v 17.340147 3.026132 37.160217
v 12.384833 2.944776 37.162468
v 12.388844 3.474200 32.200333
v 7.425524 3.019750 7.454159
v 2.470967 2.375179 7.450743
v 2.474305 1.498232 2.487577
v 7.436387 2.955362 17.322336
v 2.483561 2.282468 17.315699
v 2.474290 2.436179 12.392636
v 17.340338 2.622317 17.347109
v 12.386841 2.772765 17.339994
v 12.379996 3.363885 12.409356
v 27.252762 0.010283 66.903473
v 22.298216 -0.786515 66.894943
v 22.297211 0.673387 61.941925
v 27.257841 1.525460 76.813828
v 22.301008 0.583948 76.803703
v 22.299345 -0.626655 71.850647
v 37.160755 1.636822 76.858856
v 32.210655 1.795776 76.835815
v 32.206017 1.729038 71.901741
v 7.432509 0.430904 66.904282
v 2.478323 0.917260 66.898071
v 2.471014 1.505925 61.960903
v 7.435435 1.303644 76.797646
v 2.482984 1.619007 76.788994
v 2.482025 1.293399 71.839211
v 17.343502 -0.043061 76.804375
v 12.387984 0.265679 76.804787
v 12.388138 -0.419557 71.850746
v 7.425878 1.737099 47.074978
v 2.472165 1.746378 47.075001
v 2.469473 1.575384 42.124920
v 7.426099 3.012007 57.001976
v 2.469357 3.219200 57.006416
v 2.471365 3.304120 52.038898
v 17.337854 2.815740 56.995186
v 12.381483 3.113425 57.000549
v 12.381568 3.040189 52.034534
v 66.894463 1.062873 66.895889
v 61.936550 1.510057 66.908318
v 61.935936 2.692463 61.963150
v 66.897095 0.240226 76.813774
v 61.939518 -0.628812 76.805107
v 61.939041 1.142198 71.851837
v 76.817413 1.398787 76.828209
v 71.859512 1.392102 76.827209
v 71.854515 1.475472 71.859001
v 47.058270 4.160279 66.967476
v 42.105015 3.910046 66.971581
v 42.108654 3.666248 61.984760
v 47.065094 0.272572 76.853333
v 42.110332 1.003924 76.866837
v 42.104767 3.180577 71.943405
v 56.983810 -0.962006 76.807220
v 52.024284 -0.511433 76.827545
v 52.018555 1.885541 71.897583
v 47.073643 1.537436 47.074013
v 42.118855 1.288976 47.074017
v 42.118885 1.516512 42.118622
v 47.063995 3.257133 57.013809
v 42.113819 2.182640 57.000999
v 42.117870 1.097755 52.031620
v 56.975338 4.752540 57.004326
v 52.017120 4.269543 57.014427
v 52.023880 3.676990 52.033676
v -52.037060 1.161269 27.264193
v -56.989441 0.426909 27.254475
v -56.987858 0.305251 22.304445
v -52.032818 1.503860 37.153072
v -56.985893 1.088309 37.156578
v -56.988087 -0.085322 32.200851
v -42.126427 1.774318 37.145939
v -47.080620 2.386044 37.147243
v -47.082550 1.684905 32.198284
v -71.849831 -1.537000 27.253395
v -76.805344 -1.505524 27.253706
v -76.810684 -1.000413 22.303261
v -71.850967 0.675376 37.160419
v -76.805122 -0.056901 37.163467
v -76.804970 -1.134779 32.208534
v -61.941105 1.149221 37.154789
v -66.896461 1.215703 37.155491
v -66.895515 -0.782687 32.203609
v -71.865494 1.416278 7.426070
v -76.816078 0.670349 7.430387
v -76.810982 0.276716 2.471531
v -71.860428 0.505652 17.350813
v -76.816788 0.170258 17.352278
v -76.820251 1.084682 12.394615
v -61.940613 -0.237887 17.344862
v -66.898430 0.011391 17.345600
v -66.904633 0.512041 12.388330
v -52.036354 2.986431 66.915123
v -56.993332 1.695220 66.919754
v -56.985340 1.460872 61.940563
v -52.057877 1.504836 76.892204
v -57.010941 1.256320 76.882446
v -57.006176 2.333967 71.913025
v -42.134750 2.263090 76.856842
v -47.099964 2.106443 76.886826
v -47.091904 3.838153 71.905724
v -71.874023 1.430224 66.924248
v -76.820732 -0.039972 66.909767
v -76.818565 0.735921 61.950832
v -71.863045 -0.085504 76.837502
v -76.809799 -0.984497 76.816704
v -76.813995 -0.843407 71.864052
v -61.962646 1.046000 76.870567
v -66.914864 0.535798 76.857910
v -66.915604 1.067877 71.898979
v -71.861931 1.142859 47.065845
v -76.818230 0.593577 47.069706
v -76.809525 0.498359 42.115837
v -71.857773 1.525617 56.987148
v -76.811424 0.624141 56.986454
v -76.815514 0.455314 52.027237
v -61.939400 3.274528 56.979019
v -66.900337 2.840830 56.983528
v -66.894814 1.536322 52.023563
v -12.386680 1.766017 66.887909
v -17.338682 2.081897 66.885117
v -17.343410 1.188900 61.938808
v -12.384322 1.576204 76.799980
v -17.335009 2.891608 76.805397
v -17.334904 3.497225 71.839050
v -2.472957 1.496566 76.790321
v -7.431032 1.298275 76.799232
v -7.431622 1.476189 71.843994
v -32.199562 3.490126 66.870674
v -37.156464 4.272037 66.875969
v -37.152000 3.581362 61.910820
v -32.207153 1.503909 76.821594
v -37.166691 1.438825 76.819733
v -37.163300 3.930923 71.851913
v -22.288733 3.425979 76.815201
v -27.247944 2.798874 76.824005
v -27.248026 2.731396 71.854111
v -32.212425 2.399539 47.081379
v -37.164989 1.458221 47.077442
v -37.165020 1.084172 42.116043
v -32.204002 3.541436 56.980637
v -37.157124 2.259307 56.975273
v -37.163616 1.633095 52.034309
v -22.305367 2.939730 57.006119
v -27.254992 3.746923 56.995438
v -27.261154 4.219819 52.050133
v -52.030083 -0.252867 -52.028183
v -56.984428 -1.029013 -52.029190
v -56.984329 -0.081968 -56.984329
v -52.030640 0.203459 -42.119530
v -56.983807 0.511921 -42.124454
v -56.984734 -0.717787 -47.076157
v -42.122425 -0.043896 -42.115334
v -47.076687 -0.186877 -42.116405
v -47.078350 0.029000 -47.068161
v -71.849808 -1.387445 -52.029171
v -76.804970 -1.338685 -52.029171
v -76.804970 -1.528890 -56.984329
v -71.851166 0.128210 -42.123043
v -76.805901 -0.433825 -42.119789
v -76.804970 -0.729365 -47.074013
v -61.937737 0.604609 -42.128513
v -66.894173 0.460481 -42.128078
v -66.894539 -0.654985 -47.074680
v -71.849808 0.579549 -71.849808
v -76.804970 0.323318 -71.849808
v -76.804970 0.484769 -76.804970
v -71.849808 -0.386947 -61.939491
v -76.804970 -0.944171 -61.939491
v -76.804970 -0.025907 -66.894646
v -61.939491 0.410432 -61.939491
v -66.894646 0.027490 -61.939491
v -66.894646 1.084647 -66.894646
v -52.038387 1.546022 -12.368585
v -56.995472 1.390474 -12.364923
v -56.989639 1.577237 -17.331415
v -52.033173 -0.846031 -2.473223
v -56.991394 -0.336304 -2.477981
v -56.996243 0.353464 -7.416883
v -42.118862 -1.108654 -2.477625
v -47.074551 -1.291220 -2.476485
v -47.078560 0.357525 -7.422516
v -71.850563 -1.331912 -12.387055
v -76.804970 -1.534703 -12.387897
v -76.804970 -0.957142 -17.343058
v -71.854500 0.053603 -2.484297
v -76.806519 -0.581282 -2.480365
v -76.805115 -1.443304 -7.432950
v -61.948231 0.163790 -2.483366
v -66.902145 0.251734 -2.485350
v -66.901611 -0.364207 -7.427417
v -71.856430 1.115142 -32.216927
v -76.812141 0.502700 -32.214138
v -76.812370 0.119882 -37.170143
v -71.849808 1.078586 -22.298216
v -76.805008 0.157593 -22.298237
v -76.808212 0.539949 -27.255373
v -61.940147 1.242683 -22.296759
v -66.894646 1.155579 -22.298210
v -66.894836 1.101395 -27.253754
v -12.383629 1.588772 -12.398235
v -17.341103 1.403605 -12.391694
v -17.342220 -0.096382 -17.345013
v -12.390751 3.069546 -2.462570
v -17.348852 2.866874 -2.459564
v -17.344202 2.563925 -7.427520
v -2.476379 1.777325 -2.478482
v -7.433424 2.704502 -2.469034
v -7.428957 2.852512 -7.439786
v -32.208870 1.132599 -12.388530
v -37.163891 1.189662 -12.388308
v -37.162880 1.269902 -17.346214
v -32.209511 0.251568 -2.477840
v -37.163898 -0.565230 -2.478057
v -37.164001 0.479629 -7.433095
v -22.305668 2.538356 -2.458844
v -27.258228 1.402227 -2.467977
v -27.254555 1.189185 -7.431078
v -32.208267 1.070850 -32.213997
v -37.162254 1.067087 -32.215889
v -37.165047 0.189710 -37.164207
v -32.206894 0.176266 -22.304300
v -37.160706 1.094527 -22.308050
v -37.160229 1.056005 -27.265577
v -22.298201 -0.331821 -22.298370
v -27.253298 -0.346027 -22.299051
v -27.253418 0.458867 -27.256474
v 27.254953 0.185824 -52.033001
v 22.299587 1.099789 -52.032696
v 22.301006 1.086430 -56.991356
v 27.251854 1.304002 -42.115639
v 22.297935 1.011192 -42.118160
v 22.298203 1.106470 -47.074306
v 37.163235 2.484284 -42.119690
v 32.206154 2.081512 -42.114868
v 32.208763 0.420492 -47.074753
v 7.432617 0.339655 -52.029182
v 2.476728 0.660414 -52.028198
v 2.477069 1.220928 -56.984257
v 7.431872 1.135731 -42.116512
v 2.477435 0.235035 -42.118305
v 2.477417 0.151873 -47.073864
v 17.341969 1.110174 -42.116825
v 12.386462 1.208412 -42.115738
v 12.386520 1.221786 -47.071579
v 7.433083 -0.380623 -71.850685
v 2.477581 -0.084206 -71.849808
v 2.477580 0.117354 -76.804970
v 7.435161 1.099184 -61.945766
v 2.478003 0.967849 -61.941067
v 2.477895 0.365419 -66.895454
v 17.345675 1.018316 -61.946331
v 12.391644 0.973379 -61.948994
v 12.392093 0.906761 -66.905602
v 27.252415 3.118025 -12.399053
v 22.295828 2.446494 -12.393931
v 22.297960 1.465084 -17.347179
v 27.250584 2.943860 -2.477779
v 22.297539 2.808890 -2.481200
v 22.295115 2.643034 -7.437469
v 37.159119 2.864146 -2.478854
v 32.203987 2.916170 -2.477035
v 32.204609 3.250263 -7.438520
v 7.431999 1.460187 -12.394441
v 2.478609 1.637545 -12.398638
v 2.476194 1.775010 -17.350353
v 7.433108 1.534124 -2.477923
v 2.478072 1.472456 -2.478548
v 2.479634 1.539712 -7.440789
v 17.343767 2.748023 -2.482534
v 12.389142 2.469908 -2.480975
v 12.388161 1.123154 -7.435538
v 7.432848 0.653985 -32.208931
v 2.477495 1.139197 -32.209156
v 2.477525 0.285035 -37.163174
v 7.431384 2.342887 -22.303339
v 2.475853 1.517870 -22.301590
v 2.476744 1.320262 -27.255325
v 17.344278 1.792949 -22.305330
v 12.388033 2.751779 -22.305944
v 12.389091 1.632192 -27.259878
v 66.899734 -0.099277 -12.388077
v 61.942795 0.089570 -12.393629
v 61.940876 0.575193 -17.340921
v 66.899612 1.582883 -2.481278
v 61.940720 1.531690 -2.480938
v 61.941551 1.326993 -7.439399
v 76.816841 1.077027 -2.486202
v 71.859970 1.566405 -2.485241
v 71.857773 -0.271892 -7.438236
v 47.077820 2.803440 -12.405413
v 42.122158 3.209368 -12.406130
v 42.121967 1.731767 -17.357817
v 47.071564 1.787254 -2.481158
v 42.115334 2.400730 -2.478606
v 42.120060 3.514178 -7.449320
v 56.985668 1.656703 -2.485577
v 52.029091 1.719065 -2.485240
v 52.031002 2.568774 -7.443955
v 47.070179 3.312981 -32.201225
v 42.113262 2.893888 -32.196850
v 42.117737 2.710570 -37.162544
v 47.069931 2.239816 -22.292969
v 42.116756 1.596482 -22.296743
v 42.112316 2.680315 -27.239275
v 56.976444 3.039980 -22.281162
v 52.021770 2.872226 -22.284101
v 52.022087 3.228015 -27.238764
v 66.906219 2.328436 -32.221916
v 61.944847 2.952711 -32.216415
v 61.950779 1.601584 -37.180367
v 66.897331 1.537390 -22.293962
v 61.936890 2.163853 -22.289846
v 61.939411 3.528164 -27.250977
v 76.813431 1.410194 -22.291904
v 71.857018 1.657609 -22.291903
v 71.853157 1.323497 -27.253773
v 27.248100 2.621467 -32.195446
v 22.296431 1.731561 -32.202820
v 22.296278 1.411986 -37.158306
v 27.254623 1.141019 -22.303738
v 22.299067 1.276222 -22.301506
v 22.298676 1.631505 -27.254091
v 37.163994 1.553064 -22.302103
v 32.210777 1.490479 -22.307615
v 32.207951 0.953053 -27.253073
v 27.252573 -0.716993 -71.859802
v 22.300724 -0.564235 -71.864082
v 22.298504 0.383074 -76.816391
v 27.255812 1.126018 -61.948006
v 22.300484 1.055694 -61.945679
v 22.300510 0.086732 -66.902748
v 37.163445 -0.156681 -61.941528
v 32.209499 0.604511 -61.946449
v 32.206863 -0.435268 -66.902344
v -12.387911 -0.346382 -32.208576
v -17.343437 -0.459957 -32.208229
v -17.344740 0.657770 -37.161720
v -12.387579 0.270506 -22.300255
v -17.342989 -0.198252 -22.298334
v -17.343029 -0.070111 -27.253418
v -2.478882 1.438940 -22.302298
v -7.432850 1.209475 -22.302555
v -7.433292 0.269302 -27.254099
v -52.027164 0.205896 -32.214508
v -56.984039 -0.177528 -32.209652
v -56.983139 0.522731 -37.169994
v -52.029053 1.485483 -22.299910
v -56.985783 1.467637 -22.295403
v -56.983967 0.363493 -27.254465
v -42.116730 1.255188 -22.305515
v -47.072533 1.430544 -22.303713
v -47.070118 1.066303 -27.265179
v -52.029171 -1.130927 -71.849808
v -56.984329 -0.682884 -71.849808
v -56.984329 0.015902 -76.804970
v -52.029171 1.030681 -61.939491
v -56.984329 1.037332 -61.939491
v -56.984329 0.317387 -66.894646
v -42.118855 0.061267 -61.939491
v -47.074013 0.365703 -61.939491
v -47.074013 -0.397016 -66.894646
v -12.393734 3.236826 47.071804
v -17.352373 3.980167 47.080750
v -17.350874 3.658255 42.110287
v -12.394343 2.326740 57.000168
v -17.349592 1.881629 57.000713
v -17.352682 3.654584 52.048153
v -2.487007 3.347512 57.009678
v -7.441069 2.918811 57.006546
v -7.438344 2.732729 52.040115
v -52.024799 3.783546 47.063610
v -56.975277 3.710838 47.061569
v -56.981972 2.763527 42.111107
v -52.028061 -0.116672 56.982815
v -56.980015 2.041174 56.978348
v -56.972298 3.251311 52.014973
v -42.113182 1.187391 56.975082
v -47.071140 0.130603 56.978722
v -47.073013 -0.337995 52.027443
v -52.028591 1.332968 7.433934
v -56.985371 1.210053 7.432194
v -56.987370 0.220697 2.473929
v -52.033165 0.442551 17.354681
v -56.985130 -0.278978 17.345484
v -56.984673 0.586472 12.388523
v -42.122013 2.760452 17.354544
v -47.079414 1.490247 17.360456
v -47.072411 1.669698 12.391221
v 66.915802 4.125275 47.033222
v 61.945824 4.117156 47.045582
v 61.949043 2.020162 42.085766
v 66.903770 3.843264 56.986103
v 61.939121 4.664071 56.993176
v 61.942463 5.106967 52.015160
v 76.806808 1.565851 56.983788
v 71.858383 3.012481 56.983677
v 71.867386 3.908960 52.016689
v 27.246399 1.901519 47.069637
v 22.286640 2.482823 47.074200
v 22.290783 3.605758 42.111935
v 27.252735 1.478874 56.984921
v 22.294851 1.809108 56.989365
v 22.292097 1.776655 52.033524
v 37.162724 1.399692 56.988297
v 32.208523 1.366799 56.984402
v 32.208149 0.614794 52.029049
v 27.253740 3.137593 7.436299
v 22.296875 3.302093 7.441810
v 22.299381 3.537352 2.476540
v 27.249352 1.741373 17.355597
v 22.295218 2.440965 17.349520
v 22.293087 2.941229 12.405952
v 37.163364 1.002950 17.344753
v 32.205910 1.446550 17.353531
v 32.207005 2.359249 12.397819
v 66.897324 1.422848 7.434384
v 61.938034 1.383052 7.439808
v 61.940441 1.425423 2.480140
v 66.894623 0.210349 17.343130
v 61.938923 0.446789 17.344564
v 61.936977 1.299678 12.394852
v 76.804970 -0.256242 17.343058
v 71.849808 0.131659 17.343058
v 71.849907 0.251866 12.387917
v -12.390093 1.425684 7.442468
v -17.342890 1.487414 7.431415
v -17.350399 2.632478 2.499748
v -12.383796 1.208679 17.333181
v -17.338610 1.630947 17.333193
v -17.337862 1.138149 12.371222
v -2.471611 1.383001 17.319115
v -7.427290 1.206793 17.325089
v -7.429981 0.450596 12.378140
v -12.386584 1.095695 -71.856682
v -17.343220 1.205256 -71.853203
v -17.342253 0.919067 -76.808426
v -12.388347 0.236978 -61.939472
v -17.345177 0.871538 -61.938824
v -17.344734 1.116388 -66.895493
v -2.477883 0.492580 -61.939163
v -7.432801 0.165296 -61.939411
v -7.432672 0.495082 -66.895279
v 66.901466 -0.509596 -71.862961
v 61.943790 -0.022525 -71.858704
v 61.942677 0.178919 -76.811043
v 66.902840 1.558541 -61.947735
v 61.941086 0.901277 -61.944477
v 61.942326 1.055336 -66.902039
v 76.828148 1.930262 -61.961250
v 71.869339 2.354760 -61.957859
v 71.860100 0.152094 -66.905228
v 76.821609 0.078016 -66.911087
v 66.898148 0.471562 -66.900986
v 66.901772 0.372526 -76.818420
v -2.477581 0.298872 -66.894653
v -12.388404 0.919222 -66.896820
v -12.385718 0.950694 -76.812584
v -2.477095 1.480517 12.381804
v -12.384240 0.250579 12.376799
v -12.393201 2.502075 2.499908
v 76.804970 -0.049444 12.387897
v 66.894150 0.612311 12.390190
v 66.901138 1.743942 2.474594
v 37.164066 1.528551 12.390630
v 27.249872 2.643669 12.402525
v 27.253536 3.181270 2.476686
v 37.163689 0.412440 52.029194
v 27.249849 1.405376 52.030369
v 27.249380 3.892089 42.105957
v 76.816681 2.422164 52.021072
v 66.908249 4.850501 52.013748
v 66.922546 3.046217 42.062328
v -42.116135 2.588026 12.386423
v -52.028217 1.389926 12.389622
v -52.029530 -0.531819 2.477785
v -42.117191 0.551218 52.029003
v -52.022205 1.613962 52.019863
v -52.029552 3.482403 42.110344
v -2.483937 3.035079 52.042145
v -12.393693 2.698626 52.038849
v -12.395790 3.505399 42.112644
v -42.118855 -0.787341 -66.894646
v -52.029171 -0.055986 -66.894646
v -52.029171 0.032947 -76.804970
v -42.114567 1.080395 -27.267036
v -52.026611 1.055846 -27.260830
v -52.029053 0.240516 -37.165646
v -2.478563 1.142016 -27.254755
v -12.387876 -0.137899 -27.253435
v -12.388300 0.271954 -37.163116
v 37.159885 -0.645869 -66.900436
v 27.253950 -0.284378 -66.901573
v 27.251535 0.358033 -76.813385
v 37.160366 1.617690 -27.246788
v 27.251982 1.065986 -27.249401
v 27.248165 2.532315 -37.151806
v 76.809486 0.448974 -27.251003
v 66.897888 2.406258 -27.255505
v 66.917015 1.699676 -37.186344
v 56.979340 3.619027 -27.242605
v 47.066730 3.000927 -27.238262
v 47.074696 2.909219 -37.166336
v 56.986519 1.653275 -7.442353
v 47.075375 2.884384 -7.444667
v 47.075714 1.700804 -17.354155
v 76.817627 -0.562805 -7.441633
v 66.896355 0.313959 -7.434826
v 66.900818 1.153069 -17.338686
v 17.344822 1.792428 -27.259470
v 7.432716 1.367325 -27.256691
v 7.432294 0.471208 -37.161915
v 17.341764 1.637981 -7.436763
v 7.433288 1.074821 -7.436093
v 7.430698 1.861779 -17.349266
v 37.162197 3.409446 -7.444864
v 27.249363 2.990050 -7.437222
v 27.254562 2.558212 -17.354179
v 17.347105 0.664535 -66.906281
v 7.435123 0.747813 -66.900635
v 7.432739 0.028038 -76.804970
v 17.342102 1.283502 -47.072651
v 7.432130 0.447435 -47.072788
v 7.433573 1.127080 -56.986889
v 37.165688 0.822237 -47.079021
v 27.253468 0.304638 -47.074169
v 27.256664 1.132993 -56.993183
v -22.298380 0.035719 -27.253565
v -32.206585 1.068169 -27.262707
v -32.209858 -0.246250 -37.163990
v -22.301556 1.602340 -7.423859
v -32.209042 1.056989 -7.433266
v -32.208538 0.522616 -17.343952
v -2.474625 2.430966 -7.440876
v -12.385204 2.805488 -7.436123
v -12.385154 0.815566 -17.351852
v -61.939491 0.473404 -27.253387
v -71.851349 1.220349 -27.254744
v -71.855812 1.043755 -37.175011
v -61.951000 0.229813 -7.420051
v -71.852753 -0.940667 -7.433294
v -71.849815 -0.304655 -17.343046
v -42.119408 0.221450 -7.431587
v -52.038021 0.337384 -7.417318
v -52.033752 1.713300 -17.333748
v -61.939491 0.693996 -66.894646
v -71.849808 0.609067 -66.894646
v -71.849808 0.462352 -76.804970
v -61.939056 -0.847791 -47.076195
v -71.849815 -0.462223 -47.074039
v -71.849808 -1.404400 -56.984329
v -42.123741 0.755452 -47.065960
v -52.031902 -0.422201 -47.072231
v -52.029171 0.227395 -56.984329
v -22.308969 4.330344 52.054535
v -32.212139 3.342800 52.042088
v -32.210735 0.695750 42.119164
v -22.289755 3.292318 71.845802
v -32.205013 2.837548 71.847847
v -32.197758 3.532838 61.913952
v -2.474433 1.330932 71.839745
v -12.383791 2.719167 71.839714
v -12.392055 1.555600 61.947430
v -61.931625 3.120024 52.017845
v -71.858269 1.074865 52.026299
v -71.855988 1.418050 42.110485
v -61.962215 1.372908 71.911812
v -71.867287 0.148075 71.885269
v -71.865692 1.644069 61.951488
v -42.127937 4.071589 71.880783
v -52.048923 3.106233 71.908401
v -52.029537 1.344687 61.940563
v -61.941845 -0.266245 12.387259
v -71.865326 1.241770 12.392700
v -71.858643 1.181510 2.466145
v -61.941853 -0.238154 32.198586
v -71.849846 -1.108224 32.208290
v -71.852669 -1.009471 22.300695
v -42.129787 2.723061 32.206234
v -52.035339 1.064180 32.201591
v -52.037666 1.111651 22.316616
v 56.980759 4.738100 52.023151
v 47.070095 2.195552 52.036285
v 47.074013 1.391576 42.118855
v 56.979912 1.298903 71.869461
v 47.058632 2.759423 71.929276
v 47.059982 4.328874 61.992489
v 76.813194 1.364305 71.862221
v 66.895035 1.242452 71.851044
v 66.896492 1.357870 61.947296
v 17.335709 2.916316 52.035358
v 7.426767 3.212640 52.036102
v 7.424196 1.521598 42.123604
v 17.343109 -0.942060 71.849762
v 7.435383 0.733683 71.846100
v 7.426600 1.642364 61.963943
v 37.154819 2.974977 71.932434
v 27.254822 0.612716 71.865707
v 27.253338 0.674991 61.939796
v 17.335737 3.128388 12.410883
v 7.427200 2.957690 12.400134
v 7.429518 2.577352 2.488728
v 17.344555 2.756148 32.199627
v 7.431986 3.737134 32.204819
v 7.439767 2.326766 22.268360
v 37.171898 2.708309 32.172325
v 27.255634 2.045345 32.194237
v 27.252016 1.360732 22.300083
v 56.981960 1.435153 12.394754
v 47.073872 1.202423 12.390119
v 47.070782 1.408086 2.480575
v 56.984329 0.078870 32.208534
v 47.074570 0.164005 32.205956
v 47.072964 1.423388 22.302982
v 76.831528 1.291949 32.201206
v 66.902634 0.586843 32.200466
v 66.894646 0.160839 22.298216
v -22.291374 1.469815 12.366277
v -32.204437 2.496101 12.372826
v -32.207527 0.309074 2.467944
v -22.304741 1.213324 32.220646
v -32.218678 1.499348 32.226383
v -32.216942 3.506149 22.321615
v -2.483546 4.244652 32.219604
v -12.400224 3.300057 32.235458
v -12.384741 2.914893 22.292553
v -22.300018 0.890330 -66.894173
v -32.208538 -0.628683 -66.894646
v -32.208534 0.638542 -76.804970
v -22.298653 0.890265 -47.073303
v -32.211533 1.343946 -47.068153
v -32.208881 1.301106 -56.983906
v -2.478207 0.526500 -47.073307
v -12.388475 1.160082 -47.072731
v -12.388042 -0.282205 -56.984180
v 56.985577 1.089210 -66.900505
v 47.073830 -0.570482 -66.894768
v 47.070950 0.908615 -76.804649
v 56.989384 3.381472 -47.087219
v 47.081600 1.531581 -47.091125
v 47.073559 0.707266 -56.986286
v 76.820015 1.458439 -47.064915
v 66.899490 3.342903 -47.067696
v 66.907509 2.901312 -56.991802
v 76.828682 2.331067 -57.003029
v 56.982677 0.113881 -56.985252
v 56.984463 0.145283 -76.805222
v -2.478814 1.150210 -56.982746
v -22.299242 1.297199 -56.984818
v -22.298214 0.756255 -76.805046
v -2.472078 2.942388 22.277679
v -22.297262 3.253838 22.299124
v -22.305088 1.733450 2.492444
v 76.806717 -0.050561 22.298361
v 56.984318 0.115968 22.298601
v 56.983875 1.062815 2.477593
v 37.164619 1.422794 22.292681
v 17.347891 1.569286 22.275518
v 17.343781 3.437143 2.477990
v 37.158993 2.504348 61.965572
v 17.338833 1.360705 61.952908
v 17.333513 2.764156 42.117935
v 76.804970 0.188116 61.939491
v 56.972950 3.963327 61.981770
v 56.985535 1.280556 42.107834
v -42.132671 1.674534 22.332840
v -61.940510 -0.296829 22.299902
v -61.945992 0.633220 2.466915
v -42.111286 2.616208 61.921631
v -61.945942 2.906044 61.944069
v -61.939754 1.563213 42.110306
v -2.486259 2.089878 61.962738
v -22.297958 0.931358 61.940884
v -22.304899 2.900133 42.112068
v -42.119354 1.047512 -56.983311
v -61.939491 -0.499688 -56.984329
v -61.939491 0.086049 -76.804970
v -42.119274 1.540448 -17.343477
v -61.944439 1.334808 -17.331640
v -61.937771 1.045052 -37.175922
v -2.477330 1.595811 -17.352346
v -22.298092 -0.115360 -17.343603
v -22.300829 0.591725 -37.161617
v 37.163898 0.302310 -56.984844
v 17.344091 0.391306 -56.986961
v 17.344503 0.197847 -76.811913
v 37.166771 2.448592 -17.357029
v 17.342859 1.363865 -17.346365
v 17.342852 0.941133 -37.162823
v 76.814232 0.860176 -17.335360
v 56.982090 1.072311 -17.339792
v 56.990517 1.776378 -37.176666
v 76.820312 0.516555 -37.169258
v 37.160770 3.006214 -37.159229
v 37.158447 0.884868 -76.806297
v -2.477557 -0.039468 -37.163761
v -42.119019 0.546593 -37.167213
v -42.118855 0.598133 -76.804970
v -2.484712 1.657445 42.122143
v -42.121853 1.636245 42.112152
v -42.118687 -1.437320 2.477224
v 76.853294 2.341758 42.067894
v 37.163849 2.290701 42.114094
v 37.161327 1.772296 2.481764
v 76.812096 1.417075 2.472117
v -2.479850 1.507781 2.486045
v -2.477186 0.337500 -76.806099
v 76.807121 0.134560 -76.808907
vt 0.562967 0.693193
vt 0.563051 0.693192
vt 0.563051 0.693629
vt 0.562967 0.693631
vt 0.560274 0.693212
vt 0.560358 0.693213
vt 0.560359 0.693651
vt 0.560274 0.693652
vt 0.562597 0.734215
vt 0.562681 0.734214
vt 0.562681 0.734653
vt 0.562597 0.734654
vt 0.562961 0.679143
vt 0.563045 0.679141
vt 0.563045 0.679579
vt 0.562961 0.679579
vt 0.563942 0.734195
vt 0.564026 0.734193
vt 0.564026 0.734630
vt 0.563942 0.734632
vt 0.563941 0.727187
vt 0.564025 0.727184
vt 0.564026 0.727624
vt 0.563941 0.727626
vt 0.565287 0.727176
vt 0.565372 0.727175
vt 0.565372 0.727611
vt 0.565287 0.727610
vt 0.556375 0.620384
vt 0.556477 0.620384
vt 0.556477 0.620916
vt 0.556375 0.620916
vt 0.561248 0.727207
vt 0.561333 0.727205
vt 0.561334 0.727644
vt 0.561249 0.727647
vt 0.562596 0.727187
vt 0.562680 0.727187
vt 0.562680 0.727622
vt 0.562596 0.727623
vt 0.558929 0.693223
vt 0.559013 0.693223
vt 0.559013 0.693661
vt 0.558929 0.693661
vt 0.556377 0.628980
vt 0.556480 0.628980
vt 0.556480 0.629518
vt 0.556377 0.629519
vt 0.558028 0.628969
vt 0.558131 0.628968
vt 0.558131 0.629506
vt 0.558028 0.629506
vt 0.561620 0.693202
vt 0.561704 0.693201
vt 0.561704 0.693639
vt 0.561620 0.693640
vt 0.564259 0.505357
vt 0.564363 0.505357
vt 0.564363 0.505416
vt 0.564259 0.505416
vt 0.562968 0.686172
vt 0.563052 0.686168
vt 0.563051 0.686610
vt 0.562966 0.686614
vt 0.564618 0.741210
vt 0.564702 0.741210
vt 0.564702 0.741648
vt 0.564618 0.741649
vt 0.562293 0.682656
vt 0.562376 0.682655
vt 0.562376 0.683098
vt 0.562292 0.683102
vt 0.562964 0.682656
vt 0.563048 0.682651
vt 0.563048 0.683090
vt 0.562964 0.683094
vt 0.560945 0.686193
vt 0.561029 0.686191
vt 0.561029 0.686630
vt 0.560945 0.686631
vt 0.563271 0.737712
vt 0.563355 0.737710
vt 0.563355 0.738149
vt 0.563270 0.738153
vt 0.563944 0.737702
vt 0.564028 0.737702
vt 0.564028 0.738140
vt 0.563944 0.738140
vt 0.560947 0.693208
vt 0.561031 0.693207
vt 0.561031 0.693645
vt 0.560947 0.693646
vt 0.560946 0.689697
vt 0.561030 0.689697
vt 0.561030 0.690135
vt 0.560946 0.690135
vt 0.559681 0.633256
vt 0.559784 0.633255
vt 0.559784 0.633794
vt 0.559681 0.633794
vt 0.559600 0.686206
vt 0.559684 0.686206
vt 0.559684 0.686644
vt 0.559600 0.686644
vt 0.557202 0.624679
vt 0.557305 0.624679
vt 0.557305 0.625215
vt 0.557202 0.625216
vt 0.562597 0.737725
vt 0.562682 0.737724
vt 0.562682 0.738162
vt 0.562598 0.738163
vt 0.558255 0.686211
vt 0.558338 0.686210
vt 0.558338 0.686647
vt 0.558254 0.686647
vt 0.558254 0.682704
vt 0.558339 0.682704
vt 0.558339 0.683142
vt 0.558255 0.683143
vt 0.561251 0.737737
vt 0.561335 0.737737
vt 0.561336 0.738175
vt 0.561251 0.738175
vt 0.558256 0.693225
vt 0.558340 0.693226
vt 0.558340 0.693663
vt 0.558256 0.693663
vt 0.555552 0.633285
vt 0.555655 0.633285
vt 0.555655 0.633823
vt 0.555552 0.633823
vt 0.558928 0.689716
vt 0.559012 0.689715
vt 0.559012 0.690155
vt 0.558928 0.690155
vt 0.561778 0.503493
vt 0.561881 0.503492
vt 0.561881 0.503551
vt 0.561778 0.503551
vt 0.559600 0.668644
vt 0.559683 0.668644
vt 0.559683 0.669075
vt 0.559599 0.669081
vt 0.562597 0.723674
vt 0.562681 0.723672
vt 0.562680 0.724116
vt 0.562596 0.724117
vt 0.560577 0.727221
vt 0.560661 0.727220
vt 0.560660 0.727659
vt 0.560576 0.727658
vt 0.560129 0.503031
vt 0.560233 0.503030
vt 0.560233 0.503089
vt 0.560129 0.503089
vt 0.561251 0.723703
vt 0.561335 0.723700
vt 0.561334 0.724140
vt 0.561250 0.724142
vt 0.555550 0.620375
vt 0.555654 0.620373
vt 0.555654 0.620914
vt 0.555550 0.620914
vt 0.555548 0.616072
vt 0.555651 0.616070
vt 0.555651 0.616606
vt 0.555548 0.616608
vt 0.561248 0.730706
vt 0.561333 0.730705
vt 0.561334 0.731146
vt 0.561249 0.731146
vt 0.562288 0.672154
vt 0.562372 0.672153
vt 0.562372 0.672592
vt 0.562288 0.672594
vt 0.565083 0.503022
vt 0.565187 0.503022
vt 0.565187 0.503081
vt 0.565083 0.503081
vt 0.561331 0.607407
vt 0.561435 0.607409
vt 0.561433 0.607950
vt 0.561330 0.607951
vt 0.563431 0.503492
vt 0.563534 0.503492
vt 0.563534 0.503551
vt 0.563431 0.503551
vt 0.563268 0.723679
vt 0.563352 0.723676
vt 0.563352 0.724120
vt 0.563268 0.724120
vt 0.558057 0.603786
vt 0.558161 0.603786
vt 0.558160 0.603845
vt 0.558057 0.603845
vt 0.563433 0.504426
vt 0.563536 0.504425
vt 0.563536 0.504484
vt 0.563433 0.504484
vt 0.563270 0.730707
vt 0.563354 0.730708
vt 0.563353 0.731144
vt 0.563269 0.731145
vt 0.561616 0.675658
vt 0.561700 0.675654
vt 0.561700 0.676094
vt 0.561616 0.676098
vt 0.562289 0.679148
vt 0.562373 0.679147
vt 0.562373 0.679586
vt 0.562289 0.679588
vt 0.560503 0.616018
vt 0.560606 0.616017
vt 0.560606 0.616554
vt 0.560503 0.616556
vt 0.561328 0.616009
vt 0.561431 0.616010
vt 0.561432 0.616547
vt 0.561328 0.616547
vt 0.561924 0.734223
vt 0.562008 0.734222
vt 0.562008 0.734659
vt 0.561924 0.734660
vt 0.561777 0.503960
vt 0.561881 0.503960
vt 0.561881 0.504018
vt 0.561778 0.504019
vt 0.556404 0.604723
vt 0.556508 0.604723
vt 0.556507 0.604782
vt 0.556404 0.604782
vt 0.559601 0.693215
vt 0.559685 0.693213
vt 0.559686 0.693652
vt 0.559601 0.693653
vt 0.559600 0.689710
vt 0.559684 0.689709
vt 0.559684 0.690147
vt 0.559600 0.690148
vt 0.560273 0.689703
vt 0.560357 0.689702
vt 0.560357 0.690140
vt 0.560273 0.690141
vt 0.562294 0.693205
vt 0.562378 0.693205
vt 0.562378 0.693642
vt 0.562294 0.693644
vt 0.560506 0.633262
vt 0.560608 0.633261
vt 0.560608 0.633795
vt 0.560506 0.633796
vt 0.565290 0.744713
vt 0.565376 0.744713
vt 0.565375 0.745152
vt 0.565290 0.745149
vt 0.565500 0.505824
vt 0.565603 0.505823
vt 0.565603 0.505882
vt 0.565500 0.505882
vt 0.565499 0.505590
vt 0.565603 0.505590
vt 0.565603 0.505649
vt 0.565499 0.505649
vt 0.562967 0.687924
vt 0.563051 0.687923
vt 0.563053 0.688362
vt 0.562968 0.688363
vt 0.560094 0.633252
vt 0.560197 0.633253
vt 0.560197 0.633795
vt 0.560093 0.633794
vt 0.564281 0.742968
vt 0.564365 0.742968
vt 0.564365 0.743406
vt 0.564281 0.743406
vt 0.565087 0.505591
vt 0.565190 0.505591
vt 0.565190 0.505649
vt 0.565087 0.505649
vt 0.561956 0.693201
vt 0.562041 0.693201
vt 0.562041 0.693643
vt 0.561957 0.693641
vt 0.560094 0.635408
vt 0.560197 0.635409
vt 0.560198 0.635948
vt 0.560094 0.635948
vt 0.558886 0.606821
vt 0.558989 0.606821
vt 0.558989 0.606879
vt 0.558886 0.606879
vt 0.557616 0.633274
vt 0.557719 0.633273
vt 0.557719 0.633810
vt 0.557616 0.633810
vt 0.559936 0.687954
vt 0.560020 0.687954
vt 0.560021 0.688391
vt 0.559937 0.688392
vt 0.560273 0.687951
vt 0.560357 0.687950
vt 0.560357 0.688388
vt 0.560273 0.688389
vt 0.559264 0.689713
vt 0.559348 0.689711
vt 0.559348 0.690151
vt 0.559264 0.690153
vt 0.559263 0.687962
vt 0.559348 0.687961
vt 0.559348 0.688400
vt 0.559264 0.688401
vt 0.559600 0.687958
vt 0.559684 0.687957
vt 0.559684 0.688395
vt 0.559600 0.688396
vt 0.559265 0.693221
vt 0.559349 0.693219
vt 0.559349 0.693660
vt 0.559265 0.693660
vt 0.556790 0.635437
vt 0.556893 0.635435
vt 0.556894 0.635973
vt 0.556791 0.635975
vt 0.555582 0.606824
vt 0.555685 0.606823
vt 0.555685 0.606882
vt 0.555582 0.606882
vt 0.562259 0.730704
vt 0.562344 0.730704
vt 0.562344 0.731148
vt 0.562259 0.731148
vt 0.562191 0.503725
vt 0.562295 0.503725
vt 0.562295 0.503784
vt 0.562191 0.503784
vt 0.562605 0.503726
vt 0.562708 0.503726
vt 0.562708 0.503784
vt 0.562605 0.503784
vt 0.561365 0.503960
vt 0.561468 0.503960
vt 0.561468 0.504019
vt 0.561365 0.504019
vt 0.561585 0.728952
vt 0.561669 0.728949
vt 0.561669 0.729385
vt 0.561584 0.729388
vt 0.559595 0.673914
vt 0.559679 0.673913
vt 0.559679 0.674349
vt 0.559595 0.674349
vt 0.559261 0.679199
vt 0.559346 0.679197
vt 0.559346 0.679634
vt 0.559261 0.679636
vt 0.561586 0.732467
vt 0.561670 0.732470
vt 0.561671 0.732915
vt 0.561586 0.732913
vt 0.559598 0.677440
vt 0.559683 0.677440
vt 0.559683 0.677878
vt 0.559598 0.677880
vt 0.560915 0.616014
vt 0.561018 0.616013
vt 0.561018 0.616550
vt 0.560915 0.616551
vt 0.562624 0.673894
vt 0.562708 0.673891
vt 0.562708 0.674330
vt 0.562624 0.674332
vt 0.562961 0.673886
vt 0.563046 0.673888
vt 0.563045 0.674325
vt 0.562961 0.674324
vt 0.561952 0.675650
vt 0.562036 0.675649
vt 0.562036 0.676087
vt 0.561952 0.676088
vt 0.560091 0.613875
vt 0.560194 0.613875
vt 0.560194 0.614412
vt 0.560090 0.614415
vt 0.560502 0.613874
vt 0.560605 0.613873
vt 0.560605 0.614409
vt 0.560502 0.614410
vt 0.564279 0.734187
vt 0.564363 0.734185
vt 0.564363 0.734625
vt 0.564279 0.734626
vt 0.561953 0.677403
vt 0.562037 0.677401
vt 0.562037 0.677840
vt 0.561953 0.677841
vt 0.562289 0.677398
vt 0.562373 0.677397
vt 0.562373 0.677834
vt 0.562289 0.677835
vt 0.561280 0.675670
vt 0.561364 0.675665
vt 0.561364 0.676104
vt 0.561280 0.676107
vt 0.563605 0.728951
vt 0.563689 0.728949
vt 0.563689 0.729392
vt 0.563605 0.729395
vt 0.558056 0.604488
vt 0.558159 0.604488
vt 0.558158 0.604546
vt 0.558056 0.604547
vt 0.562933 0.730709
vt 0.563018 0.730708
vt 0.563017 0.731146
vt 0.562933 0.731148
vt 0.563018 0.503726
vt 0.563121 0.503726
vt 0.563121 0.503784
vt 0.563018 0.503784
vt 0.563269 0.728949
vt 0.563354 0.728951
vt 0.563354 0.729392
vt 0.563269 0.729390
vt 0.556819 0.605189
vt 0.556922 0.605188
vt 0.556923 0.605247
vt 0.556819 0.605247
vt 0.563019 0.504193
vt 0.563122 0.504193
vt 0.563122 0.504251
vt 0.563019 0.504251
vt 0.563432 0.504192
vt 0.563535 0.504192
vt 0.563535 0.504250
vt 0.563432 0.504251
vt 0.561279 0.668640
vt 0.561363 0.668641
vt 0.561364 0.669082
vt 0.561279 0.669083
vt 0.561280 0.666888
vt 0.561365 0.666883
vt 0.561364 0.667322
vt 0.561279 0.667325
vt 0.564259 0.502789
vt 0.564362 0.502789
vt 0.564362 0.502847
vt 0.564259 0.502847
vt 0.562933 0.723678
vt 0.563017 0.723678
vt 0.563016 0.724120
vt 0.562933 0.724118
vt 0.558440 0.605269
vt 0.558544 0.605270
vt 0.558544 0.605807
vt 0.558441 0.605808
vt 0.558853 0.605273
vt 0.558956 0.605274
vt 0.558955 0.605808
vt 0.558853 0.605807
vt 0.562932 0.727187
vt 0.563016 0.727188
vt 0.563016 0.727627
vt 0.562932 0.727626
vt 0.563018 0.503258
vt 0.563121 0.503259
vt 0.563121 0.503317
vt 0.563018 0.503317
vt 0.557229 0.604021
vt 0.557333 0.604021
vt 0.557333 0.604080
vt 0.557229 0.604080
vt 0.564954 0.723651
vt 0.565038 0.723651
vt 0.565036 0.724100
vt 0.564952 0.724098
vt 0.562629 0.666865
vt 0.562713 0.666865
vt 0.562713 0.667304
vt 0.562629 0.667304
vt 0.562965 0.666865
vt 0.563049 0.666869
vt 0.563049 0.667310
vt 0.562965 0.667306
vt 0.564671 0.503022
vt 0.564774 0.503022
vt 0.564774 0.503081
vt 0.564671 0.503081
vt 0.564671 0.502788
vt 0.564774 0.502788
vt 0.564774 0.502847
vt 0.564671 0.502847
vt 0.564616 0.721896
vt 0.564701 0.721896
vt 0.564701 0.722338
vt 0.564616 0.722340
vt 0.561953 0.672147
vt 0.562037 0.672148
vt 0.562037 0.672591
vt 0.561953 0.672590
vt 0.564278 0.725425
vt 0.564362 0.725422
vt 0.564362 0.725862
vt 0.564277 0.725864
vt 0.565083 0.503256
vt 0.565186 0.503256
vt 0.565186 0.503314
vt 0.565083 0.503314
vt 0.558587 0.675681
vt 0.558671 0.675680
vt 0.558671 0.676117
vt 0.558587 0.676119
vt 0.558586 0.673939
vt 0.558670 0.673937
vt 0.558670 0.674371
vt 0.558586 0.674374
vt 0.554750 0.604491
vt 0.554853 0.604490
vt 0.554854 0.604548
vt 0.554751 0.604549
vt 0.555135 0.616075
vt 0.555238 0.616074
vt 0.555239 0.616614
vt 0.555136 0.616616
vt 0.555135 0.613931
vt 0.555238 0.613932
vt 0.555238 0.614468
vt 0.555135 0.614468
vt 0.555547 0.613929
vt 0.555650 0.613929
vt 0.555650 0.614464
vt 0.555547 0.614465
vt 0.557917 0.679197
vt 0.558001 0.679196
vt 0.558001 0.679635
vt 0.557917 0.679635
vt 0.557916 0.677447
vt 0.558000 0.677446
vt 0.558000 0.677884
vt 0.557916 0.677885
vt 0.555549 0.618216
vt 0.555652 0.618215
vt 0.555653 0.618756
vt 0.555550 0.618756
vt 0.558591 0.668681
vt 0.558675 0.668676
vt 0.558675 0.669118
vt 0.558592 0.669123
vt 0.560542 0.502795
vt 0.560645 0.502794
vt 0.560646 0.502853
vt 0.560543 0.502853
vt 0.560954 0.502794
vt 0.561056 0.502794
vt 0.561057 0.502853
vt 0.560955 0.502853
vt 0.560242 0.723720
vt 0.560327 0.723721
vt 0.560327 0.724158
vt 0.560242 0.724158
vt 0.557915 0.666928
vt 0.557999 0.666926
vt 0.558000 0.667367
vt 0.557915 0.667368
vt 0.560577 0.721951
vt 0.560662 0.721950
vt 0.560663 0.722393
vt 0.560578 0.722395
vt 0.557916 0.672188
vt 0.558000 0.672188
vt 0.558000 0.672623
vt 0.557916 0.672624
vt 0.557916 0.670442
vt 0.558000 0.670442
vt 0.557999 0.670879
vt 0.557915 0.670878
vt 0.560129 0.503263
vt 0.560233 0.503264
vt 0.560232 0.503322
vt 0.560129 0.503322
vt 0.562260 0.723676
vt 0.562344 0.723676
vt 0.562344 0.724114
vt 0.562259 0.724114
vt 0.562260 0.721923
vt 0.562344 0.721922
vt 0.562344 0.722361
vt 0.562260 0.722361
vt 0.560272 0.666887
vt 0.560356 0.666887
vt 0.560356 0.667328
vt 0.560273 0.667328
vt 0.561367 0.503027
vt 0.561471 0.503027
vt 0.561471 0.503085
vt 0.561367 0.503085
vt 0.561367 0.502793
vt 0.561471 0.502793
vt 0.561472 0.502852
vt 0.561367 0.502852
vt 0.561781 0.502792
vt 0.561884 0.502792
vt 0.561884 0.502850
vt 0.561782 0.502850
vt 0.559260 0.672173
vt 0.559344 0.672173
vt 0.559343 0.672609
vt 0.559260 0.672609
vt 0.561367 0.503260
vt 0.561470 0.503259
vt 0.561470 0.503317
vt 0.561367 0.503318
vt 0.561778 0.503259
vt 0.561881 0.503259
vt 0.561881 0.503317
vt 0.561778 0.503317
vt 0.558591 0.689716
vt 0.558675 0.689716
vt 0.558675 0.690154
vt 0.558591 0.690155
vt 0.555964 0.631133
vt 0.556067 0.631132
vt 0.556067 0.631671
vt 0.555964 0.631671
vt 0.558927 0.687962
vt 0.559012 0.687963
vt 0.559012 0.688401
vt 0.558927 0.688400
vt 0.555139 0.633281
vt 0.555242 0.633281
vt 0.555243 0.633821
vt 0.555139 0.633819
vt 0.555139 0.631130
vt 0.555242 0.631131
vt 0.555242 0.631670
vt 0.555139 0.631669
vt 0.555551 0.631135
vt 0.555654 0.631135
vt 0.555654 0.631673
vt 0.555551 0.631673
vt 0.557919 0.693220
vt 0.558004 0.693222
vt 0.558004 0.693662
vt 0.557919 0.693661
vt 0.557919 0.691468
vt 0.558003 0.691468
vt 0.558003 0.691905
vt 0.557920 0.691905
vt 0.555552 0.635436
vt 0.555656 0.635436
vt 0.555656 0.635975
vt 0.555553 0.635974
vt 0.560916 0.737736
vt 0.560999 0.737737
vt 0.561000 0.738174
vt 0.560916 0.738174
vt 0.558590 0.680949
vt 0.558674 0.680950
vt 0.558674 0.681391
vt 0.558590 0.681390
vt 0.558926 0.680951
vt 0.559010 0.680951
vt 0.559010 0.681391
vt 0.558926 0.681391
vt 0.555138 0.624682
vt 0.555241 0.624682
vt 0.555242 0.625222
vt 0.555139 0.625223
vt 0.555137 0.622530
vt 0.555240 0.622529
vt 0.555240 0.623066
vt 0.555137 0.623067
vt 0.555550 0.622526
vt 0.555654 0.622526
vt 0.555654 0.623064
vt 0.555550 0.623063
vt 0.557919 0.686210
vt 0.558003 0.686210
vt 0.558003 0.686647
vt 0.557919 0.686647
vt 0.557919 0.684459
vt 0.558003 0.684459
vt 0.558003 0.684897
vt 0.557919 0.684897
vt 0.555552 0.626833
vt 0.555655 0.626834
vt 0.555655 0.627372
vt 0.555552 0.627371
vt 0.559935 0.682699
vt 0.560020 0.682697
vt 0.560020 0.683135
vt 0.559935 0.683137
vt 0.555993 0.605423
vt 0.556096 0.605423
vt 0.556096 0.605482
vt 0.555993 0.605482
vt 0.562597 0.735971
vt 0.562681 0.735971
vt 0.562681 0.736410
vt 0.562597 0.736410
vt 0.556789 0.624679
vt 0.556892 0.624679
vt 0.556893 0.625217
vt 0.556789 0.625218
vt 0.559262 0.680950
vt 0.559346 0.680949
vt 0.559346 0.681388
vt 0.559262 0.681388
vt 0.561924 0.735975
vt 0.562009 0.735973
vt 0.562009 0.736413
vt 0.561924 0.736416
vt 0.556790 0.628981
vt 0.556893 0.628980
vt 0.556893 0.629516
vt 0.556790 0.629516
vt 0.559263 0.684457
vt 0.559347 0.684456
vt 0.559347 0.684894
vt 0.559263 0.684894
vt 0.557202 0.626826
vt 0.557305 0.626826
vt 0.557305 0.627363
vt 0.557202 0.627364
vt 0.561283 0.689697
vt 0.561366 0.689696
vt 0.561366 0.690133
vt 0.561283 0.690134
vt 0.559268 0.631109
vt 0.559371 0.631109
vt 0.559371 0.631647
vt 0.559268 0.631647
vt 0.561618 0.687939
vt 0.561703 0.687938
vt 0.561703 0.688378
vt 0.561618 0.688379
vt 0.560610 0.689701
vt 0.560694 0.689700
vt 0.560694 0.690138
vt 0.560610 0.690139
vt 0.560609 0.687948
vt 0.560693 0.687947
vt 0.560693 0.688385
vt 0.560609 0.688386
vt 0.560946 0.687945
vt 0.561030 0.687944
vt 0.561030 0.688382
vt 0.560946 0.688382
vt 0.560611 0.693212
vt 0.560695 0.693212
vt 0.560695 0.693649
vt 0.560611 0.693650
vt 0.560610 0.691452
vt 0.560694 0.691451
vt 0.560694 0.691890
vt 0.560610 0.691891
vt 0.558855 0.635414
vt 0.558958 0.635414
vt 0.558959 0.635955
vt 0.558855 0.635954
vt 0.563608 0.737702
vt 0.563692 0.737701
vt 0.563692 0.738140
vt 0.563608 0.738144
vt 0.563846 0.504658
vt 0.563949 0.504658
vt 0.563949 0.504716
vt 0.563846 0.504716
vt 0.564258 0.504658
vt 0.564361 0.504658
vt 0.564362 0.504716
vt 0.564258 0.504716
vt 0.562934 0.737722
vt 0.563018 0.737720
vt 0.563018 0.738158
vt 0.562934 0.738159
vt 0.560609 0.680936
vt 0.560693 0.680935
vt 0.560693 0.681371
vt 0.560609 0.681373
vt 0.563270 0.735959
vt 0.563355 0.735956
vt 0.563355 0.736394
vt 0.563270 0.736397
vt 0.560609 0.686196
vt 0.560693 0.686196
vt 0.560693 0.686635
vt 0.560609 0.686635
vt 0.560609 0.684443
vt 0.560693 0.684442
vt 0.560693 0.684882
vt 0.560609 0.684882
vt 0.563271 0.739467
vt 0.563355 0.739466
vt 0.563355 0.739905
vt 0.563271 0.739907
vt 0.562628 0.682658
vt 0.562712 0.682660
vt 0.562712 0.683098
vt 0.562628 0.683097
vt 0.560919 0.622471
vt 0.561022 0.622472
vt 0.561023 0.623009
vt 0.560919 0.623010
vt 0.561331 0.622467
vt 0.561434 0.622464
vt 0.561435 0.623001
vt 0.561331 0.623004
vt 0.564280 0.737700
vt 0.564365 0.737699
vt 0.564364 0.738137
vt 0.564280 0.738138
vt 0.564671 0.504657
vt 0.564774 0.504657
vt 0.564775 0.504715
vt 0.564671 0.504715
vt 0.564616 0.735937
vt 0.564700 0.735935
vt 0.564701 0.736376
vt 0.564617 0.736377
vt 0.564673 0.505358
vt 0.564776 0.505358
vt 0.564777 0.505416
vt 0.564673 0.505416
vt 0.564672 0.505124
vt 0.564776 0.505124
vt 0.564776 0.505182
vt 0.564673 0.505182
vt 0.565085 0.505124
vt 0.565188 0.505124
vt 0.565189 0.505182
vt 0.565085 0.505182
vt 0.564955 0.741209
vt 0.565040 0.741210
vt 0.565039 0.741650
vt 0.564955 0.741648
vt 0.564954 0.739449
vt 0.565038 0.739447
vt 0.565039 0.739887
vt 0.564954 0.739888
vt 0.561335 0.626772
vt 0.561438 0.626770
vt 0.561440 0.627311
vt 0.561336 0.627314
vt 0.563608 0.741212
vt 0.563692 0.741210
vt 0.563692 0.741648
vt 0.563608 0.741652
vt 0.561283 0.684423
vt 0.561366 0.684419
vt 0.561366 0.684862
vt 0.561282 0.684867
vt 0.563944 0.739452
vt 0.564028 0.739452
vt 0.564028 0.739890
vt 0.563943 0.739890
vt 0.561283 0.693205
vt 0.561368 0.693204
vt 0.561368 0.693642
vt 0.561283 0.693642
vt 0.559268 0.635415
vt 0.559372 0.635415
vt 0.559372 0.635953
vt 0.559269 0.635955
vt 0.559682 0.635412
vt 0.559785 0.635410
vt 0.559785 0.635950
vt 0.559682 0.635950
vt 0.557615 0.628973
vt 0.557719 0.628972
vt 0.557719 0.629509
vt 0.557615 0.629511
vt 0.557615 0.626823
vt 0.557718 0.626822
vt 0.557718 0.627359
vt 0.557615 0.627360
vt 0.560272 0.684446
vt 0.560356 0.684445
vt 0.560357 0.684883
vt 0.560272 0.684884
vt 0.555964 0.628981
vt 0.556067 0.628981
vt 0.556067 0.629519
vt 0.555964 0.629519
vt 0.558591 0.684459
vt 0.558675 0.684459
vt 0.558675 0.684897
vt 0.558591 0.684897
vt 0.558927 0.684459
vt 0.559011 0.684458
vt 0.559011 0.684896
vt 0.558927 0.684896
vt 0.558592 0.693225
vt 0.558676 0.693225
vt 0.558676 0.693662
vt 0.558592 0.693663
vt 0.555965 0.635437
vt 0.556068 0.635438
vt 0.556069 0.635978
vt 0.555965 0.635977
vt 0.556378 0.635439
vt 0.556481 0.635439
vt 0.556481 0.635976
vt 0.556378 0.635977
vt 0.562191 0.503492
vt 0.562295 0.503492
vt 0.562295 0.503550
vt 0.562191 0.503551
vt 0.562192 0.503258
vt 0.562296 0.503258
vt 0.562296 0.503317
vt 0.562192 0.503317
vt 0.562606 0.503258
vt 0.562709 0.503258
vt 0.562709 0.503317
vt 0.562606 0.503317
vt 0.560539 0.503495
vt 0.560641 0.503495
vt 0.560641 0.503553
vt 0.560538 0.503554
vt 0.560915 0.725462
vt 0.561000 0.725446
vt 0.560997 0.725902
vt 0.560913 0.725911
vt 0.558923 0.670416
vt 0.559008 0.670417
vt 0.559008 0.670854
vt 0.558923 0.670853
vt 0.555964 0.620376
vt 0.556067 0.620379
vt 0.556068 0.620915
vt 0.555965 0.620914
vt 0.560914 0.732467
vt 0.560999 0.732465
vt 0.560999 0.732902
vt 0.560915 0.732904
vt 0.561251 0.732461
vt 0.561335 0.732461
vt 0.561334 0.732903
vt 0.561251 0.732902
vt 0.565495 0.503490
vt 0.565598 0.503490
vt 0.565598 0.503548
vt 0.565495 0.503549
vt 0.565494 0.503257
vt 0.565597 0.503257
vt 0.565597 0.503315
vt 0.565494 0.503315
vt 0.565286 0.725421
vt 0.565372 0.725420
vt 0.565373 0.725859
vt 0.565287 0.725860
vt 0.563843 0.503493
vt 0.563946 0.503493
vt 0.563946 0.503551
vt 0.563843 0.503551
vt 0.561280 0.670398
vt 0.561365 0.670397
vt 0.561365 0.670834
vt 0.561281 0.670836
vt 0.561616 0.670398
vt 0.561700 0.670398
vt 0.561700 0.670834
vt 0.561616 0.670833
vt 0.563845 0.504425
vt 0.563948 0.504425
vt 0.563948 0.504483
vt 0.563845 0.504483
vt 0.557643 0.604955
vt 0.557746 0.604955
vt 0.557746 0.605013
vt 0.557643 0.605013
vt 0.563941 0.732444
vt 0.564026 0.732440
vt 0.564025 0.732881
vt 0.563941 0.732884
vt 0.564951 0.734179
vt 0.565035 0.734178
vt 0.565035 0.734613
vt 0.564951 0.734615
vt 0.562625 0.677393
vt 0.562709 0.677392
vt 0.562709 0.677830
vt 0.562625 0.677832
vt 0.561328 0.618159
vt 0.561432 0.618157
vt 0.561432 0.618694
vt 0.561328 0.618696
vt 0.555992 0.605190
vt 0.556095 0.605190
vt 0.556095 0.605248
vt 0.555992 0.605248
vt 0.559935 0.677436
vt 0.560018 0.677435
vt 0.560019 0.677872
vt 0.559935 0.677873
vt 0.562596 0.732465
vt 0.562681 0.732462
vt 0.562681 0.732899
vt 0.562596 0.732901
vt 0.559937 0.693210
vt 0.560022 0.693210
vt 0.560022 0.693650
vt 0.559938 0.693650
vt 0.555995 0.606823
vt 0.556098 0.606823
vt 0.556098 0.606881
vt 0.555995 0.606881
vt 0.558029 0.635420
vt 0.558133 0.635420
vt 0.558133 0.635957
vt 0.558029 0.635958
vt 0.562630 0.693200
vt 0.562715 0.693198
vt 0.562715 0.693636
vt 0.562631 0.693637
vt 0.560920 0.635403
vt 0.561024 0.635405
vt 0.561024 0.635947
vt 0.560921 0.635945
vt 0.561334 0.635400
vt 0.561437 0.635401
vt 0.561437 0.635939
vt 0.561334 0.635940
vt 0.561127 0.635404
vt 0.561230 0.635401
vt 0.561231 0.635943
vt 0.561127 0.635946
vt 0.559505 0.606702
vt 0.559608 0.606702
vt 0.559608 0.606761
vt 0.559505 0.606761
vt 0.559711 0.606703
vt 0.559814 0.606703
vt 0.559815 0.606762
vt 0.559712 0.606762
vt 0.562460 0.691443
vt 0.562545 0.691442
vt 0.562545 0.691882
vt 0.562461 0.691881
vt 0.559091 0.606704
vt 0.559194 0.606704
vt 0.559195 0.606762
vt 0.559091 0.606763
vt 0.559298 0.606704
vt 0.559402 0.606703
vt 0.559402 0.606762
vt 0.559298 0.606762
vt 0.562462 0.693203
vt 0.562546 0.693201
vt 0.562546 0.693639
vt 0.562462 0.693641
vt 0.560714 0.636484
vt 0.560818 0.636485
vt 0.560818 0.637025
vt 0.560715 0.637026
vt 0.560921 0.636485
vt 0.561025 0.636485
vt 0.561025 0.637022
vt 0.560922 0.637023
vt 0.560105 0.691457
vt 0.560189 0.691456
vt 0.560189 0.691894
vt 0.560105 0.691895
vt 0.557823 0.634346
vt 0.557926 0.634346
vt 0.557926 0.634883
vt 0.557823 0.634884
vt 0.560273 0.690579
vt 0.560357 0.690578
vt 0.560358 0.691017
vt 0.560273 0.691017
vt 0.555788 0.606823
vt 0.555891 0.606823
vt 0.555892 0.606881
vt 0.555789 0.606882
vt 0.555788 0.606707
vt 0.555891 0.606707
vt 0.555891 0.606765
vt 0.555788 0.606765
vt 0.557616 0.634348
vt 0.557719 0.634347
vt 0.557720 0.634884
vt 0.557616 0.634886
vt 0.559770 0.693212
vt 0.559854 0.693210
vt 0.559854 0.693650
vt 0.559770 0.693650
vt 0.555789 0.606940
vt 0.555892 0.606940
vt 0.555892 0.606998
vt 0.555789 0.606998
vt 0.555995 0.606940
vt 0.556098 0.606940
vt 0.556098 0.606998
vt 0.555995 0.606998
vt 0.560102 0.677435
vt 0.560186 0.677434
vt 0.560187 0.677870
vt 0.560103 0.677871
vt 0.560102 0.676562
vt 0.560186 0.676562
vt 0.560186 0.676999
vt 0.560102 0.677000
vt 0.562596 0.731592
vt 0.562680 0.731591
vt 0.562680 0.732027
vt 0.562596 0.732029
vt 0.559767 0.677439
vt 0.559851 0.677438
vt 0.559851 0.677874
vt 0.559767 0.677876
vt 0.559766 0.676556
vt 0.559850 0.676559
vt 0.559851 0.677001
vt 0.559767 0.676999
vt 0.559935 0.676561
vt 0.560018 0.676562
vt 0.560018 0.677002
vt 0.559935 0.677002
vt 0.561987 0.504428
vt 0.562090 0.504427
vt 0.562090 0.504486
vt 0.561987 0.504486
vt 0.562092 0.733346
vt 0.562176 0.733344
vt 0.562176 0.733782
vt 0.562092 0.733784
vt 0.562260 0.733343
vt 0.562344 0.733342
vt 0.562344 0.733779
vt 0.562260 0.733780
vt 0.561122 0.618160
vt 0.561225 0.618159
vt 0.561225 0.618697
vt 0.561122 0.618697
vt 0.561122 0.617086
vt 0.561225 0.617085
vt 0.561225 0.617622
vt 0.561122 0.617623
vt 0.561328 0.617084
vt 0.561432 0.617084
vt 0.561432 0.617621
vt 0.561328 0.617621
vt 0.562457 0.677396
vt 0.562541 0.677394
vt 0.562541 0.677833
vt 0.562457 0.677833
vt 0.562457 0.676519
vt 0.562541 0.676518
vt 0.562541 0.676956
vt 0.562457 0.676958
vt 0.560915 0.617088
vt 0.561019 0.617087
vt 0.561019 0.617624
vt 0.560916 0.617625
vt 0.564783 0.734179
vt 0.564867 0.734179
vt 0.564867 0.734616
vt 0.564783 0.734618
vt 0.564782 0.733303
vt 0.564867 0.733303
vt 0.564867 0.733741
vt 0.564783 0.733741
vt 0.564951 0.733303
vt 0.565035 0.733303
vt 0.565035 0.733741
vt 0.564951 0.733741
vt 0.563773 0.732448
vt 0.563857 0.732447
vt 0.563857 0.732885
vt 0.563773 0.732885
vt 0.563773 0.731571
vt 0.563858 0.731568
vt 0.563857 0.732008
vt 0.563773 0.732010
vt 0.561616 0.676534
vt 0.561700 0.676532
vt 0.561700 0.676969
vt 0.561616 0.676972
vt 0.563638 0.504192
vt 0.563741 0.504192
vt 0.563741 0.504250
vt 0.563638 0.504250
vt 0.563437 0.731578
vt 0.563521 0.731577
vt 0.563521 0.732013
vt 0.563437 0.732014
vt 0.563605 0.731575
vt 0.563689 0.731574
vt 0.563689 0.732011
vt 0.563605 0.732012
vt 0.563639 0.504425
vt 0.563742 0.504425
vt 0.563742 0.504483
vt 0.563639 0.504484
vt 0.563638 0.504309
vt 0.563741 0.504309
vt 0.563741 0.504367
vt 0.563638 0.504367
vt 0.563844 0.504309
vt 0.563947 0.504308
vt 0.563947 0.504367
vt 0.563844 0.504367
vt 0.559472 0.609576
vt 0.559574 0.609577
vt 0.559574 0.610111
vt 0.559472 0.610111
vt 0.561448 0.669520
vt 0.561532 0.669520
vt 0.561532 0.669959
vt 0.561448 0.669959
vt 0.561616 0.669520
vt 0.561701 0.669519
vt 0.561700 0.669961
vt 0.561616 0.669960
vt 0.563437 0.725433
vt 0.563521 0.725432
vt 0.563522 0.725870
vt 0.563437 0.725872
vt 0.563436 0.724558
vt 0.563520 0.724556
vt 0.563521 0.724994
vt 0.563436 0.724995
vt 0.561280 0.669522
vt 0.561364 0.669521
vt 0.561364 0.669959
vt 0.561280 0.669960
vt 0.563638 0.503493
vt 0.563741 0.503493
vt 0.563741 0.503551
vt 0.563638 0.503551
vt 0.563637 0.503375
vt 0.563741 0.503375
vt 0.563741 0.503434
vt 0.563637 0.503434
vt 0.563606 0.726308
vt 0.563690 0.726307
vt 0.563689 0.726754
vt 0.563605 0.726756
vt 0.565700 0.503257
vt 0.565803 0.503257
vt 0.565804 0.503315
vt 0.565700 0.503315
vt 0.565701 0.503140
vt 0.565804 0.503140
vt 0.565803 0.503199
vt 0.565700 0.503199
vt 0.565287 0.724545
vt 0.565371 0.724544
vt 0.565371 0.724982
vt 0.565286 0.724984
vt 0.565289 0.503256
vt 0.565391 0.503257
vt 0.565391 0.503315
vt 0.565289 0.503314
vt 0.565289 0.503140
vt 0.565392 0.503140
vt 0.565391 0.503199
vt 0.565289 0.503198
vt 0.565495 0.503140
vt 0.565598 0.503140
vt 0.565597 0.503199
vt 0.565494 0.503199
vt 0.564781 0.727183
vt 0.564866 0.727180
vt 0.564866 0.727617
vt 0.564781 0.727621
vt 0.565288 0.503373
vt 0.565391 0.503373
vt 0.565391 0.503432
vt 0.565288 0.503432
vt 0.565494 0.503373
vt 0.565597 0.503374
vt 0.565598 0.503432
vt 0.565495 0.503432
vt 0.561083 0.732464
vt 0.561167 0.732462
vt 0.561167 0.732902
vt 0.561083 0.732902
vt 0.561081 0.731586
vt 0.561166 0.731586
vt 0.561166 0.732025
vt 0.561082 0.732026
vt 0.560953 0.504077
vt 0.561057 0.504077
vt 0.561057 0.504135
vt 0.560954 0.504135
vt 0.558421 0.677437
vt 0.558505 0.677437
vt 0.558506 0.677874
vt 0.558421 0.677876
vt 0.555754 0.617141
vt 0.555857 0.617138
vt 0.555858 0.617676
vt 0.555755 0.617676
vt 0.558587 0.676557
vt 0.558672 0.676555
vt 0.558673 0.676995
vt 0.558588 0.676996
vt 0.555757 0.620373
vt 0.555861 0.620374
vt 0.555861 0.620913
vt 0.555758 0.620913
vt 0.558422 0.678314
vt 0.558506 0.678312
vt 0.558506 0.678752
vt 0.558422 0.678753
vt 0.558590 0.678310
vt 0.558674 0.678308
vt 0.558674 0.678752
vt 0.558590 0.678750
vt 0.556168 0.609591
vt 0.556270 0.609595
vt 0.556270 0.610135
vt 0.556167 0.610142
vt 0.556169 0.608537
vt 0.556271 0.608535
vt 0.556270 0.609067
vt 0.556169 0.609066
vt 0.558924 0.669548
vt 0.559008 0.669546
vt 0.559008 0.669981
vt 0.558923 0.669982
vt 0.560335 0.503264
vt 0.560439 0.503264
vt 0.560437 0.503322
vt 0.560335 0.503322
vt 0.560748 0.724595
vt 0.560834 0.724589
vt 0.560832 0.725029
vt 0.560747 0.725036
vt 0.555967 0.608543
vt 0.556068 0.608541
vt 0.556069 0.609067
vt 0.555967 0.609070
vt 0.554133 0.604258
vt 0.554236 0.604258
vt 0.554235 0.604317
vt 0.554132 0.604317
vt 0.560335 0.503380
vt 0.560437 0.503380
vt 0.560437 0.503437
vt 0.560334 0.503437
vt 0.560539 0.503380
vt 0.560641 0.503380
vt 0.560641 0.503437
vt 0.560539 0.503437
vt 0.556198 0.604021
vt 0.556302 0.604021
vt 0.556302 0.604080
vt 0.556198 0.604080
vt 0.562399 0.503141
vt 0.562503 0.503141
vt 0.562502 0.503200
vt 0.562399 0.503200
vt 0.562606 0.503142
vt 0.562709 0.503142
vt 0.562709 0.503200
vt 0.562606 0.503200
vt 0.561984 0.503259
vt 0.562088 0.503258
vt 0.562088 0.503317
vt 0.561984 0.503317
vt 0.562091 0.724549
vt 0.562175 0.724551
vt 0.562175 0.724992
vt 0.562090 0.724994
vt 0.555991 0.603904
vt 0.556095 0.603904
vt 0.556095 0.603963
vt 0.555991 0.603962
vt 0.561985 0.503492
vt 0.562088 0.503492
vt 0.562088 0.503551
vt 0.561985 0.503551
vt 0.561984 0.503375
vt 0.562088 0.503376
vt 0.562088 0.503434
vt 0.561985 0.503434
vt 0.562192 0.503376
vt 0.562295 0.503375
vt 0.562295 0.503434
vt 0.562191 0.503434
vt 0.556172 0.635438
vt 0.556275 0.635439
vt 0.556275 0.635978
vt 0.556172 0.635978
vt 0.556171 0.634361
vt 0.556274 0.634361
vt 0.556275 0.634900
vt 0.556171 0.634899
vt 0.556378 0.634362
vt 0.556481 0.634362
vt 0.556481 0.634900
vt 0.556378 0.634900
vt 0.555759 0.635437
vt 0.555862 0.635437
vt 0.555862 0.635976
vt 0.555759 0.635975
vt 0.558423 0.690593
vt 0.558507 0.690593
vt 0.558507 0.691031
vt 0.558423 0.691030
vt 0.558591 0.690592
vt 0.558675 0.690592
vt 0.558675 0.691031
vt 0.558591 0.691031
vt 0.558424 0.693226
vt 0.558508 0.693225
vt 0.558508 0.693663
vt 0.558424 0.693663
vt 0.555759 0.636515
vt 0.555862 0.636516
vt 0.555863 0.637055
vt 0.555759 0.637055
vt 0.555966 0.636517
vt 0.556069 0.636517
vt 0.556069 0.637054
vt 0.555966 0.637055
vt 0.558759 0.684459
vt 0.558843 0.684459
vt 0.558843 0.684897
vt 0.558759 0.684897
vt 0.558758 0.683581
vt 0.558842 0.683582
vt 0.558843 0.684021
vt 0.558759 0.684021
vt 0.558926 0.683582
vt 0.559011 0.683582
vt 0.559011 0.684020
vt 0.558927 0.684021
vt 0.555758 0.626835
vt 0.555861 0.626834
vt 0.555861 0.627372
vt 0.555758 0.627372
vt 0.558423 0.683579
vt 0.558507 0.683580
vt 0.558507 0.684019
vt 0.558423 0.684019
vt 0.558591 0.683580
vt 0.558674 0.683581
vt 0.558675 0.684021
vt 0.558591 0.684020
vt 0.558422 0.686210
vt 0.558506 0.686209
vt 0.558506 0.686647
vt 0.558422 0.686647
vt 0.555758 0.627907
vt 0.555861 0.627908
vt 0.555861 0.628444
vt 0.555758 0.628444
vt 0.555964 0.627908
vt 0.556067 0.627908
vt 0.556067 0.628445
vt 0.555964 0.628444
vt 0.557821 0.626821
vt 0.557925 0.626819
vt 0.557925 0.627356
vt 0.557821 0.627358
vt 0.560104 0.683571
vt 0.560188 0.683570
vt 0.560188 0.684008
vt 0.560104 0.684009
vt 0.560272 0.683569
vt 0.560356 0.683568
vt 0.560356 0.684006
vt 0.560272 0.684007
vt 0.557408 0.626824
vt 0.557511 0.626824
vt 0.557512 0.627361
vt 0.557409 0.627362
vt 0.557408 0.625751
vt 0.557511 0.625749
vt 0.557511 0.626286
vt 0.557408 0.626288
vt 0.557614 0.625748
vt 0.557718 0.625746
vt 0.557718 0.626284
vt 0.557615 0.626285
vt 0.559768 0.686205
vt 0.559852 0.686204
vt 0.559852 0.686642
vt 0.559768 0.686643
vt 0.557409 0.627898
vt 0.557512 0.627898
vt 0.557512 0.628436
vt 0.557409 0.628437
vt 0.557615 0.627897
vt 0.557718 0.627896
vt 0.557718 0.628434
vt 0.557615 0.628435
vt 0.559475 0.635414
vt 0.559578 0.635413
vt 0.559578 0.635951
vt 0.559475 0.635952
vt 0.559474 0.634334
vt 0.559578 0.634333
vt 0.559578 0.634874
vt 0.559475 0.634874
vt 0.559681 0.634333
vt 0.559785 0.634334
vt 0.559785 0.634873
vt 0.559682 0.634873
vt 0.559062 0.635415
vt 0.559165 0.635416
vt 0.559166 0.635955
vt 0.559062 0.635956
vt 0.561114 0.690573
vt 0.561199 0.690572
vt 0.561199 0.691011
vt 0.561115 0.691011
vt 0.561283 0.690571
vt 0.561367 0.690571
vt 0.561367 0.691010
vt 0.561283 0.691010
vt 0.561115 0.693206
vt 0.561199 0.693205
vt 0.561199 0.693643
vt 0.561115 0.693644
vt 0.559062 0.636494
vt 0.559166 0.636493
vt 0.559166 0.637031
vt 0.559062 0.637032
vt 0.559269 0.636492
vt 0.559372 0.636491
vt 0.559372 0.637029
vt 0.559269 0.637030
vt 0.561449 0.684419
vt 0.561534 0.684420
vt 0.561534 0.684857
vt 0.561450 0.684857
vt 0.561450 0.683546
vt 0.561534 0.683545
vt 0.561534 0.683984
vt 0.561450 0.683985
vt 0.563944 0.738577
vt 0.564028 0.738577
vt 0.564028 0.739014
vt 0.563943 0.739015
vt 0.563439 0.739465
vt 0.563524 0.739461
vt 0.563523 0.739901
vt 0.563439 0.739903
vt 0.561114 0.683555
vt 0.561199 0.683554
vt 0.561199 0.683991
vt 0.561114 0.683994
vt 0.561282 0.683553
vt 0.561366 0.683548
vt 0.561366 0.683988
vt 0.561283 0.683989
vt 0.561114 0.686187
vt 0.561198 0.686183
vt 0.561198 0.686625
vt 0.561113 0.686629
vt 0.563440 0.740341
vt 0.563524 0.740340
vt 0.563524 0.740776
vt 0.563440 0.740779
vt 0.557646 0.606004
vt 0.557749 0.606004
vt 0.557749 0.606062
vt 0.557646 0.606063
vt 0.562798 0.684414
vt 0.562882 0.684411
vt 0.562883 0.684852
vt 0.562799 0.684854
vt 0.565122 0.738567
vt 0.565206 0.738565
vt 0.565206 0.739002
vt 0.565122 0.739005
vt 0.562964 0.683530
vt 0.563049 0.683528
vt 0.563050 0.683967
vt 0.562965 0.683968
vt 0.565291 0.505124
vt 0.565395 0.505124
vt 0.565395 0.505182
vt 0.565292 0.505182
vt 0.564785 0.738570
vt 0.564869 0.738568
vt 0.564869 0.739011
vt 0.564785 0.739013
vt 0.564954 0.738568
vt 0.565038 0.738568
vt 0.565038 0.739007
vt 0.564954 0.739009
vt 0.564786 0.741209
vt 0.564871 0.741209
vt 0.564871 0.741647
vt 0.564787 0.741647
vt 0.559092 0.606003
vt 0.559195 0.606003
vt 0.559196 0.606062
vt 0.559092 0.606062
vt 0.564954 0.740328
vt 0.565040 0.740328
vt 0.565040 0.740769
vt 0.564955 0.740769
vt 0.564879 0.505124
vt 0.564982 0.505124
vt 0.564982 0.505182
vt 0.564879 0.505182
vt 0.564879 0.505007
vt 0.564982 0.505007
vt 0.564982 0.505065
vt 0.564879 0.505065
vt 0.565085 0.505007
vt 0.565188 0.505007
vt 0.565188 0.505066
vt 0.565085 0.505066
vt 0.564466 0.505124
vt 0.564569 0.505124
vt 0.564569 0.505182
vt 0.564466 0.505182
vt 0.564112 0.738576
vt 0.564196 0.738576
vt 0.564196 0.739014
vt 0.564112 0.739013
vt 0.558471 0.605770
vt 0.558575 0.605770
vt 0.558575 0.605828
vt 0.558472 0.605828
vt 0.558265 0.606120
vt 0.558369 0.606120
vt 0.558369 0.606179
vt 0.558265 0.606179
vt 0.564466 0.505240
vt 0.564569 0.505240
vt 0.564570 0.505299
vt 0.564466 0.505299
vt 0.564673 0.505241
vt 0.564776 0.505241
vt 0.564776 0.505299
vt 0.564673 0.505299
vt 0.564448 0.735941
vt 0.564532 0.735939
vt 0.564533 0.736378
vt 0.564448 0.736381
vt 0.564447 0.735064
vt 0.564531 0.735063
vt 0.564531 0.735501
vt 0.564447 0.735503
vt 0.564615 0.735061
vt 0.564699 0.735059
vt 0.564699 0.735497
vt 0.564615 0.735499
vt 0.564464 0.504658
vt 0.564567 0.504657
vt 0.564568 0.504716
vt 0.564465 0.504716
vt 0.558263 0.605303
vt 0.558366 0.605303
vt 0.558367 0.605361
vt 0.558263 0.605362
vt 0.564279 0.735066
vt 0.564363 0.735065
vt 0.564363 0.735505
vt 0.564279 0.735505
vt 0.564112 0.737702
vt 0.564196 0.737701
vt 0.564196 0.738139
vt 0.564112 0.738140
vt 0.564465 0.504774
vt 0.564568 0.504774
vt 0.564569 0.504832
vt 0.564465 0.504833
vt 0.564280 0.736822
vt 0.564364 0.736821
vt 0.564365 0.737260
vt 0.564280 0.737261
vt 0.561125 0.622471
vt 0.561228 0.622469
vt 0.561228 0.623006
vt 0.561125 0.623007
vt 0.562794 0.680017
vt 0.562878 0.680016
vt 0.562879 0.680459
vt 0.562795 0.680459
vt 0.561328 0.621382
vt 0.561432 0.621384
vt 0.561433 0.621926
vt 0.561330 0.621925
vt 0.562459 0.680903
vt 0.562543 0.680903
vt 0.562544 0.681343
vt 0.562460 0.681343
vt 0.564783 0.735056
vt 0.564867 0.735055
vt 0.564868 0.735494
vt 0.564784 0.735495
vt 0.562626 0.680021
vt 0.562710 0.680018
vt 0.562711 0.680461
vt 0.562627 0.680462
vt 0.562460 0.682656
vt 0.562544 0.682657
vt 0.562544 0.683096
vt 0.562460 0.683096
vt 0.560713 0.623549
vt 0.560816 0.623547
vt 0.560816 0.624084
vt 0.560713 0.624084
vt 0.560919 0.623546
vt 0.561022 0.623545
vt 0.561023 0.624086
vt 0.560919 0.624084
vt 0.563103 0.739471
vt 0.563187 0.739468
vt 0.563187 0.739909
vt 0.563102 0.739912
vt 0.557026 0.605772
vt 0.557129 0.605772
vt 0.557129 0.605830
vt 0.557026 0.605831
vt 0.563270 0.738592
vt 0.563355 0.738589
vt 0.563355 0.739028
vt 0.563271 0.739030
vt 0.560441 0.684444
vt 0.560525 0.684443
vt 0.560525 0.684882
vt 0.560441 0.684882
vt 0.562766 0.738599
vt 0.562850 0.738599
vt 0.562850 0.739037
vt 0.562766 0.739037
vt 0.562934 0.738597
vt 0.563018 0.738595
vt 0.563018 0.739034
vt 0.562934 0.739036
vt 0.558235 0.628967
vt 0.558338 0.628966
vt 0.558338 0.629504
vt 0.558235 0.629505
vt 0.560441 0.685320
vt 0.560525 0.685320
vt 0.560525 0.685759
vt 0.560441 0.685758
vt 0.558441 0.627891
vt 0.558544 0.627892
vt 0.558545 0.628428
vt 0.558441 0.628429
vt 0.560776 0.680933
vt 0.560861 0.680930
vt 0.560860 0.681368
vt 0.560776 0.681369
vt 0.563102 0.735083
vt 0.563186 0.735082
vt 0.563186 0.735522
vt 0.563102 0.735526
vt 0.557232 0.605305
vt 0.557335 0.605305
vt 0.557335 0.605363
vt 0.557232 0.605363
vt 0.562766 0.735970
vt 0.562850 0.735969
vt 0.562850 0.736407
vt 0.562766 0.736409
vt 0.562765 0.735091
vt 0.562850 0.735091
vt 0.562850 0.735530
vt 0.562765 0.735531
vt 0.562934 0.735089
vt 0.563018 0.735086
vt 0.563018 0.735529
vt 0.562934 0.735530
vt 0.562766 0.737723
vt 0.562850 0.737723
vt 0.562850 0.738160
vt 0.562766 0.738161
vt 0.562766 0.736847
vt 0.562850 0.736846
vt 0.562850 0.737285
vt 0.562766 0.737286
vt 0.562934 0.736845
vt 0.563018 0.736842
vt 0.563018 0.737282
vt 0.562934 0.737284
vt 0.564052 0.504658
vt 0.564155 0.504658
vt 0.564155 0.504716
vt 0.564052 0.504716
vt 0.564051 0.504541
vt 0.564155 0.504541
vt 0.564155 0.504599
vt 0.564052 0.504599
vt 0.564258 0.504541
vt 0.564361 0.504541
vt 0.564361 0.504599
vt 0.564258 0.504599
vt 0.563639 0.504658
vt 0.563743 0.504658
vt 0.563743 0.504717
vt 0.563640 0.504717
vt 0.563639 0.504542
vt 0.563742 0.504542
vt 0.563742 0.504600
vt 0.563639 0.504600
vt 0.563845 0.504542
vt 0.563948 0.504541
vt 0.563949 0.504600
vt 0.563845 0.504600
vt 0.563439 0.737709
vt 0.563524 0.737705
vt 0.563523 0.738148
vt 0.563439 0.738149
vt 0.563439 0.736830
vt 0.563523 0.736829
vt 0.563524 0.737266
vt 0.563439 0.737269
vt 0.563847 0.504774
vt 0.563950 0.504774
vt 0.563950 0.504833
vt 0.563847 0.504833
vt 0.560778 0.691451
vt 0.560862 0.691451
vt 0.560862 0.691890
vt 0.560778 0.691890
vt 0.557027 0.606706
vt 0.557130 0.606705
vt 0.557130 0.606764
vt 0.557027 0.606764
vt 0.560946 0.690574
vt 0.561030 0.690573
vt 0.561030 0.691012
vt 0.560946 0.691012
vt 0.558236 0.635419
vt 0.558339 0.635418
vt 0.558339 0.635956
vt 0.558236 0.635957
vt 0.556614 0.606706
vt 0.556717 0.606706
vt 0.556718 0.606764
vt 0.556614 0.606764
vt 0.556821 0.606706
vt 0.556924 0.606706
vt 0.556924 0.606764
vt 0.556821 0.606764
vt 0.560443 0.693213
vt 0.560527 0.693213
vt 0.560527 0.693651
vt 0.560443 0.693651
vt 0.558236 0.636495
vt 0.558340 0.636495
vt 0.558340 0.637037
vt 0.558237 0.637036
vt 0.558443 0.636496
vt 0.558546 0.636497
vt 0.558546 0.637038
vt 0.558443 0.637038
vt 0.560778 0.687946
vt 0.560862 0.687945
vt 0.560862 0.688383
vt 0.560778 0.688384
vt 0.560777 0.687071
vt 0.560861 0.687070
vt 0.560861 0.687508
vt 0.560777 0.687508
vt 0.560945 0.687069
vt 0.561029 0.687068
vt 0.561029 0.687507
vt 0.560945 0.687507
vt 0.558235 0.631117
vt 0.558338 0.631116
vt 0.558338 0.631653
vt 0.558235 0.631654
vt 0.558235 0.630042
vt 0.558338 0.630041
vt 0.558338 0.630579
vt 0.558235 0.630580
vt 0.560609 0.687072
vt 0.560693 0.687072
vt 0.560693 0.687509
vt 0.560609 0.687510
vt 0.560441 0.689702
vt 0.560525 0.689701
vt 0.560526 0.690139
vt 0.560441 0.690140
vt 0.560441 0.688826
vt 0.560525 0.688825
vt 0.560525 0.689263
vt 0.560441 0.689264
vt 0.560609 0.688824
vt 0.560693 0.688823
vt 0.560694 0.689261
vt 0.560609 0.689262
vt 0.559474 0.631107
vt 0.559577 0.631105
vt 0.559577 0.631646
vt 0.559474 0.631646
vt 0.563776 0.742087
vt 0.563860 0.742086
vt 0.563860 0.742529
vt 0.563776 0.742531
vt 0.563944 0.742085
vt 0.564028 0.742086
vt 0.564028 0.742527
vt 0.563944 0.742527
vt 0.561114 0.687944
vt 0.561198 0.687943
vt 0.561198 0.688381
vt 0.561114 0.688382
vt 0.561114 0.687067
vt 0.561198 0.687066
vt 0.561198 0.687505
vt 0.561114 0.687506
vt 0.561282 0.687063
vt 0.561367 0.687059
vt 0.561366 0.687502
vt 0.561282 0.687504
vt 0.561114 0.689697
vt 0.561198 0.689697
vt 0.561199 0.690135
vt 0.561114 0.690135
vt 0.561114 0.688820
vt 0.561198 0.688820
vt 0.561198 0.689258
vt 0.561114 0.689259
vt 0.559268 0.632184
vt 0.559371 0.632182
vt 0.559371 0.632721
vt 0.559268 0.632723
vt 0.559431 0.684455
vt 0.559515 0.684454
vt 0.559515 0.684892
vt 0.559431 0.684893
vt 0.556996 0.625753
vt 0.557099 0.625752
vt 0.557099 0.626289
vt 0.556996 0.626290
vt 0.557202 0.625752
vt 0.557305 0.625752
vt 0.557305 0.626289
vt 0.557202 0.626289
vt 0.559095 0.684458
vt 0.559179 0.684457
vt 0.559179 0.684895
vt 0.559095 0.684895
vt 0.559095 0.683582
vt 0.559179 0.683581
vt 0.559179 0.684020
vt 0.559095 0.684020
vt 0.556790 0.625755
vt 0.556893 0.625754
vt 0.556893 0.626292
vt 0.556789 0.626293
vt 0.556583 0.628980
vt 0.556687 0.628981
vt 0.556687 0.629517
vt 0.556583 0.629518
vt 0.559095 0.685332
vt 0.559179 0.685332
vt 0.559179 0.685770
vt 0.559095 0.685770
vt 0.559263 0.685331
vt 0.559347 0.685331
vt 0.559347 0.685769
vt 0.559263 0.685769
vt 0.559430 0.680948
vt 0.559515 0.680946
vt 0.559515 0.681386
vt 0.559430 0.681387
vt 0.561756 0.735101
vt 0.561840 0.735099
vt 0.561840 0.735537
vt 0.561756 0.735540
vt 0.555580 0.605307
vt 0.555683 0.605307
vt 0.555684 0.605365
vt 0.555580 0.605365
vt 0.559094 0.680951
vt 0.559178 0.680951
vt 0.559178 0.681389
vt 0.559094 0.681390
vt 0.556581 0.621452
vt 0.556684 0.621451
vt 0.556684 0.621989
vt 0.556581 0.621990
vt 0.559261 0.680073
vt 0.559346 0.680072
vt 0.559346 0.680510
vt 0.559262 0.680511
vt 0.559094 0.682704
vt 0.559178 0.682704
vt 0.559179 0.683143
vt 0.559094 0.683143
vt 0.559094 0.681828
vt 0.559178 0.681827
vt 0.559178 0.682266
vt 0.559094 0.682266
vt 0.559262 0.681827
vt 0.559346 0.681826
vt 0.559347 0.682264
vt 0.559262 0.682265
vt 0.556199 0.605423
vt 0.556302 0.605423
vt 0.556303 0.605482
vt 0.556199 0.605482
vt 0.562400 0.504544
vt 0.562503 0.504544
vt 0.562503 0.504602
vt 0.562400 0.504602
vt 0.562597 0.735094
vt 0.562681 0.735093
vt 0.562681 0.735532
vt 0.562597 0.735533
vt 0.562093 0.735972
vt 0.562177 0.735972
vt 0.562177 0.736410
vt 0.562093 0.736411
vt 0.561987 0.504544
vt 0.562090 0.504544
vt 0.562091 0.504602
vt 0.561987 0.504602
vt 0.562193 0.504544
vt 0.562296 0.504544
vt 0.562297 0.504602
vt 0.562194 0.504602
vt 0.557407 0.624679
vt 0.557511 0.624677
vt 0.557511 0.625213
vt 0.557408 0.625215
vt 0.559767 0.681820
vt 0.559851 0.681819
vt 0.559851 0.682261
vt 0.559767 0.682264
vt 0.562261 0.736851
vt 0.562345 0.736851
vt 0.562345 0.737290
vt 0.562261 0.737291
vt 0.558087 0.684458
vt 0.558171 0.684458
vt 0.558171 0.684897
vt 0.558087 0.684897
vt 0.558086 0.683583
vt 0.558170 0.683582
vt 0.558171 0.684020
vt 0.558087 0.684021
vt 0.558255 0.683582
vt 0.558339 0.683580
vt 0.558339 0.684020
vt 0.558255 0.684020
vt 0.557750 0.684460
vt 0.557835 0.684460
vt 0.557835 0.684897
vt 0.557751 0.684897
vt 0.557750 0.683585
vt 0.557834 0.683585
vt 0.557834 0.684022
vt 0.557750 0.684022
vt 0.557918 0.683585
vt 0.558002 0.683584
vt 0.558002 0.684021
vt 0.557918 0.684022
vt 0.554933 0.628983
vt 0.555036 0.628982
vt 0.555036 0.629519
vt 0.554933 0.629520
vt 0.557750 0.685335
vt 0.557835 0.685335
vt 0.557834 0.685773
vt 0.557750 0.685773
vt 0.557918 0.685335
vt 0.558003 0.685335
vt 0.558003 0.685773
vt 0.557918 0.685773
vt 0.555343 0.622528
vt 0.555447 0.622527
vt 0.555447 0.623064
vt 0.555343 0.623065
vt 0.555344 0.621452
vt 0.555447 0.621452
vt 0.555447 0.621989
vt 0.555343 0.621991
vt 0.555550 0.621452
vt 0.555654 0.621451
vt 0.555654 0.621989
vt 0.555550 0.621989
vt 0.554930 0.622532
vt 0.555033 0.622532
vt 0.555034 0.623068
vt 0.554930 0.623069
vt 0.554931 0.621455
vt 0.555034 0.621453
vt 0.555034 0.621993
vt 0.554930 0.621994
vt 0.555137 0.621453
vt 0.555240 0.621453
vt 0.555240 0.621992
vt 0.555137 0.621992
vt 0.554931 0.624681
vt 0.555035 0.624682
vt 0.555036 0.625223
vt 0.554932 0.625222
vt 0.554931 0.623606
vt 0.555034 0.623605
vt 0.555034 0.624141
vt 0.554931 0.624142
vt 0.555137 0.623604
vt 0.555240 0.623603
vt 0.555240 0.624141
vt 0.555137 0.624140
vt 0.558758 0.680951
vt 0.558842 0.680951
vt 0.558842 0.681392
vt 0.558758 0.681392
vt 0.556170 0.621449
vt 0.556272 0.621450
vt 0.556273 0.621987
vt 0.556170 0.621986
vt 0.556375 0.621451
vt 0.556478 0.621452
vt 0.556478 0.621990
vt 0.556375 0.621989
vt 0.558422 0.680948
vt 0.558506 0.680948
vt 0.558506 0.681389
vt 0.558422 0.681388
vt 0.555758 0.621451
vt 0.555861 0.621450
vt 0.555861 0.621987
vt 0.555757 0.621988
vt 0.555964 0.621449
vt 0.556067 0.621449
vt 0.556067 0.621986
vt 0.555964 0.621987
vt 0.560748 0.737736
vt 0.560832 0.737736
vt 0.560832 0.738174
vt 0.560748 0.738174
vt 0.560748 0.736859
vt 0.560832 0.736861
vt 0.560832 0.737299
vt 0.560748 0.737298
vt 0.560915 0.736862
vt 0.560999 0.736862
vt 0.560999 0.737300
vt 0.560916 0.737299
vt 0.558087 0.691468
vt 0.558171 0.691468
vt 0.558171 0.691906
vt 0.558087 0.691905
vt 0.555346 0.634360
vt 0.555449 0.634361
vt 0.555449 0.634899
vt 0.555346 0.634899
vt 0.558255 0.690593
vt 0.558339 0.690593
vt 0.558339 0.691031
vt 0.558255 0.691031
vt 0.554934 0.635435
vt 0.555037 0.635435
vt 0.555038 0.635972
vt 0.554935 0.635972
vt 0.554933 0.634357
vt 0.555037 0.634358
vt 0.555037 0.634897
vt 0.554934 0.634896
vt 0.555140 0.634359
vt 0.555243 0.634360
vt 0.555243 0.634898
vt 0.555140 0.634898
vt 0.557751 0.693219
vt 0.557835 0.693219
vt 0.557835 0.693659
vt 0.557751 0.693658
vt 0.554935 0.636508
vt 0.555038 0.636507
vt 0.555037 0.637045
vt 0.554934 0.637045
vt 0.555140 0.636508
vt 0.555243 0.636509
vt 0.555244 0.637048
vt 0.555140 0.637046
vt 0.555346 0.631132
vt 0.555449 0.631134
vt 0.555448 0.631673
vt 0.555346 0.631671
vt 0.555346 0.630055
vt 0.555449 0.630055
vt 0.555449 0.630593
vt 0.555346 0.630593
vt 0.555552 0.630055
vt 0.555655 0.630055
vt 0.555654 0.630593
vt 0.555552 0.630593
vt 0.554933 0.631131
vt 0.555036 0.631130
vt 0.555036 0.631668
vt 0.554933 0.631669
vt 0.554933 0.630057
vt 0.555036 0.630056
vt 0.555036 0.630593
vt 0.554933 0.630594
vt 0.555139 0.630056
vt 0.555243 0.630055
vt 0.555242 0.630593
vt 0.555139 0.630592
vt 0.554933 0.633281
vt 0.555036 0.633281
vt 0.555036 0.633819
vt 0.554933 0.633819
vt 0.554933 0.632207
vt 0.555036 0.632207
vt 0.555036 0.632744
vt 0.554933 0.632744
vt 0.555139 0.632207
vt 0.555242 0.632208
vt 0.555242 0.632744
vt 0.555139 0.632744
vt 0.556170 0.631132
vt 0.556274 0.631132
vt 0.556274 0.631671
vt 0.556171 0.631671
vt 0.556170 0.630057
vt 0.556274 0.630056
vt 0.556274 0.630593
vt 0.556170 0.630594
vt 0.556377 0.630056
vt 0.556480 0.630055
vt 0.556481 0.630596
vt 0.556377 0.630594
vt 0.555757 0.631135
vt 0.555860 0.631134
vt 0.555860 0.631672
vt 0.555757 0.631673
vt 0.555758 0.630055
vt 0.555861 0.630056
vt 0.555861 0.630595
vt 0.555757 0.630594
vt 0.555964 0.630056
vt 0.556067 0.630057
vt 0.556067 0.630595
vt 0.555964 0.630595
vt 0.555758 0.633286
vt 0.555861 0.633285
vt 0.555862 0.633824
vt 0.555758 0.633824
vt 0.555757 0.632208
vt 0.555861 0.632209
vt 0.555861 0.632747
vt 0.555758 0.632747
vt 0.555964 0.632209
vt 0.556068 0.632209
vt 0.556068 0.632747
vt 0.555964 0.632747
vt 0.561573 0.503259
vt 0.561676 0.503259
vt 0.561676 0.503317
vt 0.561573 0.503317
vt 0.561573 0.503143
vt 0.561676 0.503143
vt 0.561676 0.503201
vt 0.561573 0.503201
vt 0.561779 0.503142
vt 0.561882 0.503141
vt 0.561881 0.503201
vt 0.561778 0.503201
vt 0.561418 0.725447
vt 0.561502 0.725445
vt 0.561502 0.725883
vt 0.561418 0.725885
vt 0.561418 0.724575
vt 0.561503 0.724572
vt 0.561502 0.725008
vt 0.561418 0.725011
vt 0.561367 0.503144
vt 0.561470 0.503143
vt 0.561470 0.503201
vt 0.561367 0.503201
vt 0.559093 0.672173
vt 0.559176 0.672173
vt 0.559177 0.672610
vt 0.559093 0.672610
vt 0.561418 0.726325
vt 0.561502 0.726323
vt 0.561502 0.726763
vt 0.561418 0.726765
vt 0.561586 0.726320
vt 0.561670 0.726318
vt 0.561670 0.726761
vt 0.561586 0.726762
vt 0.561757 0.721932
vt 0.561841 0.721929
vt 0.561841 0.722371
vt 0.561757 0.722375
vt 0.561575 0.502675
vt 0.561678 0.502676
vt 0.561679 0.502734
vt 0.561575 0.502734
vt 0.561781 0.502676
vt 0.561883 0.502676
vt 0.561884 0.502734
vt 0.561781 0.502734
vt 0.561159 0.502794
vt 0.561263 0.502794
vt 0.561263 0.502853
vt 0.561160 0.502853
vt 0.561418 0.721047
vt 0.561502 0.721044
vt 0.561502 0.721495
vt 0.561418 0.721502
vt 0.561587 0.721047
vt 0.561672 0.721050
vt 0.561672 0.721491
vt 0.561587 0.721491
vt 0.561161 0.503027
vt 0.561264 0.503027
vt 0.561264 0.503086
vt 0.561160 0.503086
vt 0.561160 0.502911
vt 0.561263 0.502911
vt 0.561264 0.502969
vt 0.561161 0.502969
vt 0.561367 0.502911
vt 0.561472 0.502910
vt 0.561471 0.502969
vt 0.561367 0.502969
vt 0.560104 0.666888
vt 0.560188 0.666888
vt 0.560189 0.667327
vt 0.560104 0.667328
vt 0.560103 0.666008
vt 0.560188 0.666010
vt 0.560188 0.666449
vt 0.560103 0.666449
vt 0.562597 0.721044
vt 0.562681 0.721044
vt 0.562681 0.721481
vt 0.562597 0.721481
vt 0.561986 0.502792
vt 0.562089 0.502791
vt 0.562089 0.502849
vt 0.561987 0.502850
vt 0.561986 0.502675
vt 0.562090 0.502675
vt 0.562089 0.502733
vt 0.561986 0.502734
vt 0.562260 0.721043
vt 0.562344 0.721041
vt 0.562344 0.721482
vt 0.562260 0.721484
vt 0.559766 0.668644
vt 0.559850 0.668644
vt 0.559850 0.669080
vt 0.559766 0.669078
vt 0.562092 0.722803
vt 0.562176 0.722801
vt 0.562176 0.723240
vt 0.562092 0.723241
vt 0.562260 0.722800
vt 0.562344 0.722799
vt 0.562344 0.723238
vt 0.562260 0.723238
vt 0.560409 0.725473
vt 0.560494 0.725472
vt 0.560493 0.725910
vt 0.560409 0.725911
vt 0.559923 0.503147
vt 0.560026 0.503147
vt 0.560026 0.503205
vt 0.559923 0.503205
vt 0.560130 0.503147
vt 0.560233 0.503147
vt 0.560233 0.503206
vt 0.560130 0.503205
vt 0.557747 0.670440
vt 0.557832 0.670441
vt 0.557831 0.670878
vt 0.557747 0.670878
vt 0.557748 0.669564
vt 0.557832 0.669564
vt 0.557832 0.670003
vt 0.557748 0.670002
vt 0.560242 0.724596
vt 0.560327 0.724595
vt 0.560326 0.725035
vt 0.560241 0.725036
vt 0.557748 0.672190
vt 0.557832 0.672189
vt 0.557832 0.672625
vt 0.557748 0.672627
vt 0.557747 0.671316
vt 0.557832 0.671316
vt 0.557832 0.671753
vt 0.557748 0.671753
vt 0.557915 0.671315
vt 0.557999 0.671315
vt 0.558000 0.671752
vt 0.557916 0.671753
vt 0.558083 0.666924
vt 0.558168 0.666921
vt 0.558168 0.667364
vt 0.558084 0.667366
vt 0.558083 0.666047
vt 0.558167 0.666043
vt 0.558167 0.666481
vt 0.558083 0.666484
vt 0.558251 0.666040
vt 0.558335 0.666037
vt 0.558336 0.666476
vt 0.558251 0.666478
vt 0.554928 0.605323
vt 0.555031 0.605321
vt 0.555032 0.605860
vt 0.554928 0.605861
vt 0.554928 0.604249
vt 0.555031 0.604247
vt 0.555031 0.604784
vt 0.554928 0.604786
vt 0.555134 0.604244
vt 0.555238 0.604241
vt 0.555238 0.604778
vt 0.555135 0.604781
vt 0.557748 0.668687
vt 0.557833 0.668688
vt 0.557833 0.669125
vt 0.557748 0.669125
vt 0.557747 0.667809
vt 0.557832 0.667810
vt 0.557833 0.668250
vt 0.557748 0.668249
vt 0.560242 0.722843
vt 0.560326 0.722844
vt 0.560326 0.723283
vt 0.560242 0.723283
vt 0.560748 0.502794
vt 0.560851 0.502794
vt 0.560852 0.502853
vt 0.560749 0.502853
vt 0.560746 0.502676
vt 0.560849 0.502676
vt 0.560850 0.502735
vt 0.560747 0.502735
vt 0.560952 0.502676
vt 0.561056 0.502676
vt 0.561056 0.502736
vt 0.560953 0.502735
vt 0.554135 0.603558
vt 0.554238 0.603557
vt 0.554239 0.603616
vt 0.554135 0.603616
vt 0.560745 0.721065
vt 0.560829 0.721063
vt 0.560830 0.721506
vt 0.560745 0.721507
vt 0.560913 0.721060
vt 0.560997 0.721057
vt 0.560998 0.721505
vt 0.560914 0.721506
vt 0.558423 0.668685
vt 0.558508 0.668685
vt 0.558509 0.669123
vt 0.558424 0.669123
vt 0.560747 0.722834
vt 0.560832 0.722830
vt 0.560832 0.723273
vt 0.560748 0.723276
vt 0.560544 0.502912
vt 0.560647 0.502911
vt 0.560647 0.502970
vt 0.560544 0.502970
vt 0.558084 0.677443
vt 0.558168 0.677440
vt 0.558169 0.677879
vt 0.558084 0.677882
vt 0.555342 0.617149
vt 0.555445 0.617147
vt 0.555446 0.617683
vt 0.555342 0.617686
vt 0.555548 0.617144
vt 0.555651 0.617142
vt 0.555652 0.617678
vt 0.555549 0.617680
vt 0.557748 0.677448
vt 0.557832 0.677448
vt 0.557832 0.677886
vt 0.557748 0.677886
vt 0.557748 0.676573
vt 0.557832 0.676574
vt 0.557832 0.677012
vt 0.557748 0.677011
vt 0.557916 0.676573
vt 0.558000 0.676571
vt 0.558000 0.677008
vt 0.557916 0.677010
vt 0.554931 0.620379
vt 0.555034 0.620377
vt 0.555034 0.620915
vt 0.554931 0.620917
vt 0.557748 0.678324
vt 0.557833 0.678323
vt 0.557833 0.678760
vt 0.557748 0.678762
vt 0.557916 0.678322
vt 0.558000 0.678322
vt 0.558000 0.678759
vt 0.557917 0.678759
vt 0.555341 0.613931
vt 0.555444 0.613930
vt 0.555444 0.614466
vt 0.555341 0.614467
vt 0.558083 0.673061
vt 0.558167 0.673063
vt 0.558167 0.673505
vt 0.558083 0.673504
vt 0.558251 0.673065
vt 0.558335 0.673068
vt 0.558334 0.673508
vt 0.558251 0.673506
vt 0.554929 0.613929
vt 0.555032 0.613930
vt 0.555032 0.614467
vt 0.554929 0.614467
vt 0.554930 0.612850
vt 0.555033 0.612848
vt 0.555033 0.613388
vt 0.554930 0.613389
vt 0.555136 0.612847
vt 0.555239 0.612845
vt 0.555238 0.613389
vt 0.555136 0.613389
vt 0.554929 0.616077
vt 0.555032 0.616076
vt 0.555033 0.616617
vt 0.554929 0.616616
vt 0.554929 0.615003
vt 0.555032 0.615003
vt 0.555032 0.615539
vt 0.554929 0.615540
vt 0.555135 0.615003
vt 0.555238 0.615002
vt 0.555238 0.615537
vt 0.555135 0.615538
vt 0.561080 0.728966
vt 0.561164 0.728964
vt 0.561164 0.729399
vt 0.561080 0.729401
vt 0.561080 0.728091
vt 0.561164 0.728089
vt 0.561164 0.728528
vt 0.561080 0.728530
vt 0.561248 0.728088
vt 0.561333 0.728085
vt 0.561332 0.728525
vt 0.561248 0.728527
vt 0.555752 0.613928
vt 0.555855 0.613926
vt 0.555855 0.614459
vt 0.555753 0.614462
vt 0.558418 0.673069
vt 0.558502 0.673067
vt 0.558501 0.673507
vt 0.558418 0.673508
vt 0.560911 0.728095
vt 0.560995 0.728093
vt 0.560995 0.728532
vt 0.560911 0.728535
vt 0.555754 0.616067
vt 0.555857 0.616064
vt 0.555857 0.616602
vt 0.555754 0.616605
vt 0.558419 0.674814
vt 0.558503 0.674811
vt 0.558503 0.675247
vt 0.558419 0.675250
vt 0.558587 0.674809
vt 0.558671 0.674806
vt 0.558671 0.675243
vt 0.558587 0.675245
vt 0.564877 0.503256
vt 0.564980 0.503256
vt 0.564980 0.503315
vt 0.564876 0.503315
vt 0.564877 0.503139
vt 0.564980 0.503139
vt 0.564980 0.503198
vt 0.564877 0.503198
vt 0.565083 0.503140
vt 0.565186 0.503140
vt 0.565186 0.503198
vt 0.565083 0.503198
vt 0.561783 0.670398
vt 0.561868 0.670396
vt 0.561868 0.670834
vt 0.561784 0.670834
vt 0.564110 0.724548
vt 0.564194 0.724546
vt 0.564193 0.724989
vt 0.564109 0.724991
vt 0.564670 0.503140
vt 0.564773 0.503139
vt 0.564773 0.503198
vt 0.564669 0.503199
vt 0.561784 0.672150
vt 0.561869 0.672148
vt 0.561869 0.672589
vt 0.561785 0.672590
vt 0.561784 0.671272
vt 0.561868 0.671271
vt 0.561868 0.671710
vt 0.561784 0.671711
vt 0.564278 0.726302
vt 0.564362 0.726301
vt 0.564362 0.726740
vt 0.564278 0.726741
vt 0.564448 0.721897
vt 0.564532 0.721897
vt 0.564532 0.722341
vt 0.564447 0.722342
vt 0.560300 0.604148
vt 0.560403 0.604146
vt 0.560403 0.604693
vt 0.560299 0.604695
vt 0.560506 0.604147
vt 0.560610 0.604150
vt 0.560609 0.604694
vt 0.560506 0.604692
vt 0.564465 0.502789
vt 0.564568 0.502789
vt 0.564568 0.502847
vt 0.564465 0.502847
vt 0.564112 0.721017
vt 0.564196 0.721012
vt 0.564196 0.721458
vt 0.564111 0.721462
vt 0.561955 0.665978
vt 0.562039 0.665976
vt 0.562039 0.666420
vt 0.561955 0.666422
vt 0.564465 0.503023
vt 0.564568 0.503022
vt 0.564567 0.503081
vt 0.564464 0.503082
vt 0.564465 0.502906
vt 0.564568 0.502906
vt 0.564568 0.502964
vt 0.564465 0.502964
vt 0.564671 0.502906
vt 0.564774 0.502906
vt 0.564774 0.502964
vt 0.564671 0.502964
vt 0.562797 0.666863
vt 0.562881 0.666862
vt 0.562881 0.667303
vt 0.562797 0.667303
vt 0.565123 0.721021
vt 0.565207 0.721023
vt 0.565207 0.721459
vt 0.565123 0.721458
vt 0.562965 0.665991
vt 0.563050 0.665991
vt 0.563049 0.666430
vt 0.562965 0.666428
vt 0.562460 0.666864
vt 0.562545 0.666865
vt 0.562545 0.667305
vt 0.562460 0.667305
vt 0.560713 0.604153
vt 0.560816 0.604155
vt 0.560817 0.604699
vt 0.560713 0.604697
vt 0.562629 0.665983
vt 0.562714 0.665987
vt 0.562714 0.666426
vt 0.562629 0.666425
vt 0.565292 0.503022
vt 0.565395 0.503021
vt 0.565394 0.503081
vt 0.565290 0.503081
vt 0.564785 0.722776
vt 0.564870 0.722775
vt 0.564870 0.723212
vt 0.564786 0.723213
vt 0.562629 0.667743
vt 0.562714 0.667744
vt 0.562714 0.668180
vt 0.562630 0.668179
vt 0.563224 0.503259
vt 0.563327 0.503259
vt 0.563327 0.503317
vt 0.563224 0.503317
vt 0.563224 0.503142
vt 0.563327 0.503142
vt 0.563327 0.503200
vt 0.563224 0.503200
vt 0.563430 0.503142
vt 0.563533 0.503142
vt 0.563533 0.503200
vt 0.563430 0.503200
vt 0.562812 0.503258
vt 0.562915 0.503258
vt 0.562915 0.503317
vt 0.562812 0.503317
vt 0.562812 0.503142
vt 0.562915 0.503142
vt 0.562915 0.503200
vt 0.562812 0.503200
vt 0.563018 0.503142
vt 0.563121 0.503142
vt 0.563121 0.503200
vt 0.563018 0.503200
vt 0.562764 0.727187
vt 0.562848 0.727187
vt 0.562848 0.727624
vt 0.562764 0.727623
vt 0.562764 0.726312
vt 0.562848 0.726313
vt 0.562848 0.726750
vt 0.562764 0.726750
vt 0.562932 0.726313
vt 0.563016 0.726313
vt 0.563016 0.726751
vt 0.562932 0.726751
vt 0.558647 0.605271
vt 0.558751 0.605272
vt 0.558751 0.605806
vt 0.558648 0.605806
vt 0.558647 0.604196
vt 0.558750 0.604196
vt 0.558750 0.604734
vt 0.558647 0.604733
vt 0.558853 0.604197
vt 0.558957 0.604197
vt 0.558956 0.604735
vt 0.558853 0.604734
vt 0.560440 0.666887
vt 0.560524 0.666887
vt 0.560524 0.667327
vt 0.560440 0.667327
vt 0.562765 0.721045
vt 0.562849 0.721045
vt 0.562849 0.721480
vt 0.562765 0.721480
vt 0.560608 0.666012
vt 0.560692 0.666012
vt 0.560692 0.666450
vt 0.560608 0.666449
vt 0.562765 0.723672
vt 0.562849 0.723675
vt 0.562849 0.724116
vt 0.562764 0.724116
vt 0.560440 0.667763
vt 0.560524 0.667763
vt 0.560524 0.668202
vt 0.560440 0.668200
vt 0.560608 0.667763
vt 0.560692 0.667763
vt 0.560692 0.668204
vt 0.560608 0.668203
vt 0.563775 0.721911
vt 0.563859 0.721908
vt 0.563859 0.722346
vt 0.563774 0.722350
vt 0.563775 0.721040
vt 0.563859 0.721036
vt 0.563859 0.721472
vt 0.563775 0.721475
vt 0.563943 0.721032
vt 0.564028 0.721025
vt 0.564027 0.721465
vt 0.563943 0.721469
vt 0.559058 0.605274
vt 0.559161 0.605273
vt 0.559160 0.605809
vt 0.559057 0.605809
vt 0.561113 0.666013
vt 0.561198 0.666012
vt 0.561197 0.666450
vt 0.561113 0.666451
vt 0.563608 0.721043
vt 0.563692 0.721042
vt 0.563691 0.721477
vt 0.563607 0.721480
vt 0.561111 0.668641
vt 0.561195 0.668640
vt 0.561195 0.669084
vt 0.561111 0.669086
vt 0.559058 0.606342
vt 0.559160 0.606344
vt 0.559160 0.606880
vt 0.559058 0.606880
vt 0.559263 0.606344
vt 0.559367 0.606342
vt 0.559367 0.606881
vt 0.559263 0.606881
vt 0.563225 0.504192
vt 0.563328 0.504192
vt 0.563329 0.504251
vt 0.563225 0.504251
vt 0.563225 0.504076
vt 0.563329 0.504076
vt 0.563328 0.504134
vt 0.563225 0.504135
vt 0.557231 0.604839
vt 0.557334 0.604839
vt 0.557334 0.604897
vt 0.557231 0.604897
vt 0.556612 0.604956
vt 0.556715 0.604956
vt 0.556715 0.605014
vt 0.556612 0.605014
vt 0.562764 0.731589
vt 0.562849 0.731588
vt 0.562849 0.732023
vt 0.562765 0.732025
vt 0.563019 0.504077
vt 0.563122 0.504077
vt 0.563122 0.504135
vt 0.563019 0.504135
vt 0.562765 0.734213
vt 0.562849 0.734211
vt 0.562849 0.734651
vt 0.562765 0.734652
vt 0.562765 0.733334
vt 0.562849 0.733331
vt 0.562849 0.733770
vt 0.562765 0.733773
vt 0.563019 0.504309
vt 0.563123 0.504309
vt 0.563123 0.504367
vt 0.563020 0.504367
vt 0.563224 0.503726
vt 0.563327 0.503726
vt 0.563328 0.503785
vt 0.563224 0.503784
vt 0.563224 0.503609
vt 0.563327 0.503609
vt 0.563327 0.503668
vt 0.563224 0.503668
vt 0.563431 0.503609
vt 0.563534 0.503609
vt 0.563535 0.503668
vt 0.563431 0.503668
vt 0.562811 0.503726
vt 0.562914 0.503726
vt 0.562914 0.503784
vt 0.562811 0.503784
vt 0.562811 0.503608
vt 0.562914 0.503609
vt 0.562914 0.503667
vt 0.562811 0.503667
vt 0.563017 0.503609
vt 0.563121 0.503609
vt 0.563121 0.503668
vt 0.563018 0.503667
vt 0.562812 0.503960
vt 0.562916 0.503960
vt 0.562916 0.504019
vt 0.562812 0.504019
vt 0.562811 0.503843
vt 0.562915 0.503843
vt 0.562915 0.503902
vt 0.562811 0.503901
vt 0.556817 0.604606
vt 0.556921 0.604606
vt 0.556922 0.604665
vt 0.556818 0.604665
vt 0.563773 0.728947
vt 0.563857 0.728946
vt 0.563857 0.729384
vt 0.563773 0.729388
vt 0.564049 0.503609
vt 0.564152 0.503609
vt 0.564153 0.503667
vt 0.564049 0.503667
vt 0.563941 0.728066
vt 0.564026 0.728063
vt 0.564026 0.728504
vt 0.563941 0.728506
vt 0.563438 0.728953
vt 0.563522 0.728953
vt 0.563522 0.729397
vt 0.563438 0.729395
vt 0.563638 0.503609
vt 0.563741 0.503609
vt 0.563741 0.503667
vt 0.563638 0.503668
vt 0.563844 0.503609
vt 0.563946 0.503609
vt 0.563947 0.503667
vt 0.563844 0.503667
vt 0.563437 0.730708
vt 0.563521 0.730706
vt 0.563521 0.731142
vt 0.563437 0.731143
vt 0.561113 0.674800
vt 0.561197 0.674799
vt 0.561196 0.675235
vt 0.561113 0.675237
vt 0.561280 0.674798
vt 0.561363 0.674797
vt 0.561363 0.675230
vt 0.561280 0.675231
vt 0.562121 0.677400
vt 0.562205 0.677398
vt 0.562205 0.677836
vt 0.562121 0.677838
vt 0.562121 0.676525
vt 0.562205 0.676524
vt 0.562205 0.676961
vt 0.562121 0.676962
vt 0.562289 0.676523
vt 0.562373 0.676521
vt 0.562373 0.676960
vt 0.562289 0.676961
vt 0.561785 0.677405
vt 0.561868 0.677404
vt 0.561869 0.677843
vt 0.561784 0.677846
vt 0.561784 0.676529
vt 0.561868 0.676527
vt 0.561868 0.676966
vt 0.561784 0.676968
vt 0.561952 0.676526
vt 0.562037 0.676525
vt 0.562037 0.676963
vt 0.561953 0.676964
vt 0.564110 0.734191
vt 0.564194 0.734189
vt 0.564195 0.734627
vt 0.564110 0.734628
vt 0.564110 0.733316
vt 0.564194 0.733313
vt 0.564194 0.733751
vt 0.564110 0.733753
vt 0.561953 0.678279
vt 0.562037 0.678278
vt 0.562037 0.678715
vt 0.561953 0.678717
vt 0.560297 0.613876
vt 0.560399 0.613875
vt 0.560400 0.614411
vt 0.560297 0.614411
vt 0.560297 0.612807
vt 0.560399 0.612807
vt 0.560399 0.613340
vt 0.560297 0.613341
vt 0.560502 0.612806
vt 0.560604 0.612804
vt 0.560605 0.613338
vt 0.560502 0.613339
vt 0.564110 0.728941
vt 0.564195 0.728935
vt 0.564193 0.729376
vt 0.564109 0.729380
vt 0.561786 0.673030
vt 0.561870 0.673029
vt 0.561871 0.673464
vt 0.561786 0.673468
vt 0.560092 0.612806
vt 0.560194 0.612807
vt 0.560194 0.613340
vt 0.560092 0.613340
vt 0.564109 0.730684
vt 0.564193 0.730683
vt 0.564193 0.731121
vt 0.564109 0.731122
vt 0.564109 0.729813
vt 0.564193 0.729812
vt 0.564193 0.730247
vt 0.564109 0.730248
vt 0.561952 0.674777
vt 0.562037 0.674774
vt 0.562037 0.675211
vt 0.561952 0.675213
vt 0.562793 0.673888
vt 0.562877 0.673886
vt 0.562877 0.674324
vt 0.562793 0.674326
vt 0.565118 0.728044
vt 0.565202 0.728043
vt 0.565202 0.728479
vt 0.565118 0.728481
vt 0.565286 0.728044
vt 0.565371 0.728047
vt 0.565371 0.728483
vt 0.565287 0.728480
vt 0.560708 0.613872
vt 0.560811 0.613870
vt 0.560811 0.614407
vt 0.560708 0.614408
vt 0.562456 0.673025
vt 0.562540 0.673021
vt 0.562540 0.673458
vt 0.562456 0.673460
vt 0.564950 0.728050
vt 0.565034 0.728047
vt 0.565034 0.728484
vt 0.564950 0.728487
vt 0.560709 0.616016
vt 0.560812 0.616015
vt 0.560812 0.616552
vt 0.560709 0.616553
vt 0.560708 0.614944
vt 0.560811 0.614942
vt 0.560812 0.615479
vt 0.560709 0.615480
vt 0.560914 0.614941
vt 0.561018 0.614939
vt 0.561018 0.615475
vt 0.560915 0.615477
vt 0.561754 0.732470
vt 0.561839 0.732472
vt 0.561839 0.732914
vt 0.561755 0.732915
vt 0.561571 0.504077
vt 0.561675 0.504077
vt 0.561675 0.504136
vt 0.561572 0.504135
vt 0.561922 0.731586
vt 0.562006 0.731587
vt 0.562007 0.732030
vt 0.561923 0.732029
vt 0.561418 0.732462
vt 0.561502 0.732464
vt 0.561502 0.732910
vt 0.561418 0.732907
vt 0.561160 0.504077
vt 0.561263 0.504077
vt 0.561263 0.504135
vt 0.561160 0.504135
vt 0.561366 0.504077
vt 0.561468 0.504077
vt 0.561469 0.504135
vt 0.561366 0.504135
vt 0.556580 0.620383
vt 0.556683 0.620381
vt 0.556683 0.620916
vt 0.556580 0.620916
vt 0.556580 0.619306
vt 0.556684 0.619306
vt 0.556683 0.619846
vt 0.556580 0.619848
vt 0.559261 0.678324
vt 0.559345 0.678323
vt 0.559345 0.678760
vt 0.559261 0.678762
vt 0.559428 0.673915
vt 0.559511 0.673914
vt 0.559512 0.674348
vt 0.559428 0.674350
vt 0.559427 0.673044
vt 0.559512 0.673043
vt 0.559511 0.673479
vt 0.559428 0.673480
vt 0.561921 0.728072
vt 0.562006 0.728069
vt 0.562005 0.728508
vt 0.561921 0.728510
vt 0.561416 0.728958
vt 0.561500 0.728955
vt 0.561500 0.729391
vt 0.561416 0.729393
vt 0.559092 0.673049
vt 0.559176 0.673046
vt 0.559175 0.673486
vt 0.559091 0.673490
vt 0.559260 0.673045
vt 0.559343 0.673045
vt 0.559344 0.673481
vt 0.559260 0.673483
vt 0.561158 0.503960
vt 0.561262 0.503960
vt 0.561262 0.504019
vt 0.561159 0.504019
vt 0.554957 0.604606
vt 0.555060 0.604606
vt 0.555060 0.604664
vt 0.554957 0.604664
vt 0.555163 0.604605
vt 0.555267 0.604605
vt 0.555267 0.604664
vt 0.555164 0.604664
vt 0.562398 0.503725
vt 0.562501 0.503726
vt 0.562502 0.503784
vt 0.562399 0.503784
vt 0.562398 0.503608
vt 0.562501 0.503608
vt 0.562501 0.503667
vt 0.562398 0.503667
vt 0.562605 0.503608
vt 0.562708 0.503608
vt 0.562708 0.503667
vt 0.562605 0.503667
vt 0.562089 0.728944
vt 0.562173 0.728942
vt 0.562174 0.729382
vt 0.562089 0.729382
vt 0.561984 0.503609
vt 0.562088 0.503609
vt 0.562087 0.503667
vt 0.561983 0.503667
vt 0.562191 0.503609
vt 0.562295 0.503608
vt 0.562294 0.503667
vt 0.562191 0.503667
vt 0.555784 0.604723
vt 0.555888 0.604722
vt 0.555888 0.604781
vt 0.555784 0.604781
vt 0.561984 0.503842
vt 0.562088 0.503842
vt 0.562088 0.503901
vt 0.561984 0.503901
vt 0.562192 0.503842
vt 0.562295 0.503842
vt 0.562295 0.503901
vt 0.562192 0.503901
vt 0.556997 0.635433
vt 0.557100 0.635431
vt 0.557100 0.635968
vt 0.556997 0.635970
vt 0.559432 0.690590
vt 0.559516 0.690588
vt 0.559516 0.691026
vt 0.559431 0.691029
vt 0.555581 0.606707
vt 0.555685 0.606707
vt 0.555685 0.606765
vt 0.555582 0.606765
vt 0.556584 0.635439
vt 0.556687 0.635438
vt 0.556688 0.635976
vt 0.556584 0.635976
vt 0.556584 0.634363
vt 0.556687 0.634363
vt 0.556687 0.634902
vt 0.556584 0.634901
vt 0.556790 0.634363
vt 0.556893 0.634361
vt 0.556893 0.634900
vt 0.556790 0.634902
vt 0.559097 0.693222
vt 0.559181 0.693221
vt 0.559181 0.693660
vt 0.559097 0.693660
vt 0.556585 0.636514
vt 0.556688 0.636513
vt 0.556688 0.637050
vt 0.556585 0.637051
vt 0.556791 0.636512
vt 0.556894 0.636510
vt 0.556895 0.637047
vt 0.556791 0.637049
vt 0.559432 0.687959
vt 0.559516 0.687958
vt 0.559516 0.688397
vt 0.559432 0.688399
vt 0.559432 0.687083
vt 0.559516 0.687082
vt 0.559516 0.687521
vt 0.559432 0.687521
vt 0.559600 0.687082
vt 0.559684 0.687081
vt 0.559684 0.687519
vt 0.559600 0.687520
vt 0.561421 0.742996
vt 0.561505 0.742995
vt 0.561505 0.743433
vt 0.561421 0.743433
vt 0.559095 0.687084
vt 0.559179 0.687084
vt 0.559179 0.687525
vt 0.559095 0.687525
vt 0.559263 0.687084
vt 0.559347 0.687083
vt 0.559348 0.687522
vt 0.559263 0.687524
vt 0.559096 0.689715
vt 0.559180 0.689715
vt 0.559180 0.690155
vt 0.559096 0.690155
vt 0.561421 0.743870
vt 0.561505 0.743869
vt 0.561505 0.744307
vt 0.561421 0.744308
vt 0.561589 0.743869
vt 0.561673 0.743869
vt 0.561673 0.744306
vt 0.561589 0.744306
vt 0.560104 0.687953
vt 0.560189 0.687952
vt 0.560189 0.688390
vt 0.560105 0.688391
vt 0.557822 0.630045
vt 0.557925 0.630044
vt 0.557925 0.630583
vt 0.557822 0.630584
vt 0.558028 0.630043
vt 0.558132 0.630043
vt 0.558132 0.630580
vt 0.558029 0.630581
vt 0.559768 0.687956
vt 0.559852 0.687955
vt 0.559852 0.688393
vt 0.559768 0.688394
vt 0.559768 0.687080
vt 0.559852 0.687080
vt 0.559852 0.687517
vt 0.559768 0.687518
vt 0.559936 0.687079
vt 0.560020 0.687077
vt 0.560020 0.687516
vt 0.559936 0.687517
vt 0.557410 0.633275
vt 0.557513 0.633275
vt 0.557513 0.633811
vt 0.557410 0.633813
vt 0.557410 0.632201
vt 0.557513 0.632200
vt 0.557513 0.632738
vt 0.557410 0.632738
vt 0.559937 0.688830
vt 0.560021 0.688829
vt 0.560021 0.689268
vt 0.559937 0.689269
vt 0.562124 0.691447
vt 0.562209 0.691446
vt 0.562209 0.691884
vt 0.562124 0.691885
vt 0.560300 0.634334
vt 0.560403 0.634334
vt 0.560404 0.634873
vt 0.560300 0.634872
vt 0.558885 0.606705
vt 0.558988 0.606705
vt 0.558988 0.606763
vt 0.558885 0.606763
vt 0.559888 0.635407
vt 0.559991 0.635406
vt 0.559991 0.635949
vt 0.559888 0.635950
vt 0.559888 0.634335
vt 0.559990 0.634336
vt 0.559990 0.634871
vt 0.559888 0.634872
vt 0.560093 0.634336
vt 0.560196 0.634334
vt 0.560196 0.634871
vt 0.560093 0.634871
vt 0.561788 0.693201
vt 0.561872 0.693201
vt 0.561873 0.693639
vt 0.561788 0.693639
vt 0.561788 0.692328
vt 0.561872 0.692327
vt 0.561872 0.692764
vt 0.561788 0.692765
vt 0.561956 0.692325
vt 0.562040 0.692324
vt 0.562040 0.692762
vt 0.561956 0.692763
vt 0.564450 0.742967
vt 0.564535 0.742965
vt 0.564534 0.743404
vt 0.564450 0.743405
vt 0.558680 0.606238
vt 0.558783 0.606237
vt 0.558784 0.606296
vt 0.558680 0.606296
vt 0.565087 0.505475
vt 0.565190 0.505474
vt 0.565190 0.505533
vt 0.565087 0.505533
vt 0.561787 0.687937
vt 0.561871 0.687937
vt 0.561872 0.688375
vt 0.561787 0.688376
vt 0.564112 0.742087
vt 0.564197 0.742089
vt 0.564197 0.742529
vt 0.564112 0.742527
vt 0.564281 0.742090
vt 0.564365 0.742090
vt 0.564365 0.742530
vt 0.564281 0.742530
vt 0.559887 0.633253
vt 0.559991 0.633252
vt 0.559990 0.633793
vt 0.559887 0.633794
vt 0.561787 0.688814
vt 0.561872 0.688813
vt 0.561871 0.689250
vt 0.561787 0.689251
vt 0.561956 0.688812
vt 0.562040 0.688812
vt 0.562040 0.689251
vt 0.561956 0.689250
vt 0.565123 0.742958
vt 0.565207 0.742957
vt 0.565208 0.743395
vt 0.565123 0.743396
vt 0.559506 0.606237
vt 0.559608 0.606237
vt 0.559609 0.606295
vt 0.559505 0.606295
vt 0.562966 0.687051
vt 0.563051 0.687048
vt 0.563051 0.687485
vt 0.562966 0.687487
vt 0.565293 0.505591
vt 0.565396 0.505591
vt 0.565396 0.505649
vt 0.565293 0.505649
vt 0.565293 0.505474
vt 0.565397 0.505474
vt 0.565396 0.505533
vt 0.565293 0.505533
vt 0.565500 0.505474
vt 0.565603 0.505474
vt 0.565603 0.505532
vt 0.565500 0.505532
vt 0.564784 0.744723
vt 0.564870 0.744716
vt 0.564869 0.745156
vt 0.564784 0.745161
vt 0.565293 0.505707
vt 0.565396 0.505707
vt 0.565396 0.505766
vt 0.565292 0.505766
vt 0.565499 0.505707
vt 0.565603 0.505707
vt 0.565603 0.505765
vt 0.565500 0.505765
vt 0.565706 0.505823
vt 0.565808 0.505824
vt 0.565808 0.505882
vt 0.565706 0.505881
vt 0.565706 0.505707
vt 0.565810 0.505707
vt 0.565809 0.505766
vt 0.565706 0.505766
vt 0.562967 0.688802
vt 0.563053 0.688801
vt 0.563052 0.689241
vt 0.562966 0.689243
vt 0.560300 0.633256
vt 0.560403 0.633259
vt 0.560403 0.633797
vt 0.560300 0.633796
vt 0.562124 0.688812
vt 0.562208 0.688813
vt 0.562208 0.689254
vt 0.562124 0.689252
vt 0.564618 0.743842
vt 0.564702 0.743838
vt 0.564701 0.744285
vt 0.564617 0.744287
vt 0.562125 0.693203
vt 0.562210 0.693205
vt 0.562210 0.693644
vt 0.562126 0.693644
vt 0.560301 0.636485
vt 0.560405 0.636484
vt 0.560405 0.637024
vt 0.560301 0.637024
vt 0.560508 0.636483
vt 0.560611 0.636483
vt 0.560612 0.637027
vt 0.560508 0.637026
vt 0.560105 0.689705
vt 0.560189 0.689703
vt 0.560189 0.690142
vt 0.560105 0.690143
vt 0.560105 0.688828
vt 0.560189 0.688828
vt 0.560189 0.689266
vt 0.560105 0.689267
vt 0.560273 0.688827
vt 0.560357 0.688826
vt 0.560357 0.689264
vt 0.560273 0.689265
vt 0.559432 0.689711
vt 0.559516 0.689710
vt 0.559516 0.690149
vt 0.559432 0.690149
vt 0.561757 0.743869
vt 0.561841 0.743868
vt 0.561841 0.744305
vt 0.561757 0.744306
vt 0.559600 0.688834
vt 0.559684 0.688833
vt 0.559684 0.689271
vt 0.559600 0.689273
vt 0.559433 0.693218
vt 0.559517 0.693217
vt 0.559517 0.693655
vt 0.559433 0.693658
vt 0.556997 0.636508
vt 0.557101 0.636505
vt 0.557101 0.637043
vt 0.556998 0.637045
vt 0.559601 0.692338
vt 0.559685 0.692336
vt 0.559685 0.692775
vt 0.559601 0.692776
vt 0.562428 0.730705
vt 0.562512 0.730707
vt 0.562512 0.731152
vt 0.562428 0.731150
vt 0.562399 0.503842
vt 0.562502 0.503842
vt 0.562502 0.503901
vt 0.562399 0.503901
vt 0.562605 0.503842
vt 0.562708 0.503842
vt 0.562708 0.503901
vt 0.562605 0.503901
vt 0.561571 0.503960
vt 0.561674 0.503960
vt 0.561674 0.504019
vt 0.561571 0.504019
vt 0.561753 0.729821
vt 0.561837 0.729819
vt 0.561837 0.730266
vt 0.561753 0.730267
vt 0.561921 0.729820
vt 0.562005 0.729822
vt 0.562006 0.730264
vt 0.561921 0.730264
vt 0.561755 0.734227
vt 0.561840 0.734224
vt 0.561840 0.734662
vt 0.561756 0.734664
vt 0.559429 0.678321
vt 0.559514 0.678319
vt 0.559514 0.678756
vt 0.559430 0.678758
vt 0.561924 0.733350
vt 0.562008 0.733349
vt 0.562008 0.733786
vt 0.561924 0.733787
vt 0.561121 0.616011
vt 0.561225 0.616010
vt 0.561225 0.616548
vt 0.561122 0.616549
vt 0.562793 0.674764
vt 0.562877 0.674762
vt 0.562877 0.675201
vt 0.562793 0.675202
vt 0.561328 0.614933
vt 0.561431 0.614934
vt 0.561431 0.615472
vt 0.561328 0.615471
vt 0.562121 0.675648
vt 0.562205 0.675646
vt 0.562205 0.676086
vt 0.562121 0.676087
vt 0.560297 0.614947
vt 0.560400 0.614946
vt 0.560400 0.615482
vt 0.560297 0.615482
vt 0.560503 0.614945
vt 0.560606 0.614945
vt 0.560606 0.615481
vt 0.560503 0.615481
vt 0.562121 0.679151
vt 0.562205 0.679149
vt 0.562205 0.679590
vt 0.562122 0.679591
vt 0.562121 0.678277
vt 0.562205 0.678274
vt 0.562205 0.678712
vt 0.562121 0.678713
vt 0.562289 0.678273
vt 0.562373 0.678271
vt 0.562373 0.678709
vt 0.562289 0.678711
vt 0.561448 0.675664
vt 0.561532 0.675663
vt 0.561532 0.676099
vt 0.561448 0.676100
vt 0.563773 0.729825
vt 0.563858 0.729820
vt 0.563857 0.730256
vt 0.563773 0.730261
vt 0.558056 0.604604
vt 0.558158 0.604604
vt 0.558159 0.604662
vt 0.558056 0.604662
vt 0.563102 0.730708
vt 0.563186 0.730707
vt 0.563186 0.731145
vt 0.563102 0.731145
vt 0.563101 0.729829
vt 0.563185 0.729830
vt 0.563186 0.730270
vt 0.563102 0.730270
vt 0.563270 0.729830
vt 0.563354 0.729832
vt 0.563354 0.730270
vt 0.563270 0.730270
vt 0.563226 0.504426
vt 0.563329 0.504426
vt 0.563330 0.504484
vt 0.563227 0.504484
vt 0.563226 0.504309
vt 0.563329 0.504309
vt 0.563329 0.504367
vt 0.563226 0.504367
vt 0.563432 0.504309
vt 0.563535 0.504309
vt 0.563535 0.504367
vt 0.563432 0.504367
vt 0.563773 0.723672
vt 0.563858 0.723670
vt 0.563858 0.724111
vt 0.563773 0.724113
vt 0.563774 0.722791
vt 0.563858 0.722787
vt 0.563858 0.723229
vt 0.563773 0.723231
vt 0.564259 0.502906
vt 0.564362 0.502906
vt 0.564362 0.502964
vt 0.564258 0.502965
vt 0.563101 0.723679
vt 0.563185 0.723679
vt 0.563184 0.724120
vt 0.563100 0.724120
vt 0.558647 0.606344
vt 0.558750 0.606342
vt 0.558749 0.606887
vt 0.558646 0.606886
vt 0.558853 0.606340
vt 0.558955 0.606341
vt 0.558955 0.606881
vt 0.558852 0.606884
vt 0.563100 0.727189
vt 0.563184 0.727190
vt 0.563184 0.727629
vt 0.563100 0.727628
vt 0.563100 0.726313
vt 0.563184 0.726313
vt 0.563184 0.726752
vt 0.563100 0.726751
vt 0.557229 0.604138
vt 0.557333 0.604138
vt 0.557333 0.604197
vt 0.557229 0.604197
vt 0.562796 0.668622
vt 0.562880 0.668627
vt 0.562879 0.669071
vt 0.562795 0.669070
vt 0.561127 0.606322
vt 0.561230 0.606324
vt 0.561230 0.606862
vt 0.561127 0.606858
vt 0.561333 0.606328
vt 0.561436 0.606331
vt 0.561436 0.606868
vt 0.561333 0.606865
vt 0.564877 0.503022
vt 0.564980 0.503022
vt 0.564980 0.503081
vt 0.564877 0.503081
vt 0.564877 0.502906
vt 0.564980 0.502905
vt 0.564980 0.502964
vt 0.564877 0.502964
vt 0.565084 0.502905
vt 0.565188 0.502905
vt 0.565188 0.502963
vt 0.565084 0.502964
vt 0.562121 0.672151
vt 0.562205 0.672153
vt 0.562204 0.672594
vt 0.562121 0.672593
vt 0.558675 0.604136
vt 0.558779 0.604136
vt 0.558778 0.604195
vt 0.558675 0.604195
vt 0.565083 0.503373
vt 0.565186 0.503373
vt 0.565185 0.503432
vt 0.565082 0.503432
vt 0.558755 0.675678
vt 0.558839 0.675675
vt 0.558839 0.676114
vt 0.558755 0.676115
vt 0.561080 0.729836
vt 0.561164 0.729834
vt 0.561164 0.730270
vt 0.561080 0.730272
vt 0.561248 0.729832
vt 0.561332 0.729830
vt 0.561332 0.730266
vt 0.561248 0.730269
vt 0.555341 0.616074
vt 0.555444 0.616073
vt 0.555445 0.616610
vt 0.555342 0.616612
vt 0.555341 0.615002
vt 0.555443 0.615001
vt 0.555444 0.615536
vt 0.555341 0.615537
vt 0.555547 0.615000
vt 0.555650 0.614999
vt 0.555651 0.615534
vt 0.555547 0.615535
vt 0.558085 0.679196
vt 0.558169 0.679196
vt 0.558169 0.679635
vt 0.558085 0.679634
vt 0.558084 0.678320
vt 0.558169 0.678319
vt 0.558169 0.678758
vt 0.558084 0.678759
vt 0.558253 0.678317
vt 0.558337 0.678316
vt 0.558338 0.678755
vt 0.558253 0.678756
vt 0.561084 0.723705
vt 0.561167 0.723704
vt 0.561167 0.724143
vt 0.561083 0.724145
vt 0.560749 0.502911
vt 0.560852 0.502911
vt 0.560852 0.502970
vt 0.560749 0.502970
vt 0.560955 0.502911
vt 0.561058 0.502911
vt 0.561058 0.502969
vt 0.560955 0.502970
vt 0.559923 0.503031
vt 0.560026 0.503031
vt 0.560027 0.503089
vt 0.559924 0.503089
vt 0.560410 0.722842
vt 0.560494 0.722840
vt 0.560494 0.723282
vt 0.560410 0.723284
vt 0.560579 0.722838
vt 0.560663 0.722836
vt 0.560663 0.723278
vt 0.560579 0.723280
vt 0.560409 0.727220
vt 0.560493 0.727220
vt 0.560493 0.727657
vt 0.560409 0.727656
vt 0.560408 0.726346
vt 0.560493 0.726347
vt 0.560493 0.726783
vt 0.560409 0.726783
vt 0.560129 0.503380
vt 0.560232 0.503380
vt 0.560231 0.503438
vt 0.560128 0.503438
vt 0.556199 0.603787
vt 0.556302 0.603787
vt 0.556302 0.603846
vt 0.556199 0.603846
vt 0.560104 0.667766
vt 0.560189 0.667763
vt 0.560188 0.668203
vt 0.560103 0.668205
vt 0.560273 0.667762
vt 0.560356 0.667762
vt 0.560356 0.668198
vt 0.560272 0.668199
vt 0.561757 0.723690
vt 0.561842 0.723682
vt 0.561840 0.724123
vt 0.561756 0.724130
vt 0.559432 0.667783
vt 0.559516 0.667782
vt 0.559517 0.668217
vt 0.559432 0.668219
vt 0.559600 0.667776
vt 0.559683 0.667772
vt 0.559683 0.668211
vt 0.559600 0.668215
vt 0.561753 0.727202
vt 0.561837 0.727198
vt 0.561837 0.727637
vt 0.561752 0.727640
vt 0.561572 0.503376
vt 0.561675 0.503376
vt 0.561675 0.503434
vt 0.561572 0.503435
vt 0.561778 0.503375
vt 0.561881 0.503375
vt 0.561881 0.503434
vt 0.561778 0.503434
vt 0.558759 0.689716
vt 0.558843 0.689716
vt 0.558843 0.690154
vt 0.558759 0.690154
vt 0.558759 0.688839
vt 0.558843 0.688839
vt 0.558843 0.689277
vt 0.558759 0.689277
vt 0.558927 0.688838
vt 0.559012 0.688838
vt 0.559012 0.689276
vt 0.558928 0.689277
vt 0.555346 0.633282
vt 0.555449 0.633284
vt 0.555449 0.633823
vt 0.555346 0.633822
vt 0.555345 0.632208
vt 0.555448 0.632208
vt 0.555448 0.632745
vt 0.555345 0.632744
vt 0.555551 0.632209
vt 0.555654 0.632208
vt 0.555655 0.632747
vt 0.555552 0.632746
vt 0.558088 0.693224
vt 0.558172 0.693225
vt 0.558172 0.693663
vt 0.558088 0.693663
vt 0.555347 0.636511
vt 0.555450 0.636512
vt 0.555450 0.637052
vt 0.555347 0.637050
vt 0.555553 0.636513
vt 0.555656 0.636514
vt 0.555656 0.637054
vt 0.555553 0.637053
vt 0.561083 0.737737
vt 0.561167 0.737737
vt 0.561167 0.738175
vt 0.561083 0.738174
vt 0.561083 0.736862
vt 0.561167 0.736863
vt 0.561167 0.737300
vt 0.561083 0.737300
vt 0.558926 0.681830
vt 0.559010 0.681829
vt 0.559010 0.682267
vt 0.558926 0.682268
vt 0.558086 0.682705
vt 0.558170 0.682705
vt 0.558170 0.683144
vt 0.558086 0.683145
vt 0.555343 0.623602
vt 0.555447 0.623602
vt 0.555448 0.624142
vt 0.555344 0.624141
vt 0.558254 0.681826
vt 0.558338 0.681826
vt 0.558338 0.682266
vt 0.558254 0.682266
vt 0.558087 0.686211
vt 0.558171 0.686211
vt 0.558171 0.686647
vt 0.558087 0.686647
vt 0.558087 0.685335
vt 0.558171 0.685335
vt 0.558171 0.685773
vt 0.558087 0.685773
vt 0.555552 0.627908
vt 0.555655 0.627908
vt 0.555655 0.628445
vt 0.555552 0.628446
vt 0.562429 0.737727
vt 0.562513 0.737726
vt 0.562513 0.738163
vt 0.562429 0.738165
vt 0.562429 0.736851
vt 0.562513 0.736850
vt 0.562513 0.737289
vt 0.562429 0.737290
vt 0.562597 0.736849
vt 0.562681 0.736848
vt 0.562682 0.737287
vt 0.562597 0.737287
vt 0.556995 0.624678
vt 0.557099 0.624678
vt 0.557099 0.625216
vt 0.556996 0.625216
vt 0.559431 0.681825
vt 0.559515 0.681825
vt 0.559515 0.682264
vt 0.559431 0.682264
vt 0.559599 0.681824
vt 0.559683 0.681823
vt 0.559683 0.682265
vt 0.559599 0.682265
vt 0.556996 0.628979
vt 0.557099 0.628978
vt 0.557099 0.629516
vt 0.556996 0.629516
vt 0.556996 0.627903
vt 0.557099 0.627902
vt 0.557099 0.628440
vt 0.556996 0.628441
vt 0.557202 0.627901
vt 0.557306 0.627900
vt 0.557306 0.628438
vt 0.557202 0.628439
vt 0.561451 0.689694
vt 0.561535 0.689693
vt 0.561535 0.690131
vt 0.561451 0.690133
vt 0.559474 0.632182
vt 0.559577 0.632181
vt 0.559577 0.632719
vt 0.559474 0.632720
vt 0.561619 0.688816
vt 0.561703 0.688815
vt 0.561703 0.689253
vt 0.561619 0.689254
vt 0.560778 0.689698
vt 0.560862 0.689698
vt 0.560862 0.690136
vt 0.560778 0.690137
vt 0.560778 0.688822
vt 0.560862 0.688821
vt 0.560862 0.689259
vt 0.560778 0.689260
vt 0.560946 0.688820
vt 0.561030 0.688820
vt 0.561030 0.689259
vt 0.560946 0.689259
vt 0.560779 0.693211
vt 0.560863 0.693210
vt 0.560863 0.693647
vt 0.560779 0.693648
vt 0.558649 0.636496
vt 0.558752 0.636496
vt 0.558753 0.637036
vt 0.558649 0.637038
vt 0.558856 0.636495
vt 0.558959 0.636495
vt 0.558959 0.637033
vt 0.558856 0.637034
vt 0.563776 0.737701
vt 0.563860 0.737701
vt 0.563860 0.738139
vt 0.563776 0.738139
vt 0.564053 0.504774
vt 0.564156 0.504774
vt 0.564156 0.504833
vt 0.564053 0.504833
vt 0.564259 0.504774
vt 0.564362 0.504774
vt 0.564362 0.504833
vt 0.564259 0.504833
vt 0.563102 0.737718
vt 0.563186 0.737715
vt 0.563186 0.738156
vt 0.563102 0.738157
vt 0.560777 0.681806
vt 0.560861 0.681804
vt 0.560861 0.682242
vt 0.560777 0.682246
vt 0.560945 0.681804
vt 0.561029 0.681801
vt 0.561029 0.682240
vt 0.560945 0.682241
vt 0.560777 0.686196
vt 0.560861 0.686194
vt 0.560861 0.686633
vt 0.560777 0.686634
vt 0.558647 0.627893
vt 0.558750 0.627891
vt 0.558750 0.628428
vt 0.558647 0.628428
vt 0.560945 0.685316
vt 0.561030 0.685312
vt 0.561030 0.685750
vt 0.560945 0.685755
vt 0.562796 0.682660
vt 0.562880 0.682659
vt 0.562880 0.683097
vt 0.562796 0.683098
vt 0.561125 0.623543
vt 0.561229 0.623542
vt 0.561228 0.624085
vt 0.561125 0.624086
vt 0.561332 0.623540
vt 0.561435 0.623537
vt 0.561435 0.624075
vt 0.561332 0.624080
vt 0.564449 0.737697
vt 0.564534 0.737693
vt 0.564533 0.738137
vt 0.564449 0.738137
vt 0.562124 0.681788
vt 0.562208 0.681787
vt 0.562209 0.682223
vt 0.562124 0.682226
vt 0.560507 0.623552
vt 0.560610 0.623550
vt 0.560610 0.624085
vt 0.560508 0.624087
vt 0.558679 0.606120
vt 0.558783 0.606120
vt 0.558783 0.606179
vt 0.558679 0.606179
vt 0.564879 0.505241
vt 0.564983 0.505241
vt 0.564983 0.505299
vt 0.564880 0.505299
vt 0.565086 0.505241
vt 0.565189 0.505241
vt 0.565190 0.505299
vt 0.565086 0.505299
vt 0.565124 0.741209
vt 0.565208 0.741207
vt 0.565207 0.741649
vt 0.565123 0.741650
vt 0.562800 0.685294
vt 0.562885 0.685292
vt 0.562885 0.685731
vt 0.562800 0.685734
vt 0.561338 0.627853
vt 0.561441 0.627851
vt 0.561441 0.628388
vt 0.561338 0.628390
vt 0.564053 0.505358
vt 0.564156 0.505357
vt 0.564156 0.505416
vt 0.564053 0.505416
vt 0.563775 0.740333
vt 0.563859 0.740329
vt 0.563860 0.740770
vt 0.563775 0.740772
vt 0.563943 0.740328
vt 0.564028 0.740329
vt 0.564028 0.740768
vt 0.563944 0.740768
vt 0.561452 0.693203
vt 0.561536 0.693202
vt 0.561536 0.693640
vt 0.561452 0.693641
vt 0.559475 0.636490
vt 0.559579 0.636489
vt 0.559579 0.637027
vt 0.559475 0.637028
vt 0.561620 0.692327
vt 0.561704 0.692328
vt 0.561704 0.692765
vt 0.561620 0.692765
vt 0.557822 0.628971
vt 0.557925 0.628970
vt 0.557925 0.629507
vt 0.557822 0.629508
vt 0.557821 0.627895
vt 0.557925 0.627894
vt 0.557925 0.628432
vt 0.557822 0.628433
vt 0.560273 0.685321
vt 0.560357 0.685320
vt 0.560357 0.685759
vt 0.560273 0.685760
vt 0.556170 0.628981
vt 0.556274 0.628981
vt 0.556274 0.629519
vt 0.556170 0.629519
vt 0.558759 0.685334
vt 0.558843 0.685334
vt 0.558843 0.685771
vt 0.558759 0.685771
vt 0.558927 0.685333
vt 0.559011 0.685333
vt 0.559011 0.685770
vt 0.558927 0.685770
vt 0.558760 0.693224
vt 0.558845 0.693224
vt 0.558845 0.693662
vt 0.558760 0.693662
vt 0.556172 0.636516
vt 0.556275 0.636515
vt 0.556276 0.637053
vt 0.556172 0.637053
vt 0.556379 0.636515
vt 0.556482 0.636515
vt 0.556482 0.637052
vt 0.556379 0.637053
vt 0.556198 0.604255
vt 0.556301 0.604255
vt 0.556301 0.604313
vt 0.556197 0.604313
vt 0.562428 0.726313
vt 0.562512 0.726312
vt 0.562512 0.726750
vt 0.562428 0.726751
vt 0.562596 0.726312
vt 0.562680 0.726312
vt 0.562680 0.726750
vt 0.562596 0.726750
vt 0.560743 0.503495
vt 0.560847 0.503495
vt 0.560847 0.503553
vt 0.560744 0.503553
vt 0.554543 0.604141
vt 0.554647 0.604140
vt 0.554646 0.604199
vt 0.554542 0.604200
vt 0.558923 0.671294
vt 0.559008 0.671294
vt 0.559008 0.671734
vt 0.558923 0.671735
vt 0.556170 0.620381
vt 0.556273 0.620383
vt 0.556273 0.620916
vt 0.556170 0.620915
vt 0.556169 0.619287
vt 0.556272 0.619292
vt 0.556273 0.619843
vt 0.556170 0.619836
vt 0.556375 0.619298
vt 0.556478 0.619303
vt 0.556477 0.619850
vt 0.556375 0.619849
vt 0.565701 0.503490
vt 0.565804 0.503490
vt 0.565804 0.503548
vt 0.565701 0.503548
vt 0.565701 0.503374
vt 0.565805 0.503374
vt 0.565805 0.503432
vt 0.565701 0.503432
vt 0.565288 0.726299
vt 0.565374 0.726298
vt 0.565373 0.726737
vt 0.565288 0.726739
vt 0.564049 0.503493
vt 0.564152 0.503492
vt 0.564152 0.503551
vt 0.564049 0.503551
vt 0.563774 0.726305
vt 0.563857 0.726304
vt 0.563857 0.726747
vt 0.563773 0.726751
vt 0.561616 0.671272
vt 0.561700 0.671272
vt 0.561700 0.671712
vt 0.561616 0.671713
vt 0.557850 0.605187
vt 0.557953 0.605187
vt 0.557954 0.605245
vt 0.557850 0.605246
vt 0.564050 0.504308
vt 0.564153 0.504308
vt 0.564154 0.504366
vt 0.564051 0.504367
vt 0.563941 0.733321
vt 0.564025 0.733319
vt 0.564026 0.733755
vt 0.563942 0.733757
vt 0.565118 0.734178
vt 0.565202 0.734177
vt 0.565202 0.734611
vt 0.565119 0.734612
vt 0.562793 0.678270
vt 0.562877 0.678268
vt 0.562877 0.678708
vt 0.562793 0.678709
vt 0.562961 0.678266
vt 0.563046 0.678264
vt 0.563046 0.678702
vt 0.562961 0.678705
vt 0.562428 0.734217
vt 0.562512 0.734216
vt 0.562512 0.734655
vt 0.562428 0.734656
vt 0.560103 0.678308
vt 0.560187 0.678307
vt 0.560187 0.678745
vt 0.560103 0.678746
vt 0.562596 0.733338
vt 0.562681 0.733336
vt 0.562681 0.733775
vt 0.562596 0.733776
vt 0.560106 0.693210
vt 0.560190 0.693211
vt 0.560190 0.693652
vt 0.560106 0.693651
vt 0.557823 0.636497
vt 0.557926 0.636496
vt 0.557926 0.637035
vt 0.557823 0.637035
vt 0.558030 0.636496
vt 0.558133 0.636495
vt 0.558133 0.637035
vt 0.558030 0.637035
vt 0.562799 0.693197
vt 0.562883 0.693195
vt 0.562883 0.693632
vt 0.562799 0.693634
vt 0.561128 0.636483
vt 0.561231 0.636481
vt 0.561231 0.637018
vt 0.561128 0.637020
vt 0.561334 0.636479
vt 0.561437 0.636477
vt 0.561438 0.637014
vt 0.561334 0.637016
vt 0.562714 0.692761
vt 0.562798 0.692759
vt 0.562882 0.692757
vt 0.557926 0.635959
vt 0.560021 0.692334
vt 0.560105 0.692333
vt 0.560105 0.692771
vt 0.560021 0.692771
vt 0.560021 0.691896
vt 0.560189 0.692333
vt 0.560190 0.692771
vt 0.560271 0.678306
vt 0.560271 0.678744
vt 0.560271 0.677869
vt 0.562428 0.733340
vt 0.562428 0.733778
vt 0.560019 0.678310
vt 0.562344 0.734218
vt 0.562344 0.734656
vt 0.562512 0.733777
vt 0.562877 0.677829
vt 0.562961 0.677828
vt 0.561432 0.619232
vt 0.561328 0.619234
vt 0.565119 0.733302
vt 0.565118 0.733741
vt 0.562793 0.677829
vt 0.562709 0.678271
vt 0.565202 0.733740
vt 0.557953 0.605071
vt 0.558056 0.605071
vt 0.558056 0.605129
vt 0.557953 0.605129
vt 0.557952 0.605013
vt 0.558055 0.605012
vt 0.563947 0.504250
vt 0.564050 0.504250
vt 0.557849 0.605013
vt 0.557850 0.605071
vt 0.564051 0.504425
vt 0.564051 0.504483
vt 0.557850 0.605129
vt 0.561532 0.671272
vt 0.561532 0.671715
vt 0.561532 0.670832
vt 0.561449 0.670833
vt 0.561448 0.671273
vt 0.561364 0.671275
vt 0.563946 0.503434
vt 0.564050 0.503434
vt 0.557849 0.604196
vt 0.557952 0.604196
vt 0.557951 0.604255
vt 0.557848 0.604255
vt 0.565203 0.726300
vt 0.565203 0.726740
vt 0.565202 0.725860
vt 0.558841 0.677870
vt 0.558925 0.677870
vt 0.558925 0.678319
vt 0.558841 0.678313
vt 0.559009 0.677871
vt 0.559009 0.678322
vt 0.558758 0.678309
vt 0.558758 0.678757
vt 0.558674 0.677871
vt 0.558757 0.677870
vt 0.556067 0.619829
vt 0.561164 0.726329
vt 0.561249 0.726326
vt 0.561248 0.726767
vt 0.561163 0.726771
vt 0.558839 0.670852
vt 0.558839 0.671297
vt 0.560744 0.503379
vt 0.560743 0.503437
vt 0.561081 0.725890
vt 0.561079 0.726337
vt 0.560995 0.726344
vt 0.561165 0.725884
vt 0.560847 0.503436
vt 0.562512 0.725873
vt 0.562596 0.725872
vt 0.562680 0.725872
vt 0.556095 0.604138
vt 0.556198 0.604138
vt 0.556198 0.604196
vt 0.556094 0.604197
vt 0.556095 0.604080
vt 0.562428 0.725873
vt 0.562398 0.503492
vt 0.562398 0.503550
vt 0.562399 0.503434
vt 0.562512 0.727188
vt 0.562428 0.727189
vt 0.558676 0.692787
vt 0.558760 0.692786
vt 0.558844 0.692786
vt 0.558675 0.685334
vt 0.558675 0.685772
vt 0.558759 0.686209
vt 0.558675 0.686209
vt 0.558843 0.686208
vt 0.558028 0.627892
vt 0.558028 0.628430
vt 0.560188 0.684885
vt 0.560188 0.685323
vt 0.559682 0.636490
vt 0.559682 0.637027
vt 0.559785 0.636491
vt 0.561367 0.692766
vt 0.561452 0.692765
vt 0.561536 0.692765
vt 0.563859 0.739889
vt 0.557852 0.606004
vt 0.557852 0.606062
vt 0.563691 0.739894
vt 0.563775 0.739889
vt 0.563691 0.740336
vt 0.563950 0.505358
vt 0.563950 0.505416
vt 0.563950 0.505300
vt 0.564053 0.505299
vt 0.564156 0.505299
vt 0.561234 0.627855
vt 0.561234 0.628394
vt 0.561233 0.627316
vt 0.562714 0.685296
vt 0.562715 0.685737
vt 0.562714 0.684855
vt 0.565125 0.740766
vt 0.562883 0.686175
vt 0.562799 0.686177
vt 0.558576 0.606120
vt 0.558576 0.606179
vt 0.564880 0.505358
vt 0.558679 0.606062
vt 0.558782 0.606062
vt 0.562292 0.681785
vt 0.562293 0.682221
vt 0.562207 0.681346
vt 0.562291 0.681345
vt 0.562375 0.681344
vt 0.562376 0.681784
vt 0.564449 0.736820
vt 0.564450 0.737258
vt 0.564364 0.736382
vt 0.564534 0.736819
vt 0.562208 0.682661
vt 0.562124 0.682665
vt 0.562712 0.682220
vt 0.562796 0.682220
vt 0.562880 0.682219
vt 0.560861 0.685320
vt 0.560861 0.685758
vt 0.560861 0.684877
vt 0.560945 0.684875
vt 0.563355 0.740344
vt 0.563270 0.740348
vt 0.560777 0.684880
vt 0.560777 0.685322
vt 0.560693 0.685321
vt 0.558647 0.628965
vt 0.558544 0.628966
vt 0.558751 0.628963
vt 0.560945 0.681365
vt 0.563355 0.736833
vt 0.563270 0.736835
vt 0.560693 0.681810
vt 0.560693 0.682250
vt 0.563102 0.737278
vt 0.563186 0.737274
vt 0.564053 0.504891
vt 0.563950 0.504891
vt 0.564156 0.504891
vt 0.558752 0.635953
vt 0.558546 0.635954
vt 0.558649 0.635953
vt 0.560695 0.692774
vt 0.560779 0.692773
vt 0.560863 0.692772
vt 0.558648 0.632726
vt 0.558751 0.632725
vt 0.558752 0.633263
vt 0.558648 0.633263
vt 0.559680 0.632181
vt 0.559680 0.632718
vt 0.559680 0.631645
vt 0.561367 0.689257
vt 0.561451 0.689255
vt 0.559577 0.633257
vt 0.559474 0.633259
vt 0.557099 0.627365
vt 0.559431 0.685330
vt 0.559431 0.685769
vt 0.559515 0.685330
vt 0.556893 0.628442
vt 0.559599 0.681384
vt 0.559683 0.681381
vt 0.559431 0.682703
vt 0.559347 0.682703
vt 0.556995 0.624139
vt 0.557098 0.624140
vt 0.562513 0.736411
vt 0.562345 0.736411
vt 0.562429 0.736411
vt 0.560104 0.682695
vt 0.560104 0.683133
vt 0.560020 0.682258
vt 0.560104 0.682258
vt 0.555449 0.627908
vt 0.555449 0.628447
vt 0.555449 0.627371
vt 0.555346 0.627371
vt 0.555346 0.627909
vt 0.558169 0.681826
vt 0.558170 0.682265
vt 0.555551 0.623602
vt 0.558253 0.681386
vt 0.558338 0.681387
vt 0.558001 0.682705
vt 0.558002 0.683146
vt 0.555345 0.624681
vt 0.558085 0.682265
vt 0.561251 0.736862
vt 0.561251 0.737300
vt 0.558842 0.681831
vt 0.558758 0.681831
vt 0.558674 0.681830
vt 0.555450 0.635973
vt 0.558087 0.692344
vt 0.558003 0.692343
vt 0.555346 0.635972
vt 0.558003 0.692782
vt 0.558087 0.692784
vt 0.558172 0.692785
vt 0.558843 0.688400
vt 0.556171 0.632209
vt 0.556171 0.632747
vt 0.558759 0.688401
vt 0.556171 0.633285
vt 0.556068 0.633285
vt 0.555269 0.604139
vt 0.555372 0.604138
vt 0.555371 0.604197
vt 0.555268 0.604198
vt 0.561469 0.503376
vt 0.559427 0.672170
vt 0.559427 0.672608
vt 0.561754 0.726758
vt 0.561669 0.727205
vt 0.561838 0.726756
vt 0.561925 0.722367
vt 0.561925 0.722808
vt 0.561841 0.722813
vt 0.562009 0.722364
vt 0.562008 0.722804
vt 0.561673 0.722817
vt 0.561758 0.722815
vt 0.561758 0.723251
vt 0.561672 0.723256
vt 0.561673 0.722376
vt 0.561575 0.503026
vt 0.561574 0.503085
vt 0.561672 0.723695
vt 0.561842 0.723249
vt 0.562429 0.722798
vt 0.562429 0.723237
vt 0.562429 0.722360
vt 0.562428 0.723676
vt 0.562428 0.724115
vt 0.562513 0.723235
vt 0.562513 0.723676
vt 0.560578 0.726345
vt 0.560577 0.726783
vt 0.560578 0.725909
vt 0.558083 0.671315
vt 0.558083 0.671751
vt 0.558083 0.670879
vt 0.560325 0.727220
vt 0.560325 0.727655
vt 0.560325 0.726784
vt 0.560494 0.722396
vt 0.560325 0.722399
vt 0.560409 0.722398
vt 0.559820 0.503031
vt 0.559820 0.503089
vt 0.559820 0.502972
vt 0.559923 0.502972
vt 0.560026 0.502972
vt 0.558758 0.668673
vt 0.558758 0.669113
vt 0.561000 0.723265
vt 0.561084 0.723265
vt 0.561000 0.723708
vt 0.554549 0.603733
vt 0.554651 0.603733
vt 0.554651 0.603791
vt 0.554549 0.603791
vt 0.558253 0.677877
vt 0.558337 0.677877
vt 0.561248 0.729397
vt 0.554854 0.604606
vt 0.554751 0.604606
vt 0.558755 0.674804
vt 0.558755 0.675240
vt 0.560996 0.729403
vt 0.560996 0.729838
vt 0.561164 0.730707
vt 0.561080 0.730709
vt 0.564980 0.503373
vt 0.564979 0.503432
vt 0.564447 0.726298
vt 0.564446 0.726739
vt 0.558572 0.604078
vt 0.558676 0.604078
vt 0.558572 0.604137
vt 0.564876 0.503374
vt 0.564446 0.727183
vt 0.564362 0.727180
vt 0.564530 0.726738
vt 0.564530 0.727185
vt 0.558780 0.603610
vt 0.558883 0.603610
vt 0.558883 0.603668
vt 0.558779 0.603668
vt 0.564701 0.722777
vt 0.564616 0.722780
vt 0.564877 0.502847
vt 0.564981 0.502847
vt 0.561230 0.605780
vt 0.561333 0.605782
vt 0.561436 0.605788
vt 0.561024 0.606320
vt 0.561024 0.606856
vt 0.562797 0.667745
vt 0.562881 0.667747
vt 0.562713 0.668619
vt 0.562711 0.669068
vt 0.561125 0.607398
vt 0.561023 0.607394
vt 0.561228 0.607404
vt 0.563268 0.726313
vt 0.563268 0.726752
vt 0.563184 0.725874
vt 0.563268 0.725874
vt 0.563016 0.725874
vt 0.563100 0.725875
vt 0.560776 0.667763
vt 0.560776 0.668205
vt 0.558544 0.606344
vt 0.560775 0.668647
vt 0.560691 0.668646
vt 0.560860 0.668205
vt 0.560859 0.668647
vt 0.563943 0.722784
vt 0.563943 0.723226
vt 0.564155 0.502848
vt 0.564155 0.502906
vt 0.561363 0.667761
vt 0.561448 0.667759
vt 0.561448 0.668199
vt 0.561363 0.668200
vt 0.561449 0.667318
vt 0.561448 0.668640
vt 0.561448 0.669081
vt 0.563123 0.504426
vt 0.563124 0.504484
vt 0.563185 0.729388
vt 0.563017 0.729828
vt 0.563017 0.730270
vt 0.563225 0.503843
vt 0.563122 0.503843
vt 0.557024 0.604547
vt 0.557127 0.604547
vt 0.557128 0.604606
vt 0.557024 0.604606
vt 0.563942 0.729817
vt 0.563942 0.730252
vt 0.557953 0.604547
vt 0.557953 0.604605
vt 0.564257 0.503784
vt 0.564359 0.503784
vt 0.564359 0.503841
vt 0.564257 0.503842
vt 0.561448 0.674793
vt 0.561448 0.675229
vt 0.561363 0.674360
vt 0.561448 0.674356
vt 0.561532 0.675225
vt 0.562037 0.679153
vt 0.562037 0.679593
vt 0.560193 0.614948
vt 0.560193 0.615485
vt 0.562121 0.675209
vt 0.560400 0.616019
vt 0.560297 0.616020
vt 0.562961 0.674762
vt 0.562961 0.675200
vt 0.563045 0.674763
vt 0.561121 0.614935
vt 0.561121 0.615473
vt 0.562708 0.674766
vt 0.561225 0.615471
vt 0.561839 0.733351
vt 0.561839 0.733788
vt 0.559514 0.677882
vt 0.559598 0.678318
vt 0.561924 0.732912
vt 0.562008 0.732910
vt 0.559345 0.677883
vt 0.559429 0.677883
vt 0.559430 0.679195
vt 0.559430 0.679632
vt 0.559514 0.679192
vt 0.559596 0.674788
vt 0.559512 0.674787
vt 0.561921 0.729381
vt 0.562005 0.729381
vt 0.561669 0.729824
vt 0.561669 0.730266
vt 0.561753 0.729382
vt 0.559428 0.674789
vt 0.561468 0.503901
vt 0.561571 0.503901
vt 0.561674 0.503901
vt 0.562399 0.503960
vt 0.562295 0.503960
vt 0.562502 0.503960
vt 0.559517 0.692340
vt 0.559517 0.692778
vt 0.559516 0.691902
vt 0.559601 0.691900
vt 0.555686 0.606940
vt 0.555582 0.606940
vt 0.559349 0.692781
vt 0.559433 0.692779
vt 0.559516 0.688836
vt 0.559515 0.689273
vt 0.561673 0.743432
vt 0.561757 0.743431
vt 0.559431 0.688837
vt 0.561757 0.744743
vt 0.561673 0.744743
vt 0.561841 0.744742
vt 0.557822 0.633271
vt 0.557823 0.633809
vt 0.557719 0.632735
vt 0.557822 0.632734
vt 0.562293 0.691882
vt 0.562293 0.692322
vt 0.562209 0.692323
vt 0.562377 0.691881
vt 0.562377 0.692322
vt 0.560198 0.636486
vt 0.560198 0.637024
vt 0.560301 0.635947
vt 0.562125 0.692323
vt 0.562125 0.692762
vt 0.562209 0.692763
vt 0.564533 0.743845
vt 0.564533 0.744286
vt 0.564618 0.743401
vt 0.565189 0.505707
vt 0.565086 0.505708
vt 0.564449 0.743844
vt 0.564365 0.743844
vt 0.562123 0.689692
vt 0.562039 0.689690
vt 0.562207 0.689695
vt 0.565207 0.743835
vt 0.565293 0.743834
vt 0.565291 0.744275
vt 0.565206 0.744276
vt 0.565293 0.743395
vt 0.565706 0.505648
vt 0.565123 0.743836
vt 0.564786 0.743836
vt 0.564785 0.744279
vt 0.562374 0.689696
vt 0.562459 0.689691
vt 0.562459 0.690129
vt 0.562375 0.690131
vt 0.562375 0.689253
vt 0.562460 0.689247
vt 0.564870 0.744275
vt 0.564955 0.742086
vt 0.564871 0.742086
vt 0.559299 0.606179
vt 0.559403 0.606179
vt 0.559403 0.606237
vt 0.559299 0.606237
vt 0.564786 0.742087
vt 0.564702 0.742088
vt 0.565207 0.742085
vt 0.565291 0.742083
vt 0.565291 0.742518
vt 0.565207 0.742520
vt 0.565292 0.741646
vt 0.565706 0.505474
vt 0.565706 0.505532
vt 0.559506 0.606179
vt 0.565123 0.742086
vt 0.565706 0.505590
vt 0.565123 0.742521
vt 0.561956 0.688374
vt 0.564281 0.743844
vt 0.561787 0.689690
vt 0.561703 0.689691
vt 0.561871 0.689689
vt 0.564197 0.741649
vt 0.564281 0.741649
vt 0.564365 0.741649
vt 0.564028 0.741647
vt 0.564112 0.741648
vt 0.561703 0.687495
vt 0.561787 0.687495
vt 0.564197 0.742969
vt 0.564112 0.742969
vt 0.564984 0.505475
vt 0.564984 0.505533
vt 0.564534 0.741650
vt 0.564618 0.742089
vt 0.564534 0.742090
vt 0.564450 0.742090
vt 0.564450 0.742529
vt 0.558576 0.606237
vt 0.564881 0.505533
vt 0.564984 0.505591
vt 0.564881 0.505592
vt 0.560094 0.636487
vt 0.559991 0.636489
vt 0.559888 0.636491
vt 0.562208 0.690571
vt 0.562292 0.690571
vt 0.562292 0.691009
vt 0.562208 0.691010
vt 0.560506 0.634335
vt 0.562291 0.690132
vt 0.562376 0.690569
vt 0.560301 0.635410
vt 0.562124 0.691009
vt 0.557616 0.632198
vt 0.557616 0.632737
vt 0.559852 0.688832
vt 0.557306 0.632202
vt 0.557306 0.632740
vt 0.557306 0.631664
vt 0.557410 0.631663
vt 0.559768 0.688832
vt 0.559769 0.689708
vt 0.559768 0.690146
vt 0.559769 0.689270
vt 0.559936 0.686641
vt 0.560020 0.686639
vt 0.560105 0.687076
vt 0.560104 0.687515
vt 0.557719 0.630047
vt 0.560189 0.687514
vt 0.561589 0.743432
vt 0.559096 0.688838
vt 0.559096 0.689276
vt 0.559096 0.688401
vt 0.559180 0.689275
vt 0.556790 0.630055
vt 0.556687 0.630055
vt 0.556893 0.630054
vt 0.559011 0.687084
vt 0.559011 0.687524
vt 0.556583 0.630055
vt 0.559096 0.687964
vt 0.559180 0.687963
vt 0.559516 0.686645
vt 0.556996 0.630054
vt 0.559431 0.686645
vt 0.559013 0.692786
vt 0.559097 0.692785
vt 0.559181 0.692784
vt 0.556687 0.633824
vt 0.556790 0.633822
vt 0.556893 0.633819
vt 0.556481 0.633824
vt 0.556584 0.633825
vt 0.555478 0.606707
vt 0.555478 0.606766
vt 0.559600 0.690586
vt 0.559684 0.690586
vt 0.556996 0.634358
vt 0.556996 0.634897
vt 0.559347 0.690593
vt 0.557100 0.634893
vt 0.562087 0.503784
vt 0.562090 0.729823
vt 0.562090 0.730264
vt 0.555782 0.604547
vt 0.555886 0.604547
vt 0.555887 0.604605
vt 0.555783 0.604605
vt 0.561985 0.503960
vt 0.561985 0.504019
vt 0.561881 0.503901
vt 0.562088 0.503960
vt 0.562090 0.728067
vt 0.562089 0.728506
vt 0.561881 0.503609
vt 0.562004 0.728945
vt 0.562174 0.728504
vt 0.562502 0.503550
vt 0.562605 0.503550
vt 0.562680 0.728062
vt 0.562596 0.728062
vt 0.561585 0.729825
vt 0.561500 0.729827
vt 0.554854 0.604664
vt 0.554957 0.604548
vt 0.555060 0.604548
vt 0.561055 0.503960
vt 0.561056 0.504018
vt 0.554958 0.604723
vt 0.554854 0.604723
vt 0.561158 0.503901
vt 0.561261 0.503901
vt 0.556683 0.612292
vt 0.556785 0.612291
vt 0.556785 0.612826
vt 0.556683 0.612828
vt 0.561417 0.728081
vt 0.561416 0.728522
vt 0.559008 0.672612
vt 0.559008 0.673053
vt 0.554956 0.604490
vt 0.561332 0.728961
vt 0.561501 0.728518
vt 0.559596 0.673040
vt 0.559595 0.673478
vt 0.561922 0.727634
vt 0.561837 0.728075
vt 0.562006 0.727631
vt 0.559512 0.672605
vt 0.559344 0.673917
vt 0.559344 0.674353
vt 0.556787 0.619305
vt 0.556787 0.619843
vt 0.559177 0.677878
vt 0.559261 0.677881
vt 0.559177 0.678325
vt 0.559093 0.677875
vt 0.559093 0.678325
vt 0.561160 0.504194
vt 0.561057 0.504194
vt 0.561263 0.504194
vt 0.561778 0.504077
vt 0.561779 0.504136
vt 0.561882 0.504077
vt 0.555268 0.604898
vt 0.555371 0.604898
vt 0.555372 0.604958
vt 0.555268 0.604957
vt 0.561754 0.732025
vt 0.561838 0.732027
vt 0.560914 0.614406
vt 0.561017 0.614402
vt 0.562625 0.673018
vt 0.562625 0.673455
vt 0.564950 0.727614
vt 0.564866 0.728053
vt 0.565035 0.727611
vt 0.562372 0.673027
vt 0.562372 0.673462
vt 0.562456 0.672589
vt 0.564781 0.728057
vt 0.560708 0.613336
vt 0.562540 0.673896
vt 0.562456 0.673897
vt 0.559603 0.604311
vt 0.559707 0.604311
vt 0.559706 0.604369
vt 0.559603 0.604368
vt 0.565701 0.503606
vt 0.565598 0.503606
vt 0.565804 0.503606
vt 0.562709 0.673452
vt 0.562793 0.673449
vt 0.565202 0.728918
vt 0.565118 0.728920
vt 0.564277 0.729809
vt 0.564277 0.730245
vt 0.561868 0.674344
vt 0.561953 0.674339
vt 0.561867 0.674780
vt 0.562037 0.674337
vt 0.558261 0.604604
vt 0.558261 0.604662
vt 0.558261 0.604546
vt 0.564025 0.730686
vt 0.564025 0.731126
vt 0.564025 0.730249
vt 0.559989 0.612807
vt 0.559989 0.613340
vt 0.559988 0.612267
vt 0.560091 0.612267
vt 0.560194 0.612269
vt 0.561701 0.673031
vt 0.561701 0.673472
vt 0.561700 0.672592
vt 0.564026 0.728944
vt 0.564025 0.729381
vt 0.564111 0.728499
vt 0.561869 0.673903
vt 0.561785 0.673909
vt 0.560399 0.612273
vt 0.560501 0.612273
vt 0.560604 0.612270
vt 0.560297 0.612271
vt 0.561869 0.678281
vt 0.561869 0.678719
vt 0.564110 0.732878
vt 0.561784 0.678284
vt 0.561868 0.676089
vt 0.561784 0.676090
vt 0.561700 0.677408
vt 0.561700 0.677849
vt 0.562289 0.676084
vt 0.562373 0.676083
vt 0.564446 0.731994
vt 0.564530 0.731993
vt 0.564530 0.732430
vt 0.564446 0.732431
vt 0.561197 0.674365
vt 0.561280 0.674363
vt 0.561029 0.674800
vt 0.561029 0.675238
vt 0.561029 0.674360
vt 0.561113 0.674363
vt 0.563438 0.730269
vt 0.561196 0.675674
vt 0.561112 0.675676
vt 0.563353 0.728509
vt 0.563437 0.728509
vt 0.563521 0.728507
vt 0.564256 0.503609
vt 0.564256 0.503667
vt 0.564256 0.503550
vt 0.564050 0.503726
vt 0.563947 0.503726
vt 0.564153 0.503726
vt 0.563018 0.503843
vt 0.563019 0.503902
vt 0.556611 0.604723
vt 0.556611 0.604782
vt 0.562708 0.503960
vt 0.562932 0.728067
vt 0.562848 0.728066
vt 0.556817 0.604313
vt 0.556920 0.604313
vt 0.556920 0.604372
vt 0.556817 0.604372
vt 0.562764 0.728063
vt 0.563327 0.503551
vt 0.557023 0.604313
vt 0.557023 0.604372
vt 0.563224 0.503550
vt 0.562916 0.504309
vt 0.562916 0.504368
vt 0.562916 0.504251
vt 0.562765 0.732896
vt 0.556715 0.605072
vt 0.556612 0.605072
vt 0.562916 0.504077
vt 0.562916 0.504135
vt 0.563019 0.504019
vt 0.556818 0.604782
vt 0.556922 0.604781
vt 0.556921 0.604840
vt 0.556818 0.604840
vt 0.562680 0.731152
vt 0.562764 0.731150
vt 0.556715 0.604782
vt 0.556715 0.604840
vt 0.556611 0.604840
vt 0.562765 0.732460
vt 0.556611 0.604898
vt 0.556715 0.604898
vt 0.563432 0.504076
vt 0.563432 0.504134
vt 0.563269 0.731579
vt 0.563185 0.731580
vt 0.563353 0.731579
vt 0.557025 0.604781
vt 0.557025 0.604839
vt 0.563101 0.731582
vt 0.559264 0.605807
vt 0.561279 0.667763
vt 0.561027 0.668644
vt 0.561027 0.669088
vt 0.559058 0.607421
vt 0.558954 0.607425
vt 0.559161 0.607420
vt 0.561282 0.666011
vt 0.561282 0.666448
vt 0.561198 0.665576
vt 0.561282 0.665575
vt 0.563607 0.720607
vt 0.563691 0.720606
vt 0.559060 0.604196
vt 0.559060 0.604734
vt 0.558957 0.603660
vt 0.559060 0.603660
vt 0.561113 0.665576
vt 0.559163 0.604733
vt 0.563859 0.720599
vt 0.563944 0.720592
vt 0.561618 0.665560
vt 0.561703 0.665550
vt 0.561702 0.665993
vt 0.561618 0.666000
vt 0.563775 0.720603
vt 0.563690 0.721915
vt 0.563689 0.722354
vt 0.558337 0.605809
vt 0.558440 0.606344
vt 0.558337 0.606344
vt 0.560439 0.668640
vt 0.560355 0.668640
vt 0.560524 0.668643
vt 0.560524 0.666013
vt 0.560524 0.666448
vt 0.560524 0.665575
vt 0.560609 0.665574
vt 0.560693 0.665574
vt 0.562681 0.720606
vt 0.562765 0.720607
vt 0.562850 0.720607
vt 0.562765 0.721919
vt 0.562681 0.721919
vt 0.560440 0.666448
vt 0.558750 0.603659
vt 0.558853 0.603660
vt 0.558543 0.604195
vt 0.558543 0.604732
vt 0.558544 0.603658
vt 0.558647 0.603658
vt 0.562848 0.725873
vt 0.562932 0.725873
vt 0.562764 0.725872
vt 0.562915 0.503083
vt 0.563018 0.503083
vt 0.563121 0.503084
vt 0.562709 0.503083
vt 0.562812 0.503083
vt 0.557126 0.603846
vt 0.557229 0.603846
vt 0.557229 0.603905
vt 0.557126 0.603905
vt 0.563352 0.724559
vt 0.563268 0.724560
vt 0.563224 0.503084
vt 0.563327 0.503084
vt 0.562545 0.667743
vt 0.562545 0.668180
vt 0.564701 0.723216
vt 0.564785 0.722337
vt 0.562460 0.667744
vt 0.558987 0.603726
vt 0.559092 0.603726
vt 0.559091 0.603784
vt 0.558987 0.603785
vt 0.564870 0.723652
vt 0.564785 0.723654
vt 0.560920 0.604159
vt 0.560920 0.604702
vt 0.560816 0.603613
vt 0.560920 0.603617
vt 0.561023 0.603621
vt 0.561024 0.604164
vt 0.560610 0.603610
vt 0.560713 0.603611
vt 0.562376 0.666864
vt 0.562375 0.667306
vt 0.562376 0.666418
vt 0.562460 0.666421
vt 0.562545 0.666423
vt 0.565291 0.721023
vt 0.565290 0.721460
vt 0.562882 0.665550
vt 0.562966 0.665552
vt 0.562882 0.665991
vt 0.563050 0.665552
vt 0.562798 0.665989
vt 0.562798 0.666426
vt 0.562713 0.665544
vt 0.562798 0.665548
vt 0.565039 0.721458
vt 0.565123 0.721895
vt 0.565039 0.721897
vt 0.565206 0.721894
vt 0.564361 0.503023
vt 0.564361 0.503082
vt 0.561871 0.665980
vt 0.561870 0.666426
vt 0.559990 0.603617
vt 0.560093 0.603616
vt 0.560093 0.604153
vt 0.559990 0.604156
vt 0.560197 0.603612
vt 0.560197 0.604151
vt 0.561787 0.665543
vt 0.561787 0.665985
vt 0.559887 0.603619
vt 0.559887 0.604162
vt 0.564362 0.502730
vt 0.564465 0.502730
vt 0.558264 0.603493
vt 0.558367 0.603492
vt 0.558367 0.603551
vt 0.558264 0.603552
vt 0.560403 0.603608
vt 0.560506 0.603609
vt 0.560196 0.604696
vt 0.560300 0.603610
vt 0.558573 0.603551
vt 0.558677 0.603551
vt 0.558676 0.603610
vt 0.558573 0.603610
vt 0.564364 0.721452
vt 0.564448 0.721451
vt 0.564363 0.721899
vt 0.562123 0.666419
vt 0.562207 0.666418
vt 0.562207 0.666865
vt 0.562122 0.666865
vt 0.564193 0.726303
vt 0.564194 0.726742
vt 0.564193 0.725865
vt 0.564110 0.727182
vt 0.564110 0.727622
vt 0.564025 0.726744
vt 0.564110 0.726743
vt 0.564194 0.727180
vt 0.558366 0.603903
vt 0.558469 0.603903
vt 0.558468 0.603962
vt 0.558365 0.603962
vt 0.564566 0.503140
vt 0.564026 0.724551
vt 0.564025 0.724993
vt 0.564026 0.724107
vt 0.564111 0.724105
vt 0.564463 0.503141
vt 0.561784 0.669959
vt 0.561868 0.669957
vt 0.564773 0.503257
vt 0.564773 0.503315
vt 0.558502 0.674376
vt 0.555753 0.614997
vt 0.555754 0.615532
vt 0.555856 0.614994
vt 0.558503 0.675683
vt 0.558419 0.675686
vt 0.558586 0.673063
vt 0.558585 0.673503
vt 0.560828 0.727654
vt 0.560912 0.727652
vt 0.560827 0.728099
vt 0.560996 0.727650
vt 0.558335 0.672627
vt 0.558419 0.672626
vt 0.560744 0.727658
vt 0.560744 0.728101
vt 0.555650 0.613394
vt 0.555752 0.613395
vt 0.555855 0.613393
vt 0.561164 0.727649
vt 0.554440 0.604316
vt 0.554543 0.604316
vt 0.554543 0.604375
vt 0.554440 0.604375
vt 0.554646 0.604316
vt 0.554647 0.604375
vt 0.560995 0.728969
vt 0.554826 0.615004
vt 0.554826 0.615541
vt 0.554826 0.614467
vt 0.554826 0.616078
vt 0.554826 0.616615
vt 0.557916 0.673062
vt 0.557832 0.673063
vt 0.558000 0.673061
vt 0.554826 0.612852
vt 0.554826 0.613390
vt 0.554826 0.612315
vt 0.554930 0.612313
vt 0.555033 0.612311
vt 0.554826 0.613929
vt 0.558167 0.672625
vt 0.558251 0.672626
vt 0.557999 0.673504
vt 0.558084 0.672624
vt 0.555341 0.613389
vt 0.555444 0.613390
vt 0.554827 0.619306
vt 0.554930 0.619305
vt 0.554931 0.619842
vt 0.554827 0.619844
vt 0.554826 0.618768
vt 0.554930 0.618767
vt 0.554827 0.620382
vt 0.554827 0.620919
vt 0.557833 0.679198
vt 0.557749 0.679200
vt 0.555136 0.617156
vt 0.555033 0.617157
vt 0.555239 0.617153
vt 0.554826 0.617153
vt 0.554930 0.617156
vt 0.554930 0.617694
vt 0.554827 0.617692
vt 0.557664 0.677448
vt 0.557664 0.677887
vt 0.557664 0.677010
vt 0.555239 0.617690
vt 0.558084 0.677005
vt 0.555446 0.618220
vt 0.555343 0.618224
vt 0.560916 0.722827
vt 0.560916 0.723267
vt 0.560440 0.502853
vt 0.560440 0.502912
vt 0.560747 0.722391
vt 0.560831 0.722389
vt 0.560663 0.723719
vt 0.560748 0.723717
vt 0.560749 0.724155
vt 0.560663 0.724158
vt 0.560833 0.723717
vt 0.558502 0.665588
vt 0.558586 0.665582
vt 0.558587 0.666028
vt 0.558503 0.666031
vt 0.558671 0.665579
vt 0.558672 0.666025
vt 0.558419 0.666034
vt 0.558420 0.666475
vt 0.558334 0.665599
vt 0.558418 0.665593
vt 0.560746 0.721949
vt 0.560661 0.721508
vt 0.560831 0.721949
vt 0.561164 0.720609
vt 0.561249 0.720604
vt 0.561249 0.721057
vt 0.561165 0.721057
vt 0.561334 0.720595
vt 0.561333 0.721054
vt 0.554442 0.603439
vt 0.554545 0.603439
vt 0.554546 0.603498
vt 0.554443 0.603498
vt 0.560996 0.720611
vt 0.561080 0.720610
vt 0.561081 0.721056
vt 0.560644 0.502736
vt 0.557916 0.667812
vt 0.557917 0.668251
vt 0.557831 0.667369
vt 0.558001 0.667812
vt 0.554825 0.606400
vt 0.554929 0.606400
vt 0.554930 0.606940
vt 0.554826 0.606939
vt 0.554825 0.605862
vt 0.555033 0.606401
vt 0.554826 0.607477
vt 0.554930 0.607478
vt 0.554930 0.608016
vt 0.554826 0.608015
vt 0.555031 0.603710
vt 0.555134 0.603708
vt 0.555237 0.603705
vt 0.554824 0.604252
vt 0.554824 0.604789
vt 0.554824 0.603715
vt 0.554927 0.603713
vt 0.554824 0.605326
vt 0.558166 0.665606
vt 0.558250 0.665603
vt 0.557999 0.666050
vt 0.557999 0.666487
vt 0.555340 0.603701
vt 0.555341 0.604237
vt 0.555443 0.603697
vt 0.555444 0.604233
vt 0.554826 0.610703
vt 0.554929 0.610704
vt 0.554930 0.611240
vt 0.554826 0.611241
vt 0.554826 0.610166
vt 0.554929 0.610167
vt 0.554826 0.611778
vt 0.554930 0.611776
vt 0.557917 0.669564
vt 0.557916 0.670004
vt 0.560158 0.724157
vt 0.560158 0.724596
vt 0.554826 0.608554
vt 0.554930 0.608554
vt 0.554930 0.609092
vt 0.554826 0.609091
vt 0.554826 0.609629
vt 0.554929 0.609629
vt 0.560411 0.724596
vt 0.560410 0.725035
vt 0.559820 0.503147
vt 0.558084 0.670441
vt 0.560325 0.725474
vt 0.560495 0.725034
vt 0.562176 0.722361
vt 0.562008 0.723243
vt 0.562092 0.722362
vt 0.555786 0.603612
vt 0.555889 0.603612
vt 0.555889 0.603671
vt 0.555786 0.603671
vt 0.559766 0.668209
vt 0.559850 0.668208
vt 0.562176 0.721046
vt 0.562175 0.721487
vt 0.562177 0.720598
vt 0.562261 0.720596
vt 0.559936 0.665564
vt 0.560020 0.665562
vt 0.560019 0.666009
vt 0.559935 0.666011
vt 0.562008 0.720604
vt 0.562093 0.720599
vt 0.562092 0.721050
vt 0.562008 0.721053
vt 0.562513 0.721042
vt 0.562513 0.721481
vt 0.560188 0.665570
vt 0.560272 0.665573
vt 0.560272 0.666012
vt 0.562597 0.720605
vt 0.562429 0.721040
vt 0.562429 0.721481
vt 0.560104 0.665565
vt 0.562429 0.721920
vt 0.562513 0.721920
vt 0.561058 0.503028
vt 0.561057 0.503086
vt 0.559177 0.665566
vt 0.559261 0.665572
vt 0.559262 0.666015
vt 0.559177 0.666012
vt 0.561587 0.720604
vt 0.561671 0.720608
vt 0.561334 0.721504
vt 0.559008 0.665563
vt 0.559093 0.665560
vt 0.559093 0.666015
vt 0.559008 0.666022
vt 0.561159 0.502735
vt 0.561263 0.502734
vt 0.561677 0.502617
vt 0.561781 0.502616
vt 0.561884 0.502616
vt 0.555270 0.603438
vt 0.555374 0.603438
vt 0.555374 0.603497
vt 0.555270 0.603497
vt 0.561756 0.720610
vt 0.561756 0.721052
vt 0.555373 0.603379
vt 0.555477 0.603379
vt 0.555477 0.603438
vt 0.561672 0.721934
vt 0.561471 0.502734
vt 0.561575 0.502792
vt 0.561679 0.502792
vt 0.561587 0.725880
vt 0.561366 0.503376
vt 0.559092 0.671293
vt 0.559092 0.671733
vt 0.561333 0.725886
vt 0.561333 0.726326
vt 0.559008 0.672174
vt 0.559177 0.671731
vt 0.561264 0.503144
vt 0.561263 0.503202
vt 0.561333 0.724578
vt 0.561333 0.725013
vt 0.561419 0.724137
vt 0.561159 0.503144
vt 0.561333 0.725449
vt 0.555477 0.603847
vt 0.555580 0.603845
vt 0.555578 0.603905
vt 0.555475 0.603906
vt 0.561924 0.724113
vt 0.562008 0.724107
vt 0.562007 0.724553
vt 0.561923 0.724560
vt 0.561677 0.503084
vt 0.555861 0.629519
vt 0.558422 0.687084
vt 0.558338 0.687084
vt 0.558506 0.687084
vt 0.554830 0.632207
vt 0.554830 0.632745
vt 0.554830 0.631670
vt 0.554830 0.633282
vt 0.554830 0.633819
vt 0.555139 0.629519
vt 0.555243 0.629519
vt 0.554829 0.630058
vt 0.554830 0.630595
vt 0.554829 0.629521
vt 0.554830 0.631132
vt 0.558254 0.687084
vt 0.558171 0.687084
vt 0.558087 0.687084
vt 0.558003 0.687084
vt 0.557836 0.691905
vt 0.557919 0.692342
vt 0.557836 0.692342
vt 0.554831 0.636509
vt 0.554831 0.637047
vt 0.554831 0.635971
vt 0.557752 0.691905
vt 0.557752 0.692342
vt 0.557667 0.693220
vt 0.557667 0.693658
vt 0.557667 0.692781
vt 0.557752 0.692780
vt 0.557836 0.692780
vt 0.554830 0.634356
vt 0.554830 0.634895
vt 0.554831 0.635433
vt 0.558171 0.690592
vt 0.558171 0.691031
vt 0.555552 0.634361
vt 0.555655 0.634362
vt 0.558003 0.691030
vt 0.558087 0.691031
vt 0.558590 0.681830
vt 0.558506 0.681829
vt 0.558422 0.681827
vt 0.558422 0.682266
vt 0.560664 0.737736
vt 0.560664 0.738174
vt 0.560664 0.737298
vt 0.558338 0.680949
vt 0.555757 0.622525
vt 0.555860 0.622525
vt 0.556170 0.622529
vt 0.556067 0.622528
vt 0.556273 0.622528
vt 0.554827 0.623607
vt 0.554828 0.624144
vt 0.554827 0.623070
vt 0.554828 0.624682
vt 0.554829 0.625221
vt 0.555137 0.620914
vt 0.555240 0.620913
vt 0.554827 0.621457
vt 0.554827 0.621995
vt 0.554827 0.622532
vt 0.555447 0.620913
vt 0.558085 0.680074
vt 0.558001 0.680074
vt 0.558169 0.680074
vt 0.554829 0.627909
vt 0.554933 0.627909
vt 0.554933 0.628446
vt 0.554829 0.628447
vt 0.554830 0.627372
vt 0.554933 0.627372
vt 0.554829 0.628984
vt 0.555036 0.628446
vt 0.557834 0.683147
vt 0.557918 0.683147
vt 0.554829 0.625760
vt 0.554933 0.625761
vt 0.554933 0.626297
vt 0.554829 0.626297
vt 0.555036 0.625761
vt 0.554829 0.626834
vt 0.554933 0.626835
vt 0.559936 0.681819
vt 0.559935 0.682259
vt 0.562261 0.736411
vt 0.562177 0.736851
vt 0.562093 0.736852
vt 0.562008 0.736855
vt 0.557305 0.624141
vt 0.557408 0.624139
vt 0.559851 0.682701
vt 0.559767 0.682703
vt 0.562193 0.504486
vt 0.562296 0.504486
vt 0.561884 0.504544
vt 0.561884 0.504602
vt 0.561884 0.504486
vt 0.555787 0.605365
vt 0.555787 0.605423
vt 0.555684 0.605424
vt 0.555890 0.605365
vt 0.555890 0.605423
vt 0.562513 0.735094
vt 0.562513 0.735533
vt 0.562399 0.504486
vt 0.562428 0.735094
vt 0.562400 0.504661
vt 0.562297 0.504661
vt 0.562503 0.504661
vt 0.559010 0.682705
vt 0.559010 0.683143
vt 0.556787 0.621451
vt 0.556788 0.621989
vt 0.556787 0.620915
vt 0.556581 0.622529
vt 0.556478 0.622529
vt 0.556685 0.622528
vt 0.561925 0.735097
vt 0.561925 0.735535
vt 0.555580 0.605249
vt 0.555683 0.605249
vt 0.559430 0.680069
vt 0.559430 0.680508
vt 0.559515 0.680505
vt 0.559095 0.686208
vt 0.559011 0.686208
vt 0.556583 0.628442
vt 0.556686 0.628442
vt 0.559263 0.683580
vt 0.559263 0.684019
vt 0.556686 0.625218
vt 0.556686 0.625757
vt 0.556996 0.626829
vt 0.556892 0.626831
vt 0.557099 0.626827
vt 0.561283 0.688819
vt 0.561283 0.689258
vt 0.559164 0.631647
vt 0.559164 0.632185
vt 0.561283 0.686620
vt 0.563692 0.742091
vt 0.563608 0.742094
vt 0.557956 0.606178
vt 0.558059 0.606178
vt 0.558059 0.606237
vt 0.557956 0.606237
vt 0.558162 0.606179
vt 0.558162 0.606237
vt 0.563692 0.742534
vt 0.563776 0.741646
vt 0.557853 0.606178
vt 0.557853 0.606237
vt 0.561450 0.687500
vt 0.561450 0.687941
vt 0.561366 0.687942
vt 0.561535 0.687497
vt 0.561534 0.687940
vt 0.558442 0.631653
vt 0.558442 0.632190
vt 0.558338 0.632191
vt 0.558545 0.631652
vt 0.558545 0.632189
vt 0.560441 0.688387
vt 0.558235 0.632193
vt 0.560525 0.687073
vt 0.560525 0.687511
vt 0.560525 0.686635
vt 0.558132 0.631118
vt 0.558132 0.631656
vt 0.558443 0.635955
vt 0.560358 0.692771
vt 0.560442 0.692772
vt 0.560526 0.692773
vt 0.560610 0.690577
vt 0.560526 0.690577
vt 0.560694 0.690576
vt 0.560442 0.690577
vt 0.560442 0.691016
vt 0.560442 0.691455
vt 0.560358 0.691455
vt 0.560526 0.691015
vt 0.560526 0.691454
vt 0.560862 0.690575
vt 0.560862 0.691013
vt 0.560778 0.690576
vt 0.557027 0.606822
vt 0.556924 0.606822
vt 0.557130 0.606822
vt 0.563743 0.504775
vt 0.563744 0.504833
vt 0.563354 0.737272
vt 0.563439 0.736392
vt 0.563640 0.504775
vt 0.561029 0.682678
vt 0.561114 0.682677
vt 0.561114 0.683117
vt 0.561030 0.683117
vt 0.557438 0.605305
vt 0.557438 0.605363
vt 0.563536 0.504542
vt 0.563439 0.735955
vt 0.557439 0.605421
vt 0.557335 0.605421
vt 0.557541 0.605363
vt 0.557542 0.605421
vt 0.564154 0.504483
vt 0.564258 0.504482
vt 0.564027 0.735069
vt 0.563942 0.735072
vt 0.560525 0.681375
vt 0.560609 0.681813
vt 0.560525 0.681814
vt 0.560524 0.680059
vt 0.560609 0.680057
vt 0.560609 0.680498
vt 0.560525 0.680498
vt 0.562934 0.734648
vt 0.563018 0.734645
vt 0.560440 0.680499
vt 0.560525 0.680937
vt 0.560440 0.680938
vt 0.563270 0.735081
vt 0.563270 0.735520
vt 0.563433 0.504542
vt 0.563330 0.504542
vt 0.557026 0.605247
vt 0.557026 0.605305
vt 0.556923 0.605306
vt 0.563227 0.504542
vt 0.560693 0.680497
vt 0.560777 0.680494
vt 0.560861 0.680490
vt 0.560609 0.685320
vt 0.560609 0.685759
vt 0.558132 0.628429
vt 0.558235 0.628428
vt 0.560525 0.686197
vt 0.560441 0.686197
vt 0.556819 0.605714
vt 0.556922 0.605714
vt 0.556923 0.605772
vt 0.556819 0.605773
vt 0.562682 0.738600
vt 0.562682 0.739038
vt 0.560441 0.684005
vt 0.560525 0.684005
vt 0.563186 0.738593
vt 0.563187 0.739031
vt 0.563102 0.738594
vt 0.563102 0.739032
vt 0.557025 0.605714
vt 0.557129 0.605714
vt 0.560777 0.684439
vt 0.563018 0.739474
vt 0.560816 0.623010
vt 0.562460 0.681782
vt 0.560712 0.623010
vt 0.560713 0.624621
vt 0.560610 0.624619
vt 0.560816 0.624622
vt 0.562542 0.680023
vt 0.562543 0.680462
vt 0.564952 0.735053
vt 0.565036 0.735050
vt 0.564699 0.734618
vt 0.562375 0.680903
vt 0.564784 0.735935
vt 0.562458 0.680463
vt 0.562962 0.680017
vt 0.562963 0.680459
vt 0.562877 0.679579
vt 0.563046 0.680019
vt 0.565119 0.735049
vt 0.565203 0.735048
vt 0.561021 0.621927
vt 0.561124 0.621925
vt 0.561227 0.621924
vt 0.564672 0.504774
vt 0.564672 0.504832
vt 0.558470 0.605478
vt 0.558574 0.605478
vt 0.558575 0.605536
vt 0.558471 0.605537
vt 0.564028 0.737264
vt 0.564112 0.737263
vt 0.564196 0.737262
vt 0.564195 0.735066
vt 0.564195 0.735506
vt 0.564464 0.504540
vt 0.564464 0.504599
vt 0.564111 0.735067
vt 0.564567 0.504599
vt 0.564531 0.734621
vt 0.564615 0.734620
vt 0.564447 0.734623
vt 0.564363 0.735943
vt 0.558573 0.605361
vt 0.558676 0.605361
vt 0.558677 0.605419
vt 0.558573 0.605420
vt 0.564362 0.505240
vt 0.564362 0.505299
vt 0.558162 0.605945
vt 0.558265 0.605945
vt 0.558265 0.606003
vt 0.558162 0.606003
vt 0.558162 0.606120
vt 0.564466 0.505357
vt 0.564570 0.505358
vt 0.564280 0.738575
vt 0.564280 0.739014
vt 0.564364 0.738575
vt 0.558162 0.605887
vt 0.558265 0.605887
vt 0.564112 0.739452
vt 0.558265 0.605828
vt 0.558368 0.605828
vt 0.558368 0.605887
vt 0.558781 0.605712
vt 0.558885 0.605711
vt 0.558884 0.605770
vt 0.558781 0.605770
vt 0.564617 0.738134
vt 0.564701 0.738129
vt 0.564701 0.738574
vt 0.564617 0.738577
vt 0.564775 0.505007
vt 0.564776 0.505065
vt 0.564449 0.738576
vt 0.558678 0.605712
vt 0.558678 0.605770
vt 0.564870 0.740328
vt 0.564870 0.740769
vt 0.559194 0.605945
vt 0.559298 0.605945
vt 0.559299 0.606003
vt 0.558988 0.606003
vt 0.558989 0.606062
vt 0.565292 0.505240
vt 0.565396 0.505240
vt 0.564702 0.740770
vt 0.564786 0.740769
vt 0.564869 0.738128
vt 0.564954 0.738129
vt 0.565038 0.738130
vt 0.565292 0.505006
vt 0.565291 0.505065
vt 0.564785 0.738128
vt 0.565395 0.505065
vt 0.565290 0.738562
vt 0.565291 0.739000
vt 0.565205 0.738129
vt 0.565289 0.738126
vt 0.565122 0.738130
vt 0.562713 0.684415
vt 0.565123 0.739446
vt 0.562797 0.683973
vt 0.562881 0.683970
vt 0.557543 0.606005
vt 0.557543 0.606063
vt 0.563607 0.739899
vt 0.563608 0.740338
vt 0.563355 0.740782
vt 0.561114 0.685747
vt 0.563524 0.741215
vt 0.563439 0.741219
vt 0.561198 0.683116
vt 0.561282 0.683112
vt 0.561367 0.683108
vt 0.563440 0.738586
vt 0.563439 0.739026
vt 0.561030 0.683557
vt 0.561198 0.684430
vt 0.561114 0.684433
vt 0.563860 0.738577
vt 0.563859 0.739016
vt 0.563776 0.738578
vt 0.563692 0.738580
vt 0.561031 0.692769
vt 0.561115 0.692769
vt 0.561199 0.692768
vt 0.558958 0.634876
vt 0.559062 0.634875
vt 0.559165 0.634874
vt 0.559577 0.633795
vt 0.561451 0.690570
vt 0.561451 0.691010
vt 0.561535 0.690570
vt 0.559371 0.634873
vt 0.557409 0.628977
vt 0.557306 0.628978
vt 0.557512 0.628975
vt 0.557614 0.625211
vt 0.560020 0.683572
vt 0.559935 0.683574
vt 0.562598 0.738600
vt 0.562513 0.738602
vt 0.560020 0.684011
vt 0.560188 0.683132
vt 0.557821 0.626282
vt 0.560188 0.684447
vt 0.560104 0.684448
vt 0.555964 0.627371
vt 0.558590 0.685334
vt 0.555758 0.628983
vt 0.555655 0.628983
vt 0.555861 0.628982
vt 0.560916 0.738612
vt 0.560832 0.738612
vt 0.561000 0.738613
vt 0.560748 0.738611
vt 0.560664 0.738612
vt 0.558423 0.684460
vt 0.558339 0.684460
vt 0.558507 0.684459
vt 0.558842 0.683143
vt 0.558926 0.683143
vt 0.561084 0.738613
vt 0.561168 0.738614
vt 0.558340 0.692787
vt 0.558424 0.692788
vt 0.558508 0.692788
vt 0.558507 0.690155
vt 0.558339 0.690154
vt 0.558423 0.690155
vt 0.558423 0.691469
vt 0.558339 0.691468
vt 0.558507 0.691469
vt 0.556274 0.633823
vt 0.556378 0.633824
vt 0.556068 0.634361
vt 0.556068 0.634899
vt 0.558759 0.690593
vt 0.558843 0.690593
vt 0.562259 0.724553
vt 0.562259 0.724992
vt 0.562175 0.724112
vt 0.562344 0.724554
vt 0.555681 0.603904
vt 0.555785 0.603903
vt 0.555784 0.603963
vt 0.555680 0.603963
vt 0.562091 0.724110
vt 0.561985 0.503200
vt 0.562088 0.503200
vt 0.562503 0.503083
vt 0.562606 0.503083
vt 0.562296 0.503141
vt 0.562296 0.503200
vt 0.556095 0.603846
vt 0.556198 0.603904
vt 0.562399 0.503083
vt 0.556095 0.604021
vt 0.562399 0.503258
vt 0.562502 0.503258
vt 0.560540 0.503322
vt 0.560642 0.503321
vt 0.560745 0.727216
vt 0.560334 0.503496
vt 0.560230 0.503496
vt 0.560436 0.503495
vt 0.558509 0.669557
vt 0.558593 0.669555
vt 0.558593 0.669985
vt 0.558507 0.669997
vt 0.555864 0.608013
vt 0.555966 0.608013
vt 0.555864 0.608545
vt 0.556068 0.608006
vt 0.560337 0.503147
vt 0.560336 0.503206
vt 0.560663 0.724598
vt 0.558423 0.669563
vt 0.554135 0.603968
vt 0.554240 0.603967
vt 0.554238 0.604026
vt 0.554135 0.604027
vt 0.558841 0.669548
vt 0.558840 0.669982
vt 0.558842 0.669111
vt 0.558925 0.669110
vt 0.561250 0.724580
vt 0.556170 0.608001
vt 0.558758 0.669550
vt 0.558675 0.670414
vt 0.558757 0.670409
vt 0.558756 0.670858
vt 0.558671 0.670870
vt 0.556067 0.609598
vt 0.558590 0.677872
vt 0.558422 0.679194
vt 0.558338 0.679195
vt 0.555757 0.619832
vt 0.555860 0.619830
vt 0.558503 0.676559
vt 0.558504 0.676997
vt 0.555960 0.616598
vt 0.555960 0.617136
vt 0.558336 0.677436
vt 0.555756 0.618217
vt 0.558420 0.676997
vt 0.554649 0.604840
vt 0.554753 0.604840
vt 0.554753 0.604898
vt 0.554650 0.604898
vt 0.561165 0.731146
vt 0.561250 0.731586
vt 0.560952 0.504018
vt 0.560997 0.731587
vt 0.560998 0.732027
vt 0.558756 0.676554
vt 0.561080 0.731147
vt 0.562456 0.672151
vt 0.564698 0.726739
vt 0.564782 0.726739
vt 0.564697 0.727185
vt 0.565391 0.503491
vt 0.565287 0.503491
vt 0.565497 0.503081
vt 0.565600 0.503081
vt 0.565202 0.724547
vt 0.565201 0.724986
vt 0.565204 0.724103
vt 0.565288 0.724104
vt 0.562963 0.669072
vt 0.563047 0.669072
vt 0.563046 0.669512
vt 0.562961 0.669513
vt 0.559399 0.603844
vt 0.559502 0.603844
vt 0.559500 0.603903
vt 0.559397 0.603903
vt 0.565120 0.724101
vt 0.565119 0.724547
vt 0.557540 0.604138
vt 0.557644 0.604138
vt 0.557643 0.604197
vt 0.557540 0.604197
vt 0.563606 0.725868
vt 0.563521 0.726311
vt 0.563690 0.725866
vt 0.563534 0.503375
vt 0.563534 0.503434
vt 0.563353 0.725873
vt 0.563437 0.726312
vt 0.563353 0.726313
vt 0.563605 0.724554
vt 0.563605 0.724992
vt 0.563520 0.724116
vt 0.563605 0.724115
vt 0.563352 0.724996
vt 0.563436 0.724118
vt 0.563352 0.725434
vt 0.563942 0.724110
vt 0.563942 0.724552
vt 0.563858 0.724552
vt 0.561532 0.669079
vt 0.561449 0.670397
vt 0.561532 0.670397
vt 0.563844 0.504250
vt 0.563605 0.731139
vt 0.563689 0.731136
vt 0.557437 0.604839
vt 0.557437 0.604897
vt 0.563535 0.504134
vt 0.563638 0.504134
vt 0.563741 0.504134
vt 0.561532 0.676536
vt 0.561532 0.676976
vt 0.561448 0.676539
vt 0.561364 0.676542
vt 0.557849 0.604954
vt 0.563689 0.732448
vt 0.562625 0.678271
vt 0.562541 0.678271
vt 0.562457 0.678271
vt 0.562457 0.678709
vt 0.562457 0.679147
vt 0.562458 0.679586
vt 0.560812 0.617089
vt 0.560812 0.617626
vt 0.562457 0.676082
vt 0.560709 0.617090
vt 0.562793 0.677391
vt 0.561019 0.618160
vt 0.559935 0.678311
vt 0.559851 0.678312
vt 0.559767 0.678314
vt 0.559683 0.678317
vt 0.555683 0.605191
vt 0.555786 0.605190
vt 0.555786 0.605249
vt 0.562092 0.734221
vt 0.562176 0.734219
vt 0.562175 0.731147
vt 0.562260 0.731593
vt 0.562176 0.731591
vt 0.562344 0.731594
vt 0.562091 0.731588
vt 0.562092 0.732031
vt 0.562006 0.731146
vt 0.562091 0.731146
vt 0.559682 0.676998
vt 0.560270 0.676560
vt 0.560271 0.676997
vt 0.562596 0.731153
vt 0.562512 0.731593
vt 0.560018 0.676116
vt 0.560102 0.676118
vt 0.562428 0.731594
vt 0.557716 0.617682
vt 0.557819 0.617680
vt 0.557819 0.618213
vt 0.557716 0.618214
vt 0.555686 0.606998
vt 0.559769 0.692773
vt 0.559853 0.692772
vt 0.559853 0.690583
vt 0.559937 0.690582
vt 0.559937 0.691020
vt 0.559853 0.691022
vt 0.557513 0.634350
vt 0.559768 0.690585
vt 0.559853 0.690144
vt 0.558029 0.634345
vt 0.558029 0.634882
vt 0.560189 0.690580
vt 0.557926 0.633808
vt 0.560021 0.691458
vt 0.560021 0.691019
vt 0.560105 0.691018
vt 0.557926 0.635421
vt 0.557823 0.635422
vt 0.560817 0.635943
vt 0.562461 0.692323
vt 0.560714 0.635942
vt 0.562378 0.692765
vt 0.562462 0.692764
vt 0.562546 0.692763
vt 0.564954 0.745151
vt 0.564954 0.745592
vt 0.564869 0.745596
vt 0.565039 0.745147
vt 0.565039 0.745588
vt 0.562460 0.690567
vt 0.562544 0.690124
vt 0.562544 0.690564
vt 0.559092 0.606821
vt 0.559092 0.606879
vt 0.559195 0.606821
vt 0.565206 0.745147
vt 0.565290 0.745586
vt 0.565206 0.745584
vt 0.565375 0.745591
vt 0.559402 0.606644
vt 0.559505 0.606644
vt 0.559608 0.606644
vt 0.562713 0.690999
vt 0.562797 0.690995
vt 0.562798 0.691442
vt 0.562713 0.691443
vt 0.562881 0.690994
vt 0.562882 0.691440
vt 0.562965 0.690996
vt 0.562966 0.691439
vt 0.561333 0.634856
vt 0.561437 0.634861
vt 0.560817 0.635403
vt 0.562544 0.691003
vt 0.562629 0.691002
vt 0.562629 0.691442
vt 0.562630 0.692762
vt 0.558133 0.634882
vt 0.555995 0.606765
vt 0.559937 0.691459
vt 0.559937 0.692772
vt 0.560271 0.677433
vt 0.557614 0.617682
vt 0.557614 0.618215
vt 0.562193 0.504427
vt 0.562260 0.734218
vt 0.562625 0.676955
vt 0.560916 0.618162
vt 0.563942 0.732004
vt 0.561616 0.677412
vt 0.563844 0.504192
vt 0.557540 0.604897
vt 0.557643 0.604897
vt 0.557540 0.604955
vt 0.563605 0.732449
vt 0.559677 0.609577
vt 0.559677 0.610112
vt 0.563605 0.725430
vt 0.563843 0.503434
vt 0.559602 0.604020
vt 0.559706 0.604019
vt 0.559707 0.604078
vt 0.559603 0.604078
vt 0.565906 0.503199
vt 0.565907 0.503257
vt 0.559190 0.604254
vt 0.559294 0.604253
vt 0.559294 0.604311
vt 0.559190 0.604312
vt 0.554753 0.604956
vt 0.554650 0.604956
vt 0.560954 0.504194
vt 0.558589 0.677435
vt 0.558673 0.677433
vt 0.555964 0.619828
vt 0.558839 0.670412
vt 0.556373 0.609067
vt 0.556373 0.609600
vt 0.560543 0.503262
vt 0.560918 0.725017
vt 0.560831 0.725473
vt 0.555963 0.609618
vt 0.560436 0.503554
vt 0.562502 0.503317
vt 0.562192 0.503200
vt 0.555991 0.604021
vt 0.555862 0.634899
vt 0.555965 0.634899
vt 0.558592 0.692787
vt 0.558506 0.684897
vt 0.559936 0.686202
vt 0.559268 0.634874
vt 0.561283 0.692767
vt 0.563859 0.739452
vt 0.563608 0.739455
vt 0.563523 0.741657
vt 0.563608 0.740775
vt 0.563847 0.505300
vt 0.563847 0.505358
vt 0.561231 0.626775
vt 0.562967 0.684409
vt 0.563051 0.684407
vt 0.559194 0.605886
vt 0.559298 0.605886
vt 0.559194 0.605828
vt 0.559298 0.605828
vt 0.564569 0.505065
vt 0.564672 0.505065
vt 0.558472 0.606120
vt 0.558472 0.606179
vt 0.564671 0.504599
vt 0.564774 0.504598
vt 0.560815 0.622469
vt 0.562628 0.680904
vt 0.562712 0.680905
vt 0.562544 0.682218
vt 0.562628 0.682219
vt 0.562934 0.739475
vt 0.562850 0.739475
vt 0.558441 0.628966
vt 0.560945 0.680927
vt 0.563186 0.735962
vt 0.563354 0.735519
vt 0.557543 0.605596
vt 0.557646 0.605595
vt 0.557646 0.605654
vt 0.557543 0.605654
vt 0.563847 0.504891
vt 0.560946 0.691451
vt 0.560947 0.691891
vt 0.561031 0.691451
vt 0.560526 0.691892
vt 0.560610 0.691014
vt 0.556821 0.606822
vt 0.560611 0.692774
vt 0.558441 0.631116
vt 0.560525 0.687949
vt 0.559680 0.631104
vt 0.561619 0.687495
vt 0.559164 0.631110
vt 0.561282 0.687943
vt 0.559347 0.684017
vt 0.556789 0.628442
vt 0.559599 0.680943
vt 0.561840 0.735978
vt 0.562009 0.735534
vt 0.559177 0.680511
vt 0.559263 0.682703
vt 0.559263 0.683142
vt 0.562513 0.735972
vt 0.556302 0.605365
vt 0.556405 0.605365
vt 0.556406 0.605423
vt 0.555890 0.605482
vt 0.562194 0.504661
vt 0.562091 0.504661
vt 0.557614 0.624674
vt 0.555449 0.626833
vt 0.558255 0.684459
vt 0.557834 0.686210
vt 0.557835 0.686647
vt 0.556375 0.622528
vt 0.555964 0.622526
vt 0.558255 0.691468
vt 0.558255 0.691907
vt 0.557835 0.691468
vt 0.555140 0.635436
vt 0.557919 0.691030
vt 0.557919 0.692781
vt 0.558843 0.687962
vt 0.556377 0.631133
vt 0.558927 0.687523
vt 0.555964 0.633285
vt 0.555965 0.633824
vt 0.561263 0.503260
vt 0.561263 0.503318
vt 0.556683 0.611756
vt 0.556786 0.611756
vt 0.559260 0.671730
vt 0.559344 0.671729
vt 0.561679 0.502851
vt 0.561367 0.502734
vt 0.555166 0.603497
vt 0.555271 0.603555
vt 0.555166 0.603556
vt 0.560272 0.666449
vt 0.562598 0.721919
vt 0.562192 0.502791
vt 0.562192 0.502849
vt 0.562192 0.502733
vt 0.562175 0.723676
vt 0.553825 0.604026
vt 0.553929 0.604026
vt 0.553928 0.604084
vt 0.553824 0.604084
vt 0.560026 0.503263
vt 0.558000 0.670003
vt 0.558252 0.666919
vt 0.558253 0.667363
vt 0.558337 0.666918
vt 0.555135 0.605319
vt 0.555135 0.605859
vt 0.555238 0.605316
vt 0.560158 0.723720
vt 0.560158 0.723282
vt 0.560439 0.502795
vt 0.560438 0.502736
vt 0.560541 0.502736
vt 0.560916 0.723713
vt 0.555446 0.618759
vt 0.557833 0.679636
vt 0.555547 0.613392
vt 0.554647 0.604491
vt 0.554647 0.604549
vt 0.554647 0.604433
vt 0.554750 0.604433
vt 0.554854 0.604433
vt 0.558501 0.673941
vt 0.558670 0.673500
vt 0.558503 0.676121
vt 0.564193 0.725428
vt 0.564278 0.724985
vt 0.564669 0.503257
vt 0.564278 0.727179
vt 0.562292 0.666417
vt 0.562291 0.666864
vt 0.564280 0.721454
vt 0.564279 0.721902
vt 0.564195 0.721904
vt 0.565290 0.721897
vt 0.564868 0.724098
vt 0.562629 0.668619
vt 0.562544 0.668620
vt 0.563430 0.503259
vt 0.563430 0.503317
vt 0.563533 0.503258
vt 0.560608 0.666887
vt 0.560608 0.667326
vt 0.560693 0.666888
vt 0.560608 0.668646
vt 0.564156 0.502789
vt 0.557955 0.603494
vt 0.558058 0.603494
vt 0.558058 0.603552
vt 0.557955 0.603552
vt 0.564259 0.502731
vt 0.559265 0.605270
vt 0.561196 0.666890
vt 0.561366 0.666445
vt 0.559264 0.607420
vt 0.561279 0.668200
vt 0.562916 0.504193
vt 0.562934 0.734208
vt 0.562934 0.733769
vt 0.563020 0.504426
vt 0.563431 0.503726
vt 0.563432 0.503785
vt 0.557230 0.604430
vt 0.557334 0.604430
vt 0.557334 0.604489
vt 0.557230 0.604489
vt 0.556715 0.604723
vt 0.556819 0.604723
vt 0.556714 0.604664
vt 0.562933 0.730269
vt 0.557952 0.604489
vt 0.564256 0.503726
vt 0.563941 0.728945
vt 0.557540 0.604430
vt 0.557643 0.604430
vt 0.557643 0.604489
vt 0.557540 0.604489
vt 0.557746 0.604430
vt 0.557746 0.604489
vt 0.563605 0.730702
vt 0.561953 0.679155
vt 0.561869 0.679157
vt 0.561953 0.673900
vt 0.559988 0.613880
vt 0.564277 0.730682
vt 0.564278 0.731120
vt 0.565287 0.728918
vt 0.562961 0.673448
vt 0.563046 0.673451
vt 0.560914 0.613868
vt 0.561923 0.732472
vt 0.562008 0.732471
vt 0.561366 0.504194
vt 0.561469 0.504195
vt 0.556787 0.620379
vt 0.559680 0.673476
vt 0.561585 0.728514
vt 0.559259 0.673920
vt 0.561364 0.503901
vt 0.562087 0.503725
vt 0.562175 0.730704
vt 0.562192 0.503960
vt 0.559516 0.691464
vt 0.559600 0.691462
vt 0.559600 0.691024
vt 0.559265 0.692783
vt 0.561589 0.742994
vt 0.559264 0.689274
vt 0.561589 0.744745
vt 0.560273 0.687512
vt 0.558029 0.631119
vt 0.558783 0.606821
vt 0.558783 0.606880
vt 0.558782 0.606763
vt 0.564984 0.505650
vt 0.564197 0.743407
vt 0.561955 0.689689
vt 0.565292 0.742956
vt 0.564955 0.744711
vt 0.559195 0.606528
vt 0.559299 0.606528
vt 0.559299 0.606586
vt 0.559195 0.606587
vt 0.559608 0.606586
vt 0.559711 0.606587
vt 0.559710 0.606645
vt 0.559608 0.606528
vt 0.559712 0.606528
vt 0.565377 0.744273
vt 0.562292 0.689255
vt 0.562291 0.689697
vt 0.562293 0.692764
vt 0.562596 0.730708
vt 0.562605 0.503960
vt 0.561777 0.503901
vt 0.562289 0.675646
vt 0.563941 0.730690
vt 0.563857 0.730695
vt 0.563943 0.723668
vt 0.564258 0.503023
vt 0.560944 0.668203
vt 0.560943 0.668647
vt 0.561028 0.668200
vt 0.557126 0.604255
vt 0.557230 0.604255
vt 0.557230 0.604313
vt 0.557126 0.604313
vt 0.563269 0.727191
vt 0.563430 0.503434
vt 0.562964 0.668630
vt 0.564614 0.726739
vt 0.564614 0.727185
vt 0.558253 0.679196
vt 0.558254 0.679635
vt 0.560955 0.503028
vt 0.560852 0.503028
vt 0.560130 0.502972
vt 0.560579 0.723721
vt 0.560662 0.726781
vt 0.556405 0.603787
vt 0.556405 0.603846
vt 0.562597 0.723231
vt 0.562681 0.723230
vt 0.561925 0.723676
vt 0.559516 0.668650
vt 0.561922 0.727195
vt 0.561674 0.503493
vt 0.558256 0.692786
vt 0.561335 0.737299
vt 0.558255 0.685773
vt 0.558339 0.685772
vt 0.557202 0.624141
vt 0.559515 0.686206
vt 0.557202 0.628978
vt 0.559784 0.632717
vt 0.558855 0.633262
vt 0.558855 0.633799
vt 0.558752 0.633800
vt 0.560947 0.692771
vt 0.564259 0.504891
vt 0.558058 0.605595
vt 0.558161 0.605595
vt 0.558162 0.605654
vt 0.558058 0.605654
vt 0.560945 0.682680
vt 0.560861 0.682683
vt 0.562964 0.682216
vt 0.561435 0.624615
vt 0.561331 0.624621
vt 0.564618 0.737688
vt 0.562377 0.682219
vt 0.564534 0.741210
vt 0.564533 0.740770
vt 0.564618 0.740770
vt 0.562882 0.686617
vt 0.561336 0.628936
vt 0.561232 0.628940
vt 0.561440 0.628931
vt 0.564259 0.505299
vt 0.558927 0.686208
vt 0.558929 0.692786
vt 0.562512 0.727625
vt 0.561163 0.727210
vt 0.561333 0.726766
vt 0.559604 0.604253
vt 0.559707 0.604253
vt 0.559604 0.604195
vt 0.559708 0.604195
vt 0.564256 0.503492
vt 0.563941 0.726745
vt 0.563856 0.727190
vt 0.563858 0.734197
vt 0.563858 0.734634
vt 0.563858 0.733759
vt 0.565286 0.734175
vt 0.565286 0.734611
vt 0.565286 0.733737
vt 0.560274 0.692771
vt 0.562966 0.692756
vt 0.563051 0.692754
vn 0.0343 0.9994 -0.0021
vn 0.0393 0.9958 -0.0828
vn 0.0423 0.9991 0.0095
vn 0.1487 0.9887 0.0192
vn 0.1483 0.9798 0.1340
vn 0.3239 0.9445 0.0538
vn 0.3845 0.9230 0.0155
vn -0.0544 0.9985 -0.0007
vn 0.1440 0.9896 -0.0061
vn 0.1271 0.9829 0.1330
vn -0.0320 0.9991 -0.0295
vn 0.0496 0.9854 -0.1628
vn -0.0649 0.9899 -0.1263
vn -0.0657 0.9955 -0.0682
vn 0.0864 0.9960 -0.0231
vn 0.2236 0.8961 0.3835
vn 0.0343 0.9994 -0.0007
vn 0.2088 0.9150 0.3452
vn 0.1775 0.9513 0.2518
vn -0.0365 0.9988 -0.0332
vn 0.0583 0.9958 0.0705
vn 0.0340 0.9579 -0.2851
vn -0.0425 0.9975 -0.0556
vn -0.2348 0.9720 0.0056
vn 0.0200 0.9957 -0.0906
vn -0.0280 0.9801 0.1963
vn 0.0238 0.9951 -0.0958
vn -0.0223 0.9994 -0.0278
vn 0.0835 0.9923 0.0918
vn -0.0632 0.9979 -0.0108
vn 0.0419 0.9983 -0.0413
vn 0.0100 0.9997 -0.0243
vn -0.0810 0.9822 0.1694
vn 0.0163 0.9591 -0.2827
vn -0.2022 0.9645 -0.1699
vn 0.0653 0.9859 0.1539
vn 0.1289 0.9049 0.4057
vn -0.1299 0.9739 -0.1863
vn 0.2413 0.9638 0.1137
vn -0.2327 0.9048 -0.3566
vn 0.1022 0.9829 -0.1533
vn -0.0598 0.9982 -0.0025
vn -0.2643 0.9442 0.1964
vn -0.1196 0.9404 -0.3183
vn 0.1597 0.9565 0.2440
vn 0.1947 0.9327 0.3036
vn -0.1511 0.9864 0.0648
vn 0.1767 0.9410 0.2886
vn -0.1993 0.9617 -0.1881
vn -0.0261 0.9882 -0.1507
vn -0.0017 0.9963 0.0856
vn -0.0715 0.9893 -0.1270
vn -0.0340 0.9960 0.0828
vn 0.0567 0.9887 0.1385
vn 0.1508 0.9855 -0.0774
vn -0.2031 0.9689 0.1412
vn 0.1301 0.9911 0.0293
vn -0.0609 0.9408 -0.3333
vn -0.0284 0.9978 -0.0592
vn 0.0667 0.9975 -0.0214
vn -0.0290 0.9993 -0.0233
vn 0.0081 0.9990 -0.0445
vn -0.0830 0.9961 -0.0287
vn 0.3774 0.9257 0.0248
vn -0.1738 0.9650 -0.1963
vn 0.1394 0.9878 0.0700
vn 0.1467 0.9854 -0.0860
vn 0.0199 0.9573 -0.2884
vn -0.0404 0.9992 -0.0045
vn -0.1042 0.9857 -0.1321
vn 0.0922 0.9887 -0.1184
vn -0.1302 0.9736 0.1876
vn -0.0164 0.9936 -0.1119
vn -0.0713 0.9964 0.0456
vn -0.0083 0.9999 -0.0060
vn 0.1552 0.9759 0.1536
vn -0.0838 0.9720 -0.2193
vn 0.0335 0.9958 0.0847
vn 0.1067 0.9866 -0.1234
vn 0.0011 0.9949 -0.1007
vn -0.0840 0.9865 0.1408
vn -0.0993 0.9942 -0.0419
vn -0.0015 0.8918 -0.4524
vn -0.2269 0.9738 0.0131
vn 0.0649 0.9914 0.1133
vn -0.0004 0.9902 0.1395
vn 0.0940 0.9921 0.0830
vn -0.0624 0.9979 0.0188
vn -0.3306 0.9438 -0.0012
vn 0.0581 0.9221 -0.3824
vn 0.0419 0.9991 -0.0118
vn 0.0075 0.9999 -0.0094
vn -0.1915 0.9421 -0.2753
vn 0.0988 0.9941 -0.0441
vn 0.0572 0.9983 0.0146
vn 0.1570 0.9680 0.1958
vn 0.0161 0.9985 -0.0518
vn 0.0522 0.9949 0.0865
vn -0.0328 0.9981 -0.0521
vn 0.0070 0.9999 -0.0150
vn 0.0907 0.9899 0.1089
vn -0.0903 0.9295 -0.3577
vn 0.0688 0.9922 0.1040
vn 0.1679 0.9690 0.1812
vn 0.0776 0.9944 -0.0718
vn 0.2579 0.9417 -0.2159
vn -0.1809 0.9777 -0.1064
vn -0.1142 0.9931 -0.0280
vn 0.0628 0.9921 0.1085
vn -0.0973 0.9785 0.1818
vn -0.3400 0.9311 -0.1320
vn -0.0952 0.9890 0.1134
vn -0.0030 0.9211 0.3894
vn 0.1549 0.9782 -0.1379
vn -0.0056 0.9895 -0.1443
vn -0.0286 0.9609 0.2756
vn 0.0302 0.9829 -0.1816
vn 0.0828 0.9934 -0.0788
vn 0.1604 0.8656 0.4744
vn -0.0173 0.9993 -0.0321
vn 0.1618 0.9357 -0.3136
vn -0.0791 0.9903 -0.1140
vn 0.1340 0.9201 0.3680
vn 0.1492 0.9571 0.2486
vn 0.0697 0.9433 -0.3246
vn -0.3170 0.9279 -0.1965
vn -0.1200 0.9796 -0.1613
vn -0.1228 0.9854 -0.1184
vn -0.1229 0.9924 0.0035
vn -0.0268 0.9990 -0.0361
vn 0.0016 0.9576 0.2881
vn -0.0159 0.9877 -0.1556
vn -0.0802 0.9963 -0.0314
vn -0.0510 0.9752 -0.2155
vn 0.0461 0.9977 0.0501
vn -0.1166 0.9634 0.2412
vn -0.0869 0.9311 -0.3544
vn -0.1399 0.9898 -0.0283
vn -0.0001 0.9902 0.1397
vn -0.3730 0.9278 0.0025
vn -0.1493 0.9559 0.2529
vn -0.0765 0.9965 0.0331
vn -0.0392 0.9986 -0.0358
vn -0.0343 0.9989 -0.0330
vn -0.1510 0.9875 -0.0456
vn -0.1781 0.9740 0.1401
vn 0.3802 0.9247 -0.0209
vn 0.0017 0.9892 -0.1467
vn 0.0984 0.9931 0.0641
vn 0.2346 0.9711 0.0435
vn -0.0778 0.9606 -0.2670
vn -0.2463 0.9582 -0.1458
vn -0.2076 0.9671 -0.1467
vn 0.0608 0.9976 0.0318
vn -0.1110 0.9731 0.2017
vn -0.1284 0.9900 0.0581
vn -0.1253 0.9888 0.0809
vn -0.0842 0.9773 0.1943
vn 0.0435 0.9776 -0.2061
vn -0.0160 0.9767 -0.2141
vn 0.0358 0.9935 -0.1080
vn -0.0878 0.9913 0.0983
vn 0.0733 0.9805 -0.1823
vn -0.0101 0.9994 -0.0331
vn -0.0129 0.9434 0.3315
vn -0.0096 0.9441 0.3295
vn -0.1010 0.9619 0.2540
vn -0.1471 0.9846 -0.0946
vn -0.1203 0.9906 0.0651
vn -0.0314 0.9809 -0.1921
vn 0.0307 0.9993 -0.0210
vn 0.0532 0.9850 -0.1640
vn -0.2308 0.9688 -0.0898
vn -0.0203 0.9859 -0.1663
vn 0.1567 0.9770 -0.1446
vn 0.0864 0.9860 -0.1424
vn -0.0091 0.9999 0.0132
vn -0.1875 0.9617 -0.1998
vn -0.0622 0.9980 -0.0101
vn 0.0849 0.9913 0.1005
vn 0.0680 0.9977 -0.0025
vn 0.0195 0.9994 0.0272
vn 0.0642 0.9931 -0.0986
vn -0.2240 0.9615 -0.1590
vn 0.0350 0.9988 0.0352
vn -0.1780 0.9748 -0.1345
vn 0.0175 0.9998 -0.0105
vn 0.0034 1.0000 -0.0079
vn -0.0486 0.9796 -0.1949
vn 0.0996 0.9736 -0.2056
vn -0.0687 0.9199 -0.3861
vn -0.0710 0.9974 0.0155
vn -0.0348 0.9989 0.0301
vn -0.0102 0.9537 0.3006
vn 0.0542 0.9984 0.0188
vn -0.2092 0.9630 -0.1698
vn -0.0192 0.9693 0.2452
vn -0.0175 0.9961 -0.0865
vn -0.0063 0.9970 -0.0776
vn -0.0394 0.9960 0.0806
vn 0.1651 0.9689 -0.1843
vn 0.0758 0.9936 -0.0843
vn -0.0293 0.9995 -0.0101
vn 0.1479 0.9879 -0.0470
vn 0.0670 0.9905 -0.1200
vn -0.0129 0.9943 -0.1057
vn -0.0554 0.9965 0.0619
vn -0.0298 0.9972 -0.0688
vn -0.0427 0.9566 0.2881
vn 0.3342 0.9422 -0.0241
vn 0.2002 0.9458 -0.2558
vn -0.2311 0.9451 -0.2309
vn 0.0745 0.9729 0.2188
vn -0.3196 0.9474 0.0185
vn 0.0054 0.9997 -0.0239
vn 0.0050 0.9890 -0.1481
vn 0.0176 0.9832 0.1819
vn 0.1014 0.9918 0.0775
vn -0.0411 0.9940 -0.1017
vn -0.0375 0.9990 -0.0241
vn 0.0307 0.9993 0.0193
vn -0.1191 0.9827 -0.1419
vn 0.0019 1.0000 0.0077
vn -0.0435 0.9991 0.0016
vn 0.0762 0.9774 -0.1970
vn -0.0027 0.9989 -0.0472
vn 0.1022 0.9940 0.0391
vn 0.0939 0.9943 0.0510
vn -0.0462 0.9867 -0.1560
vn -0.0609 0.9603 -0.2724
vn 0.3394 0.7721 0.5372
vn -0.1896 0.9739 0.1249
vn 0.1297 0.9715 -0.1986
vn -0.0446 0.9989 0.0150
vn -0.0226 0.9164 -0.3996
vn -0.1383 0.9752 -0.1727
vn 0.1524 0.9859 -0.0689
vn 0.3856 0.9192 -0.0797
vn 0.0603 0.9870 0.1490
vn 0.0967 0.9948 -0.0313
vn -0.2296 0.9733 0.0007
vn 0.0580 0.9970 -0.0511
vn 0.0633 0.9934 0.0954
vn 0.1871 0.9560 0.2260
vn -0.0212 0.9998 0.0055
vn 0.0747 0.9644 0.2537
vn 0.1484 0.9839 0.0999
vn 0.0463 0.9872 0.1527
vn 0.0210 0.9427 0.3330
vn -0.0939 0.9954 -0.0165
vn 0.0452 0.9914 -0.1231
vn 0.0991 0.9898 0.1021
vn 0.0094 0.9992 -0.0391
vn -0.0043 0.9995 -0.0327
vn 0.1430 0.9588 -0.2455
vn 0.0847 0.9735 -0.2123
vn -0.0321 0.9483 -0.3156
vn 0.0059 0.9285 -0.3713
vn 0.2492 0.9156 -0.3157
vn 0.1108 0.9809 -0.1600
vn -0.0184 0.9998 0.0068
vn -0.1318 0.9441 -0.3022
vn -0.0466 0.9978 -0.0469
vn 0.0417 0.9758 -0.2148
vn 0.0473 0.9987 -0.0210
vn 0.1547 0.9846 0.0818
vn -0.0330 0.9993 0.0198
vn -0.1385 0.9820 -0.1287
vn -0.0017 0.9980 0.0624
vn 0.1068 0.9890 0.1023
vn 0.0686 0.9923 0.1033
vn -0.0151 0.9955 -0.0933
vn -0.0164 0.9921 -0.1242
vn 0.0746 0.9939 -0.0813
vn -0.1697 0.9763 0.1341
vn -0.1491 0.9758 -0.1603
vn -0.0702 0.9974 0.0151
vn 0.0496 0.9968 0.0624
vn 0.1063 0.9850 -0.1362
vn 0.0218 0.9339 -0.3570
vn -0.0189 0.9917 0.1275
vn 0.0149 0.9948 0.1008
vn 0.0237 0.9954 0.0924
vn 0.0418 0.9920 0.1188
vn 0.0481 0.9986 0.0216
vn 0.1297 0.9910 0.0330
vn 0.0383 0.9983 0.0430
vn 0.1478 0.9699 0.1937
vn 0.0264 0.9991 0.0330
vn -0.0722 0.9973 0.0139
vn -0.0296 0.9991 0.0287
vn 0.0008 0.9965 0.0839
vn 0.1431 0.9681 0.2057
vn 0.0989 0.9885 0.1142
vn 0.0294 0.9991 0.0305
vn 0.0395 0.9980 0.0489
vn 0.1530 0.9674 0.2020
vn 0.1471 0.9743 0.1705
vn 0.0412 0.9919 -0.1203
vn 0.0471 0.9937 0.1018
vn 0.0515 0.9974 0.0499
vn 0.0579 0.9937 -0.0963
vn 0.0108 0.9975 -0.0698
vn -0.0340 0.9921 -0.1207
vn 0.0722 0.9970 -0.0275
vn 0.0684 0.9976 0.0135
vn 0.0485 0.9985 -0.0260
vn -0.1230 0.9919 0.0330
vn 0.0332 0.9438 0.3290
vn 0.1430 0.8823 0.4485
vn 0.2589 0.9627 -0.0791
vn 0.2004 0.9447 0.2596
vn 0.2605 0.9491 0.1770
vn 0.0063 0.9929 -0.1187
vn 0.0984 0.9728 0.2096
vn 0.1690 0.9423 0.2889
vn -0.2302 0.9434 -0.2386
vn -0.0689 0.9312 -0.3581
vn 0.0229 0.9827 -0.1838
vn -0.1365 0.9741 -0.1804
vn -0.2995 0.9502 0.0859
vn -0.1404 0.9901 0.0072
vn -0.1536 0.9778 0.1428
vn -0.1390 0.9834 0.1168
vn -0.2042 0.9632 0.1750
vn 0.1441 0.9699 -0.1963
vn 0.0081 0.9787 -0.2050
vn 0.0421 0.9457 -0.3224
vn 0.0475 0.8919 0.4496
vn -0.1819 0.9421 -0.2819
vn -0.1954 0.9679 -0.1580
vn 0.1167 0.9670 0.2264
vn 0.4209 0.8621 0.2821
vn 0.1903 0.9813 -0.0273
vn -0.1756 0.9266 -0.3325
vn -0.0924 0.9917 -0.0897
vn 0.0982 0.9924 0.0742
vn -0.0408 0.9955 -0.0856
vn -0.0856 0.9961 -0.0203
vn -0.0323 0.9994 -0.0088
vn 0.1914 0.9714 0.1402
vn 0.1209 0.9213 0.3695
vn -0.0976 0.9938 0.0531
vn -0.0378 0.9970 -0.0668
vn 0.0840 0.9959 -0.0327
vn 0.1856 0.9803 0.0682
vn 0.0613 0.9767 -0.2055
vn 0.0625 0.9886 -0.1372
vn 0.0536 0.9881 -0.1440
vn 0.0766 0.9805 -0.1807
vn 0.0942 0.9906 -0.0993
vn 0.1301 0.9695 -0.2076
vn 0.0013 1.0000 -0.0038
vn 0.0714 0.9759 -0.2061
vn 0.0028 0.9969 -0.0785
vn -0.0051 0.9999 -0.0094
vn 0.0164 0.9967 -0.0797
vn 0.0281 0.9985 -0.0466
vn -0.0816 0.9797 -0.1829
vn -0.0194 0.9948 -0.1003
vn 0.0135 0.9957 -0.0916
vn 0.1222 0.9823 0.1419
vn -0.0000 0.9970 0.0775
vn -0.1234 0.9914 -0.0428
vn -0.1620 0.9834 -0.0813
vn -0.1200 0.9822 -0.1447
vn -0.0310 0.9979 -0.0573
vn 0.0255 0.9948 -0.0988
vn -0.0362 0.9986 0.0382
vn -0.1393 0.9845 -0.1063
vn 0.0436 0.9762 0.2126
vn 0.0210 0.9820 0.1875
vn -0.0426 0.9946 0.0951
vn -0.0049 0.9997 -0.0238
vn 0.1247 0.9723 -0.1977
vn 0.1634 0.9692 -0.1842
vn 0.0998 0.9780 -0.1831
vn -0.0138 0.9697 -0.2439
vn 0.0325 0.9588 -0.2823
vn -0.0119 0.9992 -0.0394
vn 0.0203 0.9998 0.0024
vn -0.0048 1.0000 -0.0004
vn -0.0845 0.9920 0.0937
vn -0.0624 0.9910 -0.1184
vn -0.0237 0.9994 0.0235
vn 0.0467 0.9973 0.0565
vn 0.1061 0.9925 0.0608
vn -0.0390 0.9900 -0.1355
vn -0.1045 0.9858 -0.1313
vn -0.3055 0.9522 -0.0039
vn -0.0113 0.9959 0.0900
vn 0.2450 0.9573 -0.1536
vn 0.0278 0.9984 -0.0490
vn 0.1271 0.9896 -0.0666
vn 0.1772 0.9840 -0.0172
vn 0.1968 0.9154 0.3513
vn 0.1022 0.9857 0.1343
vn -0.0125 0.9998 0.0150
vn 0.0285 0.9819 -0.1870
vn 0.2176 0.9704 -0.1052
vn -0.0413 0.9984 0.0388
vn -0.0953 0.9922 0.0801
vn 0.0906 0.9681 0.2335
vn -0.0674 0.9953 0.0693
vn -0.0631 0.9514 0.3014
vn -0.0846 0.9817 0.1707
vn -0.0082 0.9905 -0.1371
vn -0.1091 0.9940 0.0015
vn 0.0210 0.9981 -0.0584
vn 0.1711 0.9581 -0.2298
vn 0.1594 0.9645 0.2106
vn 0.0314 0.9989 0.0358
vn 0.0921 0.9946 0.0487
vn 0.0582 0.9798 0.1912
vn -0.0005 0.9384 0.3456
vn 0.0107 0.9980 -0.0621
vn 0.0324 0.9784 -0.2044
vn 0.2747 0.9513 -0.1397
vn 0.0163 0.9822 -0.1872
vn 0.0761 0.9505 -0.3013
vn 0.2272 0.9236 -0.3088
vn 0.1643 0.9572 -0.2384
vn 0.0356 0.9988 -0.0348
vn 0.0424 0.9800 -0.1946
vn -0.0278 0.9653 0.2598
vn 0.0106 0.9994 0.0330
vn -0.0193 0.9746 0.2233
vn -0.0545 0.9888 -0.1392
vn 0.0025 0.9980 -0.0638
vn 0.0719 0.9961 0.0515
vn -0.0086 0.9988 -0.0488
vn -0.0274 0.9986 -0.0445
vn -0.0906 0.9426 -0.3214
vn -0.0941 0.9952 0.0257
vn -0.0558 0.9906 -0.1245
vn 0.0960 0.9878 -0.1225
vn -0.0833 0.9937 -0.0755
vn -0.0824 0.9226 -0.3768
vn -0.0255 0.9942 -0.1040
vn 0.0792 0.9964 0.0288
vn 0.0479 0.9987 -0.0171
vn -0.1233 0.9683 -0.2173
vn -0.0421 0.9983 -0.0393
vn 0.0133 0.9979 0.0628
vn 0.0572 0.9923 0.1100
vn -0.0300 0.9980 0.0557
vn -0.0176 0.9974 0.0692
vn 0.0563 0.9811 0.1852
vn -0.0778 0.9968 0.0196
vn -0.0553 0.9962 -0.0669
vn -0.0095 0.9996 0.0264
vn -0.1434 0.9685 -0.2036
vn -0.2807 0.9424 -0.1819
vn -0.0427 0.9987 -0.0279
vn 0.0323 0.9793 -0.1997
vn 0.0464 0.9978 0.0470
vn 0.1021 0.9928 -0.0622
vn -0.0398 0.9933 -0.1083
vn -0.0598 0.9939 -0.0923
vn -0.0034 0.9999 -0.0147
vn 0.0128 0.9993 -0.0338
vn 0.0788 0.9667 -0.2433
vn 0.0402 0.9556 -0.2920
vn -0.0317 0.9989 -0.0346
vn -0.0021 0.9998 0.0186
vn 0.0320 0.9973 0.0657
vn 0.0082 0.9996 0.0270
vn -0.1284 0.9905 -0.0496
vn -0.0328 0.9992 -0.0239
vn 0.0040 1.0000 0.0014
vn 0.0468 0.9738 0.2225
vn 0.0154 0.9715 0.2364
vn -0.0649 0.9628 -0.2621
vn -0.0767 0.9386 -0.3363
vn -0.0149 0.9355 -0.3530
vn 0.2227 0.9747 0.0198
vn -0.0046 0.9999 -0.0160
vn -0.0612 0.9878 -0.1430
vn -0.0227 0.9996 0.0158
vn 0.1099 0.9913 0.0724
vn 0.1271 0.9777 0.1674
vn 0.1642 0.9724 0.1659
vn 0.0272 0.9931 0.1143
vn -0.0228 0.9965 0.0801
vn -0.0068 0.9998 0.0165
vn 0.1152 0.9905 0.0751
vn 0.1164 0.9848 0.1288
vn 0.0845 0.9921 -0.0923
vn 0.0261 0.9715 -0.2357
vn 0.0090 0.9604 -0.2785
vn -0.0469 0.9975 -0.0531
vn -0.1170 0.9925 -0.0352
vn -0.0868 0.9954 -0.0417
vn -0.0308 0.9751 0.2196
vn -0.1135 0.9788 0.1706
vn -0.2905 0.9564 0.0298
vn 0.1539 0.9818 -0.1114
vn 0.0283 0.9995 0.0123
vn 0.0120 0.9997 -0.0191
vn 0.0526 0.9882 -0.1439
vn 0.0661 0.9941 0.0858
vn 0.1893 0.9655 0.1787
vn -0.1527 0.9645 -0.2154
vn -0.0517 0.9962 -0.0707
vn 0.0232 0.9997 0.0046
vn -0.1369 0.9836 -0.1174
vn -0.1430 0.9626 -0.2300
vn -0.0233 0.9961 -0.0854
vn 0.1384 0.9711 -0.1944
vn -0.0016 1.0000 0.0063
vn -0.0221 0.9977 -0.0638
vn -0.2160 0.9753 0.0462
vn -0.2216 0.9672 0.1238
vn -0.0175 0.9995 0.0268
vn -0.1563 0.9837 -0.0889
vn -0.1848 0.9727 -0.1403
vn 0.0146 0.9999 -0.0082
vn -0.1198 0.9925 -0.0250
vn -0.0695 0.9890 -0.1308
vn 0.0835 0.9949 0.0558
vn -0.0451 0.9975 -0.0542
vn -0.1361 0.9627 -0.2340
vn -0.0503 0.9748 -0.2174
vn -0.1401 0.9497 0.2799
vn -0.0350 0.9971 0.0672
vn -0.1602 0.9801 0.1168
vn 0.0266 0.9337 0.3571
vn -0.0080 0.9655 0.2604
vn -0.0859 0.9671 0.2394
vn 0.0009 0.9436 0.3311
vn 0.0654 0.9922 0.1061
vn 0.0907 0.9688 0.2307
vn -0.0230 0.9997 -0.0073
vn -0.0504 0.9974 0.0523
vn 0.0070 0.9977 0.0675
vn 0.0389 0.9780 -0.2047
vn -0.0666 0.9799 0.1881
vn -0.0355 0.9738 0.2247
vn -0.1426 0.9813 0.1295
vn -0.1187 0.9720 0.2026
vn -0.0853 0.9767 0.1971
vn -0.0032 0.9952 -0.0979
vn -0.0805 0.9844 -0.1562
vn 0.0757 0.9740 -0.2137
vn 0.0450 0.9719 -0.2312
vn -0.0306 0.9771 -0.2104
vn 0.0053 0.9755 -0.2198
vn -0.0566 0.9909 -0.1221
vn -0.1121 0.9905 -0.0803
vn -0.0525 0.9882 -0.1436
vn -0.0408 0.9956 0.0847
vn 0.0003 0.9975 -0.0711
vn 0.0087 0.9993 -0.0364
vn -0.1199 0.9823 0.1436
vn -0.0429 0.9991 0.0026
vn -0.0997 0.9744 0.2016
vn -0.0927 0.9866 -0.1339
vn 0.0454 0.9766 -0.2101
vn 0.0559 0.9886 -0.1400
vn -0.0660 0.9850 0.1593
vn -0.1194 0.9763 0.1804
vn -0.1154 0.9926 0.0383
vn -0.0842 0.9929 -0.0845
vn 0.0552 0.9749 0.2155
vn 0.1964 0.8967 0.3967
vn -0.3540 0.9334 -0.0583
vn -0.3566 0.9208 -0.1581
vn -0.1387 0.9900 0.0257
vn 0.2562 0.9602 -0.1114
vn -0.0498 0.9946 -0.0914
vn -0.1905 0.9215 -0.3383
vn -0.1739 0.9245 -0.3393
vn -0.1576 0.9836 0.0875
vn 0.0121 0.9914 0.1303
vn 0.1443 0.9764 0.1609
vn 0.1011 0.8687 0.4849
vn -0.2032 0.9542 0.2196
vn -0.1135 0.9720 -0.2058
vn 0.0766 0.9947 -0.0680
vn 0.3206 0.9444 0.0735
vn 0.0720 0.9942 -0.0801
vn -0.0083 0.9986 0.0527
vn -0.0288 0.9996 0.0013
vn 0.0477 0.9837 -0.1736
vn 0.1997 0.9456 0.2567
vn 0.1924 0.9582 0.2117
vn -0.0803 0.9966 0.0194
vn -0.0562 0.9552 -0.2905
vn 0.0119 0.9998 -0.0171
vn -0.3357 0.9330 -0.1298
vn -0.1886 0.9685 -0.1623
vn 0.0598 0.9959 0.0684
vn -0.2245 0.9744 0.0090
vn -0.2352 0.9712 -0.0392
vn -0.2003 0.9558 -0.2152
vn -0.2558 0.9573 -0.1350
vn -0.2185 0.9754 0.0302
vn -0.0095 0.9962 0.0869
vn -0.0456 0.9963 0.0724
vn -0.0297 0.9788 0.2028
vn -0.0496 0.9955 0.0808
vn -0.2508 0.9580 0.1389
vn -0.1974 0.9799 0.0296
vn -0.1500 0.9874 0.0507
vn -0.2554 0.9667 -0.0140
vn -0.2934 0.9330 0.2084
vn -0.2081 0.9577 0.1990
vn -0.1162 0.9930 0.0218
vn -0.0370 0.9127 0.4070
vn 0.0580 0.8999 0.4322
vn -0.1495 0.9879 0.0409
vn -0.1672 0.9593 0.2277
vn -0.1322 0.8843 0.4478
vn 0.1988 0.9698 -0.1412
vn -0.1980 0.9567 -0.2134
vn -0.1012 0.9742 -0.2019
vn 0.2108 0.9587 0.1910
vn 0.1127 0.9919 0.0587
vn 0.0159 0.9990 -0.0426
vn -0.1434 0.9878 -0.0608
vn -0.1522 0.9624 0.2249
vn 0.1345 0.9724 0.1907
vn -0.1734 0.9744 -0.1431
vn -0.2453 0.9685 -0.0437
vn 0.0031 0.9999 -0.0139
vn -0.1489 0.9734 -0.1742
vn -0.0148 0.9209 -0.3896
vn 0.0327 0.9287 -0.3693
vn -0.0104 0.9897 -0.1427
vn -0.1094 0.9681 -0.2253
vn -0.0817 0.9277 -0.3643
vn -0.0564 0.9686 0.2423
vn 0.0146 0.9984 0.0555
vn -0.0137 0.9988 0.0474
vn -0.2985 0.9538 -0.0346
vn -0.1852 0.9732 -0.1365
vn 0.0730 0.9339 0.3500
vn -0.1026 0.9915 0.0799
vn -0.0912 0.9259 -0.3666
vn -0.1721 0.9679 -0.1829
vn -0.1211 0.9805 -0.1546
vn -0.1673 0.9811 0.0973
vn -0.0541 0.9985 -0.0113
vn -0.2375 0.9494 -0.2055
vn -0.1622 0.9863 -0.0317
vn -0.0430 0.9954 0.0856
vn -0.0928 0.9957 -0.0070
vn -0.1932 0.9324 -0.3055
vn -0.2602 0.9397 -0.2219
vn 0.0876 0.9855 -0.1452
vn -0.0297 0.9975 0.0644
vn -0.1430 0.9824 -0.1202
vn 0.1607 0.9000 0.4052
vn 0.1273 0.8890 0.4400
vn -0.0112 0.9331 0.3596
vn 0.0091 0.9746 0.2238
vn 0.1435 0.8748 0.4627
vn 0.1285 0.9038 0.4082
vn -0.1781 0.9539 -0.2415
vn -0.0935 0.9948 0.0402
vn 0.0157 0.9952 0.0964
vn 0.0365 0.9860 -0.1627
vn -0.0309 0.9974 0.0655
vn 0.1115 0.9934 0.0270
vn 0.0148 0.9977 0.0663
vn -0.1153 0.9475 0.2983
vn -0.2284 0.9523 0.2024
vn 0.2227 0.8935 0.3900
vn 0.1828 0.9777 0.1034
vn 0.2862 0.9547 -0.0816
vn 0.0041 0.9879 -0.1548
vn 0.0288 0.9965 0.0785
vn 0.0993 0.9930 0.0644
vn 0.0026 0.9801 -0.1983
vn 0.0440 0.9945 0.0947
vn -0.0067 0.9963 0.0860
vn 0.0051 0.9986 0.0518
vn -0.0007 0.9980 -0.0626
vn 0.0022 0.9980 -0.0633
vn 0.1800 0.9817 -0.0617
vn 0.1118 0.9883 -0.1035
vn -0.0772 0.9876 -0.1370
vn 0.1254 0.9652 -0.2295
vn 0.0308 0.9994 -0.0182
vn 0.2600 0.9655 -0.0113
vn 0.0017 0.9190 0.3942
vn 0.0754 0.9782 0.1937
vn 0.0200 0.9485 0.3160
vn -0.3785 0.9251 -0.0318
vn -0.1432 0.9747 0.1714
vn 0.0550 0.9253 0.3753
vn -0.1959 0.9604 -0.1980
vn -0.2248 0.9582 -0.1768
vn -0.0984 0.9939 -0.0505
vn 0.0435 0.9470 0.3184
vn -0.0691 0.9776 0.1990
vn -0.2269 0.9738 -0.0125
vn -0.0006 0.9973 0.0732
vn 0.0587 0.9902 0.1264
vn 0.0194 0.9972 0.0722
vn -0.0926 0.9955 0.0182
vn -0.1781 0.9840 0.0060
vn -0.0166 0.9955 0.0933
vn -0.0596 0.9972 -0.0441
vn -0.2508 0.9525 -0.1730
vn -0.0550 0.9977 -0.0408
vn 0.1140 0.9815 -0.1539
vn 0.0408 0.9900 0.1350
vn -0.0166 0.9963 -0.0844
vn 0.0737 0.9969 0.0277
vn -0.0075 0.9616 0.2743
vn -0.0083 0.9792 0.2027
vn 0.0316 0.9939 -0.1058
vn 0.1711 0.9693 -0.1768
vn 0.1445 0.9636 -0.2248
vn -0.1980 0.9495 -0.2432
vn 0.1435 0.9797 -0.1399
vn 0.3848 0.9228 0.0185
vn -0.0274 0.9694 -0.2440
vn -0.0771 0.9651 -0.2504
vn -0.0299 0.9597 -0.2795
vn 0.0222 0.9977 0.0635
vn 0.0952 0.9896 0.1074
vn -0.0508 0.9984 0.0239
vn -0.0214 0.9978 -0.0630
vn 0.0085 0.9993 0.0360
vn 0.0468 0.9953 0.0850
vn 0.0407 0.9953 0.0879
vn -0.0490 0.9969 -0.0607
vn -0.0217 0.9997 -0.0107
vn 0.0228 0.9993 0.0282
vn 0.0859 0.9957 0.0344
vn 0.0586 0.9975 0.0392
vn -0.0045 0.9999 0.0162
vn -0.0324 0.9983 0.0481
vn -0.1128 0.9934 -0.0211
vn 0.2894 0.9112 0.2933
vn 0.3691 0.9293 -0.0108
vn 0.0307 0.9975 -0.0642
vn 0.0078 0.9974 -0.0715
vn 0.3135 0.9487 -0.0422
vn 0.2886 0.9551 0.0667
vn -0.0363 0.9963 -0.0774
vn 0.0033 0.9254 -0.3789
vn 0.2423 0.9574 -0.1574
vn -0.0233 0.9878 -0.1539
vn -0.1803 0.9667 -0.1818
vn -0.1886 0.9543 -0.2320
vn -0.0004 0.9996 0.0270
vn -0.0226 0.9958 0.0891
vn -0.0799 0.9961 0.0369
vn 0.0955 0.9725 -0.2127
vn 0.1391 0.9671 -0.2132
vn 0.2096 0.9264 -0.3127
vn 0.0209 0.8906 -0.4543
vn -0.0426 0.9953 -0.0874
vn 0.0001 0.9794 -0.2020
vn -0.2231 0.9746 -0.0176
vn -0.1112 0.9507 -0.2895
vn -0.2075 0.9767 -0.0547
vn 0.0186 0.9996 0.0191
vn -0.0484 0.9986 -0.0217
vn -0.2143 0.9511 -0.2223
vn 0.1939 0.9668 0.1664
vn 0.1462 0.9636 0.2239
vn -0.0692 0.9852 0.1570
vn -0.1349 0.9828 0.1258
vn -0.0057 0.9973 0.0728
vn 0.0259 0.9761 0.2156
vn -0.0615 0.9954 0.0734
vn 0.0511 0.9738 0.2217
vn 0.0427 0.9491 0.3119
vn -0.3223 0.9418 0.0952
vn -0.1734 0.9666 -0.1886
vn -0.0564 0.9982 0.0186
vn 0.0585 0.9856 -0.1588
vn -0.1480 0.9859 0.0785
vn -0.1180 0.9899 -0.0788
vn -0.1473 0.9889 -0.0195
vn -0.1810 0.9777 -0.1061
vn -0.0287 0.9988 0.0395
vn -0.0720 0.9853 0.1548
vn 0.0420 0.9786 -0.2012
vn -0.1030 0.9652 -0.2403
vn 0.0249 0.9977 -0.0627
vn -0.0307 0.9977 0.0603
vn -0.0250 0.9997 0.0080
vn 0.0715 0.9932 0.0921
vn -0.1216 0.9883 0.0917
vn -0.0280 0.9988 -0.0398
vn -0.0234 0.9992 0.0311
vn -0.0202 0.9357 0.3522
vn 0.0217 0.9516 0.3066
vn -0.0364 0.9486 -0.3145
vn -0.0498 0.9982 -0.0331
vn -0.0012 0.9995 -0.0319
vn 0.0204 0.9997 0.0165
vn 0.0936 0.9764 0.1946
vn -0.0126 0.9942 0.1068
vn -0.1268 0.9830 -0.1327
vn 0.0048 1.0000 -0.0053
vn 0.1291 0.9821 0.1370
vn 0.1588 0.9824 0.0989
vn 0.0085 0.9959 -0.0897
vn -0.1333 0.9597 -0.2474
vn -0.1258 0.9909 -0.0484
vn -0.1829 0.9686 0.1682
vn -0.0544 0.9873 0.1492
vn -0.0320 0.9407 0.3377
vn 0.0314 0.9873 -0.1557
vn -0.1829 0.9828 -0.0250
vn 0.0286 0.9967 -0.0753
vn 0.0117 0.9813 0.1924
vn 0.1536 0.9837 0.0933
vn -0.2528 0.9376 -0.2388
vn -0.1200 0.9907 0.0649
vn -0.0208 0.9701 0.2417
vn -0.0636 0.9974 -0.0325
vn 0.0332 0.9974 -0.0634
vn -0.1530 0.9732 -0.1719
vn -0.0274 0.9642 -0.2638
vn -0.0391 0.9988 -0.0311
vn -0.0118 0.9974 -0.0716
vn 0.3517 0.9360 -0.0126
vn 0.1041 0.9944 -0.0173
vn 0.1538 0.9880 0.0156
vn -0.0051 0.9999 -0.0108
vn 0.0337 0.9717 0.2340
vn 0.0213 0.9966 0.0793
vn -0.2426 0.9578 -0.1541
vn -0.1738 0.9386 -0.2979
vn -0.0234 0.9993 -0.0287
vn 0.0880 0.9908 -0.1027
vn 0.2019 0.9621 0.1835
vn 0.2576 0.9533 0.1576
vn 0.0334 0.9823 -0.1841
vn -0.0047 0.9924 -0.1233
vn -0.1144 0.9108 -0.3967
vn 0.0623 0.9924 -0.1058
vn 0.0632 0.9864 -0.1517
vn 0.0507 0.9446 -0.3243
vn -0.1883 0.9731 -0.1326
vn -0.1068 0.9873 -0.1175
vn -0.0042 0.9996 0.0285
vn 0.0033 0.9975 -0.0706
vn 0.0515 0.9983 0.0255
vn 0.2612 0.9607 0.0941
vn -0.0232 0.9963 -0.0831
vn -0.0670 0.9977 0.0118
vn -0.0123 0.9998 -0.0163
vn 0.0077 0.8871 -0.4615
vn -0.0768 0.9744 -0.2111
vn 0.0419 0.9768 -0.2100
vn 0.0435 0.9979 0.0477
vn 0.0565 0.8801 0.4714
vn -0.0319 0.9280 0.3711
vn -0.0782 0.9965 0.0308
vn -0.0657 0.9975 0.0274
vn -0.0284 0.9967 0.0758
vn 0.0233 0.9989 -0.0396
vn -0.1178 0.9766 -0.1799
vn 0.1562 0.9786 -0.1343
vn 0.0886 0.9570 0.2762
vn 0.0821 0.9964 0.0196
vn 0.0104 0.9997 0.0225
vn 0.0270 0.9931 0.1142
vn -0.0197 0.9988 -0.0450
vn -0.0537 0.9975 -0.0456
vn -0.0042 0.9997 -0.0242
vn -0.2228 0.9584 -0.1786
vn -0.0633 0.9860 -0.1545
vn 0.0985 0.9785 0.1813
vn 0.0747 0.9556 -0.2850
vn 0.0436 0.9988 -0.0209
vn -0.0370 0.9975 -0.0599
vn -0.0741 0.9952 -0.0633
vn 0.0047 0.9989 0.0473
vn -0.0712 0.9974 0.0062
vn -0.2389 0.9585 -0.1554
vn -0.2440 0.9664 -0.0812
vn 0.0473 0.9272 0.3717
vn 0.1258 0.9220 0.3663
vn 0.0929 0.9235 0.3721
vn -0.1771 0.9593 0.2198
vn -0.0244 0.9990 -0.0377
vn -0.1037 0.9925 0.0654
vn 0.1087 0.9054 0.4105
vn 0.0800 0.9841 -0.1584
vn 0.1410 0.9856 -0.0931
vn 0.0098 0.9993 0.0358
vn 0.1624 0.9669 0.1967
vn 0.2281 0.9568 0.1802
vn 0.0142 0.9147 -0.4040
vn -0.1220 0.9486 -0.2919
vn -0.1138 0.9061 -0.4075
vn -0.0873 0.9962 0.0076
vn -0.0626 0.9970 -0.0451
vn -0.1918 0.9688 -0.1568
vn -0.0519 0.9893 0.1364
vn -0.1241 0.9895 0.0747
vn -0.2151 0.9762 0.0284
vn 0.1067 0.9864 -0.1248
vn 0.0523 0.9981 0.0312
vn -0.0152 0.9999 -0.0052
vn -0.1111 0.9341 -0.3393
vn -0.1093 0.9611 -0.2536
vn -0.1103 0.9683 -0.2240
vn -0.0618 0.9963 0.0599
vn 0.0259 0.9256 0.3777
vn 0.1384 0.9777 0.1580
vn 0.0039 0.9997 -0.0237
vn -0.0798 0.9965 0.0254
vn -0.2548 0.9536 -0.1602
vn -0.0406 0.9825 0.1817
vn 0.1010 0.9870 0.1247
vn 0.0225 0.9943 0.1038
vn 0.3122 0.8884 0.3367
vn 0.1078 0.9936 -0.0339
vn -0.0599 0.9842 -0.1667
vn -0.2260 0.9562 -0.1861
vn -0.1714 0.9376 -0.3025
vn -0.0652 0.9828 -0.1727
vn -0.0004 1.0000 -0.0012
vn -0.2427 0.9696 -0.0323
vn -0.0448 0.9990 -0.0082
vn -0.0940 0.9721 0.2151
vn -0.0275 0.9980 0.0567
vn -0.0857 0.9811 0.1738
vn 0.0250 0.9976 -0.0652
vn 0.0870 0.9720 -0.2184
vn 0.0855 0.9681 -0.2355
vn 0.0342 0.9990 -0.0293
vn 0.0170 0.9988 0.0464
vn 0.0494 0.9975 0.0499
vn -0.1585 0.9775 0.1389
vn -0.2228 0.9636 0.1479
vn -0.1501 0.9766 0.1540
vn -0.0024 1.0000 -0.0057
vn 0.1334 0.9779 0.1611
vn 0.0670 0.9858 0.1540
vn -0.0418 0.9989 -0.0219
vn -0.0166 0.9986 -0.0499
vn -0.0165 0.9998 -0.0059
vn 0.0510 0.9885 -0.1425
vn 0.0317 0.9758 -0.2162
vn -0.0196 0.9468 -0.3213
vn -0.1267 0.9873 0.0955
vn 0.0508 0.9925 -0.1110
vn 0.0816 0.9938 0.0759
vn 0.1602 0.9799 0.1187
vn -0.0387 0.9868 0.1570
vn -0.2192 0.9731 -0.0702
vn 0.1349 0.9756 0.1730
vn -0.0512 0.9686 -0.2432
vn -0.0058 0.9988 -0.0485
vn -0.0154 0.9997 -0.0179
vn -0.0408 0.9660 -0.2552
vn -0.0217 0.9945 -0.1020
vn 0.0307 0.9430 -0.3313
vn 0.0065 0.9915 -0.1299
vn 0.0413 0.9814 -0.1874
vn 0.0711 0.9388 0.3371
vn 0.0415 0.9952 0.0888
vn -0.0931 0.9943 -0.0514
vn 0.0332 0.9633 0.2665
vn -0.0921 0.9823 -0.1633
vn -0.1233 0.9905 -0.0604
vn 0.0096 0.9956 0.0937
vn 0.0462 0.9342 0.3537
vn 0.1583 0.9616 0.2244
vn 0.0599 0.9286 0.3662
vn 0.1134 0.9931 -0.0312
vn 0.1014 0.9855 -0.1359
vn 0.0786 0.9967 -0.0213
vn 0.0533 0.9864 -0.1554
vn 0.0428 0.9785 -0.2018
vn 0.2119 0.9369 0.2782
vn 0.3852 0.9198 0.0753
vn 0.2058 0.9750 0.0841
vn -0.0396 0.9971 -0.0649
vn 0.1535 0.9410 0.3016
vn -0.1676 0.9658 0.1978
vn -0.0728 0.9963 -0.0458
vn -0.1427 0.9882 0.0561
vn -0.1937 0.9631 0.1866
vn 0.0536 0.9968 -0.0588
vn -0.0808 0.9964 -0.0255
vn -0.1300 0.9780 -0.1629
vn -0.0287 0.9895 -0.1418
vn -0.0174 0.9998 -0.0077
vn 0.0101 0.9999 -0.0136
vn -0.0594 0.9982 -0.0110
vn -0.1194 0.9870 0.1071
vn -0.1012 0.9856 0.1354
vn 0.1644 0.9792 0.1189
vn 0.2596 0.9657 -0.0005
vn 0.0097 0.9993 -0.0364
vn 0.1653 0.9810 -0.1014
vn 0.2989 0.9192 0.2563
vn 0.0422 0.9982 0.0423
vn 0.0388 0.9949 -0.0929
vn 0.1397 0.8747 -0.4642
vn 0.0194 0.8846 -0.4659
vn 0.0921 0.9931 -0.0729
vn 0.2147 0.9766 0.0140
vn 0.2881 0.9506 0.1157
vn 0.1954 0.9619 0.1915
vn 0.1022 0.9322 0.3472
vn -0.0081 0.9938 0.1111
vn 0.0833 0.9957 0.0415
vn 0.0853 0.9962 -0.0169
vn 0.2808 0.9590 -0.0391
vn 0.0430 0.9991 0.0007
vn 0.0533 0.9908 0.1245
vn 0.1615 0.9464 0.2798
vn 0.1822 0.9658 0.1846
vn 0.0196 0.9970 0.0744
vn -0.0596 0.9982 0.0011
vn 0.0679 0.9890 -0.1312
vn 0.1300 0.9898 -0.0576
vn 0.0638 0.9871 -0.1467
vn 0.0296 0.9994 -0.0178
vn 0.0596 0.9982 0.0039
vn 0.0471 0.9935 -0.1033
vn 0.0497 0.9972 -0.0555
vn -0.0005 0.9859 -0.1671
vn 0.0420 0.9839 -0.1736
vn 0.0628 0.9978 0.0194
vn 0.0689 0.9951 -0.0715
vn -0.0045 0.9935 -0.1135
vn 0.0181 0.9995 -0.0253
vn 0.0350 0.9140 0.4042
vn 0.0515 0.8990 0.4348
vn 0.0918 0.9916 -0.0909
vn 0.0519 0.9983 -0.0277
vn 0.0249 0.9984 -0.0509
vn 0.1117 0.9917 -0.0630
vn 0.0527 0.9950 -0.0844
vn 0.1917 0.9779 -0.0833
vn 0.0602 0.9892 -0.1337
vn 0.0790 0.9935 0.0820
vn 0.1039 0.9855 0.1340
vn -0.0165 0.9989 0.0432
vn -0.0616 0.9981 -0.0038
vn -0.0885 0.9954 -0.0360
vn 0.0329 0.9955 0.0891
vn 0.0097 0.9949 0.1007
vn -0.0215 0.9985 0.0513
vn 0.1649 0.9605 0.2244
vn 0.1455 0.9664 0.2118
vn 0.0419 0.9947 0.0936
vn 0.1700 0.9683 0.1830
vn 0.1542 0.9666 0.2047
vn 0.1868 0.9765 0.1071
vn 0.0220 0.9936 0.1107
vn 0.1189 0.9710 0.2074
vn 0.0474 0.9580 0.2828
vn 0.0061 1.0000 0.0015
vn 0.0061 0.9975 0.0710
vn 0.0488 0.9958 0.0775
vn 0.0755 0.9957 -0.0535
vn 0.0664 0.9940 0.0871
vn 0.2899 0.9543 0.0730
vn 0.0798 0.9966 0.0218
vn 0.0555 0.9915 0.1180
vn 0.0483 0.9942 0.0962
vn 0.0563 0.9984 -0.0092
vn 0.0877 0.9949 -0.0489
vn 0.1090 0.9932 -0.0420
vn 0.0947 0.9719 0.2156
vn -0.0238 0.9460 0.3233
vn -0.1365 0.9719 0.1916
vn 0.1036 0.8962 0.4314
vn 0.1713 0.9541 0.2455
vn 0.0479 0.9362 0.3482
vn 0.1422 0.9716 0.1892
vn 0.1504 0.9282 0.3404
vn 0.1689 0.9282 0.3316
vn 0.3944 0.9112 0.1185
vn 0.4015 0.9095 -0.1078
vn 0.2873 0.9525 -0.1009
vn 0.1005 0.9919 -0.0783
vn 0.1852 0.9768 -0.1072
vn 0.2611 0.9634 -0.0611
vn -0.0538 0.9903 -0.1283
vn 0.0073 0.9977 -0.0671
vn 0.1521 0.9884 -0.0003
vn 0.1003 0.8691 -0.4844
vn 0.0501 0.9422 -0.3314
vn 0.0262 0.9156 -0.4013
vn 0.1162 0.9063 -0.4062
vn 0.0328 0.9929 -0.1143
vn 0.0640 0.9742 -0.2162
vn 0.0822 0.9841 -0.1575
vn 0.1328 0.8936 -0.4288
vn 0.1213 0.9250 -0.3601
vn 0.2709 0.9468 0.1734
vn 0.0190 0.9714 0.2368
vn -0.0413 0.9985 0.0346
vn 0.2360 0.9527 0.1913
vn 0.3036 0.8510 0.4285
vn 0.2326 0.8786 0.4170
vn 0.0254 0.9789 -0.2028
vn 0.1236 0.9923 -0.0123
vn 0.2617 0.9616 0.0824
vn 0.0097 0.9994 -0.0345
vn -0.0068 0.9416 -0.3367
vn -0.0107 0.9303 -0.3666
vn 0.1741 0.9831 0.0574
vn 0.0815 0.9966 -0.0133
vn 0.1032 0.9730 -0.2065
vn 0.1432 0.9863 0.0821
vn 0.1794 0.9768 0.1172
vn 0.2329 0.9542 0.1879
vn -0.1287 0.9812 0.1438
vn -0.0664 0.9935 0.0922
vn -0.0885 0.9805 0.1752
vn -0.0699 0.9974 0.0200
vn 0.0334 0.9881 -0.1503
vn -0.0194 0.9992 -0.0351
vn -0.0616 0.9981 -0.0021
vn -0.0824 0.8676 0.4904
vn -0.0983 0.8934 0.4383
vn -0.0001 1.0000 -0.0055
vn -0.0053 1.0000 0.0072
vn -0.0016 1.0000 -0.0016
vn -0.2224 0.9745 -0.0297
vn -0.1112 0.9896 -0.0909
vn -0.0108 0.9999 0.0079
vn -0.0242 0.9968 -0.0757
vn -0.1586 0.9777 -0.1377
vn -0.0317 0.9772 -0.2101
vn -0.1155 0.9890 -0.0928
vn -0.1930 0.9751 -0.1096
vn -0.1041 0.9903 -0.0920
vn -0.0534 0.9977 0.0417
vn -0.1023 0.9945 0.0240
vn -0.1501 0.9883 -0.0283
vn 0.0785 0.9969 0.0057
vn 0.0082 0.9999 0.0109
vn -0.0079 0.9984 -0.0565
vn -0.1720 0.9785 0.1140
vn -0.1023 0.9857 0.1338
vn -0.0936 0.9692 0.2278
vn -0.0732 0.9973 0.0039
vn -0.0451 0.9989 0.0089
vn -0.0745 0.9958 0.0537
vn -0.0370 0.9989 -0.0276
vn -0.0614 0.9270 0.3701
vn -0.1261 0.9426 0.3093
vn 0.0290 0.9326 0.3597
vn -0.0522 0.9967 0.0626
vn -0.3152 0.9490 0.0016
vn 0.0495 0.9844 0.1687
vn 0.0662 0.9158 0.3961
vn 0.1120 0.9622 0.2484
vn -0.1054 0.9890 -0.1039
vn -0.0384 0.9986 0.0355
vn 0.0172 0.9927 0.1197
vn 0.2806 0.9532 0.1125
vn 0.2436 0.9545 -0.1720
vn 0.1842 0.9623 -0.2002
vn 0.1428 0.9893 0.0308
vn 0.1419 0.9898 -0.0155
vn 0.3701 0.9257 -0.0786
vn 0.0326 0.9355 0.3517
vn 0.0955 0.9893 0.1099
vn 0.2352 0.9369 0.2587
vn 0.0675 0.9818 -0.1773
vn 0.0186 0.9909 -0.1336
vn 0.0053 0.9810 -0.1937
vn 0.0424 0.9927 -0.1133
vn -0.0146 0.9998 -0.0147
vn 0.0142 0.9976 -0.0681
vn 0.0468 0.9978 -0.0466
vn 0.0719 0.9921 -0.1032
vn 0.0725 0.9915 -0.1084
vn 0.2400 0.9638 -0.1160
vn 0.1237 0.9735 -0.1921
vn 0.1051 0.9540 -0.2810
vn 0.2154 0.9723 -0.0909
vn 0.2914 0.9525 -0.0882
vn 0.0667 0.9910 -0.1162
vn -0.1219 0.9761 0.1801
vn 0.0875 0.9955 0.0377
vn 0.1222 0.9876 0.0984
vn 0.1044 0.9422 0.3183
vn 0.0403 0.9933 0.1082
vn 0.0800 0.9951 0.0587
vn 0.0074 0.9494 0.3141
vn 0.0709 0.9823 0.1733
vn 0.0215 0.9863 0.1635
vn -0.0303 0.9961 0.0827
vn -0.0295 0.9589 0.2823
vn 0.0293 0.9563 0.2908
vn -0.3004 0.9465 -0.1180
vn -0.1532 0.9633 -0.2206
vn -0.0690 0.9945 -0.0787
vn 0.0507 0.9887 -0.1410
vn 0.0021 0.9449 -0.3275
vn -0.0758 0.9385 -0.3368
vn 0.0117 0.9672 0.2538
vn 0.0434 0.9815 0.1864
vn -0.0229 0.9887 0.1485
vn -0.0253 0.9996 0.0132
vn -0.0928 0.9946 -0.0468
vn -0.1179 0.9902 -0.0748
vn 0.0704 0.9900 0.1222
vn 0.0395 0.9953 0.0887
vn -0.0317 0.9993 0.0184
vn 0.0308 0.9405 0.3385
vn 0.0568 0.9935 0.0985
vn 0.0696 0.9906 0.1177
vn 0.0280 0.9857 -0.1662
vn -0.0021 0.9990 -0.0455
vn 0.0046 0.9958 -0.0909
vn -0.0095 0.9976 -0.0690
vn -0.0555 0.9985 0.0027
vn -0.0290 0.9994 -0.0170
vn -0.0082 0.9296 -0.3684
vn 0.0188 0.9870 -0.1598
vn 0.0440 0.9854 -0.1643
vn -0.0405 0.9827 -0.1807
vn 0.0377 0.9628 -0.2675
vn 0.0558 0.9791 -0.1956
vn -0.0062 0.9565 -0.2916
vn -0.0067 0.9437 -0.3306
vn 0.0136 0.9482 -0.3175
vn -0.0029 1.0000 -0.0069
vn -0.0072 0.8933 0.4494
vn -0.0450 0.9028 0.4277
vn -0.1178 0.9819 -0.1486
vn -0.0171 0.9991 -0.0385
vn 0.0058 0.9996 -0.0270
vn -0.0122 0.9997 -0.0189
vn -0.2310 0.9708 -0.0654
vn -0.0430 0.9978 -0.0511
vn 0.1469 0.9772 0.1535
vn 0.2358 0.9715 0.0249
vn -0.0046 0.9990 -0.0452
vn -0.1253 0.9894 0.0741
vn -0.1450 0.9892 -0.0201
vn -0.3048 0.9524 0.0113
vn 0.0685 0.9773 0.2004
vn 0.0514 0.9965 -0.0665
vn -0.0617 0.9962 -0.0618
vn 0.1197 0.9862 0.1139
vn 0.1375 0.9598 0.2447
vn 0.0399 0.9884 0.1466
vn 0.0700 0.9970 -0.0341
vn 0.1261 0.9920 -0.0034
vn 0.1248 0.9921 -0.0133
vn 0.0925 0.9731 -0.2111
vn 0.0976 0.9909 -0.0925
vn 0.1548 0.9841 -0.0875
vn -0.1265 0.9909 0.0453
vn -0.0364 0.9903 -0.1343
vn -0.0450 0.9989 -0.0125
vn 0.0230 0.9621 -0.2718
vn -0.0369 0.9974 -0.0618
vn -0.0692 0.9911 -0.1140
vn 0.0902 0.9900 -0.1081
vn 0.0026 1.0000 -0.0022
vn -0.0093 0.9998 -0.0203
vn 0.0605 0.9864 -0.1526
vn 0.1156 0.9671 -0.2267
vn 0.0592 0.9828 -0.1751
vn -0.0172 0.9993 -0.0330
vn 0.1182 0.9813 -0.1521
vn 0.0162 0.9998 -0.0121
vn -0.0169 0.9978 -0.0640
vn -0.0042 0.9502 -0.3116
vn 0.0099 0.9571 -0.2895
vn -0.0670 0.9970 -0.0384
vn -0.0401 0.9985 -0.0386
vn -0.0299 0.9994 -0.0162
vn 0.0716 0.9877 0.1390
vn 0.0840 0.9965 0.0052
vn 0.0594 0.9982 -0.0072
vn 0.1123 0.9882 0.1041
vn 0.2190 0.9757 -0.0080
vn 0.0993 0.9950 0.0063
vn -0.0828 0.9921 -0.0940
vn 0.0054 0.9999 0.0137
vn 0.0906 0.9902 0.1064
vn -0.2124 0.9567 0.1991
vn -0.1680 0.9780 0.1236
vn -0.2001 0.9654 0.1675
vn -0.2235 0.9670 0.1224
vn -0.1815 0.9834 -0.0092
vn -0.1676 0.9834 0.0693
vn -0.1626 0.9569 0.2404
vn -0.1877 0.9585 0.2144
vn -0.2558 0.9480 0.1892
vn 0.0301 0.9985 0.0456
vn 0.0315 0.9946 0.0992
vn 0.0354 0.9960 0.0825
vn 0.0136 0.9982 0.0580
vn -0.0003 0.9939 0.1107
vn 0.0113 0.9947 0.1027
vn 0.0161 0.9994 -0.0305
vn 0.0215 0.9996 0.0195
vn 0.0253 0.9996 0.0148
vn 0.0867 0.9702 -0.2264
vn 0.0834 0.9762 -0.2003
vn 0.0811 0.9765 -0.1996
vn 0.0886 0.9723 -0.2165
vn 0.1255 0.9657 -0.2272
vn 0.0799 0.9770 -0.1975
vn 0.0322 0.9955 -0.0895
vn 0.0656 0.9724 0.2238
vn 0.0624 0.9610 0.2695
vn -0.0561 0.9918 0.1151
vn -0.0034 0.9994 -0.0346
vn -0.0398 0.9992 0.0050
vn -0.0061 1.0000 0.0056
vn 0.0399 0.9918 -0.1214
vn 0.0218 0.9967 -0.0777
vn -0.0927 0.9706 0.2223
vn -0.0599 0.9900 0.1280
vn -0.0803 0.9798 0.1830
vn -0.0471 0.9988 -0.0159
vn -0.1105 0.9913 0.0719
vn -0.0475 0.9989 -0.0020
vn -0.1088 0.9938 -0.0214
vn -0.1400 0.9899 0.0242
vn -0.1723 0.9820 0.0777
vn -0.0271 0.9751 0.2200
vn -0.0732 0.9934 0.0882
vn -0.2220 0.9742 0.0410
vn -0.1336 0.9593 -0.2488
vn -0.0676 0.9863 -0.1504
vn -0.0004 0.9950 -0.0994
vn -0.1852 0.9271 -0.3259
vn -0.1768 0.9578 -0.2266
vn -0.1334 0.9709 -0.1990
vn -0.0981 0.9915 -0.0858
vn -0.1427 0.9220 -0.3600
vn -0.2477 0.9073 -0.3398
vn -0.0157 0.9904 -0.1376
vn -0.0820 0.9188 -0.3862
vn -0.0626 0.9027 -0.4256
vn 0.4359 0.8969 0.0744
vn 0.3358 0.9419 -0.0128
vn -0.1011 0.9677 -0.2311
vn 0.2162 0.9542 0.2066
vn 0.3831 0.9008 0.2044
vn 0.2819 0.9386 0.1987
vn 0.0797 0.9882 0.1307
vn 0.0603 0.9977 -0.0303
vn 0.0051 0.9992 -0.0404
vn 0.0743 0.9949 0.0677
vn 0.1210 0.9927 -0.0012
vn 0.1058 0.9944 -0.0081
vn -0.2039 0.9617 0.1832
vn -0.1205 0.9788 0.1657
vn 0.0498 0.9402 0.3371
vn -0.3415 0.9363 -0.0822
vn -0.3507 0.9256 -0.1422
vn -0.2322 0.9709 -0.0581
vn -0.0288 0.9964 0.0793
vn -0.0676 0.9977 0.0045
vn -0.2102 0.9711 -0.1133
vn -0.0105 0.9996 -0.0244
vn -0.0099 0.9990 0.0426
vn -0.0205 0.9996 0.0181
vn 0.0701 0.9421 0.3281
vn -0.0119 0.9974 0.0710
vn -0.0311 0.9995 -0.0000
vn -0.0489 0.9336 0.3548
vn -0.0246 0.9857 0.1667
vn -0.0084 0.9912 0.1318
vn -0.1914 0.9813 0.0216
vn -0.1321 0.9860 0.1022
vn -0.0020 0.9830 0.1835
vn -0.1546 0.9488 -0.2756
vn -0.1213 0.9855 -0.1187
vn -0.0341 0.9975 -0.0611
vn -0.0698 0.9751 -0.2104
vn -0.1196 0.9880 -0.0975
vn -0.1532 0.9782 -0.1401
vn -0.1747 0.9254 -0.3364
vn -0.1191 0.9145 -0.3867
vn -0.0872 0.9437 -0.3190
vn 0.0148 0.9997 0.0182
vn 0.0254 0.9635 0.2663
vn -0.0751 0.9675 0.2415
vn 0.0446 0.9988 0.0190
vn 0.0623 0.9969 0.0477
vn 0.1482 0.9777 0.1490
vn -0.0673 0.9883 -0.1370
vn 0.0165 0.9996 -0.0233
vn 0.0519 0.9986 -0.0070
vn -0.1962 0.9792 0.0509
vn -0.1919 0.9787 -0.0725
vn -0.1706 0.9853 0.0003
vn -0.0566 0.9962 0.0665
vn -0.0611 0.9973 -0.0415
vn -0.1470 0.9861 -0.0772
vn -0.0346 0.9766 0.2122
vn -0.0729 0.9789 0.1907
vn -0.1023 0.9785 0.1790
vn -0.1737 0.9712 -0.1630
vn -0.1885 0.9676 -0.1680
vn -0.0570 0.9969 -0.0538
vn -0.0684 0.9971 -0.0348
vn -0.0872 0.9958 -0.0292
vn -0.1781 0.9718 -0.1547
vn -0.0583 0.9982 -0.0152
vn -0.0552 0.9977 -0.0400
vn -0.0665 0.9970 -0.0390
vn -0.1142 0.9249 -0.3627
vn -0.1787 0.9488 -0.2604
vn -0.1344 0.9496 -0.2831
vn -0.1840 0.9516 -0.2461
vn -0.2191 0.9653 -0.1421
vn -0.2007 0.9582 -0.2039
vn 0.0534 0.9253 -0.3755
vn -0.0751 0.9719 -0.2229
vn -0.0377 0.9326 -0.3588
vn 0.2142 0.9526 0.2160
vn 0.1746 0.9516 0.2530
vn 0.2203 0.9448 0.2427
vn 0.0841 0.9863 0.1420
vn 0.1344 0.9485 0.2867
vn 0.1734 0.9394 0.2958
vn -0.0336 0.9987 -0.0388
vn 0.0277 0.9983 0.0510
vn 0.0934 0.9883 0.1206
vn 0.0989 0.9862 -0.1324
vn 0.1122 0.9265 -0.3591
vn 0.1820 0.9270 -0.3279
vn 0.1048 0.9827 -0.1528
vn 0.0452 0.9440 -0.3269
vn 0.0839 0.9282 -0.3625
vn 0.1158 0.8731 0.4735
vn 0.1085 0.9501 0.2926
vn 0.0612 0.9498 0.3068
vn -0.2727 0.9621 -0.0084
vn -0.1309 0.9691 -0.2092
vn 0.0044 0.9994 -0.0337
vn -0.0133 0.9983 -0.0575
vn 0.0043 0.9379 -0.3468
vn -0.0057 0.9428 -0.3333
vn -0.0467 0.9522 0.3018
vn -0.0272 0.9996 0.0003
vn -0.1589 0.9788 0.1295
vn 0.1499 0.9010 0.4070
vn 0.1301 0.9650 0.2275
vn 0.0261 0.9839 0.1767
vn 0.0913 0.9407 0.3268
vn 0.1446 0.9716 0.1875
vn 0.1895 0.9507 0.2455
vn 0.0309 0.9186 0.3941
vn 0.0594 0.9783 0.1985
vn 0.0570 0.9647 0.2572
vn -0.3447 0.9211 -0.1812
vn -0.2449 0.9649 -0.0952
vn -0.1702 0.9853 -0.0116
vn -0.2707 0.9609 -0.0587
vn -0.2136 0.9695 -0.1202
vn -0.3665 0.9251 -0.0997
vn -0.0476 0.9966 0.0677
vn -0.1794 0.9757 0.1259
vn -0.1212 0.9926 0.0048
vn -0.0529 0.9982 -0.0264
vn 0.0149 0.9998 0.0105
vn 0.0592 0.9965 0.0588
vn -0.0540 0.9973 -0.0496
vn -0.0908 0.9953 -0.0347
vn -0.0554 0.9977 -0.0389
vn -0.1065 0.9917 -0.0717
vn -0.0641 0.9979 -0.0013
vn -0.0590 0.9982 0.0074
vn 0.1237 0.9806 -0.1518
vn 0.1922 0.9435 -0.2698
vn 0.2009 0.9644 -0.1718
vn 0.1824 0.9458 -0.2688
vn 0.1180 0.9638 -0.2390
vn 0.1156 0.9608 -0.2519
vn 0.0283 0.9612 0.2743
vn 0.1334 0.9839 -0.1190
vn 0.0224 0.9997 0.0061
vn -0.2391 0.9445 -0.2253
vn -0.1571 0.9855 -0.0649
vn -0.0210 0.9997 -0.0099
vn -0.1184 0.9919 -0.0462
vn -0.1298 0.9858 -0.1069
vn -0.3269 0.9407 -0.0906
vn 0.0703 0.9948 0.0738
vn -0.0313 0.9995 -0.0028
vn -0.0900 0.9916 -0.0926
vn -0.0499 0.9966 -0.0652
vn -0.0335 0.9972 -0.0666
vn -0.0208 0.9991 -0.0371
vn 0.0234 0.9997 0.0031
vn -0.0186 0.9970 -0.0755
vn -0.0366 0.9956 -0.0863
vn 0.0415 0.9941 0.1007
vn 0.0488 0.9961 0.0730
vn 0.0181 0.9982 0.0578
vn 0.0321 0.9995 0.0027
vn 0.0272 0.9975 -0.0646
vn 0.0302 0.9971 -0.0693
vn 0.2031 0.9767 0.0688
vn 0.1238 0.9915 0.0405
vn 0.0396 0.9986 -0.0342
vn 0.1322 0.9814 0.1393
vn 0.2271 0.9563 0.1839
vn 0.1174 0.9781 0.1721
vn 0.1153 0.9732 -0.1988
vn 0.1040 0.9854 -0.1348
vn 0.1235 0.9631 -0.2393
vn -0.1112 0.9924 -0.0519
vn -0.2248 0.9643 -0.1401
vn -0.1224 0.9831 -0.1364
vn 0.0093 0.9997 -0.0220
vn -0.0286 0.9988 -0.0398
vn -0.0142 0.9951 -0.0974
vn -0.0742 0.9963 0.0440
vn -0.0341 0.9992 0.0206
vn 0.0054 0.9980 0.0630
vn -0.0447 0.9989 0.0119
vn -0.0154 0.9981 -0.0600
vn -0.0443 0.9987 -0.0248
vn -0.0991 0.9950 0.0150
vn -0.0730 0.9968 0.0335
vn -0.0709 0.9962 0.0515
vn 0.0341 0.9018 0.4309
vn -0.0200 0.9933 0.1138
vn -0.0684 0.9926 0.1000
vn 0.1301 0.9162 0.3790
vn 0.1751 0.9587 0.2241
vn 0.0432 0.9903 0.1321
vn 0.0284 0.9945 0.1009
vn 0.0015 0.9752 0.2215
vn 0.0477 0.9670 0.2504
vn -0.0361 0.9717 -0.2336
vn -0.0125 0.9981 -0.0610
vn 0.0749 0.9967 -0.0301
vn -0.0948 0.9835 -0.1538
vn -0.1549 0.9857 -0.0670
vn -0.0983 0.9913 -0.0881
vn 0.0105 0.8876 -0.4604
vn -0.0238 0.9669 -0.2539
vn -0.0219 0.9494 -0.3132
vn -0.1721 0.9835 0.0558
vn -0.1351 0.9908 -0.0057
vn -0.1301 0.9914 -0.0128
vn -0.0482 0.9988 0.0131
vn -0.0521 0.9974 0.0494
vn -0.0899 0.9957 0.0236
vn -0.0169 0.9949 -0.0991
vn -0.0329 0.9805 0.1939
vn -0.0351 0.9879 0.1510
vn 0.0815 0.9949 0.0602
vn 0.0901 0.9935 0.0695
vn 0.2610 0.9646 0.0386
vn 0.0252 0.9996 -0.0085
vn 0.0467 0.9972 0.0578
vn 0.0765 0.9946 0.0704
vn -0.0661 0.9894 -0.1294
vn -0.0026 0.9991 -0.0412
vn 0.0222 0.9996 -0.0181
vn -0.0146 0.9999 0.0016
vn 0.0143 0.9999 -0.0017
vn 0.1104 0.9872 0.1148
vn -0.0506 0.9655 -0.2554
vn -0.0051 0.9992 -0.0387
vn 0.0054 0.9997 -0.0235
vn -0.1222 0.9923 -0.0217
vn -0.1244 0.9876 -0.0961
vn -0.2358 0.9712 -0.0339
vn 0.0669 0.9658 -0.2506
vn -0.0314 0.9833 -0.1792
vn 0.0071 0.9710 -0.2391
vn 0.0645 0.9960 -0.0616
vn -0.0266 0.9996 0.0100
vn -0.0344 0.9956 -0.0877
vn 0.0861 0.9882 -0.1267
vn 0.0971 0.9831 0.1551
vn 0.0954 0.9793 0.1787
vn -0.1150 0.9617 -0.2486
vn -0.1932 0.9216 -0.3366
vn -0.1541 0.9421 -0.2979
vn -0.0030 0.9955 -0.0943
vn -0.0243 0.9965 -0.0800
vn -0.1658 0.9588 -0.2307
vn 0.0341 0.9660 -0.2564
vn 0.0340 0.9644 -0.2624
vn 0.0468 0.9472 -0.3171
vn 0.3511 0.9104 0.2190
vn 0.2593 0.9541 0.1500
vn 0.1686 0.9855 0.0197
vn 0.0697 0.9932 0.0928
vn 0.1674 0.9827 0.0793
vn 0.3064 0.9330 0.1886
vn -0.0409 0.9870 -0.1552
vn -0.0005 1.0000 -0.0071
vn 0.1409 0.9895 0.0331
vn -0.1146 0.9796 -0.1649
vn -0.0055 0.9959 -0.0903
vn 0.0869 0.9962 -0.0080
vn -0.1897 0.8971 -0.3991
vn -0.1143 0.9634 -0.2423
vn -0.0678 0.9837 -0.1667
vn -0.3275 0.9441 -0.0380
vn -0.2821 0.8985 -0.3363
vn -0.2850 0.9240 -0.2548
vn 0.0460 0.9821 0.1828
vn -0.1264 0.9570 0.2610
vn -0.0648 0.9917 0.1114
vn 0.0012 0.9695 0.2452
vn 0.0078 0.9177 0.3971
vn 0.0067 0.9204 0.3910
vn -0.0452 0.9968 -0.0665
vn -0.0033 0.9963 0.0864
vn 0.0299 0.9937 0.1079
vn 0.3418 0.9398 -0.0005
vn 0.2411 0.9515 0.1908
vn 0.1635 0.9830 0.0833
vn 0.0160 0.9999 -0.0022
vn 0.0014 0.9957 0.0921
vn 0.2119 0.9564 0.2012
vn 0.1795 0.9826 0.0476
vn 0.0944 0.9955 0.0064
vn 0.2132 0.9624 -0.1682
vn -0.0232 0.9985 -0.0495
vn -0.0456 0.9979 -0.0459
vn -0.0295 0.9975 -0.0638
vn -0.1364 0.9860 -0.0961
vn -0.0740 0.9972 0.0062
vn -0.0620 0.9979 -0.0189
vn -0.0099 0.9825 -0.1858
vn -0.1332 0.9770 -0.1666
vn -0.0457 0.9733 -0.2249
vn 0.0103 0.9980 -0.0617
vn -0.0320 0.9519 -0.3048
vn -0.1500 0.9596 -0.2381
vn 0.1333 0.9682 -0.2117
vn 0.1901 0.9655 -0.1779
vn 0.0345 0.9630 -0.2674
vn -0.0658 0.9958 -0.0641
vn -0.0270 0.9903 -0.1364
vn -0.0139 0.9967 -0.0804
vn -0.0567 0.9806 0.1879
vn 0.1278 0.9640 0.2332
vn 0.0052 0.9279 0.3728
vn -0.2252 0.9640 -0.1417
vn -0.0371 0.9961 -0.0803
vn 0.0164 0.9990 0.0405
vn -0.1787 0.9718 -0.1541
vn -0.3311 0.9436 -0.0100
vn -0.2031 0.9790 -0.0191
vn 0.0488 0.9792 0.1968
vn 0.0040 0.9765 0.2156
vn -0.0119 0.9936 0.1122
vn -0.0466 0.9749 0.2176
vn -0.0543 0.9561 0.2880
vn -0.0115 0.9589 0.2834
vn -0.0219 0.9975 -0.0672
vn -0.0230 0.9996 -0.0183
vn 0.0180 0.9996 -0.0218
vn -0.0814 0.9910 -0.1062
vn -0.0299 0.9445 -0.3272
vn -0.0591 0.9679 -0.2444
vn 0.1122 0.9768 -0.1826
vn 0.0784 0.9603 -0.2678
vn 0.0277 0.9453 -0.3251
vn 0.0136 0.9566 0.2911
vn 0.0876 0.9914 0.0967
vn -0.0122 0.9904 0.1375
vn -0.1246 0.9761 0.1779
vn -0.0876 0.9789 0.1848
vn -0.0793 0.9712 0.2248
vn -0.2148 0.9728 0.0870
vn -0.0744 0.9926 -0.0954
vn -0.0916 0.9939 0.0620
vn -0.1391 0.9885 0.0591
vn -0.2359 0.9647 0.1172
vn -0.1868 0.9805 0.0614
vn -0.0593 0.9820 -0.1791
vn -0.0588 0.9697 -0.2373
vn -0.0992 0.9866 -0.1294
vn 0.1203 0.9916 0.0465
vn -0.0079 0.9992 -0.0394
vn -0.1403 0.9737 -0.1794
vn 0.2957 0.9544 0.0408
vn 0.2640 0.9602 0.0909
vn 0.1222 0.9918 -0.0363
vn 0.0200 0.9997 0.0159
vn 0.1219 0.9869 0.1058
vn 0.1852 0.9724 0.1421
vn -0.0110 0.9997 -0.0237
vn 0.0009 1.0000 0.0015
vn 0.0197 0.9998 0.0099
vn -0.0496 0.9686 -0.2436
vn -0.0290 0.9990 -0.0337
vn -0.0152 0.9998 -0.0142
vn 0.0508 0.9843 0.1689
vn 0.0272 0.9978 0.0599
vn -0.0565 0.9969 0.0556
vn 0.1582 0.9633 0.2168
vn 0.1254 0.9888 0.0813
vn 0.0884 0.9941 0.0633
vn 0.0064 1.0000 0.0052
vn 0.0995 0.9868 0.1277
vn 0.0592 0.9677 0.2451
vn -0.0306 0.9987 -0.0415
vn -0.0182 0.9995 0.0252
vn 0.0147 0.9989 0.0439
vn -0.0479 0.9987 -0.0152
vn -0.0576 0.9983 -0.0074
vn -0.0479 0.9988 0.0026
vn -0.0036 0.9497 -0.3133
vn -0.0265 0.9963 -0.0819
vn -0.0350 0.9944 -0.0997
vn 0.0060 0.9444 0.3288
vn 0.0109 0.9747 0.2231
vn -0.0360 0.9799 0.1961
vn -0.1026 0.9453 0.3096
vn 0.0048 0.9974 0.0718
vn 0.0079 0.9865 0.1638
vn -0.0535 0.9985 0.0123
vn -0.1086 0.9826 0.1504
vn -0.0081 0.9957 0.0922
vn -0.0366 0.9984 -0.0429
vn -0.1149 0.9910 0.0691
vn -0.0188 0.9998 -0.0035
vn -0.0008 0.9662 0.2577
vn -0.1020 0.9904 0.0932
vn -0.1948 0.9769 0.0875
vn 0.0568 0.9934 0.0994
vn 0.0508 0.9961 0.0718
vn 0.0347 0.9987 0.0361
vn -0.0159 0.9996 0.0246
vn -0.0527 0.9922 0.1132
vn -0.0423 0.9962 0.0758
vn -0.0617 0.9928 0.1025
vn -0.0914 0.9776 0.1897
vn -0.0746 0.9846 0.1580
vn 0.0007 0.9991 -0.0424
vn -0.0233 0.9589 0.2829
vn 0.0017 0.9661 0.2582
vn -0.0029 0.9732 -0.2301
vn -0.0579 0.9620 -0.2669
vn -0.1112 0.9428 -0.3144
vn 0.0518 0.9843 -0.1686
vn 0.0209 0.9892 -0.1449
vn -0.0106 0.9810 -0.1937
vn -0.0453 0.9963 0.0726
vn 0.0403 0.9845 -0.1708
vn 0.0068 0.9958 -0.0910
vn -0.1031 0.9946 -0.0111
vn -0.0210 0.9905 -0.1356
vn 0.0174 0.9981 -0.0590
vn -0.1930 0.9604 -0.2009
vn -0.1321 0.9431 -0.3051
vn -0.0625 0.9699 -0.2353
vn -0.1080 0.9917 0.0693
vn -0.1933 0.9808 0.0235
vn -0.2146 0.9757 -0.0446
vn -0.1378 0.9905 0.0040
vn -0.2161 0.9748 0.0560
vn -0.1875 0.9822 -0.0125
vn -0.2034 0.9518 0.2296
vn -0.2822 0.9499 0.1345
vn -0.2205 0.9657 0.1373
vn 0.1150 0.9926 -0.0391
vn -0.0138 0.9965 0.0820
vn -0.0603 0.9972 -0.0451
vn -0.1373 0.9843 -0.1107
vn -0.0299 0.9978 -0.0586
vn 0.0454 0.9987 0.0224
vn -0.2404 0.9319 -0.2717
vn -0.1696 0.9667 -0.1914
vn -0.1149 0.9826 -0.1462
vn -0.1775 0.9793 0.0977
vn -0.2120 0.9577 -0.1945
vn -0.2868 0.9376 -0.1966
vn 0.0512 0.9594 0.2772
vn 0.1166 0.9714 0.2069
vn 0.1401 0.9360 0.3230
vn 0.0180 0.9900 0.1396
vn 0.0977 0.9918 0.0823
vn 0.1156 0.9834 0.1397
vn -0.1606 0.9868 0.0211
vn -0.0871 0.9870 0.1354
vn -0.0053 0.9776 0.2104
vn 0.0076 0.9913 0.1315
vn 0.1703 0.9710 0.1678
vn 0.0884 0.9489 0.3030
vn -0.0532 0.9986 0.0027
vn 0.0004 0.9997 -0.0234
vn 0.0461 0.9989 0.0122
vn -0.1855 0.9745 0.1261
vn -0.1424 0.9877 0.0642
vn -0.0835 0.9832 0.1621
vn 0.0734 0.9607 0.2679
vn 0.0300 0.9781 0.2059
vn -0.2437 0.9649 0.0982
vn 0.2044 0.9416 0.2676
vn 0.1163 0.9863 0.1171
vn 0.2544 0.9507 0.1774
vn 0.0443 0.9990 0.0081
vn 0.1901 0.9575 0.2168
vn 0.2055 0.9531 0.2221
vn -0.0769 0.9944 -0.0720
vn -0.2301 0.9517 -0.2032
vn -0.2657 0.9289 -0.2581
vn -0.0255 0.9994 0.0247
vn -0.0730 0.9973 0.0058
vn -0.0999 0.9939 -0.0472
vn 0.0686 0.9960 0.0571
vn 0.0226 0.9994 0.0269
vn -0.0118 0.9999 -0.0116
vn -0.1469 0.9737 -0.1740
vn -0.0239 0.9505 -0.3099
vn -0.0607 0.9837 -0.1693
vn -0.0466 0.9177 -0.3944
vn 0.0151 0.9080 -0.4187
vn -0.0193 0.9210 -0.3891
vn -0.1440 0.9896 -0.0072
vn -0.1338 0.9745 -0.1803
vn -0.1958 0.9714 -0.1342
vn -0.0200 0.9875 -0.1566
vn -0.0640 0.9974 -0.0344
vn -0.0024 0.9994 -0.0333
vn -0.0884 0.9955 -0.0354
vn -0.1445 0.9867 0.0738
vn -0.1080 0.9941 0.0040
vn -0.0074 0.8975 -0.4409
vn -0.0510 0.9823 -0.1805
vn 0.0105 0.9761 -0.2168
vn 0.1519 0.9584 -0.2416
vn 0.1069 0.9856 -0.1312
vn 0.1473 0.9747 -0.1682
vn 0.0647 0.9762 -0.2068
vn 0.0664 0.9973 -0.0302
vn 0.0964 0.9930 -0.0676
vn 0.0207 0.9395 -0.3420
vn 0.0485 0.9304 -0.3634
vn 0.1728 0.9101 -0.3767
vn -0.0458 0.9953 0.0859
vn -0.0586 0.9981 -0.0196
vn -0.1437 0.9885 -0.0477
vn -0.0060 0.9982 0.0601
vn 0.0252 0.9981 -0.0558
vn -0.0009 0.9995 -0.0320
vn 0.0176 0.9973 0.0716
vn -0.0185 0.9962 0.0845
vn -0.0242 0.9973 0.0695
vn -0.0898 0.9895 -0.1131
vn -0.1525 0.9445 -0.2910
vn -0.2255 0.9348 -0.2745
vn -0.2108 0.9638 -0.1634
vn -0.2654 0.9567 -0.1198
vn -0.1797 0.9706 -0.1600
vn 0.0104 0.9955 -0.0940
vn -0.0662 0.9939 -0.0880
vn -0.1574 0.9591 -0.2351
vn 0.1222 0.9413 -0.3146
vn 0.2175 0.9704 -0.1045
vn 0.3592 0.9321 -0.0466
vn -0.0772 0.9283 -0.3638
vn -0.0923 0.9762 -0.1961
vn 0.0368 0.9866 -0.1589
vn -0.1795 0.9635 -0.1984
vn -0.0622 0.9886 -0.1374
vn -0.0157 0.9924 -0.1219
vn 0.1253 0.9920 0.0158
vn 0.1994 0.9721 0.1232
vn 0.2747 0.9525 0.1316
vn 0.0641 0.9921 -0.1076
vn 0.1161 0.9925 0.0378
vn 0.3469 0.9358 0.0630
vn -0.0326 0.9936 -0.1078
vn 0.0122 0.9483 -0.3172
vn 0.1548 0.9732 -0.1698
vn 0.1342 0.9884 -0.0706
vn 0.1141 0.9522 -0.2834
vn 0.0800 0.9627 -0.2583
vn 0.1698 0.9849 0.0329
vn 0.1353 0.9884 -0.0693
vn 0.2441 0.9508 -0.1909
vn 0.2291 0.9384 0.2585
vn 0.2459 0.9443 0.2188
vn 0.3231 0.9215 0.2156
vn -0.0628 0.9971 0.0438
vn -0.0779 0.9879 -0.1341
vn -0.1733 0.9739 -0.1464
vn -0.0120 0.9999 -0.0022
vn 0.0527 0.9769 -0.2072
vn 0.0036 0.9874 -0.1585
vn 0.0305 0.9964 0.0791
vn -0.0301 0.9943 0.1019
vn -0.0356 0.9967 0.0733
vn 0.0804 0.9956 0.0477
vn 0.0592 0.9980 0.0233
vn 0.0186 0.9994 -0.0296
vn 0.0652 0.9979 0.0042
vn 0.0872 0.9941 0.0648
vn 0.0863 0.9946 0.0574
vn 0.0195 0.9997 0.0135
vn 0.0333 0.9994 -0.0037
vn 0.0557 0.9980 0.0285
vn -0.0382 0.9985 -0.0404
vn -0.0023 0.9992 -0.0396
vn 0.0115 0.9999 -0.0002
vn -0.0294 0.9987 -0.0407
vn -0.0525 0.9941 -0.0948
vn -0.0274 0.9967 -0.0766
vn 0.0802 0.9881 0.1316
vn 0.0333 0.9969 0.0708
vn -0.0241 0.9997 0.0032
vn 0.0261 0.9979 0.0599
vn 0.1293 0.9778 0.1648
vn 0.0749 0.9602 0.2691
vn -0.0065 0.9999 0.0144
vn 0.0193 0.9992 0.0336
vn 0.0327 0.9975 0.0620
vn -0.0345 0.9967 -0.0733
vn -0.0257 0.9997 -0.0057
vn -0.0069 0.9999 0.0074
vn 0.0458 0.9942 0.0974
vn -0.0065 0.9937 -0.1119
vn -0.0879 0.9879 -0.1274
vn 0.0749 0.9961 0.0469
vn 0.1199 0.9921 -0.0363
vn 0.0870 0.9943 -0.0613
vn 0.0027 0.9978 0.0662
vn 0.0150 0.9955 0.0931
vn 0.0501 0.9895 0.1359
vn -0.0664 0.9572 -0.2816
vn -0.0789 0.9918 -0.1004
vn 0.0069 0.9971 -0.0764
vn -0.0612 0.9802 -0.1885
vn -0.1236 0.9910 -0.0514
vn -0.1176 0.9894 -0.0855
vn 0.1853 0.9570 -0.2233
vn 0.1129 0.9282 -0.3546
vn -0.0769 0.8941 -0.4412
vn 0.2288 0.9725 -0.0432
vn 0.2663 0.9639 -0.0045
vn 0.3877 0.9215 -0.0225
vn 0.0494 0.9723 -0.2284
vn 0.1124 0.9931 -0.0328
vn 0.2001 0.9798 -0.0050
vn -0.1091 0.9236 -0.3676
vn -0.0520 0.9477 -0.3149
vn 0.0147 0.9827 -0.1845
vn 0.1662 0.9639 -0.2081
vn 0.1263 0.9789 -0.1608
vn 0.1269 0.9708 -0.2033
vn 0.1313 0.9757 -0.1755
vn 0.1203 0.9917 -0.0463
vn 0.1262 0.9865 -0.1046
vn -0.0513 0.9672 -0.2489
vn 0.0667 0.9632 -0.2605
vn 0.1483 0.9735 -0.1741
vn -0.0188 0.9732 0.2292
vn -0.1125 0.9287 0.3534
vn -0.0293 0.9613 0.2739
vn 0.0171 0.9502 0.3112
vn 0.0036 0.9163 0.4004
vn -0.0216 0.9121 0.4095
vn 0.0717 0.9949 0.0712
vn 0.0387 0.9790 0.2003
vn 0.0371 0.9836 0.1765
vn 0.0276 0.9990 0.0349
vn -0.0751 0.9948 0.0682
vn -0.1070 0.9942 -0.0059
vn 0.0230 0.9823 0.1859
vn -0.0248 0.9739 0.2258
vn -0.0413 0.9877 0.1511
vn 0.0813 0.9888 -0.1251
vn 0.0463 0.9978 0.0473
vn 0.0959 0.9952 0.0219
vn -0.1096 0.9917 -0.0674
vn -0.0823 0.9957 0.0416
vn -0.0794 0.9967 0.0179
vn -0.1940 0.9705 -0.1433
vn -0.3096 0.9500 -0.0401
vn -0.1315 0.9913 -0.0031
vn -0.0064 0.9997 -0.0226
vn -0.0461 0.9976 -0.0522
vn -0.2029 0.9558 -0.2130
vn -0.1150 0.9929 0.0310
vn -0.0203 0.9944 0.1037
vn 0.0421 0.9802 0.1937
vn -0.2805 0.9597 0.0145
vn -0.2014 0.9632 -0.1779
vn -0.1172 0.9927 -0.0292
vn -0.2954 0.9554 0.0012
vn -0.2792 0.9591 0.0477
vn -0.1326 0.9911 0.0093
vn 0.0349 0.9950 0.0931
vn 0.0023 0.9463 0.3234
vn 0.0136 0.9509 0.3092
vn 0.0497 0.9900 0.1319
vn 0.0445 0.9769 0.2089
vn 0.1159 0.9571 0.2655
vn -0.0787 0.9969 0.0017
vn -0.0006 0.9985 0.0552
vn 0.0537 0.9918 0.1162
vn -0.1462 0.9843 0.0992
vn -0.2471 0.9690 0.0039
vn -0.3328 0.9372 -0.1040
vn 0.0054 0.9578 0.2874
vn -0.0599 0.9882 0.1406
vn -0.1506 0.9846 0.0888
vn 0.0944 0.9539 0.2848
vn 0.0914 0.9302 0.3554
vn 0.0085 0.9561 0.2930
vn -0.1836 0.9734 -0.1368
vn -0.1079 0.9939 0.0236
vn -0.0672 0.9967 0.0465
vn -0.1543 0.9763 -0.1518
vn -0.1506 0.9885 0.0110
vn -0.2554 0.9667 0.0160
vn -0.0919 0.9811 -0.1704
vn -0.1262 0.9480 -0.2923
vn -0.1989 0.9320 -0.3029
vn 0.0233 0.9405 0.3391
vn 0.0657 0.9868 0.1482
vn 0.1034 0.9768 0.1877
vn -0.0512 0.9986 -0.0093
vn -0.0092 0.9968 0.0795
vn 0.0307 0.9929 0.1147
vn -0.1517 0.9858 -0.0714
vn -0.1054 0.9918 -0.0725
vn -0.3277 0.9448 -0.0005
vn 0.0048 0.9545 0.2980
vn 0.0326 0.9981 0.0515
vn 0.0694 0.9920 0.1059
vn -0.0249 0.9958 0.0882
vn -0.0068 0.9997 -0.0239
vn 0.1995 0.9798 0.0110
vn 0.0419 0.8954 0.4433
vn -0.0056 0.9859 0.1670
vn -0.0312 0.9885 0.1478
vn 0.0877 0.9961 -0.0097
vn 0.0962 0.9924 0.0764
vn 0.2532 0.9642 0.0788
vn -0.0074 0.9999 -0.0118
vn -0.0154 0.9972 0.0734
vn 0.0328 0.9967 0.0740
vn 0.0130 0.9891 -0.1465
vn 0.0078 0.9946 -0.1039
vn 0.0336 0.9927 -0.1154
vn 0.0276 0.9924 -0.1202
vn 0.0234 0.9997 0.0023
vn -0.0912 0.9958 0.0020
vn 0.1912 0.9800 -0.0557
vn 0.1302 0.9899 0.0564
vn 0.0872 0.9961 0.0159
vn 0.2212 0.9734 -0.0590
vn 0.2316 0.9585 -0.1662
vn 0.1367 0.9715 -0.1938
vn 0.0048 0.9980 -0.0630
vn 0.0143 0.9248 -0.3802
vn 0.0107 0.9313 -0.3641
vn 0.0051 0.9988 -0.0493
vn -0.0115 0.9219 -0.3872
vn 0.0002 0.9210 -0.3896
vn 0.0098 0.9995 0.0290
vn 0.0169 0.9998 -0.0079
vn 0.0108 0.9998 -0.0179
vn 0.0276 0.9939 0.1063
vn -0.0044 0.9848 0.1736
vn -0.0224 0.9889 0.1471
vn 0.0237 0.9984 0.0514
vn 0.0646 0.9753 0.2111
vn 0.0459 0.9761 0.2124
vn -0.0320 0.9824 -0.1843
vn -0.0275 0.9973 -0.0681
vn 0.0172 0.9993 -0.0341
vn 0.0804 0.9928 0.0886
vn 0.0721 0.9714 0.2262
vn 0.1502 0.9446 0.2918
vn -0.0132 0.9978 0.0652
vn 0.0140 0.9839 0.1782
vn 0.0553 0.9746 0.2169
vn 0.0224 0.9858 -0.1663
vn 0.0089 0.9973 -0.0726
vn 0.0115 0.9958 -0.0907
vn 0.1018 0.9948 -0.0031
vn 0.0477 0.9982 -0.0358
vn 0.1221 0.9763 -0.1785
vn 0.2718 0.9485 0.1629
vn 0.1829 0.9693 0.1645
vn 0.0729 0.9971 0.0236
vn 0.2170 0.9167 0.3355
vn 0.2564 0.9269 0.2742
vn 0.2524 0.9298 0.2679
vn -0.1816 0.9478 0.2621
vn -0.1987 0.9354 0.2926
vn -0.2436 0.9206 0.3053
vn -0.0707 0.9450 0.3194
vn -0.0632 0.9700 0.2347
vn -0.1065 0.9562 0.2726
vn 0.0435 0.9914 0.1231
vn -0.0209 0.9187 0.3943
vn -0.0594 0.9447 0.3226
vn 0.0498 0.9978 0.0439
vn 0.0255 0.9914 0.1282
vn 0.1006 0.9888 0.1099
vn -0.1374 0.9826 0.1248
vn -0.2645 0.9356 0.2339
vn -0.0488 0.9877 0.1484
vn -0.0248 0.9962 -0.0833
vn -0.0701 0.9973 -0.0240
vn -0.0190 0.9989 -0.0437
vn -0.0369 0.9969 0.0702
vn 0.0023 0.9849 0.1732
vn 0.0667 0.9700 0.2338
vn -0.1674 0.9858 -0.0133
vn -0.1019 0.9928 0.0635
vn -0.0484 0.9915 0.1207
vn -0.1964 0.9514 -0.2371
vn -0.2092 0.9697 -0.1265
vn -0.1401 0.9861 -0.0892
vn 0.1490 0.8864 0.4383
vn 0.0949 0.9464 0.3088
vn 0.1434 0.9449 0.2944
vn 0.1146 0.8979 0.4249
vn 0.2610 0.9171 0.3013
vn 0.1184 0.9234 0.3652
vn -0.0448 0.9845 0.1698
vn 0.0293 0.9538 0.2991
vn 0.0901 0.9178 0.3867
vn 0.0717 0.9068 0.4154
vn 0.0225 0.9778 0.2081
vn -0.0339 0.9786 0.2030
vn 0.1417 0.8951 0.4228
vn 0.1574 0.9430 0.2931
vn 0.1047 0.9614 0.2545
vn 0.1535 0.9037 0.3997
vn 0.1384 0.8868 0.4410
vn 0.1455 0.8994 0.4122
vn -0.0357 0.9989 0.0298
vn -0.0817 0.9966 0.0092
vn -0.3111 0.9482 -0.0639
vn -0.0259 0.9960 0.0851
vn -0.0445 0.9964 0.0723
vn -0.0567 0.9973 0.0476
vn 0.0689 0.9967 -0.0425
vn 0.0078 0.9992 0.0401
vn 0.0014 1.0000 -0.0039
vn -0.2379 0.9309 -0.2770
vn -0.1951 0.9381 -0.2860
vn -0.1700 0.9626 -0.2111
vn -0.1553 0.9604 -0.2312
vn -0.2057 0.9195 -0.3349
vn -0.1851 0.9330 -0.3086
vn -0.0572 0.9982 0.0172
vn -0.0606 0.9937 -0.0948
vn -0.1633 0.9758 -0.1456
vn -0.1000 0.9943 0.0375
vn -0.0278 0.9965 0.0791
vn 0.0405 0.9821 0.1839
vn -0.2262 0.9654 -0.1295
vn -0.1211 0.9866 -0.1090
vn -0.0746 0.9971 -0.0122
vn -0.2608 0.9479 -0.1832
vn -0.2789 0.9476 -0.1557
vn -0.2226 0.9654 -0.1359
vn -0.1066 0.9911 0.0796
vn -0.2318 0.9696 0.0784
vn -0.0910 0.9958 0.0034
vn -0.1755 0.9839 0.0347
vn -0.1289 0.9877 0.0882
vn -0.1089 0.9853 0.1316
vn -0.0911 0.9915 -0.0929
vn -0.1609 0.9846 -0.0686
vn -0.1778 0.9751 -0.1326
vn -0.2032 0.9495 -0.2391
vn -0.1097 0.9032 -0.4150
vn -0.1491 0.9134 -0.3789
vn 0.0048 0.9242 -0.3819
vn -0.0867 0.9724 -0.2168
vn -0.1259 0.9300 -0.3453
vn -0.0576 0.9973 0.0449
vn -0.0051 0.9975 -0.0702
vn -0.1120 0.9917 -0.0624
vn 0.1164 0.9779 0.1737
vn 0.3408 0.9400 -0.0150
vn 0.1261 0.9889 0.0786
vn -0.1035 0.9625 -0.2506
vn -0.0693 0.9572 -0.2810
vn 0.0284 0.9871 -0.1578
vn -0.1066 0.9942 -0.0161
vn -0.1021 0.9946 -0.0176
vn -0.3103 0.9506 -0.0061
vn 0.0101 0.9990 0.0436
vn 0.0063 0.9997 -0.0223
vn -0.0078 0.9997 -0.0239
vn -0.0021 0.9981 0.0609
vn -0.0050 0.9999 -0.0095
vn 0.0029 0.9998 -0.0188
vn -0.0787 0.9830 0.1659
vn -0.0238 0.9925 0.1203
vn 0.0044 0.9876 0.1567
vn -0.0918 0.9487 -0.3025
vn -0.1661 0.9615 -0.2190
vn -0.0787 0.9730 -0.2169
vn -0.1312 0.9776 -0.1648
vn -0.1835 0.9792 -0.0863
vn -0.1877 0.9703 -0.1528
vn -0.0310 0.9931 -0.1131
vn -0.0788 0.9750 -0.2077
vn -0.0451 0.9648 -0.2592
vn 0.0163 0.9291 -0.3696
vn 0.0195 0.9949 -0.0993
vn 0.0119 0.9927 -0.1202
vn -0.0848 0.9151 -0.3943
vn -0.0583 0.9881 -0.1425
vn 0.0050 0.9953 -0.0971
vn -0.0913 0.9801 -0.1764
vn -0.0890 0.9313 -0.3531
vn -0.0812 0.9508 -0.2991
vn -0.0531 0.9978 -0.0397
vn -0.0373 0.9992 0.0130
vn 0.0331 0.9989 0.0330
vn -0.2504 0.9678 -0.0267
vn -0.2691 0.9629 -0.0198
vn -0.2337 0.9723 -0.0105
vn -0.2212 0.9650 -0.1406
vn -0.2314 0.9668 -0.1087
vn -0.2051 0.9671 -0.1503
vn -0.0017 0.9683 0.2500
vn -0.0179 0.9625 0.2708
vn 0.0605 0.9683 0.2423
vn -0.1998 0.9629 0.1812
vn -0.1504 0.9638 0.2202
vn -0.1090 0.9576 0.2668
vn -0.1908 0.9573 -0.2170
vn -0.1609 0.9636 0.2134
vn -0.1265 0.9865 0.1041
vn 0.0654 0.9977 -0.0194
vn 0.0074 0.9999 0.0111
vn 0.0031 0.9993 -0.0366
vn 0.1301 0.9838 0.1230
vn 0.0611 0.9832 0.1721
vn 0.0236 0.9965 0.0803
vn 0.1529 0.9784 0.1389
vn 0.1925 0.9715 0.1384
vn 0.1712 0.9820 0.0802
vn -0.2241 0.9342 -0.2777
vn -0.1349 0.9887 -0.0657
vn -0.1047 0.9930 -0.0553
vn -0.0100 0.9997 -0.0201
vn -0.1827 0.9696 -0.1630
vn -0.2450 0.9519 -0.1840
vn 0.3724 0.9270 0.0454
vn 0.1834 0.9756 0.1205
vn 0.0114 0.9960 -0.0884
vn -0.1121 0.9120 0.3946
vn -0.0306 0.9748 0.2211
vn -0.0946 0.9547 0.2822
vn -0.0614 0.9924 0.1066
vn -0.0277 0.9900 0.1385
vn -0.0303 0.9824 0.1842
vn -0.2974 0.9542 0.0316
vn -0.1812 0.9643 0.1929
vn -0.2113 0.9496 0.2317
vn -0.0012 0.9187 0.3950
vn 0.0310 0.9058 0.4226
vn 0.0918 0.8942 0.4382
vn -0.0649 0.8973 0.4366
vn -0.0649 0.9360 0.3459
vn -0.0368 0.9232 0.3825
vn -0.1397 0.9893 -0.0409
vn -0.0900 0.9783 0.1864
vn -0.0404 0.9694 0.2422
vn -0.1971 0.9701 0.1415
vn -0.2384 0.9399 0.2443
vn -0.1296 0.9662 0.2230
vn -0.2509 0.9492 0.1902
vn -0.2018 0.9638 0.1744
vn -0.2851 0.9356 0.2082
vn -0.3019 0.9529 -0.0289
vn -0.2880 0.9550 0.0716
vn -0.2708 0.9611 0.0547
vn -0.1720 0.9842 0.0421
vn -0.1549 0.9831 0.0972
vn -0.1258 0.9835 0.1299
vn -0.1692 0.9855 0.0141
vn -0.1451 0.9889 0.0327
vn -0.1727 0.9827 0.0669
vn -0.1720 0.9792 0.1080
vn -0.1704 0.9845 0.0411
vn -0.2172 0.9750 0.0470
vn -0.1059 0.9850 0.1361
vn -0.2134 0.9687 0.1271
vn -0.0211 0.9945 0.1028
vn -0.1761 0.9759 0.1287
vn -0.0912 0.9827 0.1609
vn -0.0304 0.9845 0.1726
vn -0.1368 0.9734 0.1837
vn -0.2424 0.9701 0.0128
vn -0.0439 0.9988 0.0219
vn -0.0272 0.9978 0.0607
vn -0.0052 0.9994 0.0329
vn -0.0061 0.9995 0.0322
vn -0.2395 0.9707 -0.0171
vn -0.1852 0.9825 0.0226
vn -0.2148 0.9760 0.0357
vn -0.2448 0.9671 -0.0684
vn -0.2756 0.9594 -0.0598
vn -0.2585 0.9657 -0.0258
vn -0.0760 0.9935 -0.0850
vn -0.1103 0.9930 -0.0421
vn -0.3398 0.9367 -0.0851
vn -0.2303 0.9731 0.0090
vn -0.2835 0.9590 0.0054
vn -0.2580 0.9658 -0.0275
vn -0.1631 0.9866 0.0097
vn -0.1810 0.9832 -0.0241
vn -0.2228 0.9741 -0.0397
vn -0.0916 0.9943 -0.0554
vn 0.0159 0.9995 -0.0266
vn 0.1878 0.9783 0.0874
vn -0.2495 0.9327 -0.2604
vn -0.2045 0.9703 -0.1293
vn -0.1108 0.9884 -0.1043
vn -0.1085 0.9913 -0.0746
vn -0.2169 0.9560 -0.1977
vn -0.3035 0.9292 -0.2110
vn 0.0664 0.9811 -0.1816
vn 0.1460 0.9423 -0.3013
vn 0.2210 0.9595 -0.1745
vn -0.1250 0.9671 -0.2216
vn -0.1176 0.9158 -0.3840
vn -0.0294 0.9532 -0.3009
vn -0.0599 0.9972 0.0457
vn -0.0743 0.9943 -0.0766
vn -0.0653 0.9966 -0.0502
vn 0.2538 0.9220 0.2922
vn 0.1802 0.9346 0.3067
vn 0.0629 0.9776 0.2010
vn 0.1197 0.9712 0.2060
vn 0.1835 0.8636 0.4697
vn 0.1346 0.8811 0.4533
vn -0.0324 0.9703 -0.2397
vn 0.0343 0.9978 -0.0566
vn 0.1443 0.9889 0.0368
vn -0.0387 0.9991 0.0198
vn -0.0596 0.9935 0.0965
vn -0.0415 0.9959 0.0810
vn 0.0488 0.9953 0.0831
vn 0.0144 0.9854 0.1698
vn -0.0491 0.9908 0.1260
vn 0.1054 0.9937 -0.0374
vn 0.0716 0.9974 0.0110
vn 0.0317 0.9993 -0.0210
vn 0.1787 0.9838 -0.0115
vn 0.2470 0.9673 0.0577
vn 0.3525 0.9327 0.0768
vn -0.0167 0.9908 -0.1341
vn 0.0406 0.9990 -0.0211
vn 0.1133 0.9935 0.0059
vn -0.1954 0.9345 -0.2976
vn -0.1117 0.9660 -0.2333
vn 0.0023 0.9910 -0.1341
vn 0.0152 0.9286 0.3707
vn -0.0841 0.9826 0.1656
vn -0.2005 0.9530 0.2270
vn 0.1486 0.8548 0.4972
vn 0.1235 0.9255 0.3580
vn -0.0129 0.9720 0.2344
vn 0.0528 0.9881 0.1445
vn 0.0780 0.9461 0.3142
vn 0.1699 0.9220 0.3481
vn -0.0898 0.9922 0.0865
vn -0.0388 0.9382 0.3438
vn 0.0870 0.9073 0.4114
vn -0.1927 0.9744 0.1155
vn -0.2195 0.9307 0.2926
vn -0.1464 0.9446 0.2938
vn 0.0957 0.9653 -0.2431
vn -0.1288 0.9887 -0.0773
vn -0.1338 0.9814 -0.1378
vn -0.1722 0.9575 -0.2313
vn -0.2495 0.9339 -0.2560
vn -0.1976 0.9541 -0.2251
vn -0.0151 0.9993 -0.0347
vn -0.0742 0.9968 -0.0309
vn -0.1948 0.9645 -0.1783
vn 0.1076 0.9935 -0.0369
vn 0.0580 0.9974 -0.0427
vn 0.0842 0.9781 -0.1905
vn -0.2399 0.9694 -0.0525
vn -0.1422 0.9877 -0.0649
vn -0.0299 0.9972 0.0683
vn -0.2290 0.9618 -0.1499
vn -0.2695 0.9223 -0.2769
vn -0.2334 0.9544 -0.1863
vn -0.1138 0.9935 0.0005
vn -0.1356 0.9908 0.0044
vn -0.4077 0.9129 -0.0198
vn 0.1420 0.9377 0.3170
vn 0.2486 0.8658 0.4343
vn 0.1785 0.8733 0.4532
vn -0.0361 0.9923 0.1182
vn 0.0734 0.9784 0.1934
vn 0.1800 0.9299 0.3209
vn -0.1552 0.9793 -0.1296
vn -0.1100 0.9939 -0.0022
vn -0.0279 0.9981 0.0552
vn -0.1206 0.9861 0.1144
vn -0.1648 0.9845 0.0609
vn -0.1630 0.9856 0.0446
vn -0.1067 0.9731 0.2042
vn -0.0914 0.9951 0.0376
vn -0.1418 0.9882 0.0587
vn -0.0740 0.9845 0.1589
vn -0.0931 0.9787 0.1830
vn -0.0781 0.9853 0.1521
vn 0.0543 0.9806 -0.1883
vn 0.0721 0.9945 -0.0761
vn 0.0807 0.9932 -0.0843
vn 0.0285 0.9758 -0.2167
vn 0.0213 0.9800 -0.1979
vn 0.1172 0.9830 -0.1411
vn -0.0581 0.9797 -0.1920
vn -0.0065 0.9550 -0.2966
vn -0.0052 0.9746 -0.2239
vn -0.1050 0.9901 0.0931
vn -0.0151 0.9944 -0.1041
vn 0.0005 0.9997 -0.0237
vn 0.0300 0.9971 -0.0703
vn 0.0480 0.9925 -0.1121
vn -0.0112 0.9908 -0.1347
vn -0.1234 0.9839 0.1293
vn -0.0541 0.9959 0.0730
vn -0.1034 0.9841 0.1443
vn 0.0117 0.9979 -0.0635
vn 0.0200 0.9841 -0.1764
vn 0.0437 0.9861 -0.1601
vn -0.0148 0.9982 -0.0586
vn -0.0465 0.9918 -0.1194
vn -0.0196 0.9872 -0.1580
vn -0.0219 0.9989 0.0419
vn -0.0040 1.0000 -0.0072
vn -0.0069 1.0000 0.0017
vn -0.0848 0.9905 -0.1082
vn -0.0929 0.9832 -0.1574
vn -0.0625 0.9880 -0.1412
vn -0.1272 0.9907 -0.0476
vn -0.1746 0.9796 -0.0994
vn -0.1408 0.9792 -0.1459
vn -0.0803 0.9926 -0.0908
vn -0.1014 0.9938 -0.0446
vn -0.0867 0.9942 -0.0639
vn -0.0164 0.9754 -0.2199
vn -0.0100 0.9808 -0.1949
vn 0.0057 0.9821 -0.1884
vn -0.0387 0.9822 -0.1839
vn -0.1097 0.9776 -0.1799
vn -0.0241 0.9759 -0.2167
vn 0.0550 0.9722 -0.2277
vn 0.0149 0.9787 -0.2046
vn 0.0125 0.9629 -0.2697
vn 0.0179 0.9807 -0.1947
vn -0.0840 0.9896 -0.1166
vn 0.0380 0.9720 -0.2320
vn -0.1450 0.9828 -0.1142
vn -0.1759 0.9844 0.0101
vn -0.1190 0.9928 -0.0164
vn -0.0291 0.9966 -0.0770
vn -0.0810 0.9680 0.2374
vn -0.0359 0.9838 0.1756
vn -0.0988 0.9745 0.2016
vn -0.0980 0.9691 0.2265
vn -0.0974 0.9708 0.2194
vn -0.1286 0.9746 0.1833
vn -0.0757 0.9876 0.1376
vn -0.0910 0.9759 0.1983
vn -0.1803 0.9745 0.1336
vn -0.1612 0.9761 0.1458
vn -0.1363 0.9750 0.1754
vn -0.1153 0.9693 0.2174
vn -0.0765 0.9804 0.1815
vn -0.0704 0.9810 0.1807
vn -0.0764 0.9777 0.1955
vn -0.0871 0.9761 0.1989
vn -0.0784 0.9797 0.1847
vn 0.0783 0.9935 -0.0825
vn -0.0427 0.9668 0.2520
vn -0.0281 0.9810 0.1917
vn -0.0205 0.9979 0.0608
vn -0.0074 0.9923 0.1236
vn -0.0004 0.9925 0.1224
vn -0.0662 0.9958 0.0628
vn -0.1329 0.9807 0.1432
vn -0.0342 0.9941 0.1033
vn -0.0394 0.9992 -0.0059
vn -0.0462 0.9984 0.0322
vn -0.0388 0.9992 0.0109
vn 0.0811 0.9835 0.1614
vn 0.1469 0.9868 0.0682
vn 0.1201 0.9888 0.0886
vn 0.0836 0.9925 0.0891
vn 0.0965 0.9947 -0.0346
vn 0.1147 0.9933 0.0102
vn -0.0861 0.9717 0.2198
vn 0.0478 0.9873 0.1517
vn 0.0355 0.9796 0.1979
vn -0.0584 0.9650 0.2558
vn -0.0439 0.9923 0.1159
vn -0.0790 0.9845 0.1567
vn 0.0541 0.9644 0.2588
vn 0.0545 0.9948 0.0857
vn -0.0023 0.9960 0.0894
vn 0.0036 0.9427 0.3335
vn 0.0328 0.9352 0.3526
vn 0.0176 0.9377 0.3469
vn -0.0813 0.9915 0.1017
vn -0.0826 0.9962 -0.0288
vn -0.1618 0.9857 -0.0467
vn -0.0168 0.9993 0.0324
vn -0.0018 1.0000 -0.0005
vn -0.0212 0.9998 -0.0066
vn -0.1501 0.9609 0.2327
vn -0.0737 0.9872 0.1411
vn -0.0917 0.9715 0.2186
vn -0.0951 0.9635 -0.2503
vn -0.0899 0.9740 -0.2080
vn -0.0460 0.9714 -0.2329
vn -0.1089 0.9800 -0.1665
vn -0.1819 0.9711 -0.1547
vn -0.1725 0.9660 -0.1927
vn -0.0097 0.9995 -0.0285
vn -0.0436 0.9929 -0.1103
vn -0.0847 0.9838 -0.1578
vn 0.0065 0.9994 -0.0327
vn 0.1061 0.9887 -0.1058
vn 0.1233 0.9909 -0.0539
vn -0.0630 0.9810 -0.1837
vn -0.0898 0.9536 -0.2873
vn 0.0662 0.9686 -0.2395
vn -0.1211 0.9910 -0.0567
vn -0.0888 0.9923 -0.0867
vn -0.1096 0.9911 -0.0760
vn -0.0939 0.9900 -0.1057
vn -0.0042 0.9992 -0.0406
vn 0.0363 0.9990 -0.0270
vn -0.1898 0.9783 -0.0830
vn -0.2165 0.9739 -0.0679
vn -0.2120 0.9751 -0.0644
vn -0.2001 0.9753 -0.0935
vn -0.1882 0.9799 -0.0664
vn -0.1476 0.9878 -0.0501
vn -0.1253 0.9859 0.1109
vn -0.1561 0.9651 0.2101
vn -0.0471 0.9718 0.2311
vn -0.1972 0.9785 0.0607
vn -0.1925 0.9682 0.1599
vn -0.1574 0.9737 0.1649
vn -0.2279 0.9715 0.0655
vn -0.2092 0.9748 0.0774
vn -0.2616 0.9629 0.0666
vn -0.0051 0.9997 -0.0221
vn -0.0404 0.9992 -0.0076
vn -0.0553 0.9979 -0.0342
vn -0.0067 0.9998 0.0199
vn -0.0969 0.9879 0.1208
vn -0.0242 0.9995 0.0219
vn 0.1308 0.9822 -0.1345
vn 0.0149 0.9997 -0.0202
vn 0.0928 0.9882 -0.1222
vn -0.0435 0.9918 -0.1205
vn -0.0169 0.9452 -0.3261
vn -0.0055 0.9477 -0.3191
vn -0.0828 0.9409 -0.3284
vn -0.0723 0.9877 -0.1384
vn -0.1516 0.9601 -0.2351
vn -0.0352 0.9951 -0.0921
vn -0.0697 0.9699 -0.2333
vn -0.1896 0.9370 -0.2933
vn -0.0381 0.9973 -0.0624
vn 0.0074 0.9993 0.0361
vn 0.0646 0.9963 0.0558
vn -0.0399 0.9981 -0.0471
vn -0.0741 0.9969 0.0281
vn -0.0612 0.9981 0.0082
vn -0.0793 0.9502 -0.3016
vn -0.0615 0.9935 -0.0960
vn -0.0455 0.9973 -0.0572
vn 0.1843 0.9632 0.1955
vn 0.1841 0.9653 0.1852
vn 0.0638 0.9950 0.0771
vn 0.0627 0.9959 0.0655
vn 0.0780 0.9956 0.0516
vn 0.1913 0.9664 0.1719
vn 0.0102 0.9845 -0.1749
vn 0.0332 0.9988 -0.0356
vn 0.0688 0.9972 -0.0291
vn 0.0144 0.9999 -0.0074
vn 0.0034 0.9999 0.0102
vn 0.0046 1.0000 0.0036
vn 0.0488 0.9981 0.0383
vn 0.0188 0.9986 0.0503
vn 0.0059 0.9997 0.0239
vn 0.0620 0.9974 -0.0363
vn 0.0642 0.9979 0.0094
vn 0.0580 0.9983 -0.0096
vn -0.1469 0.9832 0.1081
vn -0.2277 0.9733 0.0298
vn -0.3305 0.9436 -0.0205
vn -0.0983 0.9723 0.2122
vn -0.1233 0.9780 0.1684
vn -0.1817 0.9762 0.1182
vn -0.0296 0.9611 0.2747
vn -0.0712 0.9718 0.2248
vn -0.0730 0.9768 0.2015
vn -0.3171 0.9476 -0.0395
vn -0.2977 0.9537 0.0435
vn -0.0924 0.9938 0.0625
vn -0.1071 0.9940 -0.0218
vn -0.1145 0.9932 -0.0224
vn -0.1007 0.9949 0.0003
vn -0.0169 0.9998 -0.0141
vn -0.0638 0.9978 -0.0203
vn -0.0929 0.9929 -0.0742
vn 0.0067 0.9635 -0.2676
vn -0.0035 0.9998 -0.0208
vn 0.0067 0.9997 -0.0213
vn 0.1012 0.9880 -0.1170
vn 0.0021 1.0000 -0.0091
vn -0.0034 0.9999 -0.0154
vn 0.0714 0.9873 -0.1417
vn 0.1417 0.9720 -0.1876
vn 0.0835 0.9824 -0.1673
vn 0.1828 0.9734 0.1384
vn 0.1572 0.9875 -0.0117
vn 0.1191 0.9925 -0.0274
vn 0.0232 0.9992 -0.0331
vn 0.0447 0.9977 -0.0514
vn 0.2217 0.9747 -0.0271
vn -0.0004 0.9999 0.0161
vn 0.0069 1.0000 0.0014
vn 0.0049 0.9998 0.0200
vn -0.0108 0.9957 0.0924
vn 0.0052 1.0000 -0.0052
vn -0.0066 0.9992 0.0394
vn 0.0811 0.9870 0.1391
vn 0.0648 0.9965 -0.0533
vn 0.0280 0.9986 -0.0441
vn 0.0524 0.9777 0.2032
vn 0.0863 0.9788 0.1858
vn 0.0711 0.9842 0.1622
vn 0.1779 0.9734 0.1443
vn 0.1604 0.9871 -0.0009
vn 0.1437 0.9892 -0.0289
vn 0.0143 0.9994 -0.0323
vn 0.0280 0.9994 -0.0180
vn 0.2083 0.9780 -0.0073
vn -0.0399 0.9992 0.0068
vn -0.0149 0.9999 -0.0024
vn -0.0020 0.9994 0.0343
vn -0.0388 0.9952 -0.0901
vn -0.0962 0.9890 -0.1124
vn -0.2074 0.9431 -0.2598
vn 0.0265 0.9985 0.0471
vn -0.0258 0.9997 -0.0008
vn -0.0743 0.9955 -0.0596
vn 0.0396 0.9992 0.0037
vn 0.0486 0.9987 0.0134
vn 0.1345 0.9872 -0.0853
vn -0.0491 0.9315 -0.3605
vn -0.0190 0.9756 -0.2189
vn 0.0419 0.9891 -0.1414
vn -0.1416 0.9605 -0.2394
vn -0.1689 0.9263 -0.3369
vn -0.0768 0.9582 -0.2758
vn -0.0082 0.9801 -0.1983
vn -0.0575 0.9469 -0.3164
vn -0.0685 0.9499 -0.3051
vn 0.0465 0.9663 0.2531
vn 0.0087 0.9978 0.0657
vn -0.0585 0.9979 -0.0294
vn 0.0830 0.9893 0.1200
vn 0.1268 0.9753 0.1811
vn 0.0545 0.9900 0.1302
vn -0.0119 0.9999 -0.0110
vn -0.0016 0.9998 0.0194
vn 0.0162 0.9994 0.0294
vn -0.2209 0.9737 -0.0556
vn -0.2003 0.9796 0.0182
vn -0.0225 0.9996 0.0180
vn -0.0797 0.9965 0.0265
vn -0.1420 0.9894 0.0289
vn -0.1544 0.9879 0.0155
vn 0.0717 0.9944 0.0771
vn 0.0073 0.9996 0.0272
vn -0.0587 0.9968 -0.0541
vn 0.0145 0.9988 0.0458
vn 0.0352 0.9980 0.0527
vn 0.0217 0.9988 0.0432
vn -0.0157 0.9999 -0.0048
vn -0.0008 0.9997 0.0241
vn 0.0197 0.9991 0.0375
vn -0.1384 0.9825 -0.1248
vn -0.0403 0.9991 -0.0144
vn -0.0204 0.9998 0.0052
vn 0.0703 0.9588 -0.2752
vn 0.0147 0.9771 -0.2121
vn -0.0037 0.9571 -0.2899
vn 0.0692 0.9775 -0.1993
vn 0.0236 0.9963 -0.0821
vn 0.0251 0.9903 -0.1366
vn 0.0219 0.9982 -0.0556
vn 0.0632 0.9610 0.2693
vn 0.0589 0.9416 0.3314
vn -0.0293 0.9980 -0.0564
vn 0.0019 0.9990 -0.0446
vn 0.0202 0.9993 -0.0316
vn -0.0181 0.9867 -0.1615
vn 0.0101 0.9976 -0.0689
vn -0.0241 0.9969 -0.0752
vn -0.0143 0.9980 -0.0610
vn -0.0529 0.9921 -0.1137
vn -0.0716 0.9881 -0.1364
vn -0.0621 0.9971 0.0445
vn -0.0291 0.9812 0.1908
vn -0.1117 0.9868 0.1172
vn 0.0202 0.9996 0.0192
vn 0.0369 0.9990 -0.0253
vn 0.1428 0.9879 0.0608
vn -0.0115 0.9801 -0.1981
vn -0.0023 0.9977 -0.0684
vn 0.0314 0.9978 -0.0588
vn -0.1182 0.9919 -0.0467
vn -0.0757 0.9970 0.0178
vn -0.0598 0.9979 0.0248
vn -0.2331 0.9546 -0.1855
vn -0.3425 0.9365 -0.0750
vn -0.1346 0.9901 -0.0409
vn 0.0018 0.9995 -0.0303
vn -0.0913 0.9946 -0.0496
vn -0.3206 0.9355 -0.1484
vn -0.0385 0.9989 -0.0275
vn 0.0216 0.9983 -0.0550
vn 0.0264 0.9996 -0.0130
vn -0.0299 0.9969 -0.0734
vn -0.0261 0.9881 -0.1518
vn -0.0149 0.9932 -0.1153
vn -0.2226 0.9662 -0.1300
vn -0.0607 0.9979 -0.0241
vn -0.0621 0.9980 0.0069
vn -0.0022 0.9940 0.1096
vn 0.0689 0.9880 0.1381
vn 0.1802 0.9508 0.2520
vn -0.0072 0.9985 0.0542
vn 0.0154 0.9997 0.0176
vn 0.0242 0.9975 0.0668
vn -0.0501 0.9982 0.0317
vn -0.0235 0.9977 0.0639
vn -0.0245 0.9971 0.0719
vn 0.0338 0.9957 0.0868
vn 0.0668 0.9941 0.0851
vn 0.0760 0.9907 0.1131
vn -0.0047 0.9995 0.0310
vn 0.0272 0.9995 0.0156
vn 0.0438 0.9980 0.0459
vn -0.0348 0.9985 -0.0428
vn -0.0329 0.9994 -0.0038
vn -0.0154 0.9997 0.0213
vn -0.0009 0.9961 -0.0886
vn -0.1594 0.9741 -0.1603
vn -0.2040 0.9426 -0.2644
vn 0.0737 0.9965 0.0382
vn 0.0313 0.9983 0.0499
vn -0.0206 0.9998 -0.0054
vn 0.0549 0.9985 -0.0038
vn 0.0803 0.9968 -0.0046
vn 0.0914 0.9958 0.0005
vn -0.1509 0.9536 -0.2607
vn -0.0027 0.9864 -0.1642
vn 0.0012 0.9885 -0.1512
vn -0.1014 0.9341 -0.3423
vn -0.1318 0.9603 -0.2460
vn -0.0597 0.9759 -0.2097
vn -0.0184 0.9992 -0.0366
vn -0.0560 0.9907 -0.1240
vn -0.0910 0.9873 -0.1305
vn 0.2089 0.9742 -0.0857
vn 0.0919 0.9867 -0.1338
vn 0.0478 0.9647 -0.2590
vn -0.0130 0.9798 -0.1997
vn -0.0103 0.9996 -0.0248
vn 0.0054 0.9993 -0.0382
vn -0.1122 0.9906 -0.0789
vn -0.0414 0.9850 -0.1673
vn -0.0812 0.9787 -0.1885
vn -0.1605 0.9706 -0.1795
vn -0.2892 0.9545 -0.0732
vn -0.0843 0.9953 -0.0468
vn -0.0200 0.9991 -0.0382
vn -0.0205 0.9987 -0.0466
vn -0.0465 0.9971 -0.0598
vn -0.0221 0.9991 -0.0365
vn -0.0285 0.9983 -0.0500
vn -0.0135 0.9987 -0.0490
vn 0.3008 0.9537 0.0049
vn 0.3072 0.9486 0.0757
vn 0.0950 0.9934 0.0647
vn -0.1650 0.9595 -0.2285
vn -0.0092 0.9997 0.0241
vn 0.0659 0.9949 0.0761
vn -0.0485 0.9908 -0.1262
vn -0.1781 0.9595 -0.2184
vn -0.0425 0.9457 -0.3222
vn -0.0242 0.9922 0.1220
vn 0.0988 0.9936 -0.0553
vn 0.1051 0.9907 0.0869
vn 0.0686 0.9963 -0.0514
vn 0.1540 0.9513 -0.2670
vn 0.1000 0.9791 -0.1771
vn 0.0136 0.9480 0.3181
vn 0.0020 0.9840 0.1782
vn -0.0440 0.9759 0.2138
vn 0.0145 0.9944 -0.1051
vn -0.0360 0.9976 -0.0588
vn -0.0157 0.9970 -0.0758
vn 0.0418 0.9990 0.0130
vn -0.0104 0.9981 0.0614
vn -0.0326 0.9994 -0.0109
vn 0.1371 0.9717 -0.1924
vn 0.0630 0.9953 -0.0739
vn 0.1280 0.9819 -0.1397
vn 0.1476 0.9311 -0.3336
vn 0.1169 0.9852 -0.1253
vn 0.2060 0.9555 -0.2113
vn 0.0343 0.9645 -0.2617
vn 0.0134 0.9963 -0.0846
vn 0.0464 0.9944 -0.0946
vn 0.0791 0.9764 -0.2008
vn 0.0555 0.9120 -0.4064
vn 0.0696 0.9194 -0.3871
vn 0.0767 0.9852 -0.1536
vn 0.1537 0.9844 -0.0856
vn 0.2288 0.9710 -0.0686
vn 0.0347 0.9781 -0.2050
vn 0.0124 0.9912 -0.1320
vn 0.0547 0.9896 -0.1332
vn 0.1293 0.9766 -0.1719
vn 0.1356 0.9539 -0.2676
vn 0.0188 0.9362 -0.3510
vn 0.1145 0.9605 0.2538
vn 0.1175 0.9794 0.1643
vn 0.0266 0.9955 0.0913
vn 0.0875 0.9712 0.2216
vn 0.0485 0.9517 0.3031
vn 0.0203 0.9642 0.2644
vn 0.0015 0.9998 0.0212
vn 0.0509 0.9826 0.1785
vn 0.0978 0.9735 0.2065
vn 0.0235 0.9982 0.0547
vn 0.0113 0.9913 0.1310
vn 0.0073 0.9934 0.1140
vn 0.0213 0.9364 0.3504
vn 0.0269 0.9928 0.1170
vn 0.0163 0.9916 0.1284
vn 0.1664 0.9581 -0.2333
vn 0.0362 0.9992 -0.0179
vn 0.2993 0.9539 -0.0228
vn -0.0365 0.9991 -0.0213
vn -0.0496 0.9965 0.0677
vn -0.0313 0.9987 0.0394
vn -0.1450 0.9888 0.0358
vn -0.1520 0.9884 0.0047
vn -0.0961 0.9943 0.0452
vn 0.0716 0.9955 -0.0623
vn -0.0443 0.9990 -0.0081
vn -0.0719 0.9911 -0.1117
vn -0.1489 0.9524 0.2660
vn -0.1268 0.9810 0.1467
vn -0.0813 0.9589 0.2719
vn -0.1310 0.9783 0.1603
vn 0.0009 0.9999 -0.0106
vn -0.0098 0.9996 0.0281
vn -0.1178 0.9920 0.0460
vn -0.1681 0.9599 0.2243
vn -0.0819 0.9872 0.1371
vn -0.0210 0.9914 0.1290
vn 0.0868 0.9415 0.3255
vn 0.1762 0.8974 0.4044
vn -0.1063 0.9882 0.1103
vn -0.2074 0.9518 0.2259
vn -0.0336 0.9761 0.2146
vn -0.0402 0.9970 0.0661
vn -0.0571 0.9950 0.0817
vn -0.0831 0.9953 0.0501
vn 0.2189 0.9575 -0.1881
vn 0.2235 0.9732 -0.0544
vn 0.3376 0.9412 -0.0081
vn 0.0082 0.9763 -0.2164
vn 0.0213 0.9790 -0.2027
vn 0.1082 0.9840 -0.1418
vn 0.0234 0.9997 0.0120
vn 0.0171 0.9542 -0.2987
vn -0.0080 0.9533 -0.3020
vn 0.0799 0.9445 0.3187
vn -0.0048 0.9963 0.0856
vn -0.0296 0.9975 0.0641
vn 0.1605 0.9371 0.3099
vn 0.1131 0.9175 0.3812
vn 0.1186 0.9695 0.2146
vn 0.0569 0.9966 -0.0595
vn 0.1096 0.9814 0.1573
vn 0.1878 0.9655 0.1802
vn 0.0862 0.9942 -0.0635
vn 0.0763 0.9967 0.0278
vn 0.1245 0.9921 0.0180
vn -0.0018 0.9999 -0.0141
vn -0.0306 0.9982 0.0525
vn 0.0102 0.9991 0.0410
vn 0.1108 0.9923 -0.0546
vn 0.0574 0.9965 -0.0611
vn 0.1020 0.9820 -0.1587
vn -0.0744 0.9967 0.0319
vn -0.0108 0.9350 0.3545
vn 0.0388 0.9153 0.4010
vn -0.0996 0.9945 -0.0315
vn -0.0507 0.9987 -0.0039
vn -0.1501 0.9722 0.1798
vn -0.0818 0.9913 -0.1032
vn -0.1114 0.9878 -0.1086
vn -0.2099 0.9538 -0.2148
vn 0.0425 0.9985 -0.0337
vn -0.0525 0.9913 -0.1205
vn -0.0752 0.9860 -0.1489
vn 0.1061 0.9911 0.0803
vn 0.0889 0.9952 0.0415
vn 0.0245 0.9990 -0.0387
vn 0.0164 0.9996 -0.0228
vn 0.0729 0.9969 0.0283
vn 0.1140 0.9908 0.0734
vn -0.0384 0.9983 -0.0430
vn 0.0152 0.9977 -0.0667
vn 0.0135 0.9990 -0.0425
vn -0.0725 0.9840 -0.1625
vn -0.0472 0.9901 -0.1323
vn -0.0085 0.9951 -0.0982
vn 0.0008 0.9818 0.1899
vn -0.0644 0.9970 -0.0429
vn -0.1172 0.9922 -0.0422
vn 0.0290 0.9995 0.0147
vn 0.0318 0.9995 -0.0032
vn -0.0196 0.9998 -0.0002
vn -0.0016 0.9992 -0.0395
vn 0.0683 0.9913 -0.1126
vn 0.0659 0.9971 -0.0393
vn -0.0356 0.9980 -0.0522
vn -0.0265 0.9296 0.3676
vn -0.0006 0.9282 0.3722
vn 0.0035 0.9655 -0.2603
vn -0.0040 0.9996 -0.0266
vn 0.0165 0.9995 -0.0270
vn 0.0167 0.9809 -0.1938
vn -0.0356 0.9993 -0.0149
vn -0.0257 0.9994 -0.0252
vn 0.1175 0.9737 -0.1952
vn 0.0935 0.9890 -0.1147
vn 0.0507 0.9783 -0.2009
vn 0.1635 0.9687 -0.1867
vn 0.1395 0.9846 -0.1055
vn 0.1129 0.9762 -0.1852
vn 0.1357 0.9591 -0.2486
vn 0.1138 0.9880 -0.1047
vn 0.1828 0.9751 -0.1256
vn -0.0024 0.9958 -0.0911
vn 0.0570 0.9701 -0.2360
vn 0.0772 0.9835 -0.1639
vn -0.0258 0.9886 0.1481
vn -0.0249 0.9996 -0.0115
vn -0.0548 0.9980 0.0317
vn 0.0644 0.9837 0.1680
vn 0.0810 0.9956 -0.0478
vn 0.0205 0.9984 -0.0528
vn 0.0086 0.9818 0.1900
vn 0.0226 0.9725 0.2317
vn 0.0477 0.9729 0.2264
vn -0.0866 0.9959 -0.0277
vn -0.1689 0.9847 -0.0425
vn -0.2220 0.9662 -0.1313
vn -0.0189 0.9975 0.0682
vn -0.0279 0.9979 0.0587
vn -0.0881 0.9957 0.0275
vn 0.0394 0.9970 -0.0672
vn 0.0018 1.0000 0.0041
vn 0.0024 0.9997 -0.0251
vn -0.0424 0.9963 -0.0749
vn -0.0306 0.9983 -0.0501
vn -0.0164 0.9990 -0.0415
vn -0.1618 0.9714 -0.1740
vn -0.1373 0.9827 -0.1241
vn -0.0515 0.9968 -0.0603
vn -0.1220 0.9874 -0.1006
vn -0.1247 0.9795 -0.1580
vn -0.1625 0.9699 -0.1813
vn -0.0802 0.9968 0.0036
vn -0.1211 0.9893 -0.0814
vn -0.1789 0.9749 -0.1329
vn 0.0492 0.9901 0.1315
vn 0.0174 0.9995 -0.0247
vn -0.0563 0.9967 -0.0581
vn 0.0289 0.9821 0.1860
vn 0.0578 0.9860 0.1563
vn 0.0476 0.9869 0.1543
vn 0.0048 0.9956 -0.0932
vn -0.0007 0.9986 -0.0533
vn 0.0026 0.9975 -0.0712
vn -0.0361 0.9948 -0.0957
vn -0.0437 0.9981 -0.0426
vn -0.0169 0.9989 -0.0430
vn -0.0022 0.9852 -0.1715
vn -0.0178 0.9490 -0.3147
vn -0.0535 0.9543 -0.2940
vn 0.0331 0.9977 -0.0588
vn 0.0399 0.9966 -0.0720
vn 0.0370 0.9970 -0.0685
vn 0.0096 0.9956 -0.0928
vn 0.0101 0.9967 -0.0804
vn 0.0340 0.9966 -0.0755
vn -0.0067 0.9998 -0.0209
vn 0.0061 0.9984 -0.0571
vn 0.0002 0.9987 -0.0505
vn 0.0523 0.9866 -0.1544
vn 0.0806 0.9694 -0.2317
vn 0.0658 0.9741 -0.2162
vn 0.0796 0.9693 -0.2326
vn 0.0811 0.9751 -0.2066
vn 0.0833 0.9718 -0.2206
vn 0.0055 0.9999 -0.0115
vn 0.0384 0.8999 0.4343
vn 0.0244 0.8801 0.4741
vn 0.0439 0.9719 -0.2312
vn -0.0209 0.9806 0.1951
vn 0.0142 0.9998 -0.0113
vn -0.0844 0.9916 0.0984
vn -0.1236 0.9655 0.2292
vn -0.0368 0.9669 0.2524
vn 0.0789 0.9795 -0.1854
vn 0.0469 0.9676 -0.2480
vn 0.1333 0.9652 -0.2252
vn 0.0557 0.9894 -0.1340
vn 0.0574 0.9898 -0.1304
vn 0.0434 0.9907 -0.1288
vn 0.0682 0.9868 -0.1471
vn 0.0389 0.9747 -0.2199
vn 0.1272 0.9731 -0.1923
vn 0.0745 0.9743 -0.2127
vn 0.0656 0.9851 -0.1589
vn 0.0669 0.9830 -0.1709
vn 0.1491 0.9883 0.0312
vn 0.1898 0.9789 0.0757
vn 0.1801 0.9808 0.0749
vn 0.0065 0.9945 -0.1041
vn 0.0756 0.9965 -0.0362
vn 0.1519 0.9880 0.0295
vn -0.1320 0.9819 -0.1358
vn -0.0620 0.9937 -0.0930
vn 0.0213 0.9992 -0.0337
vn -0.1307 0.9671 0.2181
vn -0.1726 0.9691 0.1764
vn -0.2039 0.9605 0.1896
vn 0.1715 0.8951 0.4115
vn 0.0637 0.9381 0.3404
vn 0.0069 0.9853 0.1707
vn 0.1431 0.9849 0.0970
vn 0.1867 0.9505 0.2484
vn 0.1795 0.9527 0.2452
vn -0.0717 0.9968 -0.0354
vn -0.0433 0.9934 0.1060
vn 0.0304 0.9852 0.1689
vn -0.0949 0.9955 0.0079
vn -0.1265 0.9874 0.0953
vn -0.0997 0.9920 0.0771
vn -0.0135 0.9990 -0.0430
vn -0.0594 0.9971 -0.0471
vn -0.0654 0.9951 -0.0745
vn -0.0076 0.9998 -0.0191
vn 0.0946 0.9765 0.1936
vn 0.2326 0.9138 0.3331
vn -0.1790 0.9733 -0.1438
vn -0.1212 0.9926 0.0094
vn -0.0174 0.9959 0.0891
vn -0.1843 0.9294 -0.3197
vn -0.2041 0.9460 -0.2518
vn -0.1472 0.9635 -0.2237
vn 0.4164 0.8842 0.2116
vn 0.2253 0.9729 -0.0528
vn -0.0395 0.9668 -0.2526
vn 0.2726 0.9404 0.2036
vn 0.3787 0.9073 0.1828
vn 0.3890 0.9100 0.1436
vn -0.0194 0.9971 0.0732
vn 0.1254 0.9862 0.1078
vn 0.3068 0.9086 0.2835
vn -0.2417 0.9357 -0.2568
vn -0.1524 0.9607 -0.2318
vn -0.1859 0.9542 -0.2343
vn -0.0707 0.9680 -0.2409
vn -0.1478 0.9303 -0.3356
vn -0.1430 0.9323 -0.3322
vn 0.2583 0.7861 0.5615
vn 0.1250 0.9596 0.2521
vn -0.1499 0.9864 0.0680
vn -0.0041 0.9671 -0.2543
vn -0.0410 0.9982 -0.0429
vn -0.0182 0.9978 -0.0643
vn 0.0577 0.9934 -0.0990
vn -0.1174 0.9876 0.1042
vn -0.0408 0.9991 -0.0106
vn 0.0978 0.9771 -0.1887
vn 0.1135 0.9661 -0.2321
vn 0.0870 0.9613 -0.2613
vn -0.2456 0.9452 0.2150
vn -0.1707 0.9818 -0.0830
vn -0.2575 0.9662 -0.0085
vn -0.0569 0.9983 0.0150
vn -0.0250 0.9969 -0.0750
vn -0.0968 0.9900 -0.1028
vn -0.2100 0.9488 0.2359
vn -0.1622 0.9632 0.2146
vn -0.2084 0.9336 0.2915
vn -0.1731 0.9825 0.0686
vn -0.2605 0.9441 0.2020
vn -0.1810 0.9748 0.1300
vn -0.1054 0.9915 0.0765
vn -0.0886 0.9943 0.0584
vn -0.1925 0.9662 0.1715
vn -0.0298 0.9993 -0.0235
vn -0.0773 0.9967 0.0234
vn -0.2924 0.9559 -0.0273
vn -0.0253 0.9603 -0.2778
vn 0.0410 0.9745 -0.2204
vn 0.1063 0.9794 -0.1714
vn -0.1000 0.9082 -0.4065
vn -0.0753 0.9589 -0.2736
vn -0.0141 0.9682 -0.2499
vn -0.2248 0.9401 -0.2563
vn -0.1653 0.8914 -0.4220
vn -0.1583 0.9278 -0.3379
vn 0.1557 0.9508 0.2679
vn 0.1731 0.8919 0.4178
vn 0.1545 0.8952 0.4180
vn 0.0233 0.9898 0.1402
vn 0.1168 0.9474 0.2981
vn 0.1671 0.9082 0.3837
vn -0.0548 0.9894 -0.1346
vn -0.0280 0.9995 -0.0149
vn 0.0370 0.9990 0.0263
vn 0.3211 0.9086 0.2672
vn 0.2391 0.9249 0.2956
vn 0.1820 0.9542 0.2373
vn 0.1617 0.9472 0.2768
vn 0.1412 0.8991 0.4143
vn 0.1764 0.8980 0.4032
vn 0.2118 0.9755 -0.0601
vn 0.1934 0.9766 0.0944
vn 0.2281 0.9716 0.0629
vn 0.0911 0.9088 0.4072
vn 0.1054 0.9626 0.2496
vn 0.1373 0.9736 0.1826
vn -0.0500 0.9785 0.2000
vn 0.1694 0.9730 0.1570
vn 0.0849 0.9554 0.2827
vn -0.1537 0.9875 0.0346
vn -0.1476 0.9783 0.1451
vn -0.0682 0.9766 0.2038
vn 0.0748 0.9972 0.0032
vn 0.0381 0.9966 0.0727
vn 0.0112 0.9995 0.0280
vn 0.3244 0.9456 0.0264
vn 0.1828 0.9531 0.2411
vn 0.0600 0.9925 0.1068
vn 0.3161 0.9481 -0.0347
vn 0.3333 0.9424 -0.0290
vn 0.0665 0.9975 -0.0248
vn -0.0040 0.9960 -0.0896
vn -0.1219 0.9778 -0.1706
vn -0.1062 0.9408 -0.3218
vn 0.0237 0.9983 -0.0531
vn -0.0032 1.0000 -0.0093
vn -0.0164 0.9988 -0.0466
vn 0.2488 0.9664 -0.0650
vn 0.1245 0.9816 -0.1446
vn 0.0405 0.9659 -0.2556
vn 0.0410 0.9959 0.0802
vn 0.0300 0.9946 0.0991
vn 0.0492 0.9920 0.1161
vn 0.0413 0.9946 0.0952
vn 0.0623 0.9944 0.0859
vn 0.0411 0.9947 0.0943
vn -0.0067 0.9874 -0.1578
vn 0.0194 0.9996 -0.0228
vn 0.0581 0.9981 -0.0186
vn 0.0310 0.9573 0.2875
vn 0.0304 0.9987 0.0408
vn 0.0611 0.9954 0.0739
vn 0.0375 0.9954 0.0880
vn 0.0307 0.9578 0.2858
vn 0.1365 0.9792 0.1502
vn 0.0491 0.9962 0.0721
vn 0.0236 0.9948 0.0994
vn 0.0466 0.9934 0.1044
vn 0.0911 0.9906 0.1019
vn 0.0120 0.9998 0.0140
vn -0.0452 0.9967 -0.0682
vn 0.0605 0.9948 0.0818
vn 0.0961 0.9890 0.1125
vn 0.0817 0.9918 0.0983
vn 0.0472 0.9939 0.0992
vn 0.0432 0.9646 0.2603
vn 0.1681 0.9702 0.1744
vn -0.0152 0.9982 0.0576
vn 0.0190 0.9978 0.0638
vn 0.0351 0.9938 0.1055
vn -0.0431 0.9990 -0.0077
vn -0.0082 0.9999 -0.0072
vn 0.0040 0.9997 0.0249
vn -0.0670 0.9970 0.0380
vn -0.0748 0.9972 -0.0071
vn -0.0614 0.9979 0.0201
vn 0.0620 0.9949 0.0800
vn 0.0174 0.9992 0.0347
vn 0.0130 0.9996 0.0238
vn 0.1502 0.9711 0.1856
vn 0.1431 0.9708 0.1924
vn 0.0413 0.9966 0.0710
vn 0.0208 0.9997 0.0119
vn 0.0481 0.9978 0.0467
vn 0.1431 0.9786 0.1477
vn 0.1044 0.9942 0.0249
vn 0.1000 0.9950 -0.0007
vn 0.1448 0.9895 0.0020
vn 0.0176 0.9996 0.0208
vn 0.0175 0.9996 0.0226
vn 0.0409 0.9991 0.0144
vn 0.1245 0.9723 0.1977
vn 0.0320 0.9986 0.0421
vn 0.0437 0.9986 0.0312
vn 0.0156 0.9954 0.0948
vn 0.0175 0.9925 0.1208
vn 0.0212 0.9922 0.1227
vn 0.0118 0.9950 0.0995
vn 0.0264 0.9958 0.0874
vn 0.0210 0.9941 0.1067
vn -0.0727 0.9952 0.0647
vn -0.0199 0.9490 0.3148
vn 0.0177 0.9412 0.3375
vn 0.1758 0.9527 -0.2478
vn 0.1434 0.9541 -0.2630
vn 0.0144 0.9811 -0.1929
vn 0.2227 0.9415 -0.2531
vn 0.2541 0.9314 -0.2608
vn 0.1060 0.9329 -0.3443
vn 0.0533 0.9982 0.0267
vn 0.0851 0.9932 -0.0796
vn 0.0902 0.9950 -0.0429
vn -0.0656 0.9977 -0.0168
vn -0.0963 0.9786 -0.1818
vn -0.0770 0.9651 -0.2503
vn -0.0669 0.9460 -0.3171
vn -0.0033 0.9832 -0.1823
vn -0.0112 0.9892 -0.1460
vn -0.0557 0.9541 0.2942
vn -0.1138 0.9934 -0.0143
vn -0.2729 0.9620 -0.0094
vn 0.0350 0.9945 -0.0991
vn 0.0395 0.9987 -0.0330
vn 0.0944 0.9952 -0.0265
vn -0.0750 0.9873 -0.1399
vn -0.0738 0.9973 -0.0046
vn -0.0128 0.9998 -0.0156
vn -0.0244 0.9971 -0.0720
vn -0.0565 0.9974 0.0452
vn -0.0281 0.9994 0.0214
vn 0.1227 0.9845 0.1250
vn 0.0913 0.9822 0.1641
vn 0.0016 0.9959 0.0903
vn 0.0409 0.9968 0.0689
vn 0.1572 0.9847 0.0750
vn 0.1351 0.9732 0.1862
vn -0.0441 0.9990 0.0106
vn 0.0058 1.0000 -0.0055
vn 0.0543 0.9973 0.0487
vn -0.0599 0.9980 -0.0192
vn -0.1521 0.9755 -0.1588
vn -0.1304 0.9821 -0.1359
vn 0.0069 0.9984 0.0568
vn -0.0506 0.9986 0.0126
vn -0.0816 0.9951 -0.0566
vn 0.0298 0.9894 0.1424
vn 0.0523 0.9913 0.1209
vn 0.0158 0.9978 0.0642
vn 0.0380 0.9938 -0.1043
vn 0.1343 0.9686 -0.2094
vn 0.1266 0.9850 -0.1169
vn 0.0417 0.9494 -0.3112
vn 0.0718 0.9611 -0.2668
vn 0.1140 0.9572 -0.2661
vn -0.0251 0.9988 -0.0411
vn -0.0123 0.9435 0.3313
vn -0.0321 0.9343 0.3551
vn -0.0810 0.9845 -0.1554
vn -0.2581 0.9426 -0.2121
vn -0.1887 0.9361 -0.2967
vn -0.0096 0.9947 0.1022
vn -0.1809 0.9805 0.0771
vn -0.1159 0.9884 -0.0979
vn 0.0483 0.9903 -0.1300
vn 0.0278 0.9996 -0.0031
vn 0.0708 0.9969 -0.0339
vn 0.1376 0.9245 -0.3555
vn 0.1749 0.9667 -0.1870
vn 0.3249 0.9382 -0.1193
vn -0.1005 0.9255 -0.3651
vn -0.0894 0.9565 -0.2776
vn 0.0356 0.9718 -0.2332
vn 0.0356 0.9534 -0.2996
vn -0.0420 0.9170 -0.3967
vn -0.0096 0.9037 -0.4281
vn 0.0176 0.9608 -0.2768
vn 0.0870 0.9190 -0.3845
vn 0.1724 0.9394 -0.2964
vn 0.1593 0.9671 -0.1983
vn 0.0779 0.9899 -0.1186
vn 0.0219 0.9624 -0.2706
vn -0.0357 0.9985 -0.0427
vn -0.0190 0.9276 0.3730
vn 0.0062 0.9226 0.3856
vn 0.0352 0.9989 -0.0300
vn -0.0033 1.0000 -0.0022
vn -0.0235 0.9976 -0.0645
vn 0.0459 0.9942 0.0971
vn 0.0889 0.9897 0.1123
vn 0.0930 0.9852 0.1438
vn 0.0186 0.9938 -0.1094
vn 0.0185 0.9995 0.0245
vn 0.0527 0.9976 0.0455
vn -0.1028 0.9947 -0.0019
vn -0.1064 0.9942 0.0151
vn -0.0829 0.9959 0.0373
vn 0.1506 0.9664 0.2082
vn 0.2835 0.9588 -0.0146
vn 0.0272 0.9996 -0.0079
vn 0.0320 0.9857 0.1655
vn 0.0241 0.9435 0.3305
vn 0.0269 0.9470 0.3200
vn 0.0806 0.9899 0.1167
vn 0.0914 0.9948 0.0451
vn 0.1286 0.9904 0.0507
vn 0.1288 0.9806 0.1480
vn 0.1551 0.9724 0.1742
vn 0.0685 0.9939 0.0862
vn -0.0501 0.9987 0.0080
vn -0.0395 0.9981 0.0473
vn -0.0177 0.9978 0.0637
vn 0.0697 0.9481 0.3102
vn 0.0959 0.9889 0.1131
vn 0.0880 0.9888 0.1208
vn 0.0583 0.9958 0.0706
vn 0.0624 0.9936 0.0940
vn 0.1606 0.9722 0.1703
vn 0.0638 0.9945 -0.0828
vn 0.0686 0.9970 -0.0352
vn 0.0698 0.9963 -0.0506
vn -0.0194 0.9983 -0.0541
vn 0.0118 0.9598 -0.2803
vn -0.1129 0.9752 -0.1903
vn 0.0828 0.9960 -0.0332
vn 0.0848 0.9961 -0.0227
vn 0.0821 0.9959 -0.0374
vn -0.0399 0.9959 0.0817
vn 0.0290 0.9616 0.2731
vn 0.1090 0.9411 0.3200
vn 0.3366 0.9361 -0.1022
vn 0.3208 0.9465 0.0359
vn 0.3948 0.9188 0.0052
vn 0.0745 0.9925 -0.0970
vn 0.1127 0.9909 0.0731
vn 0.1706 0.9800 0.1022
vn -0.1990 0.9580 -0.2067
vn -0.1295 0.9611 -0.2438
vn -0.0723 0.9863 -0.1482
vn -0.0478 0.9382 -0.3427
vn -0.1138 0.9905 -0.0776
vn -0.0847 0.9877 -0.1317
vn -0.0621 0.9972 0.0410
vn -0.1862 0.9597 0.2105
vn -0.0848 0.9937 0.0729
vn 0.1594 0.9657 -0.2049
vn 0.0837 0.9268 -0.3661
vn 0.1090 0.8930 -0.4368
vn -0.1938 0.9402 0.2802
vn -0.2566 0.9665 0.0101
vn -0.2921 0.9564 0.0096
vn 0.2650 0.8726 0.4103
vn 0.4185 0.8108 0.4093
vn 0.3640 0.8379 0.4067
vn -0.1208 0.9422 -0.3124
vn -0.0771 0.9824 -0.1702
vn 0.0053 0.9947 -0.1024
vn -0.0431 0.9916 -0.1223
vn -0.0663 0.9942 -0.0847
vn -0.0610 0.9943 -0.0875
vn 0.1885 0.9726 0.1358
vn 0.0892 0.9850 0.1477
vn -0.0212 0.9996 0.0196
vn 0.0400 0.9992 -0.0074
vn 0.0945 0.9953 0.0206
vn 0.1489 0.9859 0.0759
vn 0.0364 0.9879 -0.1506
vn 0.0674 0.9794 -0.1905
vn 0.0599 0.9781 -0.1993
vn 0.0741 0.9802 -0.1837
vn 0.0749 0.9831 -0.1669
vn 0.0703 0.9847 -0.1592
vn -0.0121 0.9999 0.0001
vn 0.0039 0.8659 0.5003
vn -0.0366 0.8592 0.5103
vn -0.0061 1.0000 -0.0038
vn 0.0112 0.9994 -0.0334
vn 0.0169 0.9998 -0.0126
vn -0.1527 0.9642 -0.2169
vn -0.0931 0.9800 -0.1757
vn 0.0040 0.9974 -0.0714
vn 0.0614 0.9955 0.0719
vn 0.0054 0.9954 0.0959
vn -0.0647 0.9979 -0.0024
vn -0.2223 0.9741 -0.0409
vn -0.1250 0.9840 -0.1272
vn -0.0425 0.9978 -0.0508
vn 0.0065 0.9946 -0.1036
vn -0.0172 0.9976 -0.0672
vn -0.0726 0.9897 -0.1237
vn 0.1494 0.9739 0.1709
vn 0.0464 0.9843 0.1703
vn 0.0247 0.9960 0.0861
vn -0.0010 0.9978 0.0669
vn 0.1063 0.9922 -0.0657
vn 0.1264 0.9914 0.0331
vn 0.0395 0.9835 -0.1765
vn 0.0259 0.9635 -0.2664
vn 0.0401 0.9615 -0.2719
vn 0.0119 0.9995 -0.0292
vn 0.0218 0.9236 0.3827
vn 0.0061 0.9211 0.3894
vn -0.1138 0.9932 0.0255
vn -0.1044 0.9945 0.0027
vn -0.1830 0.9696 0.1626
vn 0.0805 0.9848 0.1541
vn 0.1200 0.9894 0.0813
vn 0.0450 0.9987 0.0221
vn -0.2204 0.9471 -0.2333
vn -0.2115 0.9556 -0.2052
vn -0.0880 0.9949 -0.0490
vn 0.1904 0.9492 -0.2504
vn 0.1313 0.9562 -0.2614
vn 0.1619 0.9264 -0.3399
vn 0.2518 0.9678 -0.0049
vn 0.1989 0.9715 0.1293
vn 0.2759 0.9607 0.0296
vn -0.1427 0.9810 0.1313
vn 0.1177 0.9799 -0.1612
vn 0.0503 0.9983 0.0295
vn -0.0542 0.9983 -0.0232
vn -0.0783 0.9959 0.0457
vn -0.0057 0.9958 0.0910
vn -0.0588 0.9960 0.0666
vn -0.0736 0.9912 0.1101
vn -0.0538 0.9934 0.1014
vn -0.0513 0.9864 -0.1564
vn -0.0292 0.9907 -0.1330
vn 0.0337 0.9927 -0.1162
vn 0.0628 0.9918 -0.1114
vn 0.0472 0.9984 -0.0324
vn 0.0506 0.9971 -0.0563
vn 0.1615 0.9858 0.0459
vn 0.0802 0.9871 0.1383
vn 0.0354 0.9987 0.0376
vn -0.0133 0.9988 -0.0469
vn 0.0146 0.9431 -0.3323
vn 0.1565 0.9736 -0.1662
vn 0.0441 0.9901 -0.1333
vn 0.1153 0.9406 -0.3193
vn 0.1473 0.9630 -0.2258
vn 0.1889 0.9615 -0.1998
vn 0.1286 0.9534 -0.2729
vn 0.1220 0.9205 -0.3712
vn -0.0951 0.9828 0.1585
vn -0.1180 0.9553 0.2712
vn -0.0573 0.9517 0.3018
vn -0.0320 0.9926 -0.1172
vn 0.1335 0.9747 -0.1792
vn 0.0343 0.9993 -0.0141
vn -0.0003 0.9983 -0.0589
vn -0.0222 0.9976 -0.0657
vn -0.0529 0.9941 -0.0952
vn -0.1195 0.9792 0.1637
vn 0.1045 0.9901 -0.0939
vn 0.0400 0.9935 0.1064
vn -0.1142 0.9899 -0.0838
vn -0.1946 0.9581 -0.2102
vn -0.1794 0.9676 -0.1777
vn 0.0893 0.9949 0.0471
vn 0.0614 0.9975 -0.0338
vn -0.0001 0.9961 -0.0877
vn -0.1553 0.9801 0.1238
vn 0.0094 0.9987 0.0504
vn 0.0343 0.9966 0.0743
vn -0.0317 0.9981 0.0534
vn -0.0378 0.9966 0.0735
vn -0.0188 0.9942 0.1062
vn -0.0681 0.9973 0.0259
vn -0.0745 0.9972 0.0100
vn -0.0511 0.9981 0.0339
vn -0.1196 0.9295 -0.3490
vn -0.1541 0.9651 -0.2117
vn -0.0536 0.9817 -0.1829
vn 0.0695 0.9762 -0.2053
vn 0.0107 0.9935 -0.1137
vn 0.1469 0.9813 -0.1243
vn -0.0557 0.9848 -0.1645
vn -0.0671 0.9902 -0.1225
vn -0.0383 0.9951 -0.0916
vn 0.0073 0.9998 -0.0178
vn 0.0463 0.9180 0.3938
vn 0.0242 0.8992 0.4369
vn -0.0045 0.9997 -0.0233
vn 0.0005 0.9999 0.0101
vn 0.0257 0.9996 0.0105
vn -0.0687 0.9971 -0.0316
vn -0.1704 0.9715 -0.1645
vn -0.1468 0.9800 -0.1341
vn 0.0193 0.9997 0.0160
vn 0.0340 0.9986 0.0418
vn 0.0439 0.9980 0.0461
vn -0.0938 0.9612 -0.2594
vn -0.0594 0.9580 -0.2804
vn -0.0877 0.9732 -0.2128
vn 0.1234 0.9923 -0.0088
vn 0.0400 0.9732 -0.2264
vn -0.0144 0.9564 -0.2919
vn -0.0022 0.9998 0.0219
vn 0.1001 0.9836 0.1503
vn 0.0521 0.9601 0.2749
vn 0.1005 0.9924 0.0706
vn 0.0323 0.9946 0.0984
vn 0.0047 0.9992 0.0403
vn -0.0018 0.9998 0.0202
vn 0.1097 0.9842 0.1391
vn 0.1256 0.9694 0.2109
vn 0.0438 0.9980 -0.0459
vn 0.0365 0.9752 -0.2183
vn -0.0142 0.9769 -0.2133
vn -0.0797 0.9926 -0.0918
vn -0.2037 0.9573 -0.2052
vn -0.1850 0.9578 -0.2199
vn -0.0863 0.9902 0.1098
vn -0.1375 0.9669 0.2149
vn -0.1393 0.9817 0.1296
vn 0.1896 0.9689 -0.1588
vn 0.1220 0.9843 -0.1273
vn 0.0450 0.9665 -0.2528
vn 0.1654 0.9672 -0.1931
vn 0.0860 0.9953 -0.0438
vn 0.2940 0.9553 -0.0316
vn -0.0283 0.9907 -0.1333
vn -0.0522 0.9970 -0.0576
vn -0.0303 0.9979 -0.0573
vn -0.2041 0.9698 -0.1338
vn -0.1308 0.9538 -0.2706
vn -0.1146 0.9847 -0.1313
vn 0.0746 0.9839 -0.1624
vn 0.0425 0.9716 -0.2327
vn 0.0266 0.9584 -0.2841
vn -0.0138 0.9999 0.0078
vn -0.0359 0.9987 0.0359
vn 0.0004 0.9999 0.0124
vn -0.1489 0.9776 -0.1488
vn -0.1943 0.9806 -0.0249
vn -0.0052 1.0000 -0.0008
vn -0.1408 0.9900 -0.0021
vn -0.0904 0.9952 -0.0380
vn -0.0061 0.9981 0.0609
vn -0.1181 0.9888 -0.0916
vn -0.1243 0.9781 -0.1668
vn -0.1012 0.9868 -0.1262
vn -0.1157 0.9512 0.2859
vn -0.1086 0.9571 0.2685
vn -0.1422 0.9529 0.2677
vn 0.0186 0.9314 0.3635
vn -0.0217 0.9550 0.2958
vn -0.0571 0.9663 0.2509
vn -0.0075 0.9395 0.3425
vn 0.0123 0.9713 0.2375
vn 0.0202 0.9541 0.2989
vn -0.0184 0.9996 -0.0207
vn -0.0284 0.9996 -0.0014
vn -0.0021 1.0000 0.0089
vn 0.1177 0.9713 -0.2065
vn -0.0021 1.0000 0.0070
vn 0.0319 0.9828 -0.1821
vn -0.1330 0.9791 0.1537
vn -0.0970 0.9765 0.1925
vn -0.1286 0.9629 0.2373
vn 0.0260 0.9934 -0.1116
vn 0.0288 0.9867 0.1600
vn 0.0610 0.9810 0.1841
vn 0.0227 0.9743 -0.2240
vn 0.0064 0.9473 -0.3203
vn -0.0035 0.9431 -0.3326
vn -0.0060 0.9862 -0.1655
vn -0.0517 0.9941 -0.0951
vn -0.0017 0.9897 -0.1432
vn -0.0652 0.9880 0.1401
vn -0.0160 0.9995 0.0290
vn -0.0348 0.9967 0.0730
vn -0.1672 0.9755 0.1427
vn -0.1576 0.9730 0.1684
vn -0.1740 0.9667 0.1874
vn -0.1188 0.9921 -0.0409
vn -0.0148 0.9914 -0.1297
vn -0.0291 0.9993 -0.0255
vn -0.0553 0.9859 0.1578
vn -0.0704 0.9893 0.1275
vn -0.0703 0.9916 0.1089
vn -0.0142 0.9994 -0.0308
vn 0.0509 0.9912 0.1223
vn 0.1327 0.9716 0.1959
vn -0.2364 0.9638 -0.1235
vn -0.2646 0.9630 -0.0508
vn -0.1968 0.9795 -0.0438
vn -0.0265 0.9805 -0.1948
vn -0.0453 0.9533 -0.2985
vn -0.1883 0.9341 -0.3034
vn -0.1079 0.9540 -0.2797
vn -0.1003 0.9837 -0.1494
vn -0.0486 0.9911 -0.1236
vn 0.2700 0.9486 0.1649
vn 0.1721 0.9428 0.2855
vn 0.0021 0.9958 0.0917
vn -0.0031 0.9974 -0.0717
vn 0.1077 0.9932 -0.0439
vn 0.2177 0.9745 0.0542
vn 0.0288 0.9920 -0.1227
vn -0.0096 0.9983 -0.0574
vn -0.0118 0.9963 -0.0850
vn 0.1658 0.9831 -0.0781
vn 0.2246 0.9696 0.0973
vn 0.3487 0.9351 0.0638
vn -0.0743 0.9969 0.0263
vn -0.0637 0.9975 -0.0316
vn -0.0500 0.9987 -0.0059
vn -0.2632 0.9551 -0.1358
vn -0.1876 0.9767 -0.1044
vn -0.0523 0.9985 -0.0185
vn -0.0091 1.0000 -0.0017
vn -0.0330 0.9981 -0.0526
vn -0.0771 0.9932 -0.0878
vn -0.1347 0.9851 -0.1069
vn -0.0584 0.9981 0.0189
vn -0.0247 0.9989 0.0389
vn -0.0571 0.9970 0.0522
vn -0.0516 0.9974 0.0494
vn -0.0746 0.9944 0.0755
vn -0.1919 0.9617 0.1959
vn -0.1697 0.9840 0.0535
vn -0.1406 0.9895 0.0331
vn -0.1146 0.9934 -0.0014
vn -0.1203 0.9925 0.0208
vn -0.3520 0.9354 0.0334
vn -0.0571 0.9932 0.1019
vn -0.0173 0.9625 0.2709
vn 0.0141 0.9590 0.2831
vn -0.1361 0.9905 0.0186
vn -0.1744 0.9732 0.1501
vn -0.1536 0.9780 0.1415
vn 0.0397 0.9444 -0.3264
vn -0.1647 0.9453 -0.2816
vn -0.0778 0.9018 -0.4251
vn 0.0859 0.9760 0.2003
vn 0.1105 0.9924 0.0533
vn -0.0527 0.9936 0.0994
vn -0.0135 0.9993 0.0335
vn 0.0041 0.9990 0.0448
vn 0.1181 0.9860 0.1174
vn -0.1433 0.9728 -0.1821
vn -0.1247 0.9841 -0.1263
vn -0.0280 0.9984 -0.0496
vn -0.1258 0.9852 -0.1167
vn -0.0357 0.9768 -0.2111
vn 0.0022 0.9918 -0.1281
vn 0.0079 0.9886 -0.1507
vn -0.0195 0.9508 -0.3091
vn -0.0391 0.9359 -0.3500
vn -0.0043 0.9533 0.3021
vn 0.0156 0.9849 0.1725
vn -0.0286 0.9836 0.1781
vn -0.0924 0.9945 -0.0494
vn -0.0774 0.9970 0.0087
vn 0.0250 0.9977 0.0628
vn -0.3128 0.9486 0.0471
vn -0.3277 0.9432 -0.0556
vn -0.1283 0.9911 -0.0360
vn -0.1598 0.9691 -0.1882
vn -0.1083 0.9889 -0.1014
vn -0.0333 0.9990 -0.0296
vn -0.1868 0.9631 -0.1939
vn -0.1493 0.9844 -0.0930
vn -0.0840 0.9952 -0.0510
vn -0.2102 0.9683 -0.1353
vn -0.2843 0.9445 -0.1649
vn -0.2943 0.9442 -0.1478
vn 0.0735 0.9647 -0.2527
vn 0.0085 0.9990 -0.0444
vn 0.0109 0.9956 -0.0926
vn 0.0945 0.9210 0.3780
vn 0.0799 0.9032 0.4217
vn 0.0328 0.9003 0.4341
vn 0.0768 0.9520 0.2963
vn 0.1504 0.8777 0.4550
vn 0.1427 0.8721 0.4681
vn -0.1334 0.9725 -0.1911
vn -0.0720 0.9967 -0.0375
vn -0.0194 0.9998 0.0060
vn 0.0895 0.9664 -0.2410
vn 0.0617 0.9970 -0.0458
vn 0.1165 0.9921 -0.0462
vn -0.0042 0.9999 0.0154
vn -0.0921 0.9716 0.2178
vn -0.1221 0.9897 0.0747
vn 0.2047 0.8773 0.4342
vn 0.1899 0.9593 0.2088
vn 0.2635 0.9411 0.2120
vn 0.0190 0.9915 -0.1289
vn 0.0628 0.9958 -0.0662
vn 0.1152 0.9925 -0.0403
vn 0.0290 0.9806 -0.1941
vn 0.0312 0.9993 -0.0226
vn 0.0263 0.9989 -0.0386
vn -0.0992 0.9810 0.1666
vn 0.0023 0.9996 -0.0265
vn -0.0056 0.9999 -0.0158
vn 0.0769 0.9907 -0.1120
vn 0.0422 0.9745 -0.2205
vn -0.0388 0.9666 -0.2534
vn 0.1172 0.9604 -0.2526
vn 0.1316 0.9766 -0.1701
vn 0.2350 0.9540 -0.1863
vn -0.0269 0.9280 0.3716
vn -0.0116 0.9871 0.1594
vn 0.0092 0.9860 0.1667
vn -0.1614 0.9863 0.0342
vn -0.0565 0.9935 0.0991
vn -0.0121 0.9784 0.2064
vn -0.2748 0.9411 -0.1968
vn -0.2488 0.9254 -0.2859
vn -0.2048 0.9593 -0.1942
vn -0.0133 0.9567 0.2907
vn -0.0652 0.9685 0.2405
vn -0.1752 0.9595 0.2206
vn 0.0522 0.9919 0.1155
vn 0.0569 0.9896 0.1325
vn 0.0345 0.9926 0.1164
vn -0.0970 0.9953 -0.0019
vn -0.1311 0.9903 -0.0461
vn -0.0838 0.9962 -0.0242
vn -0.3120 0.9462 -0.0855
vn -0.2351 0.9432 -0.2348
vn -0.1127 0.9905 -0.0781
vn 0.1739 0.9721 -0.1576
vn 0.1325 0.9905 -0.0373
vn 0.1217 0.9794 -0.1613
vn 0.0803 0.9966 -0.0163
vn 0.0285 0.9906 0.1341
vn 0.0228 0.9962 0.0839
vn 0.0993 0.9946 0.0297
vn 0.1693 0.9783 -0.1192
vn 0.2049 0.9654 -0.1613
vn -0.0506 0.9980 -0.0386
vn 0.1050 0.9941 -0.0255
vn 0.2556 0.9504 0.1773
vn -0.0429 0.9415 -0.3343
vn -0.0547 0.9064 -0.4189
vn -0.0715 0.9170 -0.3924
vn 0.0572 0.9947 0.0854
vn 0.0753 0.9842 0.1603
vn 0.0443 0.9929 0.1100
vn -0.0063 0.9992 -0.0404
vn 0.0097 0.9998 0.0152
vn 0.0271 0.9993 0.0261
vn -0.0060 0.9999 0.0115
vn -0.0507 0.9983 -0.0298
vn -0.0453 0.9987 -0.0234
vn 0.0439 0.9972 0.0607
vn 0.0705 0.9960 0.0553
vn 0.0642 0.9956 0.0680
vn 0.0048 0.9998 -0.0198
vn -0.0277 0.9986 0.0458
vn -0.0335 0.9994 -0.0042
vn 0.2514 0.9332 0.2568
vn 0.2040 0.9477 0.2455
vn 0.0429 0.9867 0.1571
vn 0.0386 0.9987 -0.0327
vn 0.0818 0.9965 -0.0185
vn 0.1734 0.9802 0.0953
vn 0.0381 0.9975 -0.0595
vn 0.0543 0.9932 -0.1033
vn 0.1270 0.9892 -0.0734
vn -0.0921 0.9711 -0.2203
vn -0.1006 0.9458 -0.3087
vn -0.1503 0.9647 -0.2164
vn -0.0008 1.0000 0.0035
vn -0.0209 0.9986 0.0492
vn -0.0207 0.9997 0.0138
vn 0.0237 0.9977 -0.0634
vn 0.1074 0.9276 -0.3578
vn 0.1720 0.9641 -0.2022
vn 0.0567 0.9023 -0.4274
vn 0.0526 0.9617 -0.2691
vn 0.0486 0.9402 -0.3371
vn -0.2656 0.9640 -0.0116
vn -0.2366 0.9681 -0.0826
vn -0.2926 0.9560 -0.0195
vn -0.0273 0.9996 0.0059
vn -0.0367 0.9986 -0.0383
vn -0.0723 0.9949 -0.0706
vn 0.1981 0.9616 0.1898
vn 0.0904 0.9902 0.1067
vn 0.0649 0.9950 0.0762
vn -0.0620 0.9885 0.1376
vn -0.0370 0.9738 0.2243
vn -0.0189 0.9735 0.2277
vn 0.0236 0.9927 0.1182
vn 0.0309 0.9733 0.2274
vn 0.0389 0.9758 0.2151
vn -0.2565 0.9661 0.0278
vn -0.2278 0.9713 -0.0683
vn -0.1826 0.9829 0.0229
vn 0.0922 0.9367 -0.3377
vn -0.0664 0.9893 -0.1298
vn -0.0442 0.9808 -0.1898
vn -0.1502 0.9866 -0.0639
vn -0.1444 0.9874 -0.0648
vn -0.0599 0.9973 -0.0423
vn -0.0810 0.9815 0.1735
vn -0.0394 0.9992 0.0119
vn -0.1091 0.9920 0.0637
vn 0.0261 0.9960 -0.0857
vn 0.0065 0.9706 0.2407
vn -0.0124 0.9745 0.2240
vn 0.0500 0.9976 0.0479
vn -0.0080 0.9999 -0.0145
vn -0.0333 0.9986 -0.0408
vn 0.0077 0.9982 0.0588
vn 0.0205 0.9955 0.0924
vn 0.0403 0.9955 0.0861
vn -0.0739 0.9562 -0.2833
vn -0.0408 0.9946 -0.0957
vn -0.0260 0.9972 -0.0703
vn 0.1217 0.9856 0.1173
vn 0.1446 0.9669 0.2104
vn 0.0620 0.9922 0.1078
vn -0.0234 0.9995 -0.0221
vn -0.0028 1.0000 0.0073
vn 0.0089 0.9995 0.0290
vn 0.0401 0.9947 0.0946
vn -0.0047 0.9935 -0.1138
vn -0.0962 0.9863 -0.1343
vn -0.0838 0.9915 -0.0992
vn -0.1028 0.9942 0.0310
vn -0.0292 0.9995 0.0120
vn -0.0936 0.9512 0.2940
vn -0.1263 0.9764 0.1753
vn -0.2116 0.9621 0.1720
vn 0.0684 0.9931 -0.0951
vn 0.0490 0.9983 -0.0320
vn 0.1730 0.9834 0.0540
vn -0.1631 0.9701 -0.1797
vn -0.1282 0.9917 0.0122
vn -0.0504 0.9972 0.0559
vn -0.0478 0.9988 -0.0094
vn -0.0093 0.9998 -0.0155
vn -0.0482 0.9988 0.0102
vn -0.0113 0.9554 -0.2952
vn -0.0125 0.9775 -0.2105
vn 0.0143 0.9744 -0.2243
vn 0.1296 0.9897 -0.0612
vn 0.2240 0.9594 -0.1711
vn 0.1436 0.9882 -0.0531
vn 0.0567 0.9977 0.0370
vn 0.0867 0.9883 0.1255
vn 0.1140 0.9887 0.0970
vn -0.3190 0.9208 -0.2243
vn -0.2470 0.9568 -0.1531
vn -0.1235 0.9908 -0.0563
vn 0.2387 0.9706 -0.0323
vn 0.3145 0.9442 0.0979
vn 0.3610 0.9267 0.1046
vn 0.0121 0.9963 -0.0856
vn 0.0274 0.9270 -0.3741
vn -0.0646 0.9165 -0.3949
vn 0.0366 0.9969 -0.0698
vn 0.0876 0.9700 0.2270
vn 0.0466 0.9561 0.2893
vn -0.1341 0.9836 -0.1203
vn -0.0368 0.9993 0.0013
vn -0.0192 0.9997 0.0117
vn 0.0365 0.9980 -0.0508
vn 0.0568 0.9984 0.0013
vn 0.1647 0.9821 0.0914
vn -0.0278 0.9975 -0.0654
vn -0.1236 0.9920 0.0257
vn 0.0424 0.9991 -0.0062
vn -0.0814 0.9081 -0.4107
vn -0.0275 0.9375 -0.3468
vn -0.0082 0.9433 -0.3318
vn 0.0835 0.9959 0.0345
vn 0.0839 0.9594 0.2693
vn 0.0567 0.9759 0.2108
vn -0.1725 0.9750 0.1405
vn -0.0781 0.9960 0.0442
vn -0.1760 0.9705 0.1649
vn 0.0799 0.9949 -0.0619
vn 0.0628 0.9897 -0.1286
vn 0.1477 0.9804 -0.1305
vn 0.1414 0.9588 0.2466
vn 0.0495 0.9895 0.1360
vn 0.0052 0.9945 0.1043
vn 0.0035 0.9934 0.1144
vn -0.0275 0.9995 0.0177
vn -0.0655 0.9978 -0.0127
vn -0.0665 0.9924 -0.1040
vn -0.1928 0.9553 -0.2243
vn -0.0741 0.9403 -0.3323
vn -0.0047 0.9957 0.0929
vn 0.0101 0.9994 0.0341
vn 0.0009 0.9983 0.0588
vn -0.0161 0.9951 -0.0975
vn -0.0687 0.9972 -0.0292
vn -0.0408 0.9983 -0.0417
vn -0.2864 0.9538 -0.0910
vn -0.3788 0.9242 -0.0491
vn -0.2545 0.9604 -0.1137
vn 0.0554 0.9366 0.3460
vn 0.0979 0.9389 0.3300
vn 0.1333 0.9147 0.3815
vn -0.1403 0.9848 0.1023
vn -0.2224 0.9578 0.1821
vn -0.1624 0.9790 0.1232
vn 0.1149 0.9311 0.3461
vn 0.0890 0.9487 0.3033
vn 0.1439 0.9533 0.2654
vn 0.0763 0.9884 0.1316
vn 0.1757 0.9626 0.2061
vn 0.2354 0.9355 0.2635
vn -0.0502 0.9177 -0.3941
vn -0.0518 0.9089 -0.4139
vn -0.0754 0.8899 -0.4499
vn -0.1997 0.9688 0.1469
vn -0.0674 0.9974 -0.0244
vn -0.3207 0.9472 -0.0018
vn -0.0517 0.9961 0.0718
vn -0.1297 0.9849 0.1151
vn -0.1584 0.9873 0.0110
vn 0.1744 0.9731 -0.1506
vn 0.1164 0.9886 -0.0952
vn 0.0341 0.9749 -0.2199
vn -0.0975 0.9272 -0.3616
vn -0.1481 0.9369 -0.3166
vn -0.1809 0.9359 -0.3024
vn 0.0871 0.9909 0.1024
vn 0.1137 0.9676 0.2254
vn 0.2445 0.9389 0.2422
vn -0.0028 0.9990 -0.0449
vn -0.1520 0.9792 -0.1347
vn -0.2451 0.9354 -0.2549
vn 0.0470 0.9545 0.2944
vn 0.0939 0.9302 0.3548
vn 0.1244 0.9553 0.2683
vn 0.2324 0.9191 0.3181
vn 0.0838 0.9962 0.0239
vn -0.0423 0.9971 -0.0638
vn -0.2953 0.9289 -0.2236
vn -0.2080 0.9449 -0.2526
vn -0.1520 0.9726 -0.1760
vn 0.0234 0.9738 -0.2261
vn -0.0333 0.9994 -0.0115
vn -0.0273 0.9984 -0.0503
vn -0.0889 0.9776 0.1908
vn -0.0939 0.9719 0.2157
vn -0.1011 0.9721 0.2114
vn 0.0167 0.9990 -0.0424
vn 0.0578 0.9447 0.3229
vn 0.0508 0.9230 0.3814
vn 0.0351 0.9987 -0.0376
vn 0.0291 0.9995 0.0082
vn 0.0452 0.9989 0.0090
vn -0.0722 0.9974 0.0023
vn -0.1679 0.9771 0.1304
vn -0.0650 0.9968 0.0457
vn 0.0034 1.0000 0.0070
vn 0.0310 0.9768 0.2120
vn 0.1142 0.9754 0.1884
vn -0.0260 0.9995 -0.0178
vn -0.0274 0.9996 -0.0098
vn -0.0322 0.9994 -0.0110
vn 0.0435 0.9918 -0.1199
vn 0.0568 0.9828 -0.1758
vn 0.0181 0.9814 -0.1913
vn -0.1383 0.9776 0.1586
vn -0.0349 0.9932 0.1107
vn -0.0098 0.9809 0.1945
vn 0.0645 0.9979 -0.0010
vn -0.0282 0.9981 0.0546
vn -0.0766 0.9960 -0.0451
vn -0.0194 0.9987 0.0481
vn -0.1336 0.9760 -0.1721
vn -0.1270 0.9825 -0.1364
vn -0.0331 0.9987 -0.0395
vn -0.0598 0.9178 0.3924
vn -0.0478 0.9270 0.3721
vn 0.0369 0.9521 -0.3035
vn 0.0428 0.9828 -0.1794
vn 0.0497 0.9823 -0.1806
vn 0.1799 0.9588 0.2200
vn 0.0427 0.9943 0.0975
vn -0.0261 0.9993 0.0272
vn -0.0936 0.9852 0.1436
vn -0.2863 0.9580 0.0187
vn -0.1082 0.9911 -0.0773
vn 0.1181 0.9820 0.1477
vn 0.1537 0.9434 0.2939
vn 0.2225 0.9362 0.2723
vn 0.1226 0.9186 0.3758
vn 0.1998 0.9571 0.2097
vn 0.1358 0.9636 0.2301
vn 0.2678 0.9634 -0.0143
vn 0.1744 0.9622 -0.2093
vn 0.0485 0.9536 -0.2972
vn 0.2004 0.9458 0.2555
vn 0.2612 0.8937 0.3648
vn 0.2587 0.9069 0.3325
vn 0.0320 0.9988 -0.0372
vn 0.0564 0.9835 0.1717
vn 0.0282 0.9916 0.1260
vn -0.0850 0.9943 -0.0644
vn -0.1401 0.9656 0.2190
vn -0.1572 0.9846 0.0761
vn 0.0110 0.9943 -0.1060
vn -0.0479 0.9905 -0.1288
vn -0.0764 0.9812 -0.1774
vn 0.0138 0.9869 -0.1610
vn 0.0052 0.9791 -0.2031
vn 0.0342 0.9741 -0.2235
vn -0.0500 0.9985 -0.0206
vn -0.0874 0.9233 0.3741
vn -0.0597 0.9455 0.3200
vn 0.2047 0.9608 0.1868
vn 0.1365 0.9828 0.1241
vn 0.0134 0.9999 -0.0051
vn 0.4121 0.9110 -0.0171
vn 0.3971 0.9144 0.0790
vn 0.1049 0.9944 0.0162
vn 0.0033 0.9995 -0.0317
vn 0.0688 0.9581 -0.2781
vn -0.0278 0.9750 -0.2206
vn 0.2708 0.9626 -0.0135
vn 0.3142 0.9481 0.0492
vn 0.3749 0.9254 0.0557
vn 0.2255 0.9626 0.1503
vn 0.1805 0.9315 0.3158
vn 0.1402 0.9709 0.1943
vn 0.1991 0.9670 0.1588
vn 0.1900 0.9710 -0.1451
vn 0.1442 0.9804 -0.1339
vn 0.0986 0.9951 0.0096
vn 0.1085 0.9905 0.0846
vn 0.1380 0.9876 0.0748
vn 0.0647 0.9970 0.0422
vn 0.0274 0.9979 0.0590
vn -0.0073 1.0000 0.0049
vn 0.0629 0.9918 -0.1115
vn 0.0967 0.9781 0.1843
vn 0.0718 0.9722 0.2230
vn 0.0365 0.9993 -0.0088
vn 0.0558 0.8820 0.4680
vn 0.0408 0.8701 0.4912
usemtl Material.001
s off
f 4225/1/1 1092/2/1 4/3/1 1837/4/1
f 4224/5/2 1098/6/2 8/7/2 1833/8/2
f 4223/9/3 1099/10/3 9/11/3 1840/12/3
f 4222/13/4 1096/14/4 7/15/4 1841/16/4
f 4221/17/5 1114/18/5 21/19/5 1829/20/5
f 4220/21/6 1115/22/6 22/23/6 1844/24/6
f 4219/25/7 1108/26/7 16/27/7 1845/28/7
f 4218/29/8 1118/30/8 20/31/8 1828/32/8
f 4217/33/9 1119/34/9 23/35/9 1848/36/9
f 4216/37/10 1111/38/10 19/39/10 1849/40/10
f 4215/41/11 1122/42/11 13/43/11 1821/44/11
f 4214/45/12 1123/46/12 24/47/12 1852/48/12
f 4213/49/13 1110/50/13 18/51/13 1853/52/13
f 4212/53/14 1126/54/14 17/55/14 1825/56/14
f 4211/57/15 1127/58/15 25/59/15 1856/60/15
f 4210/61/16 1104/62/16 12/63/16 1857/64/16
f 4209/65/17 1170/66/17 65/67/17 1817/68/17
f 4208/69/18 1171/70/18 66/71/18 1860/72/18
f 4207/73/19 1144/74/19 40/75/19 1861/76/19
f 4206/77/20 1174/78/20 64/79/20 1816/80/20
f 4205/81/21 1175/82/21 67/83/21 1864/84/21
f 4204/85/22 1167/86/22 63/87/22 1865/88/22
f 4203/89/23 1178/90/23 33/91/23 1785/92/23
f 4202/93/24 1179/94/24 68/95/24 1868/96/24
f 4201/97/25 1166/98/25 62/99/25 1869/100/25
f 4200/101/26 1182/102/26 61/103/26 1813/104/26
f 4199/105/27 1183/106/27 69/107/27 1872/108/27
f 4198/109/28 1150/110/28 46/111/28 1873/112/28
f 4197/113/29 1186/114/29 60/115/29 1812/116/29
f 4196/117/30 1187/118/30 70/119/30 1876/120/30
f 4195/121/31 1163/122/31 59/123/31 1877/124/31
f 4194/125/32 1190/126/32 29/127/32 1781/128/32
f 4193/129/33 1191/130/33 71/131/33 1880/132/33
f 4192/133/34 1162/134/34 58/135/34 1881/136/34
f 4191/137/35 1194/138/35 57/139/35 1809/140/35
f 4190/141/36 1195/142/36 72/143/36 1884/144/36
f 4189/145/37 1151/146/37 47/147/37 1885/148/37
f 4188/149/38 1198/150/38 56/151/38 1808/152/38
f 4187/153/39 1199/154/39 73/155/39 1888/156/39
f 4186/157/40 1159/158/40 55/159/40 1889/160/40
f 4185/161/41 1202/162/41 36/163/41 1788/164/41
f 4184/165/42 1203/166/42 74/167/42 1892/168/42
f 4183/169/43 1158/170/43 54/171/43 1893/172/43
f 4182/173/44 1206/174/44 53/175/44 1805/176/44
f 4181/177/45 1207/178/45 75/179/45 1896/180/45
f 4180/181/46 1148/182/46 44/183/46 1897/184/46
f 4179/185/47 1210/186/47 52/187/47 1804/188/47
f 4178/189/48 1211/190/48 76/191/48 1900/192/48
f 4177/193/49 1155/194/49 51/195/49 1901/196/49
f 4176/197/50 1214/198/50 37/199/50 1789/200/50
f 4175/201/51 1215/202/51 77/203/51 1904/204/51
f 4174/205/52 1154/206/52 50/207/52 1905/208/52
f 4173/209/53 1218/210/53 49/211/53 1801/212/53
f 4172/213/54 1219/214/54 78/215/54 1908/216/54
f 4171/217/55 1136/218/55 32/219/55 1909/220/55
f 4170/221/56 1222/222/56 48/223/56 1800/224/56
f 4169/225/57 1223/226/57 79/227/57 1912/228/57
f 4168/229/58 1139/230/58 35/231/58 1913/232/58
f 4167/233/59 1226/234/59 41/235/59 1793/236/59
f 4166/237/60 1227/238/60 80/239/60 1916/240/60
f 4165/241/61 1138/242/61 34/243/61 1917/244/61
f 4164/245/62 1230/246/62 45/247/62 1797/248/62
f 4163/249/63 1231/250/63 81/251/63 1920/252/63
f 4162/253/64 1132/254/64 28/255/64 1921/256/64
f 4161/257/65 1378/258/65 225/259/65 1777/260/65
f 4160/261/66 1379/262/66 226/263/66 1924/264/66
f 4159/265/67 1276/266/67 124/267/67 1925/268/67
f 4158/269/68 1382/270/68 224/271/68 1776/272/68
f 4157/273/69 1383/274/69 227/275/69 1928/276/69
f 4156/277/70 1375/278/70 223/279/70 1929/280/70
f 4155/281/71 1386/282/71 101/283/71 1653/284/71
f 4154/285/72 1387/286/72 228/287/72 1932/288/72
f 4153/289/73 1374/290/73 222/291/73 1933/292/73
f 4152/293/74 1390/294/74 221/295/74 1773/296/74
f 4151/297/75 1391/298/75 229/299/75 1936/300/75
f 4150/301/76 1282/302/76 130/303/76 1937/304/76
f 4149/305/77 1394/306/77 220/307/77 1772/308/77
f 4148/309/78 1395/310/78 230/311/78 1940/312/78
f 4147/313/79 1371/314/79 219/315/79 1941/316/79
f 4146/317/80 1398/318/80 97/319/80 1649/320/80
f 4145/321/81 1399/322/81 231/323/81 1944/324/81
f 4144/325/82 1370/326/82 218/327/82 1945/328/82
f 4143/329/83 1402/330/83 217/331/83 1769/332/83
f 4142/333/84 1403/334/84 232/335/84 1948/336/84
f 4141/337/85 1283/338/85 131/339/85 1949/340/85
f 4140/341/86 1406/342/86 216/343/86 1768/344/86
f 4139/345/87 1407/346/87 233/347/87 1952/348/87
f 4138/349/88 1367/350/88 215/351/88 1953/352/88
f 4137/353/89 1410/354/89 104/355/89 1656/356/89
f 4136/357/90 1411/358/90 234/359/90 1956/360/90
f 4135/361/91 1366/362/91 214/363/91 1957/364/91
f 4134/365/92 1414/366/92 213/367/92 1765/368/92
f 4133/369/93 1415/370/93 235/371/93 1960/372/93
f 4132/373/94 1280/374/94 128/375/94 1961/376/94
f 4131/377/95 1418/378/95 212/379/95 1764/380/95
f 4130/381/96 1419/382/96 236/383/96 1964/384/96
f 4129/385/97 1363/386/97 211/387/97 1965/388/97
f 4128/389/98 1422/390/98 105/391/98 1657/392/98
f 4127/393/99 1423/394/99 237/395/99 1968/396/99
f 4126/397/100 1362/398/100 210/399/100 1969/400/100
f 4125/401/101 1426/402/101 209/403/101 1761/404/101
f 4124/405/102 1427/406/102 238/407/102 1972/408/102
f 4123/409/103 1298/410/103 146/411/103 1973/412/103
f 4122/413/104 1430/414/104 208/415/104 1760/416/104
f 4121/417/105 1431/418/105 239/419/105 1976/420/105
f 4120/421/106 1359/422/106 207/423/106 1977/424/106
f 4119/425/107 1434/426/107 93/427/107 1645/428/107
f 4118/429/108 1435/430/108 240/431/108 1980/432/108
f 4117/433/109 1358/434/109 206/435/109 1981/436/109
f 4116/437/110 1438/438/110 205/439/110 1757/440/110
f 4115/441/111 1439/442/111 241/443/111 1984/444/111
f 4114/445/112 1299/446/112 147/447/112 1985/448/112
f 4113/449/113 1442/450/113 204/451/113 1756/452/113
f 4112/453/114 1443/454/114 242/455/114 1988/456/114
f 4111/457/115 1355/458/115 203/459/115 1989/460/115
f 4110/461/116 1446/462/116 108/463/116 1660/464/116
f 4109/465/117 1447/466/117 243/467/117 1992/468/117
f 4108/469/118 1354/470/118 202/471/118 1993/472/118
f 4107/473/119 1450/474/119 201/475/119 1753/476/119
f 4106/477/120 1451/478/120 244/479/120 1996/480/120
f 4105/481/121 1292/482/121 140/483/121 1997/484/121
f 4104/485/122 1454/486/122 200/487/122 1752/488/122
f 4103/489/123 1455/490/123 245/491/123 2000/492/123
f 4102/493/124 1351/494/124 199/495/124 2001/496/124
f 4101/497/125 1458/498/125 109/499/125 1661/500/125
f 4100/501/126 1459/502/126 246/503/126 2004/504/126
f 4099/505/127 1350/506/127 198/507/127 2005/508/127
f 4098/509/128 1462/510/128 197/511/128 1749/512/128
f 4097/513/129 1463/514/129 247/515/129 2008/516/129
f 4096/517/130 1302/518/130 150/519/130 2009/520/130
f 4095/521/131 1466/522/131 196/523/131 1748/524/131
f 4094/525/132 1467/526/132 248/527/132 2012/528/132
f 4093/529/133 1347/530/133 195/531/133 2013/532/133
f 4092/533/134 1470/534/134 92/535/134 1644/536/134
f 4091/537/135 1471/538/135 249/539/135 2016/540/135
f 4090/541/136 1346/542/136 194/543/136 2017/544/136
f 4089/545/137 1474/546/137 193/547/137 1745/548/137
f 4088/549/138 1475/550/138 250/551/138 2020/552/138
f 4087/553/139 1303/554/139 151/555/139 2021/556/139
f 4086/557/140 1478/558/140 192/559/140 1744/560/140
f 4085/561/141 1479/562/141 251/563/141 2024/564/141
f 4084/565/142 1343/566/142 191/567/142 2025/568/142
f 4083/569/143 1482/570/143 112/571/143 1664/572/143
f 4082/573/144 1483/574/144 252/575/144 2028/576/144
f 4081/577/145 1342/578/145 190/579/145 2029/580/145
f 4080/581/146 1486/582/146 189/583/146 1741/584/146
f 4079/585/147 1487/586/147 253/587/147 2032/588/147
f 4078/589/148 1295/590/148 143/591/148 2033/592/148
f 4077/593/149 1490/594/149 188/595/149 1740/596/149
f 4076/597/150 1491/598/150 254/599/150 2036/600/150
f 4075/601/151 1339/602/151 187/603/151 2037/604/151
f 4074/605/152 1494/606/152 113/607/152 1665/608/152
f 4073/609/153 1495/610/153 255/611/153 2040/612/153
f 4072/613/154 1338/614/154 186/615/154 2041/616/154
f 4071/617/155 1498/618/155 185/619/155 1737/620/155
f 4070/621/156 1499/622/156 256/623/156 2044/624/156
f 4069/625/157 1306/626/157 154/627/157 2045/628/157
f 4068/629/158 1502/630/158 184/631/158 1736/632/158
f 4067/633/159 1503/634/159 257/635/159 2048/636/159
f 4066/637/160 1335/638/160 183/639/160 2049/640/160
f 4065/641/161 1506/642/161 85/643/161 1637/644/161
f 4064/645/162 1507/646/162 258/647/162 2052/648/162
f 4063/649/163 1334/650/163 182/651/163 2053/652/163
f 4062/653/164 1510/654/164 181/655/164 1733/656/164
f 4061/657/165 1511/658/165 259/659/165 2056/660/165
f 4060/661/166 1307/662/166 155/663/166 2057/664/166
f 4059/665/167 1514/666/167 180/667/167 1732/668/167
f 4058/669/168 1515/670/168 260/671/168 2060/672/168
f 4057/673/169 1331/674/169 179/675/169 2061/676/169
f 4056/677/170 1518/678/170 116/679/170 1668/680/170
f 4055/681/171 1519/682/171 261/683/171 2064/684/171
f 4054/685/172 1330/686/172 178/687/172 2065/688/172
f 4053/689/173 1522/690/173 177/691/173 1729/692/173
f 4052/693/174 1523/694/174 262/695/174 2068/696/174
f 4051/697/175 1294/698/175 142/699/175 2069/700/175
f 4050/701/176 1526/702/176 176/703/176 1728/704/176
f 4049/705/177 1527/706/177 263/707/177 2072/708/177
f 4048/709/178 1327/710/178 175/711/178 2073/712/178
f 4047/713/179 1530/714/179 117/715/179 1669/716/179
f 4046/717/180 1531/718/180 264/719/180 2076/720/180
f 4045/721/181 1326/722/181 174/723/181 2077/724/181
f 4044/725/182 1534/726/182 173/727/182 1725/728/182
f 4043/729/183 1535/730/183 265/731/183 2080/732/183
f 4042/733/184 1310/734/184 158/735/184 2081/736/184
f 4041/737/185 1538/738/185 172/739/185 1724/740/185
f 4040/741/186 1539/742/186 266/743/186 2084/744/186
f 4039/745/187 1323/746/187 171/747/187 2085/748/187
f 4038/749/188 1542/750/188 89/751/188 1641/752/188
f 4037/753/189 1543/754/189 267/755/189 2088/756/189
f 4036/757/190 1322/758/190 170/759/190 2089/760/190
f 4035/761/191 1546/762/191 169/763/191 1721/764/191
f 4034/765/192 1547/766/192 268/767/192 2092/768/192
f 4033/769/193 1311/770/193 159/771/193 2093/772/193
f 4032/773/194 1550/774/194 168/775/194 1720/776/194
f 4031/777/195 1551/778/195 269/779/195 2096/780/195
f 4030/781/196 1319/782/196 167/783/196 2097/784/196
f 4029/785/197 1554/786/197 120/787/197 1672/788/197
f 4028/789/198 1555/790/198 270/791/198 2100/792/198
f 4027/793/199 1318/794/199 166/795/199 2101/796/199
f 4026/797/200 1558/798/200 165/799/200 1717/800/200
f 4025/801/201 1559/802/201 271/803/201 2104/804/201
f 4024/805/202 1288/806/202 136/807/202 2105/808/202
f 4023/809/203 1562/810/203 164/811/203 1716/812/203
f 4022/813/204 1563/814/204 272/815/204 2108/816/204
f 4021/817/205 1315/818/205 163/819/205 2109/820/205
f 4020/821/206 1566/822/206 121/823/206 1673/824/206
f 4019/825/207 1567/826/207 273/827/207 2112/828/207
f 4018/829/208 1314/830/208 162/831/208 2113/832/208
f 4017/833/209 1570/834/209 161/835/209 1713/836/209
f 4016/837/210 1571/838/210 274/839/210 2116/840/210
f 4015/841/211 1248/842/211 96/843/211 2117/844/211
f 4014/845/212 1574/846/212 160/847/212 1712/848/212
f 4013/849/213 1575/850/213 275/851/213 2120/852/213
f 4012/853/214 1271/854/214 119/855/214 2121/856/214
f 4011/857/215 1578/858/215 129/859/215 1681/860/215
f 4010/861/216 1579/862/216 276/863/216 2124/864/216
f 4009/865/217 1270/866/217 118/867/217 2125/868/217
f 4008/869/218 1582/870/218 157/871/218 1709/872/218
f 4007/873/219 1583/874/219 277/875/219 2128/876/219
f 4006/877/220 1254/878/220 102/879/220 2129/880/220
f 4005/881/221 1586/882/221 156/883/221 1708/884/221
f 4004/885/222 1587/886/222 278/887/222 2132/888/222
f 4003/889/223 1267/890/223 115/891/223 2133/892/223
f 4002/893/224 1590/894/224 125/895/224 1677/896/224
f 4001/897/225 1591/898/225 279/899/225 2136/900/225
f 4000/901/226 1266/902/226 114/903/226 2137/904/226
f 3999/905/227 1594/906/227 153/907/227 1705/908/227
f 3998/909/228 1595/910/228 280/911/228 2140/912/228
f 3997/913/229 1255/914/229 103/915/229 2141/916/229
f 3996/917/230 1598/918/230 152/919/230 1704/920/230
f 3995/921/231 1599/922/231 281/923/231 2144/924/231
f 3994/925/232 1263/926/232 111/927/232 2145/928/232
f 3993/929/233 1602/930/233 132/931/233 1684/932/233
f 3992/933/234 1603/934/234 282/935/234 2148/936/234
f 3991/937/235 1262/938/235 110/939/235 2149/940/235
f 3990/941/236 1606/942/236 149/943/236 1701/944/236
f 3989/945/237 1607/946/237 283/947/237 2152/948/237
f 3988/949/238 1252/950/238 100/951/238 2153/952/238
f 3987/953/239 1610/954/239 148/955/239 1700/956/239
f 3986/957/240 1611/958/240 284/959/240 2156/960/240
f 3985/961/241 1259/962/241 107/963/241 2157/964/241
f 3984/965/242 1614/966/242 133/967/242 1685/968/242
f 3983/969/243 1615/970/243 285/971/243 2160/972/243
f 3982/973/244 1258/974/244 106/975/244 2161/976/244
f 3981/977/245 1618/978/245 145/979/245 1697/980/245
f 3980/981/246 1619/982/246 286/983/246 2164/984/246
f 3979/985/247 1240/986/247 88/987/247 2165/988/247
f 3978/989/248 1622/990/248 144/991/248 1696/992/248
f 3977/993/249 1623/994/249 287/995/249 2168/996/249
f 3976/997/250 1243/998/250 91/999/250 2169/1000/250
f 3975/1001/251 1626/1002/251 137/1003/251 1689/1004/251
f 3974/1005/252 1627/1006/252 288/1007/252 2172/1008/252
f 3973/1009/253 1242/1010/253 90/1011/253 2173/1012/253
f 3972/1013/254 1630/1014/254 141/1015/254 1693/1016/254
f 3971/1017/255 1631/1018/255 289/1019/255 2176/1020/255
f 3970/1021/256 1236/1022/256 84/1023/256 2177/1024/256
f 3969/1025/257 2178/1026/257 833/1027/257 1633/1028/257
f 3968/1029/258 2179/1030/258 834/1031/258 2180/1032/258
f 3967/1033/259 1780/1034/259 436/1035/259 2181/1036/259
f 3966/1037/260 2182/1038/260 832/1039/260 1632/1040/260
f 3965/1041/261 2183/1042/261 835/1043/261 2184/1044/261
f 3964/1045/262 2175/1046/262 831/1047/262 2185/1048/262
f 3963/1049/263 2186/1050/263 349/1051/263 1149/1052/263
f 3962/1053/264 2187/1054/264 836/1055/264 2188/1056/264
f 3961/1057/265 2174/1058/265 830/1059/265 2189/1060/265
f 3960/1061/266 2190/1062/266 829/1063/266 1629/1064/266
f 3959/1065/267 2191/1066/267 837/1067/267 2192/1068/267
f 3958/1069/268 1786/1070/268 442/1071/268 2193/1072/268
f 3957/1073/269 2194/1074/269 828/1075/269 1628/1076/269
f 3956/1077/270 2195/1078/270 838/1079/270 2196/1080/270
f 3955/1081/271 2171/1082/271 827/1083/271 2197/1084/271
f 3954/1085/272 2198/1086/272 345/1087/272 1145/1088/272
f 3953/1089/273 2199/1090/273 839/1091/273 2200/1092/273
f 3952/1093/274 2170/1094/274 826/1095/274 2201/1096/274
f 3951/1097/275 2202/1098/275 825/1099/275 1625/1100/275
f 3950/1101/276 2203/1102/276 840/1103/276 2204/1104/276
f 3949/1105/277 1787/1106/277 443/1107/277 2205/1108/277
f 3948/1109/278 2206/1110/278 824/1111/278 1624/1112/278
f 3947/1113/279 2207/1114/279 841/1115/279 2208/1116/279
f 3946/1117/280 2167/1118/280 823/1119/280 2209/1120/280
f 3945/1121/281 2210/1122/281 352/1123/281 1152/1124/281
f 3944/1125/282 2211/1126/282 842/1127/282 2212/1128/282
f 3943/1129/283 2166/1130/283 822/1131/283 2213/1132/283
f 3942/1133/284 2214/1134/284 821/1135/284 1621/1136/284
f 3941/1137/285 2215/1138/285 843/1139/285 2216/1140/285
f 3940/1141/286 1784/1142/286 440/1143/286 2217/1144/286
f 3939/1145/287 2218/1146/287 820/1147/287 1620/1148/287
f 3938/1149/288 2219/1150/288 844/1151/288 2220/1152/288
f 3937/1153/289 2163/1154/289 819/1155/289 2221/1156/289
f 3936/1157/290 2222/1158/290 353/1159/290 1153/1160/290
f 3935/1161/291 2223/1162/291 845/1163/291 2224/1164/291
f 3934/1165/292 2162/1166/292 818/1167/292 2225/1168/292
f 3933/1169/293 2226/1170/293 817/1171/293 1617/1172/293
f 3932/1173/294 2227/1174/294 846/1175/294 2228/1176/294
f 3931/1177/295 1802/1178/295 458/1179/295 2229/1180/295
f 3930/1181/296 2230/1182/296 816/1183/296 1616/1184/296
f 3929/1185/297 2231/1186/297 847/1187/297 2232/1188/297
f 3928/1189/298 2159/1190/298 815/1191/298 2233/1192/298
f 3927/1193/299 2234/1194/299 341/1195/299 1141/1196/299
f 3926/1197/300 2235/1198/300 848/1199/300 2236/1200/300
f 3925/1201/301 2158/1202/301 814/1203/301 2237/1204/301
f 3924/1205/302 2238/1206/302 813/1207/302 1613/1208/302
f 3923/1209/303 2239/1210/303 849/1211/303 2240/1212/303
f 3922/1213/304 1803/1214/304 459/1215/304 2241/1216/304
f 3921/1217/305 2242/1218/305 812/1219/305 1612/1220/305
f 3920/1221/306 2243/1222/306 850/1223/306 2244/1224/306
f 3919/1225/307 2155/1226/307 811/1227/307 2245/1228/307
f 3918/1229/308 2246/1230/308 356/1231/308 1156/1232/308
f 3917/1233/309 2247/1234/309 851/1235/309 2248/1236/309
f 3916/1237/310 2154/1238/310 810/1239/310 2249/1240/310
f 3915/1241/311 2250/1242/311 809/1243/311 1609/1244/311
f 3914/1245/312 2251/1246/312 852/1247/312 2252/1248/312
f 3913/1249/313 1796/1250/313 452/1251/313 2253/1252/313
f 3912/1253/314 2254/1254/314 808/1255/314 1608/1256/314
f 3911/1257/315 2255/1258/315 853/1259/315 2256/1260/315
f 3910/1261/316 2151/1262/316 807/1263/316 2257/1264/316
f 3909/1265/317 2258/1266/317 357/1267/317 1157/1268/317
f 3908/1269/318 2259/1270/318 854/1271/318 2260/1272/318
f 3907/1273/319 2150/1274/319 806/1275/319 2261/1276/319
f 3906/1277/320 2262/1278/320 805/1279/320 1605/1280/320
f 3905/1281/321 2263/1282/321 855/1283/321 2264/1284/321
f 3904/1285/322 1806/1286/322 462/1287/322 2265/1288/322
f 3903/1289/323 2266/1290/323 804/1291/323 1604/1292/323
f 3902/1293/324 2267/1294/324 856/1295/324 2268/1296/324
f 3901/1297/325 2147/1298/325 803/1299/325 2269/1300/325
f 3900/1301/326 2270/1302/326 340/1303/326 1140/1304/326
f 3899/1305/327 2271/1306/327 857/1307/327 2272/1308/327
f 3898/1309/328 2146/1310/328 802/1311/328 2273/1312/328
f 3897/1313/329 2274/1314/329 801/1315/329 1601/1316/329
f 3896/1317/330 2275/1318/330 858/1319/330 2276/1320/330
f 3895/1321/331 1807/1322/331 463/1323/331 2277/1324/331
f 3894/1325/332 2278/1326/332 800/1327/332 1600/1328/332
f 3893/1329/333 2279/1330/333 859/1331/333 2280/1332/333
f 3892/1333/334 2143/1334/334 799/1335/334 2281/1336/334
f 3891/1337/335 2282/1338/335 360/1339/335 1160/1340/335
f 3890/1341/336 2283/1342/336 860/1343/336 2284/1344/336
f 3889/1345/337 2142/1346/337 798/1347/337 2285/1348/337
f 3888/1349/338 2286/1350/338 797/1351/338 1597/1352/338
f 3887/1353/339 2287/1354/339 861/1355/339 2288/1356/339
f 3886/1357/340 1799/1358/340 455/1359/340 2289/1360/340
f 3885/1361/341 2290/1362/341 796/1363/341 1596/1364/341
f 3884/1365/342 2291/1366/342 862/1367/342 2292/1368/342
f 3883/1369/343 2139/1370/343 795/1371/343 2293/1372/343
f 3882/1373/344 2294/1374/344 361/1375/344 1161/1376/344
f 3881/1377/345 2295/1378/345 863/1379/345 2296/1380/345
f 3880/1381/346 2138/1382/346 794/1383/346 2297/1384/346
f 3879/1385/347 2298/1386/347 793/1387/347 1593/1388/347
f 3878/1389/348 2299/1390/348 864/1391/348 2300/1392/348
f 3877/1393/349 1810/1394/349 466/1395/349 2301/1396/349
f 3876/1397/350 2302/1398/350 792/1399/350 1592/1400/350
f 3875/1401/351 2303/1402/351 865/1403/351 2304/1404/351
f 3874/1405/352 2135/1406/352 791/1407/352 2305/1408/352
f 3873/1409/353 2306/1410/353 333/1411/353 1133/1412/353
f 3872/1413/354 2307/1414/354 866/1415/354 2308/1416/354
f 3871/1417/355 2134/1418/355 790/1419/355 2309/1420/355
f 3870/1421/356 2310/1422/356 789/1423/356 1589/1424/356
f 3869/1425/357 2311/1426/357 867/1427/357 2312/1428/357
f 3868/1429/358 1811/1430/358 467/1431/358 2313/1432/358
f 3867/1433/359 2314/1434/359 788/1435/359 1588/1436/359
f 3866/1437/360 2315/1438/360 868/1439/360 2316/1440/360
f 3865/1441/361 2131/1442/361 787/1443/361 2317/1444/361
f 3864/1445/362 2318/1446/362 364/1447/362 1164/1448/362
f 3863/1449/363 2319/1450/363 869/1451/363 2320/1452/363
f 3862/1453/364 2130/1454/364 786/1455/364 2321/1456/364
f 3861/1457/365 2322/1458/365 785/1459/365 1585/1460/365
f 3860/1461/366 2323/1462/366 870/1463/366 2324/1464/366
f 3859/1465/367 1798/1466/367 454/1467/367 2325/1468/367
f 3858/1469/368 2326/1470/368 784/1471/368 1584/1472/368
f 3857/1473/369 2327/1474/369 871/1475/369 2328/1476/369
f 3856/1477/370 2127/1478/370 783/1479/370 2329/1480/370
f 3855/1481/371 2330/1482/371 365/1483/371 1165/1484/371
f 3854/1485/372 2331/1486/372 872/1487/372 2332/1488/372
f 3853/1489/373 2126/1490/373 782/1491/373 2333/1492/373
f 3852/1493/374 2334/1494/374 781/1495/374 1581/1496/374
f 3851/1497/375 2335/1498/375 873/1499/375 2336/1500/375
f 3850/1501/376 1814/1502/376 470/1503/376 2337/1504/376
f 3849/1505/377 2338/1506/377 780/1507/377 1580/1508/377
f 3848/1509/378 2339/1510/378 874/1511/378 2340/1512/378
f 3847/1513/379 2123/1514/379 779/1515/379 2341/1516/379
f 3846/1517/380 2342/1518/380 337/1519/380 1137/1520/380
f 3845/1521/381 2343/1522/381 875/1523/381 2344/1524/381
f 3844/1525/382 2122/1526/382 778/1527/382 2345/1528/382
f 3843/1529/383 2346/1530/383 777/1531/383 1577/1532/383
f 3842/1533/384 2347/1534/384 876/1535/384 2348/1536/384
f 3841/1537/385 1815/1538/385 471/1539/385 2349/1540/385
f 3840/1541/386 2350/1542/386 776/1543/386 1576/1544/386
f 3839/1545/387 2351/1546/387 877/1547/387 2352/1548/387
f 3838/1549/388 2119/1550/388 775/1551/388 2353/1552/388
f 3837/1553/389 2354/1554/389 368/1555/389 1168/1556/389
f 3836/1557/390 2355/1558/390 878/1559/390 2356/1560/390
f 3835/1561/391 2118/1562/391 774/1563/391 2357/1564/391
f 3834/1565/392 2358/1566/392 773/1567/392 1573/1568/392
f 3833/1569/393 2359/1570/393 879/1571/393 2360/1572/393
f 3832/1573/394 1792/1574/394 448/1575/394 2361/1576/394
f 3831/1577/395 2362/1578/395 772/1579/395 1572/1580/395
f 3830/1581/396 2363/1582/396 880/1583/396 2364/1584/396
f 3829/1585/397 2115/1586/397 771/1587/397 2365/1588/397
f 3828/1589/398 2366/1590/398 369/1591/398 1169/1592/398
f 3827/1593/399 2367/1594/399 881/1595/399 2368/1596/399
f 3826/1597/400 2114/1598/400 770/1599/400 2369/1600/400
f 3825/1601/401 2370/1602/401 769/1603/401 1569/1604/401
f 3824/1605/402 2371/1606/402 882/1607/402 2372/1608/402
f 3823/1609/403 1858/1610/403 514/1611/403 2373/1612/403
f 3822/1613/404 2374/1614/404 768/1615/404 1568/1616/404
f 3821/1617/405 2375/1618/405 883/1619/405 2376/1620/405
f 3820/1621/406 2111/1622/406 767/1623/406 2377/1624/406
f 3819/1625/407 2378/1626/407 329/1627/407 1129/1628/407
f 3818/1629/408 2379/1630/408 884/1631/408 2380/1632/408
f 3817/1633/409 2110/1634/409 766/1635/409 2381/1636/409
f 3816/1637/410 2382/1638/410 765/1639/410 1565/1640/410
f 3815/1641/411 2383/1642/411 885/1643/411 2384/1644/411
f 3814/1645/412 1859/1646/412 515/1647/412 2385/1648/412
f 3813/1649/413 2386/1650/413 764/1651/413 1564/1652/413
f 3812/1653/414 2387/1654/414 886/1655/414 2388/1656/414
f 3811/1657/415 2107/1658/415 763/1659/415 2389/1660/415
f 3810/1661/416 2390/1662/416 372/1663/416 1172/1664/416
f 3809/1665/417 2391/1666/417 887/1667/417 2392/1668/417
f 3808/1669/418 2106/1670/418 762/1671/418 2393/1672/418
f 3807/1673/419 2394/1674/419 761/1675/419 1561/1676/419
f 3806/1677/420 2395/1678/420 888/1679/420 2396/1680/420
f 3805/1681/421 1832/1682/421 488/1683/421 2397/1684/421
f 3804/1685/422 2398/1686/422 760/1687/422 1560/1688/422
f 3803/1689/423 2399/1690/423 889/1691/423 2400/1692/423
f 3802/1693/424 2103/1694/424 759/1695/424 2401/1696/424
f 3801/1697/425 2402/1698/425 373/1699/425 1173/1700/425
f 3800/1701/426 2403/1702/426 890/1703/426 2404/1704/426
f 3799/1705/427 2102/1706/427 758/1707/427 2405/1708/427
f 3798/1709/428 2406/1710/428 757/1711/428 1557/1712/428
f 3797/1713/429 2407/1714/429 891/1715/429 2408/1716/429
f 3796/1717/430 1862/1718/430 518/1719/430 2409/1720/430
f 3795/1721/431 2410/1722/431 756/1723/431 1556/1724/431
f 3794/1725/432 2411/1726/432 892/1727/432 2412/1728/432
f 3793/1729/433 2099/1730/433 755/1731/433 2413/1732/433
f 3792/1733/434 2414/1734/434 328/1735/434 1128/1736/434
f 3791/1737/435 2415/1738/435 893/1739/435 2416/1740/435
f 3790/1741/436 2098/1742/436 754/1743/436 2417/1744/436
f 3789/1745/437 2418/1746/437 753/1747/437 1553/1748/437
f 3788/1749/438 2419/1750/438 894/1751/438 2420/1752/438
f 3787/1753/439 1863/1754/439 519/1755/439 2421/1756/439
f 3786/1757/440 2422/1758/440 752/1759/440 1552/1760/440
f 3785/1761/441 2423/1762/441 895/1763/441 2424/1764/441
f 3784/1765/442 2095/1766/442 751/1767/442 2425/1768/442
f 3783/1769/443 2426/1770/443 376/1771/443 1176/1772/443
f 3782/1773/444 2427/1774/444 896/1775/444 2428/1776/444
f 3781/1777/445 2094/1778/445 750/1779/445 2429/1780/445
f 3780/1781/446 2430/1782/446 749/1783/446 1549/1784/446
f 3779/1785/447 2431/1786/447 897/1787/447 2432/1788/447
f 3778/1789/448 1855/1790/448 511/1791/448 2433/1792/448
f 3777/1793/449 2434/1794/449 748/1795/449 1548/1796/449
f 3776/1797/450 2435/1798/450 898/1799/450 2436/1800/450
f 3775/1801/451 2091/1802/451 747/1803/451 2437/1804/451
f 3774/1805/452 2438/1806/452 377/1807/452 1177/1808/452
f 3773/1809/453 2439/1810/453 899/1811/453 2440/1812/453
f 3772/1813/454 2090/1814/454 746/1815/454 2441/1816/454
f 3771/1817/455 2442/1818/455 745/1819/455 1545/1820/455
f 3770/1821/456 2443/1822/456 900/1823/456 2444/1824/456
f 3769/1825/457 1866/1826/457 522/1827/457 2445/1828/457
f 3768/1829/458 2446/1830/458 744/1831/458 1544/1832/458
f 3767/1833/459 2447/1834/459 901/1835/459 2448/1836/459
f 3766/1837/460 2087/1838/460 743/1839/460 2449/1840/460
f 3765/1841/461 2450/1842/461 297/1843/461 1097/1844/461
f 3764/1845/462 2451/1846/462 902/1847/462 2452/1848/462
f 3763/1849/463 2086/1850/463 742/1851/463 2453/1852/463
f 3762/1853/464 2454/1854/464 741/1855/464 1541/1856/464
f 3761/1857/465 2455/1858/465 903/1859/465 2456/1860/465
f 3760/1861/466 1867/1862/466 523/1863/466 2457/1864/466
f 3759/1865/467 2458/1866/467 740/1867/467 1540/1868/467
f 3758/1869/468 2459/1870/468 904/1871/468 2460/1872/468
f 3757/1873/469 2083/1874/469 739/1875/469 2461/1876/469
f 3756/1877/470 2462/1878/470 380/1879/470 1180/1880/470
f 3755/1881/471 2463/1882/471 905/1883/471 2464/1884/471
f 3754/1885/472 2082/1886/472 738/1887/472 2465/1888/472
f 3753/1889/473 2466/1890/473 737/1891/473 1537/1892/473
f 3752/1893/474 2467/1894/474 906/1895/474 2468/1896/474
f 3751/1897/475 1854/1898/475 510/1899/475 2469/1900/475
f 3750/1901/476 2470/1902/476 736/1903/476 1536/1904/476
f 3749/1905/477 2471/1906/477 907/1907/477 2472/1908/477
f 3748/1909/478 2079/1910/478 735/1911/478 2473/1912/478
f 3747/1913/479 2474/1914/479 381/1915/479 1181/1916/479
f 3746/1917/480 2475/1918/480 908/1919/480 2476/1920/480
f 3745/1921/481 2078/1922/481 734/1923/481 2477/1924/481
f 3744/1925/482 2478/1926/482 733/1927/482 1533/1928/482
f 3743/1929/483 2479/1930/483 909/1931/483 2480/1932/483
f 3742/1933/484 1870/1934/484 526/1935/484 2481/1936/484
f 3741/1937/485 2482/1938/485 732/1939/485 1532/1940/485
f 3740/1941/486 2483/1942/486 910/1943/486 2484/1944/486
f 3739/1945/487 2075/1946/487 731/1947/487 2485/1948/487
f 3738/1949/488 2486/1950/488 325/1951/488 1125/1952/488
f 3737/1953/489 2487/1954/489 911/1955/489 2488/1956/489
f 3736/1957/490 2074/1958/490 730/1959/490 2489/1960/490
f 3735/1961/491 2490/1962/491 729/1963/491 1529/1964/491
f 3734/1965/492 2491/1966/492 912/1967/492 2492/1968/492
f 3733/1969/493 1871/1970/493 527/1971/493 2493/1972/493
f 3732/1973/494 2494/1974/494 728/1975/494 1528/1976/494
f 3731/1977/495 2495/1978/495 913/1979/495 2496/1980/495
f 3730/1981/496 2071/1982/496 727/1983/496 2497/1984/496
f 3729/1985/497 2498/1986/497 384/1987/497 1184/1988/497
f 3728/1989/498 2499/1990/498 914/1991/498 2500/1992/498
f 3727/1993/499 2070/1994/499 726/1995/499 2501/1996/499
f 3726/1997/500 2502/1998/500 725/1999/500 1525/2000/500
f 3725/2001/501 2503/2002/501 915/2003/501 2504/2004/501
f 3724/2005/502 1838/2006/502 494/2007/502 2505/2008/502
f 3723/2009/503 2506/2010/503 724/2011/503 1524/2012/503
f 3722/2013/504 2507/2014/504 916/2015/504 2508/2016/504
f 3721/2017/505 2067/2018/505 723/2019/505 2509/2020/505
f 3720/2021/506 2510/2022/506 385/2023/506 1185/2024/506
f 3719/2025/507 2511/2026/507 917/2027/507 2512/2028/507
f 3718/2029/508 2066/2030/508 722/2031/508 2513/2032/508
f 3717/2033/509 2514/2034/509 721/2035/509 1521/2036/509
f 3716/2037/510 2515/2038/510 918/2039/510 2516/2040/510
f 3715/2041/511 1874/2042/511 530/2043/511 2517/2044/511
f 3714/2045/512 2518/2046/512 720/2047/512 1520/2048/512
f 3713/2049/513 2519/2050/513 919/2051/513 2520/2052/513
f 3712/2053/514 2063/2054/514 719/2055/514 2521/2056/514
f 3711/2057/515 2522/2058/515 324/2059/515 1124/2060/515
f 3710/2061/516 2523/2062/516 920/2063/516 2524/2064/516
f 3709/2065/517 2062/2066/517 718/2067/517 2525/2068/517
f 3708/2069/518 2526/2070/518 717/2071/518 1517/2072/518
f 3707/2073/519 2527/2074/519 921/2075/519 2528/2076/519
f 3706/2077/520 1875/2078/520 531/2079/520 2529/2080/520
f 3705/2081/521 2530/2082/521 716/2083/521 1516/2084/521
f 3704/2085/522 2531/2086/522 922/2087/522 2532/2088/522
f 3703/2089/523 2059/2090/523 715/2091/523 2533/2092/523
f 3702/2093/524 2534/2094/524 388/2095/524 1188/2096/524
f 3701/2097/525 2535/2098/525 923/2099/525 2536/2100/525
f 3700/2101/526 2058/2102/526 714/2103/526 2537/2104/526
f 3699/2105/527 2538/2106/527 713/2107/527 1513/2108/527
f 3698/2109/528 2539/2110/528 924/2111/528 2540/2112/528
f 3697/2113/529 1851/2114/529 507/2115/529 2541/2116/529
f 3696/2117/530 2542/2118/530 712/2119/530 1512/2120/530
f 3695/2121/531 2543/2122/531 925/2123/531 2544/2124/531
f 3694/2125/532 2055/2126/532 711/2127/532 2545/2128/532
f 3693/2129/533 2546/2130/533 389/2131/533 1189/2132/533
f 3692/2133/534 2547/2134/534 926/2135/534 2548/2136/534
f 3691/2137/535 2054/2138/535 710/2139/535 2549/2140/535
f 3690/2141/536 2550/2142/536 709/2143/536 1509/2144/536
f 3689/2145/537 2551/2146/537 927/2147/537 2552/2148/537
f 3688/2149/538 1878/2150/538 534/2151/538 2553/2152/538
f 3687/2153/539 2554/2154/539 708/2155/539 1508/2156/539
f 3686/2157/540 2555/2158/540 928/2159/540 2556/2160/540
f 3685/2161/541 2051/2162/541 707/2163/541 2557/2164/541
f 3684/2165/542 2558/2166/542 293/2167/542 1093/2168/542
f 3683/2169/543 2559/2170/543 929/2171/543 2560/2172/543
f 3682/2173/544 2050/2174/544 706/2175/544 2561/2176/544
f 3681/2177/545 2562/2178/545 705/2179/545 1505/2180/545
f 3680/2181/546 2563/2182/546 930/2183/546 2564/2184/546
f 3679/2185/547 1879/2186/547 535/2187/547 2565/2188/547
f 3678/2189/548 2566/2190/548 704/2191/548 1504/2192/548
f 3677/2193/549 2567/2194/549 931/2195/549 2568/2196/549
f 3676/2197/550 2047/2198/550 703/2199/550 2569/2200/550
f 3675/2201/551 2570/2202/551 392/2203/551 1192/2204/551
f 3674/2205/552 2571/2206/552 932/2207/552 2572/2208/552
f 3673/2209/553 2046/2210/553 702/2211/553 2573/2212/553
f 3672/2213/554 2574/2214/554 701/2215/554 1501/2216/554
f 3671/2217/555 2575/2218/555 933/2219/555 2576/2220/555
f 3670/2221/556 1850/2222/556 506/2223/556 2577/2224/556
f 3669/2225/557 2578/2226/557 700/2227/557 1500/2228/557
f 3668/2229/558 2579/2230/558 934/2231/558 2580/2232/558
f 3667/2233/559 2043/2234/559 699/2235/559 2581/2236/559
f 3666/2237/560 2582/2238/560 393/2239/560 1193/2240/560
f 3665/2241/561 2583/2242/561 935/2243/561 2584/2244/561
f 3664/2245/562 2042/2246/562 698/2247/562 2585/2248/562
f 3663/2249/563 2586/2250/563 697/2251/563 1497/2252/563
f 3662/2253/564 2587/2254/564 936/2255/564 2588/2256/564
f 3661/2257/565 1882/2258/565 538/2259/565 2589/2260/565
f 3660/2261/566 2590/2262/566 696/2263/566 1496/2264/566
f 3659/2265/567 2591/2266/567 937/2267/567 2592/2268/567
f 3658/2269/568 2039/2270/568 695/2271/568 2593/2272/568
f 3657/2273/569 2594/2274/569 321/2275/569 1121/2276/569
f 3656/2277/570 2595/2278/570 938/2279/570 2596/2280/570
f 3655/2281/571 2038/2282/571 694/2283/571 2597/2284/571
f 3654/2285/572 2598/2286/572 693/2287/572 1493/2288/572
f 3653/2289/573 2599/2290/573 939/2291/573 2600/2292/573
f 3652/2293/574 1883/2294/574 539/2295/574 2601/2296/574
f 3651/2297/575 2602/2298/575 692/2299/575 1492/2300/575
f 3650/2301/576 2603/2302/576 940/2303/576 2604/2304/576
f 3649/2305/577 2035/2306/577 691/2307/577 2605/2308/577
f 3648/2309/578 2606/2310/578 396/2311/578 1196/2312/578
f 3647/2313/579 2607/2314/579 941/2315/579 2608/2316/579
f 3646/2317/580 2034/2318/580 690/2319/580 2609/2320/580
f 3645/2321/581 2610/2322/581 689/2323/581 1489/2324/581
f 3644/2325/582 2611/2326/582 942/2327/582 2612/2328/582
f 3643/2329/583 1839/2330/583 495/2331/583 2613/2332/583
f 3642/2333/584 2614/2334/584 688/2335/584 1488/2336/584
f 3641/2337/585 2615/2338/585 943/2339/585 2616/2340/585
f 3640/2341/586 2031/2342/586 687/2343/586 2617/2344/586
f 3639/2345/587 2618/2346/587 397/2347/587 1197/2348/587
f 3638/2349/588 2619/2350/588 944/2351/588 2620/2352/588
f 3637/2353/589 2030/2354/589 686/2355/589 2621/2356/589
f 3636/2357/590 2622/2358/590 685/2359/590 1485/2360/590
f 3635/2361/591 2623/2362/591 945/2363/591 2624/2364/591
f 3634/2365/592 1886/2366/592 542/2367/592 2625/2368/592
f 3633/2369/593 2626/2370/593 684/2371/593 1484/2372/593
f 3632/2373/594 2627/2374/594 946/2375/594 2628/2376/594
f 3631/2377/595 2027/2378/595 683/2379/595 2629/2380/595
f 3630/2381/596 2630/2382/596 320/2383/596 1120/2384/596
f 3629/2385/597 2631/2386/597 947/2387/597 2632/2388/597
f 3628/2389/598 2026/2390/598 682/2391/598 2633/2392/598
f 3627/2393/599 2634/2394/599 681/2395/599 1481/2396/599
f 3626/2397/600 2635/2398/600 948/2399/600 2636/2400/600
f 3625/2401/601 1887/2402/601 543/2403/601 2637/2404/601
f 3624/2405/602 2638/2406/602 680/2407/602 1480/2408/602
f 3623/2409/603 2639/2410/603 949/2411/603 2640/2412/603
f 3622/2413/604 2023/2414/604 679/2415/604 2641/2416/604
f 3621/2417/605 2642/2418/605 400/2419/605 1200/2420/605
f 3620/2421/606 2643/2422/606 950/2423/606 2644/2424/606
f 3619/2425/607 2022/2426/607 678/2427/607 2645/2428/607
f 3618/2429/608 2646/2430/608 677/2431/608 1477/2432/608
f 3617/2433/609 2647/2434/609 951/2435/609 2648/2436/609
f 3616/2437/610 1847/2438/610 503/2439/610 2649/2440/610
f 3615/2441/611 2650/2442/611 676/2443/611 1476/2444/611
f 3614/2445/612 2651/2446/612 952/2447/612 2652/2448/612
f 3613/2449/613 2019/2450/613 675/2451/613 2653/2452/613
f 3612/2453/614 2654/2454/614 401/2455/614 1201/2456/614
f 3611/2457/615 2655/2458/615 953/2459/615 2656/2460/615
f 3610/2461/616 2018/2462/616 674/2463/616 2657/2464/616
f 3609/2465/617 2658/2466/617 673/2467/617 1473/2468/617
f 3608/2469/618 2659/2470/618 954/2471/618 2660/2472/618
f 3607/2473/619 1890/2474/619 546/2475/619 2661/2476/619
f 3606/2477/620 2662/2478/620 672/2479/620 1472/2480/620
f 3605/2481/621 2663/2482/621 955/2483/621 2664/2484/621
f 3604/2485/622 2015/2486/622 671/2487/622 2665/2488/622
f 3603/2489/623 2666/2490/623 300/2491/623 1100/2492/623
f 3602/2493/624 2667/2494/624 956/2495/624 2668/2496/624
f 3601/2497/625 2014/2498/625 670/2499/625 2669/2500/625
f 3600/2501/626 2670/2502/626 669/2503/626 1469/2504/626
f 3599/2505/627 2671/2506/627 957/2507/627 2672/2508/627
f 3598/2509/628 1891/2510/628 547/2511/628 2673/2512/628
f 3597/2513/629 2674/2514/629 668/2515/629 1468/2516/629
f 3596/2517/630 2675/2518/630 958/2519/630 2676/2520/630
f 3595/2521/631 2011/2522/631 667/2523/631 2677/2524/631
f 3594/2525/632 2678/2526/632 404/2527/632 1204/2528/632
f 3593/2529/633 2679/2530/633 959/2531/633 2680/2532/633
f 3592/2533/634 2010/2534/634 666/2535/634 2681/2536/634
f 3591/2537/635 2682/2538/635 665/2539/635 1465/2540/635
f 3590/2541/636 2683/2542/636 960/2543/636 2684/2544/636
f 3589/2545/637 1846/2546/637 502/2547/637 2685/2548/637
f 3588/2549/638 2686/2550/638 664/2551/638 1464/2552/638
f 3587/2553/639 2687/2554/639 961/2555/639 2688/2556/639
f 3586/2557/640 2007/2558/640 663/2559/640 2689/2560/640
f 3585/2561/641 2690/2562/641 405/2563/641 1205/2564/641
f 3584/2565/642 2691/2566/642 962/2567/642 2692/2568/642
f 3583/2569/643 2006/2570/643 662/2571/643 2693/2572/643
f 3582/2573/644 2694/2574/644 661/2575/644 1461/2576/644
f 3581/2577/645 2695/2578/645 963/2579/645 2696/2580/645
f 3580/2581/646 1894/2582/646 550/2583/646 2697/2584/646
f 3579/2585/647 2698/2586/647 660/2587/647 1460/2588/647
f 3578/2589/648 2699/2590/648 964/2591/648 2700/2592/648
f 3577/2593/649 2003/2594/649 659/2595/649 2701/2596/649
f 3576/2597/650 2702/2598/650 317/2599/650 1117/2600/650
f 3575/2601/651 2703/2602/651 965/2603/651 2704/2604/651
f 3574/2605/652 2002/2606/652 658/2607/652 2705/2608/652
f 3573/2609/653 2706/2610/653 657/2611/653 1457/2612/653
f 3572/2613/654 2707/2614/654 966/2615/654 2708/2616/654
f 3571/2617/655 1895/2618/655 551/2619/655 2709/2620/655
f 3570/2621/656 2710/2622/656 656/2623/656 1456/2624/656
f 3569/2625/657 2711/2626/657 967/2627/657 2712/2628/657
f 3568/2629/658 1999/2630/658 655/2631/658 2713/2632/658
f 3567/2633/659 2714/2634/659 408/2635/659 1208/2636/659
f 3566/2637/660 2715/2638/660 968/2639/660 2716/2640/660
f 3565/2641/661 1998/2642/661 654/2643/661 2717/2644/661
f 3564/2645/662 2718/2646/662 653/2647/662 1453/2648/662
f 3563/2649/663 2719/2650/663 969/2651/663 2720/2652/663
f 3562/2653/664 1836/2654/664 492/2655/664 2721/2656/664
f 3561/2657/665 2722/2658/665 652/2659/665 1452/2660/665
f 3560/2661/666 2723/2662/666 970/2663/666 2724/2664/666
f 3559/2665/667 1995/2666/667 651/2667/667 2725/2668/667
f 3558/2669/668 2726/2670/668 409/2671/668 1209/2672/668
f 3557/2673/669 2727/2674/669 971/2675/669 2728/2676/669
f 3556/2677/670 1994/2678/670 650/2679/670 2729/2680/670
f 3555/2681/671 2730/2682/671 649/2683/671 1449/2684/671
f 3554/2685/672 2731/2686/672 972/2687/672 2732/2688/672
f 3553/2689/673 1898/2690/673 554/2691/673 2733/2692/673
f 3552/2693/674 2734/2694/674 648/2695/674 1448/2696/674
f 3551/2697/675 2735/2698/675 973/2699/675 2736/2700/675
f 3550/2701/676 1991/2702/676 647/2703/676 2737/2704/676
f 3549/2705/677 2738/2706/677 316/2707/677 1116/2708/677
f 3548/2709/678 2739/2710/678 974/2711/678 2740/2712/678
f 3547/2713/679 1990/2714/679 646/2715/679 2741/2716/679
f 3546/2717/680 2742/2718/680 645/2719/680 1445/2720/680
f 3545/2721/681 2743/2722/681 975/2723/681 2744/2724/681
f 3544/2725/682 1899/2726/682 555/2727/682 2745/2728/682
f 3543/2729/683 2746/2730/683 644/2731/683 1444/2732/683
f 3542/2733/684 2747/2734/684 976/2735/684 2748/2736/684
f 3541/2737/685 1987/2738/685 643/2739/685 2749/2740/685
f 3540/2741/686 2750/2742/686 412/2743/686 1212/2744/686
f 3539/2745/687 2751/2746/687 977/2747/687 2752/2748/687
f 3538/2749/688 1986/2750/688 642/2751/688 2753/2752/688
f 3537/2753/689 2754/2754/689 641/2755/689 1441/2756/689
f 3536/2757/690 2755/2758/690 978/2759/690 2756/2760/690
f 3535/2761/691 1843/2762/691 499/2763/691 2757/2764/691
f 3534/2765/692 2758/2766/692 640/2767/692 1440/2768/692
f 3533/2769/693 2759/2770/693 979/2771/693 2760/2772/693
f 3532/2773/694 1983/2774/694 639/2775/694 2761/2776/694
f 3531/2777/695 2762/2778/695 413/2779/695 1213/2780/695
f 3530/2781/696 2763/2782/696 980/2783/696 2764/2784/696
f 3529/2785/697 1982/2786/697 638/2787/697 2765/2788/697
f 3528/2789/698 2766/2790/698 637/2791/698 1437/2792/698
f 3527/2793/699 2767/2794/699 981/2795/699 2768/2796/699
f 3526/2797/700 1902/2798/700 558/2799/700 2769/2800/700
f 3525/2801/701 2770/2802/701 636/2803/701 1436/2804/701
f 3524/2805/702 2771/2806/702 982/2807/702 2772/2808/702
f 3523/2809/703 1979/2810/703 635/2811/703 2773/2812/703
f 3522/2813/704 2774/2814/704 301/2815/704 1101/2816/704
f 3521/2817/705 2775/2818/705 983/2819/705 2776/2820/705
f 3520/2821/706 1978/2822/706 634/2823/706 2777/2824/706
f 3519/2825/707 2778/2826/707 633/2827/707 1433/2828/707
f 3518/2829/708 2779/2830/708 984/2831/708 2780/2832/708
f 3517/2833/709 1903/2834/709 559/2835/709 2781/2836/709
f 3516/2837/710 2782/2838/710 632/2839/710 1432/2840/710
f 3515/2841/711 2783/2842/711 985/2843/711 2784/2844/711
f 3514/2845/712 1975/2846/712 631/2847/712 2785/2848/712
f 3513/2849/713 2786/2850/713 416/2851/713 1216/2852/713
f 3512/2853/714 2787/2854/714 986/2855/714 2788/2856/714
f 3511/2857/715 1974/2858/715 630/2859/715 2789/2860/715
f 3510/2861/716 2790/2862/716 629/2863/716 1429/2864/716
f 3509/2865/717 2791/2866/717 987/2867/717 2792/2868/717
f 3508/2869/718 1842/2870/718 498/2871/718 2793/2872/718
f 3507/2873/719 2794/2874/719 628/2875/719 1428/2876/719
f 3506/2877/720 2795/2878/720 988/2879/720 2796/2880/720
f 3505/2881/721 1971/2882/721 627/2883/721 2797/2884/721
f 3504/2885/722 2798/2886/722 417/2887/722 1217/2888/722
f 3503/2889/723 2799/2890/723 989/2891/723 2800/2892/723
f 3502/2893/724 1970/2894/724 626/2895/724 2801/2896/724
f 3501/2897/725 2802/2898/725 625/2899/725 1425/2900/725
f 3500/2901/726 2803/2902/726 990/2903/726 2804/2904/726
f 3499/2905/727 1906/2906/727 562/2907/727 2805/2908/727
f 3498/2909/728 2806/2910/728 624/2911/728 1424/2912/728
f 3497/2913/729 2807/2914/729 991/2915/729 2808/2916/729
f 3496/2917/730 1967/2918/730 623/2919/730 2809/2920/730
f 3495/2921/731 2810/2922/731 313/2923/731 1113/2924/731
f 3494/2925/732 2811/2926/732 992/2927/732 2812/2928/732
f 3493/2929/733 1966/2930/733 622/2931/733 2813/2932/733
f 3492/2933/734 2814/2934/734 621/2935/734 1421/2936/734
f 3491/2937/735 2815/2938/735 993/2939/735 2816/2940/735
f 3490/2941/736 1907/2942/736 563/2943/736 2817/2944/736
f 3489/2945/737 2818/2946/737 620/2947/737 1420/2948/737
f 3488/2949/738 2819/2950/738 994/2951/738 2820/2952/738
f 3487/2953/739 1963/2954/739 619/2955/739 2821/2956/739
f 3486/2957/740 2822/2958/740 420/2959/740 1220/2960/740
f 3485/2961/741 2823/2962/741 995/2963/741 2824/2964/741
f 3484/2965/742 1962/2966/742 618/2967/742 2825/2968/742
f 3483/2969/743 2826/2970/743 617/2971/743 1417/2972/743
f 3482/2973/744 2827/2974/744 996/2975/744 2828/2976/744
f 3481/2977/745 1824/2978/745 480/2979/745 2829/2980/745
f 3480/2981/746 2830/2982/746 616/2983/746 1416/2984/746
f 3479/2985/747 2831/2986/747 997/2987/747 2832/2988/747
f 3478/2989/748 1959/2990/748 615/2991/748 2833/2992/748
f 3477/2993/749 2834/2994/749 421/2995/749 1221/2996/749
f 3476/2997/750 2835/2998/750 998/2999/750 2836/3000/750
f 3475/3001/751 1958/3002/751 614/3003/751 2837/3004/751
f 3474/3005/752 2838/3006/752 613/3007/752 1413/3008/752
f 3473/3009/753 2839/3010/753 999/3011/753 2840/3012/753
f 3472/3013/754 1910/3014/754 566/3015/754 2841/3016/754
f 3471/3017/755 2842/3018/755 612/3019/755 1412/3020/755
f 3470/3021/756 2843/3022/756 1000/3023/756 2844/3024/756
f 3469/3025/757 1955/3026/757 611/3027/757 2845/3028/757
f 3468/3029/758 2846/3030/758 312/3031/758 1112/3032/758
f 3467/3033/759 2847/3034/759 1001/3035/759 2848/3036/759
f 3466/3037/760 1954/3038/760 610/3039/760 2849/3040/760
f 3465/3041/761 2850/3042/761 609/3043/761 1409/3044/761
f 3464/3045/762 2851/3046/762 1002/3047/762 2852/3048/762
f 3463/3049/763 1911/3050/763 567/3051/763 2853/3052/763
f 3462/3053/764 2854/3054/764 608/3055/764 1408/3056/764
f 3461/3057/765 2855/3058/765 1003/3059/765 2856/3060/765
f 3460/3061/766 1951/3062/766 607/3063/766 2857/3064/766
f 3459/3065/767 2858/3066/767 424/3067/767 1224/3068/767
f 3458/3069/768 2859/3070/768 1004/3071/768 2860/3072/768
f 3457/3073/769 1950/3074/769 606/3075/769 2861/3076/769
f 3456/3077/770 2862/3078/770 605/3079/770 1405/3080/770
f 3455/3081/771 2863/3082/771 1005/3083/771 2864/3084/771
f 3454/3085/772 1827/3086/772 483/3087/772 2865/3088/772
f 3453/3089/773 2866/3090/773 604/3091/773 1404/3092/773
f 3452/3093/774 2867/3094/774 1006/3095/774 2868/3096/774
f 3451/3097/775 1947/3098/775 603/3099/775 2869/3100/775
f 3450/3101/776 2870/3102/776 425/3103/776 1225/3104/776
f 3449/3105/777 2871/3106/777 1007/3107/777 2872/3108/777
f 3448/3109/778 1946/3110/778 602/3111/778 2873/3112/778
f 3447/3113/779 2874/3114/779 601/3115/779 1401/3116/779
f 3446/3117/780 2875/3118/780 1008/3119/780 2876/3120/780
f 3445/3121/781 1914/3122/781 570/3123/781 2877/3124/781
f 3444/3125/782 2878/3126/782 600/3127/782 1400/3128/782
f 3443/3129/783 2879/3130/783 1009/3131/783 2880/3132/783
f 3442/3133/784 1943/3134/784 599/3135/784 2881/3136/784
f 3441/3137/785 2882/3138/785 305/3139/785 1105/3140/785
f 3440/3141/786 2883/3142/786 1010/3143/786 2884/3144/786
f 3439/3145/787 1942/3146/787 598/3147/787 2885/3148/787
f 3438/3149/788 2886/3150/788 597/3151/788 1397/3152/788
f 3437/3153/789 2887/3154/789 1011/3155/789 2888/3156/789
f 3436/3157/790 1915/3158/790 571/3159/790 2889/3160/790
f 3435/3161/791 2890/3162/791 596/3163/791 1396/3164/791
f 3434/3165/792 2891/3166/792 1012/3167/792 2892/3168/792
f 3433/3169/793 1939/3170/793 595/3171/793 2893/3172/793
f 3432/3173/794 2894/3174/794 428/3175/794 1228/3176/794
f 3431/3177/795 2895/3178/795 1013/3179/795 2896/3180/795
f 3430/3181/796 1938/3182/796 594/3183/796 2897/3184/796
f 3429/3185/797 2898/3186/797 593/3187/797 1393/3188/797
f 3428/3189/798 2899/3190/798 1014/3191/798 2900/3192/798
f 3427/3193/799 1826/3194/799 482/3195/799 2901/3196/799
f 3426/3197/800 2902/3198/800 592/3199/800 1392/3200/800
f 3425/3201/801 2903/3202/801 1015/3203/801 2904/3204/801
f 3424/3205/802 1935/3206/802 591/3207/802 2905/3208/802
f 3423/3209/803 2906/3210/803 429/3211/803 1229/3212/803
f 3422/3213/804 2907/3214/804 1016/3215/804 2908/3216/804
f 3421/3217/805 1934/3218/805 590/3219/805 2909/3220/805
f 3420/3221/806 2910/3222/806 589/3223/806 1389/3224/806
f 3419/3225/807 2911/3226/807 1017/3227/807 2912/3228/807
f 3418/3229/808 1918/3230/808 574/3231/808 2913/3232/808
f 3417/3233/809 2914/3234/809 588/3235/809 1388/3236/809
f 3416/3237/810 2915/3238/810 1018/3239/810 2916/3240/810
f 3415/3241/811 1931/3242/811 587/3243/811 2917/3244/811
f 3414/3245/812 2918/3246/812 309/3247/812 1109/3248/812
f 3413/3249/813 2919/3250/813 1019/3251/813 2920/3252/813
f 3412/3253/814 1930/3254/814 586/3255/814 2921/3256/814
f 3411/3257/815 2922/3258/815 585/3259/815 1385/3260/815
f 3410/3261/816 2923/3262/816 1020/3263/816 2924/3264/816
f 3409/3265/817 1919/3266/817 575/3267/817 2925/3268/817
f 3408/3269/818 2926/3270/818 584/3271/818 1384/3272/818
f 3407/3273/819 2927/3274/819 1021/3275/819 2928/3276/819
f 3406/3277/820 1927/3278/820 583/3279/820 2929/3280/820
f 3405/3281/821 2930/3282/821 432/3283/821 1232/3284/821
f 3404/3285/822 2931/3286/822 1022/3287/822 2932/3288/822
f 3403/3289/823 1926/3290/823 582/3291/823 2933/3292/823
f 3402/3293/824 2934/3294/824 581/3295/824 1381/3296/824
f 3401/3297/825 2935/3298/825 1023/3299/825 2936/3300/825
f 3400/3301/826 1820/3302/826 476/3303/826 2937/3304/826
f 3399/3305/827 2938/3306/827 580/3307/827 1380/3308/827
f 3398/3309/828 2939/3310/828 1024/3311/828 2940/3312/828
f 3397/3313/829 1923/3314/829 579/3315/829 2941/3316/829
f 3396/3317/830 2942/3318/830 433/3319/830 1233/3320/830
f 3395/3321/831 2943/3322/831 1025/3323/831 2944/3324/831
f 3394/3325/832 1922/3326/832 578/3327/832 2945/3328/832
f 3393/3329/833 2946/3330/833 577/3331/833 1377/3332/833
f 3392/3333/834 2947/3334/834 1026/3335/834 2948/3336/834
f 3391/3337/835 1676/3338/835 332/3339/835 2949/3340/835
f 3390/3341/836 2950/3342/836 576/3343/836 1376/3344/836
f 3389/3345/837 2951/3346/837 1027/3347/837 2952/3348/837
f 3388/3349/838 1775/3350/838 431/3351/838 2953/3352/838
f 3387/3353/839 2954/3354/839 453/3355/839 1253/3356/839
f 3386/3357/840 2955/3358/840 1028/3359/840 2956/3360/840
f 3385/3361/841 1774/3362/841 430/3363/841 2957/3364/841
f 3384/3365/842 2958/3366/842 573/3367/842 1373/3368/842
f 3383/3369/843 2959/3370/843 1029/3371/843 2960/3372/843
f 3382/3373/844 1682/3374/844 338/3375/844 2961/3376/844
f 3381/3377/845 2962/3378/845 572/3379/845 1372/3380/845
f 3380/3381/846 2963/3382/846 1030/3383/846 2964/3384/846
f 3379/3385/847 1771/3386/847 427/3387/847 2965/3388/847
f 3378/3389/848 2966/3390/848 449/3391/848 1249/3392/848
f 3377/3393/849 2967/3394/849 1031/3395/849 2968/3396/849
f 3376/3397/850 1770/3398/850 426/3399/850 2969/3400/850
f 3375/3401/851 2970/3402/851 569/3403/851 1369/3404/851
f 3374/3405/852 2971/3406/852 1032/3407/852 2972/3408/852
f 3373/3409/853 1683/3410/853 339/3411/853 2973/3412/853
f 3372/3413/854 2974/3414/854 568/3415/854 1368/3416/854
f 3371/3417/855 2975/3418/855 1033/3419/855 2976/3420/855
f 3370/3421/856 1767/3422/856 423/3423/856 2977/3424/856
f 3369/3425/857 2978/3426/857 456/3427/857 1256/3428/857
f 3368/3429/858 2979/3430/858 1034/3431/858 2980/3432/858
f 3367/3433/859 1766/3434/859 422/3435/859 2981/3436/859
f 3366/3437/860 2982/3438/860 565/3439/860 1365/3440/860
f 3365/3441/861 2983/3442/861 1035/3443/861 2984/3444/861
f 3364/3445/862 1680/3446/862 336/3447/862 2985/3448/862
f 3363/3449/863 2986/3450/863 564/3451/863 1364/3452/863
f 3362/3453/864 2987/3454/864 1036/3455/864 2988/3456/864
f 3361/3457/865 1763/3458/865 419/3459/865 2989/3460/865
f 3360/3461/866 2990/3462/866 457/3463/866 1257/3464/866
f 3359/3465/867 2991/3466/867 1037/3467/867 2992/3468/867
f 3358/3469/868 1762/3470/868 418/3471/868 2993/3472/868
f 3357/3473/869 2994/3474/869 561/3475/869 1361/3476/869
f 3356/3477/870 2995/3478/870 1038/3479/870 2996/3480/870
f 3355/3481/871 1698/3482/871 354/3483/871 2997/3484/871
f 3354/3485/872 2998/3486/872 560/3487/872 1360/3488/872
f 3353/3489/873 2999/3490/873 1039/3491/873 3000/3492/873
f 3352/3493/874 1759/3494/874 415/3495/874 3001/3496/874
f 3351/3497/875 3002/3498/875 445/3499/875 1245/3500/875
f 3350/3501/876 3003/3502/876 1040/3503/876 3004/3504/876
f 3349/3505/877 1758/3506/877 414/3507/877 3005/3508/877
f 3348/3509/878 3006/3510/878 557/3511/878 1357/3512/878
f 3347/3513/879 3007/3514/879 1041/3515/879 3008/3516/879
f 3346/3517/880 1699/3518/880 355/3519/880 3009/3520/880
f 3345/3521/881 3010/3522/881 556/3523/881 1356/3524/881
f 3344/3525/882 3011/3526/882 1042/3527/882 3012/3528/882
f 3343/3529/883 1755/3530/883 411/3531/883 3013/3532/883
f 3342/3533/884 3014/3534/884 460/3535/884 1260/3536/884
f 3341/3537/885 3015/3538/885 1043/3539/885 3016/3540/885
f 3340/3541/886 1754/3542/886 410/3543/886 3017/3544/886
f 3339/3545/887 3018/3546/887 553/3547/887 1353/3548/887
f 3338/3549/888 3019/3550/888 1044/3551/888 3020/3552/888
f 3337/3553/889 1692/3554/889 348/3555/889 3021/3556/889
f 3336/3557/890 3022/3558/890 552/3559/890 1352/3560/890
f 3335/3561/891 3023/3562/891 1045/3563/891 3024/3564/891
f 3334/3565/892 1751/3566/892 407/3567/892 3025/3568/892
f 3333/3569/893 3026/3570/893 461/3571/893 1261/3572/893
f 3332/3573/894 3027/3574/894 1046/3575/894 3028/3576/894
f 3331/3577/895 1750/3578/895 406/3579/895 3029/3580/895
f 3330/3581/896 3030/3582/896 549/3583/896 1349/3584/896
f 3329/3585/897 3031/3586/897 1047/3587/897 3032/3588/897
f 3328/3589/898 1702/3590/898 358/3591/898 3033/3592/898
f 3327/3593/899 3034/3594/899 548/3595/899 1348/3596/899
f 3326/3597/900 3035/3598/900 1048/3599/900 3036/3600/900
f 3325/3601/901 1747/3602/901 403/3603/901 3037/3604/901
f 3324/3605/902 3038/3606/902 444/3607/902 1244/3608/902
f 3323/3609/903 3039/3610/903 1049/3611/903 3040/3612/903
f 3322/3613/904 1746/3614/904 402/3615/904 3041/3616/904
f 3321/3617/905 3042/3618/905 545/3619/905 1345/3620/905
f 3320/3621/906 3043/3622/906 1050/3623/906 3044/3624/906
f 3319/3625/907 1703/3626/907 359/3627/907 3045/3628/907
f 3318/3629/908 3046/3630/908 544/3631/908 1344/3632/908
f 3317/3633/909 3047/3634/909 1051/3635/909 3048/3636/909
f 3316/3637/910 1743/3638/910 399/3639/910 3049/3640/910
f 3315/3641/911 3050/3642/911 464/3643/911 1264/3644/911
f 3314/3645/912 3051/3646/912 1052/3647/912 3052/3648/912
f 3313/3649/913 1742/3650/913 398/3651/913 3053/3652/913
f 3312/3653/914 3054/3654/914 541/3655/914 1341/3656/914
f 3311/3657/915 3055/3658/915 1053/3659/915 3056/3660/915
f 3310/3661/916 1695/3662/916 351/3663/916 3057/3664/916
f 3309/3665/917 3058/3666/917 540/3667/917 1340/3668/917
f 3308/3669/918 3059/3670/918 1054/3671/918 3060/3672/918
f 3307/3673/919 1739/3674/919 395/3675/919 3061/3676/919
f 3306/3677/920 3062/3678/920 465/3679/920 1265/3680/920
f 3305/3681/921 3063/3682/921 1055/3683/921 3064/3684/921
f 3304/3685/922 1738/3686/922 394/3687/922 3065/3688/922
f 3303/3689/923 3066/3690/923 537/3691/923 1337/3692/923
f 3302/3693/924 3067/3694/924 1056/3695/924 3068/3696/924
f 3301/3697/925 1706/3698/925 362/3699/925 3069/3700/925
f 3300/3701/926 3070/3702/926 536/3703/926 1336/3704/926
f 3299/3705/927 3071/3706/927 1057/3707/927 3072/3708/927
f 3298/3709/928 1735/3710/928 391/3711/928 3073/3712/928
f 3297/3713/929 3074/3714/929 437/3715/929 1237/3716/929
f 3296/3717/930 3075/3718/930 1058/3719/930 3076/3720/930
f 3295/3721/931 1734/3722/931 390/3723/931 3077/3724/931
f 3294/3725/932 3078/3726/932 533/3727/932 1333/3728/932
f 3293/3729/933 3079/3730/933 1059/3731/933 3080/3732/933
f 3292/3733/934 1707/3734/934 363/3735/934 3081/3736/934
f 3291/3737/935 3082/3738/935 532/3739/935 1332/3740/935
f 3290/3741/936 3083/3742/936 1060/3743/936 3084/3744/936
f 3289/3745/937 1731/3746/937 387/3747/937 3085/3748/937
f 3288/3749/938 3086/3750/938 468/3751/938 1268/3752/938
f 3287/3753/939 3087/3754/939 1061/3755/939 3088/3756/939
f 3286/3757/940 1730/3758/940 386/3759/940 3089/3760/940
f 3285/3761/941 3090/3762/941 529/3763/941 1329/3764/941
f 3284/3765/942 3091/3766/942 1062/3767/942 3092/3768/942
f 3283/3769/943 1694/3770/943 350/3771/943 3093/3772/943
f 3282/3773/944 3094/3774/944 528/3775/944 1328/3776/944
f 3281/3777/945 3095/3778/945 1063/3779/945 3096/3780/945
f 3280/3781/946 1727/3782/946 383/3783/946 3097/3784/946
f 3279/3785/947 3098/3786/947 469/3787/947 1269/3788/947
f 3278/3789/948 3099/3790/948 1064/3791/948 3100/3792/948
f 3277/3793/949 1726/3794/949 382/3795/949 3101/3796/949
f 3276/3797/950 3102/3798/950 525/3799/950 1325/3800/950
f 3275/3801/951 3103/3802/951 1065/3803/951 3104/3804/951
f 3274/3805/952 1710/3806/952 366/3807/952 3105/3808/952
f 3273/3809/953 3106/3810/953 524/3811/953 1324/3812/953
f 3272/3813/954 3107/3814/954 1066/3815/954 3108/3816/954
f 3271/3817/955 1723/3818/955 379/3819/955 3109/3820/955
f 3270/3821/956 3110/3822/956 441/3823/956 1241/3824/956
f 3269/3825/957 3111/3826/957 1067/3827/957 3112/3828/957
f 3268/3829/958 1722/3830/958 378/3831/958 3113/3832/958
f 3267/3833/959 3114/3834/959 521/3835/959 1321/3836/959
f 3266/3837/960 3115/3838/960 1068/3839/960 3116/3840/960
f 3265/3841/961 1711/3842/961 367/3843/961 3117/3844/961
f 3264/3845/962 3118/3846/962 520/3847/962 1320/3848/962
f 3263/3849/963 3119/3850/963 1069/3851/963 3120/3852/963
f 3262/3853/964 1719/3854/964 375/3855/964 3121/3856/964
f 3261/3857/965 3122/3858/965 472/3859/965 1272/3860/965
f 3260/3861/966 3123/3862/966 1070/3863/966 3124/3864/966
f 3259/3865/967 1718/3866/967 374/3867/967 3125/3868/967
f 3258/3869/968 3126/3870/968 517/3871/968 1317/3872/968
f 3257/3873/969 3127/3874/969 1071/3875/969 3128/3876/969
f 3256/3877/970 1688/3878/970 344/3879/970 3129/3880/970
f 3255/3881/971 3130/3882/971 516/3883/971 1316/3884/971
f 3254/3885/972 3131/3886/972 1072/3887/972 3132/3888/972
f 3253/3889/973 1715/3890/973 371/3891/973 3133/3892/973
f 3252/3893/974 3134/3894/974 473/3895/974 1273/3896/974
f 3251/3897/975 3135/3898/975 1073/3899/975 3136/3900/975
f 3250/3901/976 1714/3902/976 370/3903/976 3137/3904/976
f 3249/3905/977 3138/3906/977 513/3907/977 1313/3908/977
f 3248/3909/978 3139/3910/978 1074/3911/978 3140/3912/978
f 3247/3913/979 1648/3914/979 304/3915/979 3141/3916/979
f 3246/3917/980 3142/3918/980 512/3919/980 1312/3920/980
f 3245/3921/981 3143/3922/981 1075/3923/981 3144/3924/981
f 3244/3925/982 1671/3926/982 327/3927/982 3145/3928/982
f 3243/3929/983 3146/3930/983 481/3931/983 1281/3932/983
f 3242/3933/984 3147/3934/984 1076/3935/984 3148/3936/984
f 3241/3937/985 1670/3938/985 326/3939/985 3149/3940/985
f 3240/3941/986 3150/3942/986 509/3943/986 1309/3944/986
f 3239/3945/987 3151/3946/987 1077/3947/987 3152/3948/987
f 3238/3949/988 1654/3950/988 310/3951/988 3153/3952/988
f 3237/3953/989 3154/3954/989 508/3955/989 1308/3956/989
f 3236/3957/990 3155/3958/990 1078/3959/990 3156/3960/990
f 3235/3961/991 1667/3962/991 323/3963/991 3157/3964/991
f 3234/3965/992 3158/3966/992 477/3967/992 1277/3968/992
f 3233/3969/993 3159/3970/993 1079/3971/993 3160/3972/993
f 3232/3973/994 1666/3974/994 322/3975/994 3161/3976/994
f 3231/3977/995 3162/3978/995 505/3979/995 1305/3980/995
f 3230/3981/996 3163/3982/996 1080/3983/996 3164/3984/996
f 3229/3985/997 1655/3986/997 311/3987/997 3165/3988/997
f 3228/3989/998 3166/3990/998 504/3991/998 1304/3992/998
f 3227/3993/999 3167/3994/999 1081/3995/999 3168/3996/999
f 3226/3997/1000 1663/3998/1000 319/3999/1000 3169/4000/1000
f 3225/4001/1001 3170/4002/1001 484/4003/1001 1284/4004/1001
f 3224/4005/1002 3171/4006/1002 1082/4007/1002 3172/4008/1002
f 3223/4009/1003 1662/4010/1003 318/4011/1003 3173/4012/1003
f 3222/4013/1004 3174/4014/1004 501/4015/1004 1301/4016/1004
f 3221/4017/1005 3175/4018/1005 1083/4019/1005 3176/4020/1005
f 3220/4021/1006 1652/4022/1006 308/4023/1006 3177/4024/1006
f 3219/4025/1007 3178/4026/1007 500/4027/1007 1300/4028/1007
f 3218/4029/1008 3179/4030/1008 1084/4031/1008 3180/4032/1008
f 3217/4033/1009 1659/4034/1009 315/4035/1009 3181/4036/1009
f 3216/4037/1010 3182/4038/1010 485/4039/1010 1285/4040/1010
f 3215/4041/1011 3183/4042/1011 1085/4043/1011 3184/4044/1011
f 3214/4045/1012 1658/4046/1012 314/4047/1012 3185/4048/1012
f 3213/4049/1013 3186/4050/1013 497/4051/1013 1297/4052/1013
f 3212/4053/1014 3187/4054/1014 1086/4055/1014 3188/4056/1014
f 3211/4057/1015 1640/4058/1015 296/4059/1015 3189/4060/1015
f 3210/4061/1016 3190/4062/1016 496/4063/1016 1296/4064/1016
f 3209/4065/1017 3191/4066/1017 1087/4067/1017 3192/4068/1017
f 3208/4069/1018 1643/4070/1018 299/4071/1018 3193/4072/1018
f 3207/4073/1019 3194/4074/1019 489/4075/1019 1289/4076/1019
f 3206/4077/1020 3195/4078/1020 1088/4079/1020 3196/4080/1020
f 3205/4081/1021 1642/4082/1021 298/4083/1021 3197/4084/1021
f 3204/4085/1022 3198/4086/1022 493/4087/1022 1293/4088/1022
f 3203/4089/1023 3199/4090/1023 1089/4091/1023 3200/4092/1023
f 3202/4093/1024 1636/4094/1024 292/4095/1024 3201/4096/1024
f 3199/4090/1025 3202/4093/1025 3201/4096/1025 1089/4091/1025
f 833/1027/1026 2177/1024/1026 3202/4093/1026 3199/4090/1026
f 2177/1024/1027 84/1023/1027 1636/4094/1027 3202/4093/1027
f 2174/1058/1028 3203/4089/1028 3200/4092/1028 830/1059/1028
f 289/1019/1029 1633/1028/1029 3203/4089/1029 2174/1058/1029
f 1633/1028/1030 833/1027/1030 3199/4090/1030 3203/4089/1030
f 1630/1014/1031 3204/4085/1031 1293/4088/1031 141/1015/1031
f 830/4097/1032 3200/4098/1032 3204/4085/1032 1630/1014/1032
f 3200/4098/1033 1089/4099/1033 3198/4086/1033 3204/4085/1033
f 3195/4078/1034 3205/4081/1034 3197/4084/1034 1088/4079/1034
f 829/4100/1035 2173/1012/1035 3205/4081/1035 3195/4078/1035
f 2173/1012/1036 90/1011/1036 1642/4082/1036 3205/4081/1036
f 2170/4101/1037 3206/4102/1037 3196/4103/1037 826/4104/1037
f 288/4105/1038 1629/1064/1038 3206/4102/1038 2170/4101/1038
f 1629/1064/1039 829/1063/1039 3195/4106/1039 3206/4102/1039
f 1626/1002/1040 3207/4073/1040 1289/4076/1040 137/1003/1040
f 826/4104/1041 3196/4103/1041 3207/4073/1041 1626/1002/1041
f 3196/4103/1042 1088/4107/1042 3194/4074/1042 3207/4073/1042
f 3191/4066/1043 3208/4108/1043 3193/4109/1043 1087/4067/1043
f 825/1099/1044 2169/4110/1044 3208/4108/1044 3191/4066/1044
f 2169/1000/1045 91/999/1045 1643/4070/1045 3208/4069/1045
f 2166/1130/1046 3209/4111/1046 3192/4112/1046 822/1131/1046
f 287/995/1047 1625/1100/1047 3209/4065/1047 2166/4113/1047
f 1625/1100/1048 825/1099/1048 3191/4066/1048 3209/4065/1048
f 1622/4114/1049 3210/4061/1049 1296/4064/1049 144/4115/1049
f 822/1131/1050 3192/4112/1050 3210/4061/1050 1622/4114/1050
f 3192/4112/1051 1087/4116/1051 3190/4062/1051 3210/4061/1051
f 3187/4054/1052 3211/4057/1052 3189/4060/1052 1086/4055/1052
f 821/4117/1053 2165/4118/1053 3211/4057/1053 3187/4054/1053
f 2165/988/1054 88/987/1054 1640/4119/1054 3211/4120/1054
f 2162/1166/1055 3212/4121/1055 3188/4122/1055 818/1167/1055
f 286/983/1056 1621/4123/1056 3212/4053/1056 2162/4124/1056
f 1621/4123/1057 821/4117/1057 3187/4054/1057 3212/4053/1057
f 1618/978/1058 3213/4049/1058 1297/4052/1058 145/979/1058
f 818/1167/1059 3188/4122/1059 3213/4049/1059 1618/978/1059
f 3188/4122/1060 1086/4125/1060 3186/4050/1060 3213/4049/1060
f 3183/4126/1061 3214/4127/1061 3185/4128/1061 1085/4129/1061
f 817/4130/1062 2161/4131/1062 3214/4127/1062 3183/4126/1062
f 2161/976/1063 106/975/1063 1658/4046/1063 3214/4045/1063
f 2158/1202/1064 3215/4041/1064 3184/4044/1064 814/1203/1064
f 285/4132/1065 1617/4133/1065 3215/4041/1065 2158/1202/1065
f 1617/4134/1066 817/4130/1066 3183/4126/1066 3215/4135/1066
f 1614/966/1067 3216/4136/1067 1285/4137/1067 133/967/1067
f 814/1203/1068 3184/4044/1068 3216/4136/1068 1614/966/1068
f 3184/4138/1069 1085/4129/1069 3182/4038/1069 3216/4037/1069
f 3179/4139/1070 3217/4033/1070 3181/4036/1070 1084/4140/1070
f 813/4141/1071 2157/964/1071 3217/4033/1071 3179/4139/1071
f 2157/964/1072 107/963/1072 1659/4034/1072 3217/4033/1072
f 2154/1238/1073 3218/4029/1073 3180/4032/1073 810/1239/1073
f 284/959/1074 1613/4142/1074 3218/4143/1074 2154/4144/1074
f 1613/4142/1075 813/4141/1075 3179/4139/1075 3218/4143/1075
f 1610/954/1076 3219/4025/1076 1300/4028/1076 148/955/1076
f 810/4145/1077 3180/4146/1077 3219/4025/1077 1610/954/1077
f 3180/4147/1078 1084/4148/1078 3178/4149/1078 3219/4150/1078
f 3175/4151/1079 3220/4021/1079 3177/4024/1079 1083/4152/1079
f 809/4153/1080 2153/952/1080 3220/4021/1080 3175/4151/1080
f 2153/952/1081 100/951/1081 1652/4022/1081 3220/4021/1081
f 2150/1274/1082 3221/4017/1082 3176/4020/1082 806/1275/1082
f 283/947/1083 1609/1244/1083 3221/4017/1083 2150/1274/1083
f 1609/1244/1084 809/1243/1084 3175/4018/1084 3221/4017/1084
f 1606/942/1085 3222/4013/1085 1301/4016/1085 149/943/1085
f 806/1275/1086 3176/4020/1086 3222/4013/1086 1606/942/1086
f 3176/4020/1087 1083/4019/1087 3174/4014/1087 3222/4013/1087
f 3171/4006/1088 3223/4009/1088 3173/4012/1088 1082/4007/1088
f 805/4154/1089 2149/4155/1089 3223/4156/1089 3171/4157/1089
f 2149/4155/1090 110/4158/1090 1662/4159/1090 3223/4156/1090
f 2146/1310/1091 3224/4160/1091 3172/4161/1091 802/1311/1091
f 282/4162/1092 1605/4163/1092 3224/4160/1092 2146/1310/1092
f 1605/4163/1093 805/4154/1093 3171/4157/1093 3224/4160/1093
f 1602/930/1094 3225/4001/1094 1284/4004/1094 132/931/1094
f 802/4164/1095 3172/4008/1095 3225/4001/1095 1602/930/1095
f 3172/4008/1096 1082/4007/1096 3170/4002/1096 3225/4001/1096
f 3167/4165/1097 3226/4166/1097 3169/4167/1097 1081/4168/1097
f 801/4169/1098 2145/928/1098 3226/3997/1098 3167/4170/1098
f 2145/928/1099 111/927/1099 1663/3998/1099 3226/3997/1099
f 2142/1346/1100 3227/4171/1100 3168/4172/1100 798/1347/1100
f 281/923/1101 1601/4173/1101 3227/4174/1101 2142/4175/1101
f 1601/4173/1102 801/4176/1102 3167/4165/1102 3227/4174/1102
f 1598/918/1103 3228/3989/1103 1304/3992/1103 152/919/1103
f 798/1347/1104 3168/4172/1104 3228/3989/1104 1598/918/1104
f 3168/4172/1105 1081/4177/1105 3166/3990/1105 3228/3989/1105
f 3163/3982/1106 3229/3985/1106 3165/3988/1106 1080/3983/1106
f 797/4178/1107 2141/4179/1107 3229/3985/1107 3163/3982/1107
f 2141/4179/1108 103/4180/1108 1655/3986/1108 3229/3985/1108
f 2138/4181/1109 3230/4182/1109 3164/4183/1109 794/4184/1109
f 280/4185/1110 1597/1352/1110 3230/4182/1110 2138/4181/1110
f 1597/4186/1111 797/4178/1111 3163/3982/1111 3230/3981/1111
f 1594/906/1112 3231/4187/1112 1305/4188/1112 153/907/1112
f 794/1383/1113 3164/4189/1113 3231/4187/1113 1594/906/1113
f 3164/3984/1114 1080/3983/1114 3162/4190/1114 3231/4191/1114
f 3159/3970/1115 3232/3973/1115 3161/3976/1115 1079/3971/1115
f 793/1387/1116 2137/904/1116 3232/3973/1116 3159/3970/1116
f 2137/904/1117 114/903/1117 1666/3974/1117 3232/3973/1117
f 2134/1418/1118 3233/3969/1118 3160/3972/1118 790/1419/1118
f 279/899/1119 1593/1388/1119 3233/3969/1119 2134/1418/1119
f 1593/1388/1120 793/1387/1120 3159/3970/1120 3233/3969/1120
f 1590/894/1121 3234/3965/1121 1277/3968/1121 125/895/1121
f 790/4192/1122 3160/4193/1122 3234/3965/1122 1590/894/1122
f 3160/4193/1123 1079/4194/1123 3158/3966/1123 3234/3965/1123
f 3155/3958/1124 3235/3961/1124 3157/3964/1124 1078/3959/1124
f 789/1423/1125 2133/892/1125 3235/3961/1125 3155/3958/1125
f 2133/892/1126 115/891/1126 1667/3962/1126 3235/3961/1126
f 2130/4195/1127 3236/3957/1127 3156/3960/1127 786/4196/1127
f 278/887/1128 1589/1424/1128 3236/3957/1128 2130/4195/1128
f 1589/1424/1129 789/1423/1129 3155/3958/1129 3236/3957/1129
f 1586/882/1130 3237/3953/1130 1308/3956/1130 156/883/1130
f 786/4196/1131 3156/3960/1131 3237/4197/1131 1586/4198/1131
f 3156/3960/1132 1078/3959/1132 3154/4199/1132 3237/4197/1132
f 3151/3946/1133 3238/4200/1133 3153/4201/1133 1077/3947/1133
f 785/4202/1134 2129/880/1134 3238/3949/1134 3151/4203/1134
f 2129/880/1135 102/879/1135 1654/3950/1135 3238/3949/1135
f 2126/1490/1136 3239/3945/1136 3152/3948/1136 782/1491/1136
f 277/875/1137 1585/1460/1137 3239/3945/1137 2126/1490/1137
f 1585/1460/1138 785/1459/1138 3151/3946/1138 3239/3945/1138
f 1582/870/1139 3240/3941/1139 1309/3944/1139 157/871/1139
f 782/1491/1140 3152/3948/1140 3240/3941/1140 1582/870/1140
f 3152/3948/1141 1077/3947/1141 3150/3942/1141 3240/3941/1141
f 3147/3934/1142 3241/4204/1142 3149/4205/1142 1076/3935/1142
f 781/1495/1143 2125/868/1143 3241/4204/1143 3147/3934/1143
f 2125/868/1144 118/867/1144 1670/4206/1144 3241/4204/1144
f 2122/1526/1145 3242/3933/1145 3148/3936/1145 778/1527/1145
f 276/863/1146 1581/1496/1146 3242/3933/1146 2122/1526/1146
f 1581/1496/1147 781/1495/1147 3147/3934/1147 3242/3933/1147
f 1578/858/1148 3243/3929/1148 1281/3932/1148 129/859/1148
f 778/4207/1149 3148/4208/1149 3243/3929/1149 1578/858/1149
f 3148/4208/1150 1076/4209/1150 3146/3930/1150 3243/3929/1150
f 3143/3922/1151 3244/3925/1151 3145/3928/1151 1075/3923/1151
f 777/4210/1152 2121/856/1152 3244/3925/1152 3143/3922/1152
f 2121/856/1153 119/855/1153 1671/3926/1153 3244/3925/1153
f 2118/1562/1154 3245/4211/1154 3144/4212/1154 774/1563/1154
f 275/4213/1155 1577/4214/1155 3245/3921/1155 2118/4215/1155
f 1577/4214/1156 777/4210/1156 3143/3922/1156 3245/3921/1156
f 1574/4216/1157 3246/3917/1157 1312/3920/1157 160/4217/1157
f 774/4218/1158 3144/4219/1158 3246/3917/1158 1574/4216/1158
f 3144/4219/1159 1075/4220/1159 3142/3918/1159 3246/3917/1159
f 3139/4221/1160 3247/3913/1160 3141/3916/1160 1074/4222/1160
f 773/4223/1161 2117/844/1161 3247/3913/1161 3139/4221/1161
f 2117/844/1162 96/843/1162 1648/3914/1162 3247/3913/1162
f 2114/4224/1163 3248/3909/1163 3140/3912/1163 770/4225/1163
f 274/4226/1164 1573/1568/1164 3248/3909/1164 2114/4224/1164
f 1573/1568/1165 773/1567/1165 3139/3910/1165 3248/3909/1165
f 1570/834/1166 3249/3905/1166 1313/3908/1166 161/835/1166
f 770/1599/1167 3140/4227/1167 3249/3905/1167 1570/834/1167
f 3140/3912/1168 1074/3911/1168 3138/4228/1168 3249/4229/1168
f 3135/3898/1169 3250/3901/1169 3137/3904/1169 1073/3899/1169
f 769/1603/1170 2113/832/1170 3250/3901/1170 3135/3898/1170
f 2113/832/1171 162/831/1171 1714/3902/1171 3250/3901/1171
f 2110/1634/1172 3251/3897/1172 3136/3900/1172 766/1635/1172
f 273/827/1173 1569/1604/1173 3251/3897/1173 2110/1634/1173
f 1569/1604/1174 769/1603/1174 3135/3898/1174 3251/3897/1174
f 1566/4230/1175 3252/3893/1175 1273/3896/1175 121/4231/1175
f 766/1635/1176 3136/3900/1176 3252/4232/1176 1566/822/1176
f 3136/4233/1177 1073/4234/1177 3134/3894/1177 3252/3893/1177
f 3131/3886/1178 3253/4235/1178 3133/4236/1178 1072/3887/1178
f 765/4237/1179 2109/4238/1179 3253/4235/1179 3131/3886/1179
f 2109/4238/1180 163/4239/1180 1715/4240/1180 3253/4235/1180
f 2106/1670/1181 3254/4241/1181 3132/4242/1181 762/1671/1181
f 272/4243/1182 1565/1640/1182 3254/4241/1182 2106/1670/1182
f 1565/1640/1183 765/1639/1183 3131/4244/1183 3254/4241/1183
f 1562/810/1184 3255/3881/1184 1316/3884/1184 164/811/1184
f 762/1671/1185 3132/4242/1185 3255/3881/1185 1562/810/1185
f 3132/3888/1186 1072/3887/1186 3130/4245/1186 3255/4246/1186
f 3127/3874/1187 3256/3877/1187 3129/3880/1187 1071/3875/1187
f 761/1675/1188 2105/808/1188 3256/3877/1188 3127/3874/1188
f 2105/808/1189 136/807/1189 1688/3878/1189 3256/3877/1189
f 2102/1706/1190 3257/3873/1190 3128/3876/1190 758/1707/1190
f 271/803/1191 1561/1676/1191 3257/3873/1191 2102/1706/1191
f 1561/1676/1192 761/1675/1192 3127/3874/1192 3257/3873/1192
f 1558/798/1193 3258/3869/1193 1317/3872/1193 165/799/1193
f 758/4247/1194 3128/4248/1194 3258/3869/1194 1558/798/1194
f 3128/4248/1195 1071/4249/1195 3126/3870/1195 3258/3869/1195
f 3123/4250/1196 3259/3865/1196 3125/3868/1196 1070/4251/1196
f 757/4252/1197 2101/4253/1197 3259/3865/1197 3123/4250/1197
f 2101/796/1198 166/795/1198 1718/4254/1198 3259/4255/1198
f 2098/1742/1199 3260/3861/1199 3124/3864/1199 754/1743/1199
f 270/791/1200 1557/4256/1200 3260/4257/1200 2098/4258/1200
f 1557/4256/1201 757/4252/1201 3123/4250/1201 3260/4257/1201
f 1554/786/1202 3261/3857/1202 1272/3860/1202 120/787/1202
f 754/1743/1203 3124/3864/1203 3261/4259/1203 1554/4260/1203
f 3124/3864/1204 1070/3863/1204 3122/4261/1204 3261/4259/1204
f 3119/3850/1205 3262/3853/1205 3121/3856/1205 1069/3851/1205
f 753/1747/1206 2097/4262/1206 3262/3853/1206 3119/3850/1206
f 2097/784/1207 167/783/1207 1719/4263/1207 3262/4264/1207
f 2094/4265/1208 3263/3849/1208 3120/3852/1208 750/4266/1208
f 269/779/1209 1553/1748/1209 3263/3849/1209 2094/4265/1209
f 1553/1748/1210 753/1747/1210 3119/3850/1210 3263/3849/1210
f 1550/774/1211 3264/3845/1211 1320/3848/1211 168/775/1211
f 750/1779/1212 3120/4267/1212 3264/3845/1212 1550/774/1212
f 3120/4267/1213 1069/4268/1213 3118/3846/1213 3264/3845/1213
f 3115/3838/1214 3265/3841/1214 3117/3844/1214 1068/3839/1214
f 749/1783/1215 2093/772/1215 3265/3841/1215 3115/3838/1215
f 2093/772/1216 159/771/1216 1711/3842/1216 3265/3841/1216
f 2090/1814/1217 3266/3837/1217 3116/3840/1217 746/1815/1217
f 268/767/1218 1549/1784/1218 3266/3837/1218 2090/1814/1218
f 1549/1784/1219 749/1783/1219 3115/3838/1219 3266/3837/1219
f 1546/762/1220 3267/3833/1220 1321/3836/1220 169/763/1220
f 746/1815/1221 3116/3840/1221 3267/4269/1221 1546/4270/1221
f 3116/3840/1222 1068/3839/1222 3114/4271/1222 3267/4269/1222
f 3111/3826/1223 3268/3829/1223 3113/3832/1223 1067/3827/1223
f 745/4272/1224 2089/760/1224 3268/3829/1224 3111/3826/1224
f 2089/760/1225 170/759/1225 1722/3830/1225 3268/3829/1225
f 2086/1850/1226 3269/3825/1226 3112/3828/1226 742/1851/1226
f 267/4273/1227 1545/4274/1227 3269/3825/1227 2086/1850/1227
f 1545/4274/1228 745/4272/1228 3111/3826/1228 3269/3825/1228
f 1542/750/1229 3270/3821/1229 1241/3824/1229 89/751/1229
f 742/4275/1230 3112/4276/1230 3270/3821/1230 1542/750/1230
f 3112/4276/1231 1067/4277/1231 3110/3822/1231 3270/3821/1231
f 3107/3814/1232 3271/3817/1232 3109/3820/1232 1066/3815/1232
f 741/1855/1233 2085/748/1233 3271/3817/1233 3107/3814/1233
f 2085/748/1234 171/747/1234 1723/3818/1234 3271/3817/1234
f 2082/1886/1235 3272/3813/1235 3108/3816/1235 738/1887/1235
f 266/743/1236 1541/1856/1236 3272/3813/1236 2082/1886/1236
f 1541/1856/1237 741/1855/1237 3107/3814/1237 3272/3813/1237
f 1538/738/1238 3273/3809/1238 1324/3812/1238 172/739/1238
f 738/1887/1239 3108/3816/1239 3273/3809/1239 1538/738/1239
f 3108/4278/1240 1066/4279/1240 3106/4280/1240 3273/4281/1240
f 3103/3802/1241 3274/4282/1241 3105/4283/1241 1065/3803/1241
f 737/1891/1242 2081/4284/1242 3274/4282/1242 3103/3802/1242
f 2081/736/1243 158/735/1243 1710/3806/1243 3274/3805/1243
f 2078/1922/1244 3275/3801/1244 3104/3804/1244 734/1923/1244
f 265/731/1245 1537/1892/1245 3275/3801/1245 2078/1922/1245
f 1537/1892/1246 737/1891/1246 3103/3802/1246 3275/3801/1246
f 1534/726/1247 3276/3797/1247 1325/3800/1247 173/727/1247
f 734/4285/1248 3104/4286/1248 3276/3797/1248 1534/726/1248
f 3104/3804/1249 1065/3803/1249 3102/4287/1249 3276/4288/1249
f 3099/3790/1250 3277/3793/1250 3101/3796/1250 1064/3791/1250
f 733/4289/1251 2077/724/1251 3277/3793/1251 3099/3790/1251
f 2077/724/1252 174/723/1252 1726/3794/1252 3277/3793/1252
f 2074/1958/1253 3278/4290/1253 3100/4291/1253 730/1959/1253
f 264/719/1254 1533/1928/1254 3278/4290/1254 2074/1958/1254
f 1533/1928/1255 733/1927/1255 3099/4292/1255 3278/4290/1255
f 1530/714/1256 3279/3785/1256 1269/3788/1256 117/715/1256
f 730/4293/1257 3100/3792/1257 3279/3785/1257 1530/714/1257
f 3100/3792/1258 1064/3791/1258 3098/3786/1258 3279/3785/1258
f 3095/3778/1259 3280/3781/1259 3097/3784/1259 1063/3779/1259
f 729/1963/1260 2073/4294/1260 3280/3781/1260 3095/3778/1260
f 2073/4294/1261 175/4295/1261 1727/3782/1261 3280/3781/1261
f 2070/1994/1262 3281/3777/1262 3096/3780/1262 726/1995/1262
f 263/707/1263 1529/1964/1263 3281/3777/1263 2070/1994/1263
f 1529/1964/1264 729/1963/1264 3095/3778/1264 3281/3777/1264
f 1526/702/1265 3282/3773/1265 1328/3776/1265 176/703/1265
f 726/1995/1266 3096/3780/1266 3282/4296/1266 1526/4297/1266
f 3096/4298/1267 1063/4299/1267 3094/3774/1267 3282/3773/1267
f 3091/3766/1268 3283/3769/1268 3093/3772/1268 1062/3767/1268
f 725/4300/1269 2069/700/1269 3283/3769/1269 3091/3766/1269
f 2069/700/1270 142/699/1270 1694/3770/1270 3283/3769/1270
f 2066/2030/1271 3284/3765/1271 3092/3768/1271 722/2031/1271
f 262/4301/1272 1525/4302/1272 3284/3765/1272 2066/2030/1272
f 1525/4302/1273 725/4300/1273 3091/3766/1273 3284/3765/1273
f 1522/690/1274 3285/4303/1274 1329/4304/1274 177/691/1274
f 722/4305/1275 3092/4306/1275 3285/4303/1275 1522/690/1275
f 3092/3768/1276 1062/3767/1276 3090/3762/1276 3285/3761/1276
f 3087/4307/1277 3286/3757/1277 3089/3760/1277 1061/4308/1277
f 721/4309/1278 2065/688/1278 3286/3757/1278 3087/4307/1278
f 2065/688/1279 178/687/1279 1730/3758/1279 3286/3757/1279
f 2062/2066/1280 3287/3753/1280 3088/3756/1280 718/2067/1280
f 261/683/1281 1521/2036/1281 3287/3753/1281 2062/2066/1281
f 1521/4310/1282 721/4309/1282 3087/4307/1282 3287/4311/1282
f 1518/678/1283 3288/3749/1283 1268/3752/1283 116/679/1283
f 718/2067/1284 3088/3756/1284 3288/3749/1284 1518/678/1284
f 3088/3756/1285 1061/3755/1285 3086/3750/1285 3288/3749/1285
f 3083/4312/1286 3289/3745/1286 3085/3748/1286 1060/4313/1286
f 717/2071/1287 2061/676/1287 3289/4314/1287 3083/3742/1287
f 2061/4315/1288 179/4316/1288 1731/3746/1288 3289/3745/1288
f 2058/2102/1289 3290/3741/1289 3084/3744/1289 714/2103/1289
f 260/671/1290 1517/2072/1290 3290/3741/1290 2058/2102/1290
f 1517/2072/1291 717/2071/1291 3083/3742/1291 3290/3741/1291
f 1514/4317/1292 3291/3737/1292 1332/3740/1292 180/4318/1292
f 714/2103/1293 3084/3744/1293 3291/4319/1293 1514/666/1293
f 3084/4320/1294 1060/4313/1294 3082/3738/1294 3291/3737/1294
f 3079/3730/1295 3292/4321/1295 3081/4322/1295 1059/3731/1295
f 713/2107/1296 2057/664/1296 3292/3733/1296 3079/4323/1296
f 2057/664/1297 155/663/1297 1707/3734/1297 3292/3733/1297
f 2054/2138/1298 3293/3729/1298 3080/3732/1298 710/2139/1298
f 259/659/1299 1513/2108/1299 3293/4324/1299 2054/4325/1299
f 1513/2108/1300 713/2107/1300 3079/4323/1300 3293/4324/1300
f 1510/654/1301 3294/3725/1301 1333/3728/1301 181/655/1301
f 710/2139/1302 3080/3732/1302 3294/3725/1302 1510/654/1302
f 3080/3732/1303 1059/3731/1303 3078/3726/1303 3294/3725/1303
f 3075/3718/1304 3295/3721/1304 3077/3724/1304 1058/3719/1304
f 709/4326/1305 2053/652/1305 3295/3721/1305 3075/3718/1305
f 2053/652/1306 182/651/1306 1734/3722/1306 3295/3721/1306
f 2050/2174/1307 3296/3717/1307 3076/3720/1307 706/2175/1307
f 258/647/1308 1509/2144/1308 3296/4327/1308 2050/4328/1308
f 1509/4329/1309 709/4326/1309 3075/3718/1309 3296/3717/1309
f 1506/642/1310 3297/3713/1310 1237/3716/1310 85/643/1310
f 706/4330/1311 3076/4331/1311 3297/3713/1311 1506/642/1311
f 3076/4331/1312 1058/4332/1312 3074/3714/1312 3297/3713/1312
f 3071/3706/1313 3298/3709/1313 3073/3712/1313 1057/3707/1313
f 705/2179/1314 2049/640/1314 3298/3709/1314 3071/3706/1314
f 2049/640/1315 183/639/1315 1735/3710/1315 3298/3709/1315
f 2046/2210/1316 3299/3705/1316 3072/3708/1316 702/2211/1316
f 257/635/1317 1505/2180/1317 3299/3705/1317 2046/2210/1317
f 1505/2180/1318 705/2179/1318 3071/3706/1318 3299/3705/1318
f 1502/630/1319 3300/3701/1319 1336/3704/1319 184/631/1319
f 702/2211/1320 3072/3708/1320 3300/3701/1320 1502/630/1320
f 3072/3708/1321 1057/3707/1321 3070/3702/1321 3300/3701/1321
f 3067/3694/1322 3301/3697/1322 3069/3700/1322 1056/3695/1322
f 701/4333/1323 2045/628/1323 3301/3697/1323 3067/3694/1323
f 2045/628/1324 154/627/1324 1706/3698/1324 3301/3697/1324
f 2042/2246/1325 3302/4334/1325 3068/4335/1325 698/2247/1325
f 256/623/1326 1501/2216/1326 3302/4334/1326 2042/2246/1326
f 1501/4336/1327 701/4333/1327 3067/3694/1327 3302/3693/1327
f 1498/618/1328 3303/3689/1328 1337/3692/1328 185/619/1328
f 698/2247/1329 3068/4335/1329 3303/4337/1329 1498/4338/1329
f 3068/3696/1330 1056/3695/1330 3066/3690/1330 3303/3689/1330
f 3063/3682/1331 3304/3685/1331 3065/3688/1331 1055/3683/1331
f 697/2251/1332 2041/616/1332 3304/3685/1332 3063/3682/1332
f 2041/616/1333 186/615/1333 1738/3686/1333 3304/3685/1333
f 2038/4339/1334 3305/4340/1334 3064/4341/1334 694/4342/1334
f 255/611/1335 1497/2252/1335 3305/3681/1335 2038/4343/1335
f 1497/2252/1336 697/2251/1336 3063/3682/1336 3305/3681/1336
f 1494/606/1337 3306/4344/1337 1265/4345/1337 113/607/1337
f 694/2283/1338 3064/4346/1338 3306/3677/1338 1494/4347/1338
f 3064/4346/1339 1055/4348/1339 3062/3678/1339 3306/3677/1339
f 3059/3670/1340 3307/3673/1340 3061/3676/1340 1054/3671/1340
f 693/2287/1341 2037/4349/1341 3307/4350/1341 3059/4351/1341
f 2037/4349/1342 187/4352/1342 1739/4353/1342 3307/4350/1342
f 2034/4354/1343 3308/4355/1343 3060/4356/1343 690/4357/1343
f 254/4358/1344 1493/2288/1344 3308/4355/1344 2034/4354/1344
f 1493/2288/1345 693/2287/1345 3059/4351/1345 3308/4355/1345
f 1490/594/1346 3309/4359/1346 1340/4360/1346 188/595/1346
f 690/4357/1347 3060/4356/1347 3309/3665/1347 1490/4361/1347
f 3060/4356/1348 1054/4362/1348 3058/3666/1348 3309/3665/1348
f 3055/3658/1349 3310/3661/1349 3057/3664/1349 1053/3659/1349
f 689/2323/1350 2033/592/1350 3310/3661/1350 3055/3658/1350
f 2033/592/1351 143/591/1351 1695/3662/1351 3310/3661/1351
f 2030/2354/1352 3311/4363/1352 3056/4364/1352 686/2355/1352
f 253/587/1353 1489/4365/1353 3311/4363/1353 2030/2354/1353
f 1489/2324/1354 689/2323/1354 3055/3658/1354 3311/3657/1354
f 1486/582/1355 3312/4366/1355 1341/4367/1355 189/583/1355
f 686/2355/1356 3056/4364/1356 3312/4366/1356 1486/582/1356
f 3056/4364/1357 1053/4368/1357 3054/4369/1357 3312/4366/1357
f 3051/3646/1358 3313/4370/1358 3053/4371/1358 1052/3647/1358
f 685/2359/1359 2029/4372/1359 3313/4370/1359 3051/3646/1359
f 2029/580/1360 190/579/1360 1742/3650/1360 3313/3649/1360
f 2026/2390/1361 3314/4373/1361 3052/4374/1361 682/2391/1361
f 252/575/1362 1485/4375/1362 3314/4373/1362 2026/2390/1362
f 1485/2360/1363 685/2359/1363 3051/3646/1363 3314/3645/1363
f 1482/4376/1364 3315/3641/1364 1264/3644/1364 112/4377/1364
f 682/4378/1365 3052/3648/1365 3315/3641/1365 1482/4376/1365
f 3052/3648/1366 1052/3647/1366 3050/3642/1366 3315/3641/1366
f 3047/3634/1367 3316/3637/1367 3049/3640/1367 1051/3635/1367
f 681/4379/1368 2025/568/1368 3316/3637/1368 3047/3634/1368
f 2025/568/1369 191/567/1369 1743/3638/1369 3316/3637/1369
f 2022/2426/1370 3317/3633/1370 3048/3636/1370 678/2427/1370
f 251/4380/1371 1481/4381/1371 3317/3633/1371 2022/2426/1371
f 1481/4381/1372 681/4379/1372 3047/3634/1372 3317/3633/1372
f 1478/4382/1373 3318/3629/1373 1344/3632/1373 192/4383/1373
f 678/4384/1374 3048/4385/1374 3318/3629/1374 1478/4382/1374
f 3048/4385/1375 1051/4386/1375 3046/3630/1375 3318/3629/1375
f 3043/3622/1376 3319/3625/1376 3045/3628/1376 1050/3623/1376
f 677/2431/1377 2021/556/1377 3319/3625/1377 3043/3622/1377
f 2021/556/1378 151/555/1378 1703/3626/1378 3319/3625/1378
f 2018/2462/1379 3320/3621/1379 3044/3624/1379 674/2463/1379
f 250/551/1380 1477/2432/1380 3320/3621/1380 2018/2462/1380
f 1477/2432/1381 677/2431/1381 3043/3622/1381 3320/3621/1381
f 1474/546/1382 3321/4387/1382 1345/4388/1382 193/547/1382
f 674/4389/1383 3044/4390/1383 3321/3617/1383 1474/4391/1383
f 3044/4392/1384 1050/4393/1384 3042/4394/1384 3321/4395/1384
f 3039/3610/1385 3322/3613/1385 3041/3616/1385 1049/3611/1385
f 673/2467/1386 2017/4396/1386 3322/3613/1386 3039/3610/1386
f 2017/4396/1387 194/4397/1387 1746/3614/1387 3322/3613/1387
f 2014/2498/1388 3323/3609/1388 3040/3612/1388 670/2499/1388
f 249/539/1389 1473/2468/1389 3323/3609/1389 2014/2498/1389
f 1473/2468/1390 673/2467/1390 3039/3610/1390 3323/3609/1390
f 1470/534/1391 3324/3605/1391 1244/3608/1391 92/535/1391
f 670/2499/1392 3040/3612/1392 3324/3605/1392 1470/534/1392
f 3040/3612/1393 1049/3611/1393 3038/3606/1393 3324/3605/1393
f 3035/3598/1394 3325/3601/1394 3037/3604/1394 1048/3599/1394
f 669/2503/1395 2013/532/1395 3325/3601/1395 3035/3598/1395
f 2013/532/1396 195/531/1396 1747/3602/1396 3325/3601/1396
f 2010/2534/1397 3326/3597/1397 3036/3600/1397 666/2535/1397
f 248/527/1398 1469/2504/1398 3326/3597/1398 2010/2534/1398
f 1469/2504/1399 669/2503/1399 3035/3598/1399 3326/3597/1399
f 1466/522/1400 3327/3593/1400 1348/3596/1400 196/523/1400
f 666/2535/1401 3036/3600/1401 3327/3593/1401 1466/522/1401
f 3036/3600/1402 1048/3599/1402 3034/3594/1402 3327/3593/1402
f 3031/3586/1403 3328/3589/1403 3033/3592/1403 1047/3587/1403
f 665/2539/1404 2009/4398/1404 3328/3589/1404 3031/3586/1404
f 2009/520/1405 150/519/1405 1702/4399/1405 3328/4400/1405
f 2006/2570/1406 3329/4401/1406 3032/4402/1406 662/2571/1406
f 247/4403/1407 1465/2540/1407 3329/3585/1407 2006/4404/1407
f 1465/2540/1408 665/2539/1408 3031/3586/1408 3329/3585/1408
f 1462/510/1409 3330/3581/1409 1349/3584/1409 197/511/1409
f 662/2571/1410 3032/4402/1410 3330/3581/1410 1462/510/1410
f 3032/3588/1411 1047/3587/1411 3030/4405/1411 3330/4406/1411
f 3027/4407/1412 3331/3577/1412 3029/3580/1412 1046/4408/1412
f 661/2575/1413 2005/508/1413 3331/3577/1413 3027/4407/1413
f 2005/508/1414 198/507/1414 1750/3578/1414 3331/3577/1414
f 2002/2606/1415 3332/4409/1415 3028/4410/1415 658/2607/1415
f 246/4411/1416 1461/4412/1416 3332/3573/1416 2002/4413/1416
f 1461/2576/1417 661/2575/1417 3027/4407/1417 3332/4414/1417
f 1458/498/1418 3333/3569/1418 1261/3572/1418 109/499/1418
f 658/2607/1419 3028/4410/1419 3333/4415/1419 1458/4416/1419
f 3028/4410/1420 1046/4417/1420 3026/4418/1420 3333/4415/1420
f 3023/3562/1421 3334/3565/1421 3025/3568/1421 1045/3563/1421
f 657/4419/1422 2001/4420/1422 3334/4421/1422 3023/4422/1422
f 2001/496/1423 199/495/1423 1751/4423/1423 3334/4424/1423
f 1998/2642/1424 3335/3561/1424 3024/3564/1424 654/2643/1424
f 245/491/1425 1457/4425/1425 3335/3561/1425 1998/2642/1425
f 1457/4425/1426 657/4426/1426 3023/3562/1426 3335/3561/1426
f 1454/486/1427 3336/3557/1427 1352/3560/1427 200/487/1427
f 654/2643/1428 3024/3564/1428 3336/3557/1428 1454/486/1428
f 3024/3564/1429 1045/3563/1429 3022/3558/1429 3336/3557/1429
f 3019/3550/1430 3337/3553/1430 3021/3556/1430 1044/3551/1430
f 653/4427/1431 1997/4428/1431 3337/3553/1431 3019/3550/1431
f 1997/4428/1432 140/4429/1432 1692/3554/1432 3337/3553/1432
f 1994/4430/1433 3338/3549/1433 3020/3552/1433 650/4431/1433
f 244/479/1434 1453/2648/1434 3338/4432/1434 1994/2678/1434
f 1453/2648/1435 653/2647/1435 3019/4433/1435 3338/4432/1435
f 1450/4434/1436 3339/3545/1436 1353/3548/1436 201/4435/1436
f 650/4431/1437 3020/3552/1437 3339/4436/1437 1450/4437/1437
f 3020/3552/1438 1044/3551/1438 3018/4438/1438 3339/4436/1438
f 3015/3538/1439 3340/4439/1439 3017/4440/1439 1043/3539/1439
f 649/4441/1440 1993/4442/1440 3340/4439/1440 3015/3538/1440
f 1993/472/1441 202/471/1441 1754/3542/1441 3340/3541/1441
f 1990/2714/1442 3341/3537/1442 3016/3540/1442 646/2715/1442
f 243/4443/1443 1449/4444/1443 3341/3537/1443 1990/2714/1443
f 1449/4444/1444 649/4441/1444 3015/3538/1444 3341/3537/1444
f 1446/462/1445 3342/3533/1445 1260/3536/1445 108/463/1445
f 646/2715/1446 3016/3540/1446 3342/3533/1446 1446/462/1446
f 3016/3540/1447 1043/3539/1447 3014/3534/1447 3342/3533/1447
f 3011/3526/1448 3343/3529/1448 3013/3532/1448 1042/3527/1448
f 645/2719/1449 1989/460/1449 3343/3529/1449 3011/3526/1449
f 1989/460/1450 203/459/1450 1755/3530/1450 3343/3529/1450
f 1986/2750/1451 3344/4445/1451 3012/4446/1451 642/2751/1451
f 242/455/1452 1445/2720/1452 3344/3525/1452 1986/4447/1452
f 1445/2720/1453 645/2719/1453 3011/3526/1453 3344/3525/1453
f 1442/450/1454 3345/3521/1454 1356/3524/1454 204/451/1454
f 642/2751/1455 3012/4446/1455 3345/4448/1455 1442/4449/1455
f 3012/4446/1456 1042/4450/1456 3010/4451/1456 3345/4448/1456
f 3007/3514/1457 3346/4452/1457 3009/4453/1457 1041/3515/1457
f 641/4454/1458 1985/448/1458 3346/3517/1458 3007/4455/1458
f 1985/448/1459 147/447/1459 1699/3518/1459 3346/3517/1459
f 1982/4456/1460 3347/4457/1460 3008/4458/1460 638/4459/1460
f 241/443/1461 1441/4460/1461 3347/4457/1461 1982/4456/1461
f 1441/2756/1462 641/2755/1462 3007/3514/1462 3347/3513/1462
f 1438/438/1463 3348/4461/1463 1357/4462/1463 205/439/1463
f 638/4459/1464 3008/4458/1464 3348/4461/1464 1438/438/1464
f 3008/3516/1465 1041/3515/1465 3006/3510/1465 3348/3509/1465
f 3003/3502/1466 3349/3505/1466 3005/3508/1466 1040/3503/1466
f 637/2791/1467 1981/436/1467 3349/3505/1467 3003/3502/1467
f 1981/436/1468 206/435/1468 1758/3506/1468 3349/3505/1468
f 1978/2822/1469 3350/3501/1469 3004/3504/1469 634/2823/1469
f 240/431/1470 1437/2792/1470 3350/3501/1470 1978/2822/1470
f 1437/2792/1471 637/2791/1471 3003/3502/1471 3350/3501/1471
f 1434/4463/1472 3351/3497/1472 1245/3500/1472 93/4464/1472
f 634/2823/1473 3004/3504/1473 3351/3497/1473 1434/4463/1473
f 3004/3504/1474 1040/3503/1474 3002/3498/1474 3351/3497/1474
f 2999/3490/1475 3352/3493/1475 3001/3496/1475 1039/3491/1475
f 633/4465/1476 1977/424/1476 3352/3493/1476 2999/3490/1476
f 1977/424/1477 207/423/1477 1759/3494/1477 3352/3493/1477
f 1974/4466/1478 3353/3489/1478 3000/3492/1478 630/4467/1478
f 239/419/1479 1433/2828/1479 3353/4468/1479 1974/4469/1479
f 1433/4470/1480 633/4471/1480 2999/4472/1480 3353/4473/1480
f 1430/414/1481 3354/3485/1481 1360/3488/1481 208/415/1481
f 630/4467/1482 3000/3492/1482 3354/3485/1482 1430/414/1482
f 3000/3492/1483 1039/3491/1483 2998/3486/1483 3354/3485/1483
f 2995/3478/1484 3355/4474/1484 2997/4475/1484 1038/3479/1484
f 629/4476/1485 1973/412/1485 3355/3481/1485 2995/4477/1485
f 1973/4478/1486 146/4479/1486 1698/4480/1486 3355/4481/1486
f 1970/2894/1487 3356/4482/1487 2996/4483/1487 626/2895/1487
f 238/4484/1488 1429/4485/1488 3356/4482/1488 1970/2894/1488
f 1429/2864/1489 629/2863/1489 2995/3478/1489 3356/3477/1489
f 1426/402/1490 3357/3473/1490 1361/3476/1490 209/403/1490
f 626/2895/1491 2996/4483/1491 3357/3473/1491 1426/402/1491
f 2996/4483/1492 1038/4486/1492 2994/3474/1492 3357/3473/1492
f 2991/3466/1493 3358/3469/1493 2993/3472/1493 1037/3467/1493
f 625/2899/1494 1969/400/1494 3358/3469/1494 2991/3466/1494
f 1969/400/1495 210/399/1495 1762/3470/1495 3358/3469/1495
f 1966/2930/1496 3359/3465/1496 2992/3468/1496 622/2931/1496
f 237/395/1497 1425/2900/1497 3359/3465/1497 1966/2930/1497
f 1425/2900/1498 625/2899/1498 2991/3466/1498 3359/3465/1498
f 1422/4487/1499 3360/3461/1499 1257/3464/1499 105/4488/1499
f 622/2931/1500 2992/3468/1500 3360/3461/1500 1422/4487/1500
f 2992/3468/1501 1037/3467/1501 2990/3462/1501 3360/3461/1501
f 2987/3454/1502 3361/3457/1502 2989/3460/1502 1036/3455/1502
f 621/2935/1503 1965/388/1503 3361/3457/1503 2987/3454/1503
f 1965/388/1504 211/387/1504 1763/3458/1504 3361/3457/1504
f 1962/4489/1505 3362/3453/1505 2988/3456/1505 618/4490/1505
f 236/383/1506 1421/2936/1506 3362/3453/1506 1962/4489/1506
f 1421/2936/1507 621/2935/1507 2987/3454/1507 3362/3453/1507
f 1418/378/1508 3363/3449/1508 1364/3452/1508 212/379/1508
f 618/2967/1509 2988/4491/1509 3363/3449/1509 1418/378/1509
f 2988/3456/1510 1036/3455/1510 2986/4492/1510 3363/4493/1510
f 2983/3442/1511 3364/4494/1511 2985/4495/1511 1035/3443/1511
f 617/2971/1512 1961/376/1512 3364/4494/1512 2983/3442/1512
f 1961/376/1513 128/375/1513 1680/4496/1513 3364/4494/1513
f 1958/3002/1514 3365/4497/1514 2984/4498/1514 614/3003/1514
f 235/371/1515 1417/2972/1515 3365/3441/1515 1958/4499/1515
f 1417/2972/1516 617/2971/1516 2983/3442/1516 3365/3441/1516
f 1414/366/1517 3366/3437/1517 1365/3440/1517 213/367/1517
f 614/3003/1518 2984/4498/1518 3366/3437/1518 1414/366/1518
f 2984/4498/1519 1035/4500/1519 2982/3438/1519 3366/3437/1519
f 2979/4501/1520 3367/3433/1520 2981/3436/1520 1034/4502/1520
f 613/4503/1521 1957/364/1521 3367/4504/1521 2979/3430/1521
f 1957/4505/1522 214/4506/1522 1766/3434/1522 3367/3433/1522
f 1954/3038/1523 3368/3429/1523 2980/3432/1523 610/3039/1523
f 234/4507/1524 1413/4508/1524 3368/3429/1524 1954/3038/1524
f 1413/4508/1525 613/4503/1525 2979/3430/1525 3368/3429/1525
f 1410/354/1526 3369/4509/1526 1256/4510/1526 104/355/1526
f 610/3039/1527 2980/3432/1527 3369/4509/1527 1410/354/1527
f 2980/3432/1528 1034/3431/1528 2978/4511/1528 3369/4509/1528
f 2975/3418/1529 3370/3421/1529 2977/3424/1529 1033/3419/1529
f 609/3043/1530 1953/352/1530 3370/4512/1530 2975/4513/1530
f 1953/4514/1531 215/4515/1531 1767/3422/1531 3370/3421/1531
f 1950/4516/1532 3371/3417/1532 2976/3420/1532 606/4517/1532
f 233/347/1533 1409/4518/1533 3371/3417/1533 1950/4516/1533
f 1409/3044/1534 609/3043/1534 2975/4513/1534 3371/4519/1534
f 1406/342/1535 3372/3413/1535 1368/3416/1535 216/343/1535
f 606/4520/1536 2976/4521/1536 3372/3413/1536 1406/342/1536
f 2976/4521/1537 1033/4522/1537 2974/3414/1537 3372/3413/1537
f 2971/3406/1538 3373/3409/1538 2973/3412/1538 1032/3407/1538
f 605/3079/1539 1949/340/1539 3373/3409/1539 2971/3406/1539
f 1949/340/1540 131/339/1540 1683/3410/1540 3373/3409/1540
f 1946/3110/1541 3374/3405/1541 2972/3408/1541 602/3111/1541
f 232/335/1542 1405/3080/1542 3374/3405/1542 1946/3110/1542
f 1405/3080/1543 605/3079/1543 2971/3406/1543 3374/3405/1543
f 1402/330/1544 3375/3401/1544 1369/3404/1544 217/331/1544
f 602/3111/1545 2972/3408/1545 3375/4523/1545 1402/4524/1545
f 2972/3408/1546 1032/3407/1546 2970/4525/1546 3375/4523/1546
f 2967/4526/1547 3376/3397/1547 2969/3400/1547 1031/4527/1547
f 601/4528/1548 1945/4529/1548 3376/3397/1548 2967/4526/1548
f 1945/328/1549 218/327/1549 1770/4530/1549 3376/4531/1549
f 1942/3146/1550 3377/3393/1550 2968/3396/1550 598/3147/1550
f 231/323/1551 1401/3116/1551 3377/3393/1551 1942/3146/1551
f 1401/3116/1552 601/3115/1552 2967/3394/1552 3377/3393/1552
f 1398/318/1553 3378/3389/1553 1249/3392/1553 97/319/1553
f 598/4532/1554 2968/4533/1554 3378/3389/1554 1398/318/1554
f 2968/4533/1555 1031/4527/1555 2966/3390/1555 3378/3389/1555
f 2963/4534/1556 3379/3385/1556 2965/3388/1556 1030/4535/1556
f 597/3151/1557 1941/316/1557 3379/3385/1557 2963/4534/1557
f 1941/316/1558 219/315/1558 1771/3386/1558 3379/3385/1558
f 1938/3182/1559 3380/3381/1559 2964/3384/1559 594/3183/1559
f 230/4536/1560 1397/4537/1560 3380/3381/1560 1938/3182/1560
f 1397/3152/1561 597/3151/1561 2963/4534/1561 3380/4538/1561
f 1394/306/1562 3381/3377/1562 1372/3380/1562 220/307/1562
f 594/3183/1563 2964/3384/1563 3381/4539/1563 1394/4540/1563
f 2964/3384/1564 1030/3383/1564 2962/4541/1564 3381/4539/1564
f 2959/3370/1565 3382/3373/1565 2961/3376/1565 1029/3371/1565
f 593/3187/1566 1937/304/1566 3382/3373/1566 2959/3370/1566
f 1937/304/1567 130/303/1567 1682/3374/1567 3382/3373/1567
f 1934/3218/1568 3383/3369/1568 2960/3372/1568 590/3219/1568
f 229/299/1569 1393/3188/1569 3383/3369/1569 1934/3218/1569
f 1393/3188/1570 593/3187/1570 2959/3370/1570 3383/3369/1570
f 1390/294/1571 3384/4542/1571 1373/4543/1571 221/295/1571
f 590/4544/1572 2960/4545/1572 3384/4542/1572 1390/294/1572
f 2960/3372/1573 1029/3371/1573 2958/3366/1573 3384/3365/1573
f 2955/3358/1574 3385/3361/1574 2957/3364/1574 1028/3359/1574
f 589/3223/1575 1933/4546/1575 3385/4547/1575 2955/4548/1575
f 1933/4546/1576 222/4549/1576 1774/4550/1576 3385/4547/1576
f 1930/4551/1577 3386/3357/1577 2956/3360/1577 586/4552/1577
f 228/287/1578 1389/4553/1578 3386/3357/1578 1930/4551/1578
f 1389/3224/1579 589/3223/1579 2955/4548/1579 3386/4554/1579
f 1386/282/1580 3387/3353/1580 1253/3356/1580 101/283/1580
f 586/3255/1581 2956/4555/1581 3387/3353/1581 1386/282/1581
f 2956/4555/1582 1028/4556/1582 2954/3354/1582 3387/3353/1582
f 2951/4557/1583 3388/3349/1583 2953/3352/1583 1027/4558/1583
f 585/3259/1584 1929/4559/1584 3388/3349/1584 2951/4557/1584
f 1929/280/1585 223/279/1585 1775/4560/1585 3388/4561/1585
f 1926/3290/1586 3389/3345/1586 2952/3348/1586 582/3291/1586
f 227/275/1587 1385/3260/1587 3389/4562/1587 1926/4563/1587
f 1385/3260/1588 585/3259/1588 2951/4557/1588 3389/4562/1588
f 1382/270/1589 3390/3341/1589 1376/3344/1589 224/271/1589
f 582/3291/1590 2952/3348/1590 3390/4564/1590 1382/4565/1590
f 2952/3348/1591 1027/3347/1591 2950/4566/1591 3390/4564/1591
f 2947/4567/1592 3391/4568/1592 2949/4569/1592 1026/4570/1592
f 581/3295/1593 1925/4571/1593 3391/4568/1593 2947/4567/1593
f 1925/268/1594 124/267/1594 1676/3338/1594 3391/3337/1594
f 1922/3326/1595 3392/3333/1595 2948/3336/1595 578/3327/1595
f 226/263/1596 1381/4572/1596 3392/3333/1596 1922/3326/1596
f 1381/3296/1597 581/3295/1597 2947/4567/1597 3392/4573/1597
f 1378/258/1598 3393/3329/1598 1377/3332/1598 225/259/1598
f 578/3327/1599 2948/3336/1599 3393/3329/1599 1378/258/1599
f 2948/3336/1600 1026/3335/1600 2946/3330/1600 3393/3329/1600
f 2943/3322/1601 3394/3325/1601 2945/3328/1601 1025/3323/1601
f 580/3307/1602 1924/264/1602 3394/3325/1602 2943/3322/1602
f 1924/264/1603 226/263/1603 1922/3326/1603 3394/3325/1603
f 1775/3350/1604 3395/4574/1604 2944/4575/1604 431/3351/1604
f 223/279/1605 1380/3308/1605 3395/3321/1605 1775/4560/1605
f 1380/3308/1606 580/3307/1606 2943/3322/1606 3395/3321/1606
f 1231/4576/1607 3396/4577/1607 1233/4578/1607 81/4579/1607
f 431/4580/1608 2944/4581/1608 3396/4577/1608 1231/4576/1608
f 2944/4575/1609 1025/4582/1609 2942/3318/1609 3396/3317/1609
f 2939/3310/1610 3397/3313/1610 2941/3316/1610 1024/3311/1610
f 369/1591/1611 1713/836/1611 3397/4583/1611 2939/4584/1611
f 1713/4585/1612 161/4586/1612 1923/4587/1612 3397/4588/1612
f 1919/3266/1613 3398/3309/1613 2940/3312/1613 575/3267/1613
f 65/67/1614 1169/1592/1614 3398/4589/1614 1919/4590/1614
f 1169/1592/1615 369/1591/1615 2939/4584/1615 3398/4589/1615
f 1375/278/1616 3399/3305/1616 1380/3308/1616 223/279/1616
f 575/3267/1617 2940/3312/1617 3399/3305/1617 1375/278/1617
f 2940/3312/1618 1024/3311/1618 2938/3306/1618 3399/3305/1618
f 2935/4591/1619 3400/4592/1619 2937/4593/1619 1023/4594/1619
f 513/3907/1620 1857/4595/1620 3400/4592/1620 2935/4591/1620
f 1857/64/1621 12/63/1621 1820/3302/1621 3400/3301/1621
f 1923/3314/1622 3401/4596/1622 2936/4597/1622 579/3315/1622
f 161/4586/1623 1313/4598/1623 3401/3297/1623 1923/4587/1623
f 1313/3908/1624 513/3907/1624 2935/4591/1624 3401/4599/1624
f 1379/262/1625 3402/4600/1625 1381/4572/1625 226/263/1625
f 579/3315/1626 2936/4597/1626 3402/4600/1626 1379/262/1626
f 2936/4601/1627 1023/4594/1627 2934/3294/1627 3402/3293/1627
f 2931/3286/1628 3403/3289/1628 2933/3292/1628 1022/3287/1628
f 584/3271/1629 1928/4602/1629 3403/3289/1629 2931/3286/1629
f 1928/276/1630 227/275/1630 1926/4563/1630 3403/4603/1630
f 1710/3806/1631 3404/3285/1631 2932/3288/1631 366/3807/1631
f 158/735/1632 1384/3272/1632 3404/3285/1632 1710/3806/1632
f 1384/3272/1633 584/3271/1633 2931/3286/1633 3404/3285/1633
f 1166/98/1634 3405/3281/1634 1232/3284/1634 62/99/1634
f 366/3807/1635 2932/3288/1635 3405/4604/1635 1166/4605/1635
f 2932/3288/1636 1022/3287/1636 2930/4606/1636 3405/4604/1636
f 2927/3274/1637 3406/3277/1637 2929/3280/1637 1021/3275/1637
f 329/4607/1638 1673/4608/1638 3406/3277/1638 2927/3274/1638
f 1673/4608/1639 121/4609/1639 1927/3278/1639 3406/3277/1639
f 1854/1898/1640 3407/3273/1640 2928/3276/1640 510/1899/1640
f 25/4610/1641 1129/4611/1641 3407/3273/1641 1854/1898/1641
f 1129/4611/1642 329/4607/1642 2927/3274/1642 3407/3273/1642
f 1310/734/1643 3408/3269/1643 1384/3272/1643 158/735/1643
f 510/4612/1644 2928/4613/1644 3408/3269/1644 1310/734/1644
f 2928/3276/1645 1021/3275/1645 2926/4614/1645 3408/4615/1645
f 2923/4616/1646 3409/3265/1646 2925/3268/1646 1020/4617/1646
f 473/4618/1647 1817/68/1647 3409/4619/1647 2923/4620/1647
f 1817/68/1648 65/67/1648 1919/4590/1648 3409/4619/1648
f 1927/3278/1649 3410/4621/1649 2924/4622/1649 583/3279/1649
f 121/4231/1650 1273/3896/1650 3410/3261/1650 1927/4623/1650
f 1273/3896/1651 473/3895/1651 2923/3262/1651 3410/3261/1651
f 1383/274/1652 3411/3257/1652 1385/3260/1652 227/275/1652
f 583/3279/1653 2924/4622/1653 3411/3257/1653 1383/274/1653
f 2924/4624/1654 1020/4617/1654 2922/4625/1654 3411/4626/1654
f 2919/3250/1655 3412/3253/1655 2921/3256/1655 1019/3251/1655
f 588/3235/1656 1932/288/1656 3412/4627/1656 2919/4628/1656
f 1932/288/1657 228/287/1657 1930/4551/1657 3412/4627/1657
f 1670/3938/1658 3413/3249/1658 2920/3252/1658 326/3939/1658
f 118/867/1659 1388/3236/1659 3413/4629/1659 1670/4206/1659
f 1388/3236/1660 588/3235/1660 2919/4628/1660 3413/4629/1660
f 1126/54/1661 3414/3245/1661 1109/3248/1661 17/55/1661
f 326/3939/1662 2920/3252/1662 3414/3245/1662 1126/54/1662
f 2920/3252/1663 1019/3251/1663 2918/3246/1663 3414/3245/1663
f 2915/3238/1664 3415/3241/1664 2917/3244/1664 1018/3239/1664
f 432/3283/1665 1776/272/1665 3415/3241/1665 2915/3238/1665
f 1776/272/1666 224/271/1666 1931/3242/1666 3415/3241/1666
f 1814/1502/1667 3416/3237/1667 2916/3240/1667 470/1503/1667
f 62/99/1668 1232/3284/1668 3416/3237/1668 1814/1502/1668
f 1232/3284/1669 432/3283/1669 2915/3238/1669 3416/3237/1669
f 1270/866/1670 3417/3233/1670 1388/3236/1670 118/867/1670
f 470/1503/1671 2916/3240/1671 3417/3233/1671 1270/866/1671
f 2916/3240/1672 1018/3239/1672 2914/3234/1672 3417/3233/1672
f 2911/4630/1673 3418/4631/1673 2913/4632/1673 1017/4633/1673
f 576/3343/1674 1920/252/1674 3418/4634/1674 2911/3226/1674
f 1920/4635/1675 81/4579/1675 1918/4636/1675 3418/4631/1675
f 1931/3242/1676 3419/3225/1676 2912/3228/1676 587/3243/1676
f 224/271/1677 1376/3344/1677 3419/3225/1677 1931/3242/1677
f 1376/3344/1678 576/3343/1678 2911/3226/1678 3419/3225/1678
f 1387/286/1679 3420/4637/1679 1389/4553/1679 228/287/1679
f 587/3243/1680 2912/3228/1680 3420/4637/1680 1387/286/1680
f 2912/4638/1681 1017/4633/1681 2910/3222/1681 3420/3221/1681
f 2907/3214/1682 3421/4639/1682 2909/4640/1682 1016/3215/1682
f 592/3199/1683 1936/300/1683 3421/3217/1683 2907/4641/1683
f 1936/300/1684 229/299/1684 1934/3218/1684 3421/3217/1684
f 1771/4642/1685 3422/3213/1685 2908/3216/1685 427/4643/1685
f 219/4644/1686 1392/4645/1686 3422/3213/1686 1771/4642/1686
f 1392/3200/1687 592/3199/1687 2907/4641/1687 3422/4646/1687
f 1227/238/1688 3423/4647/1688 1229/4648/1688 80/239/1688
f 427/3387/1689 2908/4649/1689 3423/4647/1689 1227/238/1689
f 2908/3216/1690 1016/3215/1690 2906/3210/1690 3423/3209/1690
f 2903/3202/1691 3424/3205/1691 2905/3208/1691 1015/3203/1691
f 365/1483/1692 1709/4650/1692 3424/3205/1692 2903/3202/1692
f 1709/4650/1693 157/4651/1693 1935/3206/1693 3424/3205/1693
f 1915/3158/1694 3425/3201/1694 2904/3204/1694 571/3159/1694
f 61/103/1695 1165/1484/1695 3425/3201/1695 1915/3158/1695
f 1165/1484/1696 365/1483/1696 2903/3202/1696 3425/3201/1696
f 1371/314/1697 3426/3197/1697 1392/3200/1697 219/315/1697
f 571/3159/1698 2904/3204/1698 3426/3197/1698 1371/314/1698
f 2904/3204/1699 1015/3203/1699 2902/3198/1699 3426/3197/1699
f 2899/3190/1700 3427/3193/1700 2901/3196/1700 1014/3191/1700
f 509/3943/1701 1853/52/1701 3427/3193/1701 2899/3190/1701
f 1853/52/1702 18/51/1702 1826/3194/1702 3427/3193/1702
f 1935/3206/1703 3428/4652/1703 2900/4653/1703 591/3207/1703
f 157/871/1704 1309/3944/1704 3428/3189/1704 1935/4654/1704
f 1309/3944/1705 509/3943/1705 2899/3190/1705 3428/3189/1705
f 1391/298/1706 3429/3185/1706 1393/3188/1706 229/299/1706
f 591/3207/1707 2900/4653/1707 3429/3185/1707 1391/298/1707
f 2900/4653/1708 1014/4655/1708 2898/3186/1708 3429/3185/1708
f 2895/3178/1709 3430/3181/1709 2897/3184/1709 1013/3179/1709
f 596/3163/1710 1940/4656/1710 3430/3181/1710 2895/3178/1710
f 1940/4656/1711 230/4536/1711 1938/3182/1711 3430/3181/1711
f 1706/3698/1712 3431/4657/1712 2896/4658/1712 362/3699/1712
f 154/627/1713 1396/4659/1713 3431/4657/1713 1706/3698/1713
f 1396/3164/1714 596/3163/1714 2895/3178/1714 3431/3177/1714
f 1162/134/1715 3432/3173/1715 1228/3176/1715 58/135/1715
f 362/3699/1716 2896/4658/1716 3432/3173/1716 1162/134/1716
f 2896/4658/1717 1013/4660/1717 2894/3174/1717 3432/3173/1717
f 2891/3166/1718 3433/3169/1718 2893/3172/1718 1012/3167/1718
f 325/1951/1719 1669/716/1719 3433/4661/1719 2891/4662/1719
f 1669/716/1720 117/715/1720 1939/4663/1720 3433/4661/1720
f 1850/4664/1721 3434/3165/1721 2892/3168/1721 506/4665/1721
f 24/47/1722 1125/1952/1722 3434/4666/1722 1850/2222/1722
f 1125/1952/1723 325/1951/1723 2891/4662/1723 3434/4666/1723
f 1306/626/1724 3435/4667/1724 1396/4659/1724 154/627/1724
f 506/4665/1725 2892/3168/1725 3435/4667/1725 1306/626/1725
f 2892/3168/1726 1012/3167/1726 2890/4668/1726 3435/4667/1726
f 2887/3154/1727 3436/3157/1727 2889/3160/1727 1011/3155/1727
f 469/4669/1728 1813/104/1728 3436/3157/1728 2887/3154/1728
f 1813/104/1729 61/103/1729 1915/3158/1729 3436/3157/1729
f 1939/3170/1730 3437/3153/1730 2888/3156/1730 595/3171/1730
f 117/715/1731 1269/3788/1731 3437/4670/1731 1939/4663/1731
f 1269/4671/1732 469/4669/1732 2887/3154/1732 3437/3153/1732
f 1395/310/1733 3438/3149/1733 1397/3152/1733 230/311/1733
f 595/3171/1734 2888/3156/1734 3438/3149/1734 1395/310/1734
f 2888/3156/1735 1011/3155/1735 2886/3150/1735 3438/3149/1735
f 2883/3142/1736 3439/3145/1736 2885/3148/1736 1010/3143/1736
f 600/3127/1737 1944/324/1737 3439/3145/1737 2883/3142/1737
f 1944/324/1738 231/323/1738 1942/3146/1738 3439/3145/1738
f 1666/3974/1739 3440/3141/1739 2884/3144/1739 322/3975/1739
f 114/903/1740 1400/3128/1740 3440/3141/1740 1666/3974/1740
f 1400/3128/1741 600/3127/1741 2883/3142/1741 3440/3141/1741
f 1122/42/1742 3441/3137/1742 1105/3140/1742 13/43/1742
f 322/4672/1743 2884/4673/1743 3441/3137/1743 1122/42/1743
f 2884/4673/1744 1010/4674/1744 2882/3138/1744 3441/3137/1744
f 2879/3130/1745 3442/3133/1745 2881/3136/1745 1009/3131/1745
f 428/4675/1746 1772/4676/1746 3442/3133/1746 2879/3130/1746
f 1772/4676/1747 220/4677/1747 1943/3134/1747 3442/3133/1747
f 1810/1394/1748 3443/3129/1748 2880/3132/1748 466/1395/1748
f 58/4678/1749 1228/4679/1749 3443/3129/1749 1810/1394/1749
f 1228/4679/1750 428/4675/1750 2879/3130/1750 3443/3129/1750
f 1266/902/1751 3444/3125/1751 1400/3128/1751 114/903/1751
f 466/1395/1752 2880/3132/1752 3444/3125/1752 1266/902/1752
f 2880/3132/1753 1009/3131/1753 2878/3126/1753 3444/3125/1753
f 2875/4680/1754 3445/3121/1754 2877/3124/1754 1008/4681/1754
f 572/3379/1755 1916/240/1755 3445/4682/1755 2875/3118/1755
f 1916/240/1756 80/239/1756 1914/4683/1756 3445/4682/1756
f 1943/3134/1757 3446/4684/1757 2876/4685/1757 599/3135/1757
f 220/307/1758 1372/3380/1758 3446/3117/1758 1943/4686/1758
f 1372/3380/1759 572/3379/1759 2875/3118/1759 3446/3117/1759
f 1399/322/1760 3447/3113/1760 1401/3116/1760 231/323/1760
f 599/3135/1761 2876/4685/1761 3447/3113/1761 1399/322/1761
f 2876/4685/1762 1008/4687/1762 2874/3114/1762 3447/3113/1762
f 2871/3106/1763 3448/3109/1763 2873/3112/1763 1007/3107/1763
f 604/4688/1764 1948/336/1764 3448/3109/1764 2871/3106/1764
f 1948/336/1765 232/335/1765 1946/3110/1765 3448/3109/1765
f 1767/3422/1766 3449/4689/1766 2872/4690/1766 423/3423/1766
f 215/4515/1767 1404/3092/1767 3449/4689/1767 1767/3422/1767
f 1404/4691/1768 604/4692/1768 2871/4693/1768 3449/4694/1768
f 1223/226/1769 3450/4695/1769 1225/4696/1769 79/227/1769
f 423/4697/1770 2872/3108/1770 3450/4695/1770 1223/226/1770
f 2872/3108/1771 1007/3107/1771 2870/4698/1771 3450/4695/1771
f 2867/3094/1772 3451/3097/1772 2869/3100/1772 1006/3095/1772
f 361/1375/1773 1705/908/1773 3451/3097/1773 2867/3094/1773
f 1705/908/1774 153/907/1774 1947/3098/1774 3451/3097/1774
f 1911/3050/1775 3452/4699/1775 2868/4700/1775 567/3051/1775
f 57/139/1776 1161/1376/1776 3452/3093/1776 1911/4701/1776
f 1161/1376/1777 361/1375/1777 2867/3094/1777 3452/3093/1777
f 1367/4702/1778 3453/3089/1778 1404/3092/1778 215/4515/1778
f 567/3051/1779 2868/4700/1779 3453/3089/1779 1367/4702/1779
f 2868/4700/1780 1006/4703/1780 2866/3090/1780 3453/3089/1780
f 2863/3082/1781 3454/3085/1781 2865/3088/1781 1005/3083/1781
f 505/4704/1782 1849/4705/1782 3454/3085/1782 2863/3082/1782
f 1849/40/1783 19/39/1783 1827/4706/1783 3454/4707/1783
f 1947/3098/1784 3455/3081/1784 2864/3084/1784 603/3099/1784
f 153/907/1785 1305/4188/1785 3455/3081/1785 1947/3098/1785
f 1305/4188/1786 505/4704/1786 2863/3082/1786 3455/3081/1786
f 1403/334/1787 3456/3077/1787 1405/3080/1787 232/335/1787
f 603/3099/1788 2864/3084/1788 3456/3077/1788 1403/334/1788
f 2864/3084/1789 1005/3083/1789 2862/3078/1789 3456/3077/1789
f 2859/3070/1790 3457/3073/1790 2861/3076/1790 1004/3071/1790
f 608/3055/1791 1952/348/1791 3457/4708/1791 2859/4709/1791
f 1952/348/1792 233/347/1792 1950/4516/1792 3457/4708/1792
f 1702/4399/1793 3458/3069/1793 2860/3072/1793 358/4710/1793
f 150/519/1794 1408/4711/1794 3458/3069/1794 1702/4399/1794
f 1408/4711/1795 608/4712/1795 2859/3070/1795 3458/3069/1795
f 1158/4713/1796 3459/3065/1796 1224/3068/1796 54/4714/1796
f 358/4710/1797 2860/3072/1797 3459/4715/1797 1158/4716/1797
f 2860/4717/1798 1004/4718/1798 2858/3066/1798 3459/3065/1798
f 2855/3058/1799 3460/3061/1799 2857/3064/1799 1003/3059/1799
f 321/4719/1800 1665/4720/1800 3460/4721/1800 2855/4722/1800
f 1665/608/1801 113/607/1801 1951/3062/1801 3460/3061/1801
f 1846/2546/1802 3461/4723/1802 2856/4724/1802 502/2547/1802
f 23/4725/1803 1121/2276/1803 3461/3057/1803 1846/4726/1803
f 1121/2276/1804 321/2275/1804 2855/3058/1804 3461/3057/1804
f 1302/518/1805 3462/4727/1805 1408/4711/1805 150/519/1805
f 502/2547/1806 2856/4724/1806 3462/3053/1806 1302/4728/1806
f 2856/4724/1807 1003/4729/1807 2854/3054/1807 3462/3053/1807
f 2851/3046/1808 3463/4730/1808 2853/4731/1808 1002/3047/1808
f 465/3679/1809 1809/4732/1809 3463/3049/1809 2851/4733/1809
f 1809/4732/1810 57/4734/1810 1911/3050/1810 3463/3049/1810
f 1951/3062/1811 3464/3045/1811 2852/3048/1811 607/3063/1811
f 113/607/1812 1265/4345/1812 3464/3045/1812 1951/3062/1812
f 1265/4345/1813 465/4735/1813 2851/3046/1813 3464/3045/1813
f 1407/4736/1814 3465/3041/1814 1409/3044/1814 233/4737/1814
f 607/3063/1815 2852/3048/1815 3465/3041/1815 1407/4736/1815
f 2852/3048/1816 1002/3047/1816 2850/3042/1816 3465/3041/1816
f 2847/3034/1817 3466/4738/1817 2849/4739/1817 1001/3035/1817
f 612/4740/1818 1956/4741/1818 3466/3037/1818 2847/4742/1818
f 1956/4741/1819 234/4507/1819 1954/3038/1819 3466/3037/1819
f 1662/4010/1820 3467/3033/1820 2848/3036/1820 318/4011/1820
f 110/4158/1821 1412/4743/1821 3467/4744/1821 1662/4159/1821
f 1412/4743/1822 612/4740/1822 2847/4742/1822 3467/4744/1822
f 1118/30/1823 3468/3029/1823 1112/3032/1823 20/31/1823
f 318/4011/1824 2848/3036/1824 3468/3029/1824 1118/30/1824
f 2848/3036/1825 1001/3035/1825 2846/3030/1825 3468/3029/1825
f 2843/3022/1826 3469/3025/1826 2845/3028/1826 1000/3023/1826
f 424/3067/1827 1768/344/1827 3469/3025/1827 2843/3022/1827
f 1768/344/1828 216/343/1828 1955/3026/1828 3469/3025/1828
f 1806/1286/1829 3470/3021/1829 2844/3024/1829 462/1287/1829
f 54/4714/1830 1224/3068/1830 3470/3021/1830 1806/1286/1830
f 1224/3068/1831 424/3067/1831 2843/3022/1831 3470/3021/1831
f 1262/938/1832 3471/3017/1832 1412/3020/1832 110/939/1832
f 462/1287/1833 2844/3024/1833 3471/4745/1833 1262/4746/1833
f 2844/3024/1834 1000/3023/1834 2842/4747/1834 3471/4745/1834
f 2839/3010/1835 3472/4748/1835 2841/4749/1835 999/3011/1835
f 568/3415/1836 1912/228/1836 3472/4748/1836 2839/3010/1836
f 1912/228/1837 79/227/1837 1910/4750/1837 3472/4748/1837
f 1955/3026/1838 3473/3009/1838 2840/3012/1838 611/3027/1838
f 216/343/1839 1368/3416/1839 3473/3009/1839 1955/3026/1839
f 1368/3416/1840 568/3415/1840 2839/3010/1840 3473/3009/1840
f 1411/358/1841 3474/3005/1841 1413/3008/1841 234/359/1841
f 611/4751/1842 2840/4752/1842 3474/4753/1842 1411/4754/1842
f 2840/4755/1843 999/4756/1843 2838/3006/1843 3474/3005/1843
f 2835/2998/1844 3475/3001/1844 2837/3004/1844 998/2999/1844
f 616/2983/1845 1960/4757/1845 3475/3001/1845 2835/2998/1845
f 1960/4757/1846 235/4758/1846 1958/3002/1846 3475/3001/1846
f 1763/3458/1847 3476/2997/1847 2836/3000/1847 419/3459/1847
f 211/387/1848 1416/2984/1848 3476/2997/1848 1763/3458/1848
f 1416/2984/1849 616/2983/1849 2835/2998/1849 3476/2997/1849
f 1219/214/1850 3477/2993/1850 1221/2996/1850 78/215/1850
f 419/3459/1851 2836/3000/1851 3477/2993/1851 1219/214/1851
f 2836/3000/1852 998/2999/1852 2834/2994/1852 3477/2993/1852
f 2831/2986/1853 3478/4759/1853 2833/4760/1853 997/2987/1853
f 357/1267/1854 1701/4761/1854 3478/2989/1854 2831/4762/1854
f 1701/4761/1855 149/4763/1855 1959/2990/1855 3478/2989/1855
f 1907/4764/1856 3479/2985/1856 2832/2988/1856 563/4765/1856
f 53/175/1857 1157/4766/1857 3479/2985/1857 1907/4764/1857
f 1157/1268/1858 357/1267/1858 2831/4762/1858 3479/4767/1858
f 1363/386/1859 3480/2981/1859 1416/2984/1859 211/387/1859
f 563/2943/1860 2832/4768/1860 3480/2981/1860 1363/386/1860
f 2832/2988/1861 997/2987/1861 2830/4769/1861 3480/4770/1861
f 2827/2974/1862 3481/2977/1862 2829/2980/1862 996/2975/1862
f 501/4771/1863 1845/4772/1863 3481/4773/1863 2827/4774/1863
f 1845/28/1864 16/27/1864 1824/2978/1864 3481/2977/1864
f 1959/2990/1865 3482/2973/1865 2828/2976/1865 615/2991/1865
f 149/943/1866 1301/4016/1866 3482/4775/1866 1959/4776/1866
f 1301/4016/1867 501/4015/1867 2827/4777/1867 3482/4775/1867
f 1415/370/1868 3483/2969/1868 1417/2972/1868 235/371/1868
f 615/4778/1869 2828/4779/1869 3483/2969/1869 1415/370/1869
f 2828/2976/1870 996/2975/1870 2826/4780/1870 3483/4781/1870
f 2823/2962/1871 3484/4782/1871 2825/4783/1871 995/2963/1871
f 620/4784/1872 1964/4785/1872 3484/2965/1872 2823/4786/1872
f 1964/4785/1873 236/4787/1873 1962/2966/1873 3484/2965/1873
f 1698/3482/1874 3485/4788/1874 2824/4789/1874 354/3483/1874
f 146/411/1875 1420/4790/1875 3485/4788/1875 1698/3482/1875
f 1420/2948/1876 620/2947/1876 2823/2962/1876 3485/2961/1876
f 1154/4791/1877 3486/2957/1877 1220/2960/1877 50/4792/1877
f 354/4793/1878 2824/2964/1878 3486/2957/1878 1154/4791/1878
f 2824/2964/1879 995/2963/1879 2822/2958/1879 3486/2957/1879
f 2819/4794/1880 3487/2953/1880 2821/2956/1880 994/4795/1880
f 317/4796/1881 1661/4797/1881 3487/2953/1881 2819/4794/1881
f 1661/4797/1882 109/4798/1882 1963/2954/1882 3487/2953/1882
f 1842/4799/1883 3488/2949/1883 2820/2952/1883 498/4800/1883
f 22/4801/1884 1117/2600/1884 3488/2949/1884 1842/4799/1884
f 1117/2600/1885 317/2599/1885 2819/2950/1885 3488/2949/1885
f 1298/4802/1886 3489/2945/1886 1420/2948/1886 146/4803/1886
f 498/2871/1887 2820/4804/1887 3489/2945/1887 1298/4802/1887
f 2820/2952/1888 994/2951/1888 2818/4805/1888 3489/4806/1888
f 2815/2938/1889 3490/2941/1889 2817/2944/1889 993/2939/1889
f 461/4807/1890 1805/4808/1890 3490/2941/1890 2815/2938/1890
f 1805/4808/1891 53/4809/1891 1907/2942/1891 3490/2941/1891
f 1963/2954/1892 3491/2937/1892 2816/2940/1892 619/2955/1892
f 109/4798/1893 1261/4810/1893 3491/2937/1893 1963/2954/1893
f 1261/4810/1894 461/4807/1894 2815/2938/1894 3491/2937/1894
f 1419/382/1895 3492/2933/1895 1421/2936/1895 236/383/1895
f 619/2955/1896 2816/2940/1896 3492/2933/1896 1419/382/1896
f 2816/2940/1897 993/2939/1897 2814/2934/1897 3492/2933/1897
f 2811/4811/1898 3493/2929/1898 2813/2932/1898 992/4812/1898
f 624/2911/1899 1968/396/1899 3493/2929/1899 2811/4811/1899
f 1968/396/1900 237/395/1900 1966/2930/1900 3493/2929/1900
f 1658/4046/1901 3494/2925/1901 2812/2928/1901 314/4047/1901
f 106/975/1902 1424/4813/1902 3494/2925/1902 1658/4046/1902
f 1424/2912/1903 624/2911/1903 2811/4811/1903 3494/4814/1903
f 1114/18/1904 3495/2921/1904 1113/2924/1904 21/19/1904
f 314/4047/1905 2812/2928/1905 3495/2921/1905 1114/18/1905
f 2812/2928/1906 992/2927/1906 2810/2922/1906 3495/2921/1906
f 2807/2914/1907 3496/2917/1907 2809/2920/1907 991/2915/1907
f 420/4815/1908 1764/380/1908 3496/2917/1908 2807/2914/1908
f 1764/380/1909 212/379/1909 1967/2918/1909 3496/2917/1909
f 1802/1178/1910 3497/2913/1910 2808/2916/1910 458/1179/1910
f 50/207/1911 1220/4816/1911 3497/2913/1911 1802/1178/1911
f 1220/4816/1912 420/4815/1912 2807/2914/1912 3497/2913/1912
f 1258/4817/1913 3498/2909/1913 1424/2912/1913 106/4818/1913
f 458/1179/1914 2808/2916/1914 3498/2909/1914 1258/4817/1914
f 2808/2916/1915 991/2915/1915 2806/2910/1915 3498/2909/1915
f 2803/2902/1916 3499/2905/1916 2805/2908/1916 990/2903/1916
f 564/3451/1917 1908/4819/1917 3499/2905/1917 2803/2902/1917
f 1908/4819/1918 78/4820/1918 1906/2906/1918 3499/2905/1918
f 1967/2918/1919 3500/2901/1919 2804/2904/1919 623/2919/1919
f 212/379/1920 1364/3452/1920 3500/2901/1920 1967/2918/1920
f 1364/3452/1921 564/3451/1921 2803/2902/1921 3500/2901/1921
f 1423/394/1922 3501/2897/1922 1425/2900/1922 237/395/1922
f 623/2919/1923 2804/2904/1923 3501/2897/1923 1423/394/1923
f 2804/4821/1924 990/4822/1924 2802/4823/1924 3501/4824/1924
f 2799/2890/1925 3502/2893/1925 2801/2896/1925 989/2891/1925
f 628/4825/1926 1972/4826/1926 3502/2893/1926 2799/2890/1926
f 1972/4826/1927 238/4484/1927 1970/2894/1927 3502/2893/1927
f 1759/4827/1928 3503/2889/1928 2800/2892/1928 415/4828/1928
f 207/4829/1929 1428/4830/1929 3503/2889/1929 1759/4827/1929
f 1428/4830/1930 628/4825/1930 2799/2890/1930 3503/2889/1930
f 1215/202/1931 3504/2885/1931 1217/2888/1931 77/203/1931
f 415/3495/1932 2800/4831/1932 3504/2885/1932 1215/202/1932
f 2800/2892/1933 989/2891/1933 2798/4832/1933 3504/4833/1933
f 2795/2878/1934 3505/2881/1934 2797/2884/1934 988/2879/1934
f 356/1231/1935 1700/956/1935 3505/2881/1935 2795/2878/1935
f 1700/956/1936 148/955/1936 1971/2882/1936 3505/2881/1936
f 1903/2834/1937 3506/2877/1937 2796/2880/1937 559/2835/1937
f 52/187/1938 1156/1232/1938 3506/2877/1938 1903/2834/1938
f 1156/1232/1939 356/1231/1939 2795/2878/1939 3506/2877/1939
f 1359/422/1940 3507/2873/1940 1428/2876/1940 207/423/1940
f 559/4834/1941 2796/4835/1941 3507/2873/1941 1359/422/1941
f 2796/4835/1942 988/4836/1942 2794/2874/1942 3507/2873/1942
f 2791/2866/1943 3508/4837/1943 2793/4838/1943 987/2867/1943
f 500/4027/1944 1844/4839/1944 3508/4837/1944 2791/2866/1944
f 1844/24/1945 22/23/1945 1842/2870/1945 3508/2869/1945
f 1971/2882/1946 3509/2865/1946 2792/2868/1946 627/2883/1946
f 148/955/1947 1300/4028/1947 3509/2865/1947 1971/2882/1947
f 1300/4028/1948 500/4027/1948 2791/2866/1948 3509/2865/1948
f 1427/406/1949 3510/2861/1949 1429/2864/1949 238/407/1949
f 627/2883/1950 2792/2868/1950 3510/4840/1950 1427/4841/1950
f 2792/2868/1951 987/2867/1951 2790/4842/1951 3510/4840/1951
f 2787/2854/1952 3511/4843/1952 2789/4844/1952 986/2855/1952
f 632/2839/1953 1976/420/1953 3511/4843/1953 2787/2854/1953
f 1976/420/1954 239/419/1954 1974/4469/1954 3511/4843/1954
f 1683/3410/1955 3512/2853/1955 2788/2856/1955 339/3411/1955
f 131/339/1956 1432/2840/1956 3512/2853/1956 1683/3410/1956
f 1432/2840/1957 632/2839/1957 2787/2854/1957 3512/2853/1957
f 1139/230/1958 3513/4845/1958 1216/4846/1958 35/231/1958
f 339/3411/1959 2788/2856/1959 3513/2849/1959 1139/4847/1959
f 2788/2856/1960 986/2855/1960 2786/2850/1960 3513/2849/1960
f 2783/2842/1961 3514/2845/1961 2785/2848/1961 985/2843/1961
f 316/2707/1962 1660/464/1962 3514/4848/1962 2783/4849/1962
f 1660/4850/1963 108/4851/1963 1975/4852/1963 3514/4853/1963
f 1827/3086/1964 3515/2841/1964 2784/2844/1964 483/3087/1964
f 19/39/1965 1116/2708/1965 3515/4854/1965 1827/4706/1965
f 1116/2708/1966 316/2707/1966 2783/4849/1966 3515/4854/1966
f 1283/338/1967 3516/2837/1967 1432/2840/1967 131/339/1967
f 483/3087/1968 2784/2844/1968 3516/2837/1968 1283/338/1968
f 2784/2844/1969 985/2843/1969 2782/2838/1969 3516/2837/1969
f 2779/2830/1970 3517/2833/1970 2781/2836/1970 984/2831/1970
f 460/4855/1971 1804/188/1971 3517/2833/1971 2779/2830/1971
f 1804/188/1972 52/187/1972 1903/2834/1972 3517/2833/1972
f 1975/2846/1973 3518/2829/1973 2780/2832/1973 631/2847/1973
f 108/4851/1974 1260/4856/1974 3518/4857/1974 1975/4852/1974
f 1260/4858/1975 460/4855/1975 2779/2830/1975 3518/2829/1975
f 1431/418/1976 3519/2825/1976 1433/2828/1976 239/419/1976
f 631/2847/1977 2780/2832/1977 3519/2825/1977 1431/418/1977
f 2780/2832/1978 984/2831/1978 2778/2826/1978 3519/2825/1978
f 2775/4859/1979 3520/2821/1979 2777/2824/1979 983/4860/1979
f 636/4861/1980 1980/432/1980 3520/2821/1980 2775/4859/1980
f 1980/432/1981 240/431/1981 1978/2822/1981 3520/2821/1981
f 1643/4070/1982 3521/2817/1982 2776/2820/1982 299/4071/1982
f 91/999/1983 1436/4862/1983 3521/2817/1983 1643/4070/1983
f 1436/2804/1984 636/2803/1984 2775/4863/1984 3521/4864/1984
f 1099/10/1985 3522/2813/1985 1101/2816/1985 9/11/1985
f 299/4071/1986 2776/2820/1986 3522/2813/1986 1099/10/1986
f 2776/2820/1987 983/2819/1987 2774/2814/1987 3522/2813/1987
f 2771/4865/1988 3523/2809/1988 2773/2812/1988 982/4866/1988
f 416/2851/1989 1760/4867/1989 3523/2809/1989 2771/4865/1989
f 1760/4868/1990 208/4869/1990 1979/4870/1990 3523/4871/1990
f 1787/1106/1991 3524/2805/1991 2772/2808/1991 443/1107/1991
f 35/4872/1992 1216/4873/1992 3524/2805/1992 1787/1106/1992
f 1216/4846/1993 416/4874/1993 2771/4875/1993 3524/4876/1993
f 1243/998/1994 3525/4877/1994 1436/4862/1994 91/999/1994
f 443/1107/1995 2772/2808/1995 3525/4877/1995 1243/998/1995
f 2772/4878/1996 982/4879/1996 2770/2802/1996 3525/2801/1996
f 2767/2794/1997 3526/4880/1997 2769/4881/1997 981/2795/1997
f 560/3487/1998 1904/204/1998 3526/4882/1998 2767/4883/1998
f 1904/204/1999 77/203/1999 1902/4884/1999 3526/4882/1999
f 1979/2810/2000 3527/2793/2000 2768/2796/2000 635/2811/2000
f 208/4869/2001 1360/4885/2001 3527/4886/2001 1979/4870/2001
f 1360/3488/2002 560/3487/2002 2767/4883/2002 3527/4887/2002
f 1435/430/2003 3528/2789/2003 1437/2792/2003 240/431/2003
f 635/2811/2004 2768/2796/2004 3528/2789/2004 1435/430/2004
f 2768/2796/2005 981/2795/2005 2766/2790/2005 3528/2789/2005
f 2763/2782/2006 3529/2785/2006 2765/2788/2006 980/2783/2006
f 640/2767/2007 1984/4888/2007 3529/2785/2007 2763/2782/2007
f 1984/444/2008 241/443/2008 1982/4456/2008 3529/4889/2008
f 1755/3530/2009 3530/2781/2009 2764/2784/2009 411/3531/2009
f 203/459/2010 1440/2768/2010 3530/2781/2010 1755/3530/2010
f 1440/2768/2011 640/2767/2011 2763/2782/2011 3530/2781/2011
f 1211/4890/2012 3531/2777/2012 1213/2780/2012 76/4891/2012
f 411/3531/2013 2764/2784/2013 3531/4892/2013 1211/4893/2013
f 2764/2784/2014 980/2783/2014 2762/4894/2014 3531/4892/2014
f 2759/2770/2015 3532/4895/2015 2761/4896/2015 979/2771/2015
f 447/4897/2016 1247/4898/2016 3532/4895/2016 2759/2770/2016
f 1247/4899/2017 95/4900/2017 1983/2774/2017 3532/2773/2017
f 1899/2726/2018 3533/4901/2018 2760/4902/2018 555/2727/2018
f 39/4903/2019 1791/4904/2019 3533/4901/2019 1899/2726/2019
f 1791/4905/2020 447/4897/2020 2759/2770/2020 3533/2769/2020
f 1355/458/2021 3534/2765/2021 1440/2768/2021 203/459/2021
f 555/2727/2022 2760/4902/2022 3534/2765/2022 1355/458/2022
f 2760/4902/2023 979/4906/2023 2758/2766/2023 3534/2765/2023
f 2755/2758/2024 3535/2761/2024 2757/2764/2024 978/2759/2024
f 303/4907/2025 1103/4908/2025 3535/2761/2025 2755/2758/2025
f 1103/4909/2026 11/4910/2026 1843/4911/2026 3535/4912/2026
f 1983/2774/2027 3536/2757/2027 2756/2760/2027 639/2775/2027
f 95/4900/2028 1647/4913/2028 3536/2757/2028 1983/2774/2028
f 1647/4913/2029 303/4907/2029 2755/2758/2029 3536/2757/2029
f 1439/4914/2030 3537/2753/2030 1441/2756/2030 241/4915/2030
f 639/2775/2031 2756/2760/2031 3537/2753/2031 1439/4914/2031
f 2756/2760/2032 978/2759/2032 2754/2754/2032 3537/2753/2032
f 2751/2746/2033 3538/2749/2033 2753/2752/2033 977/2747/2033
f 644/4916/2034 1988/456/2034 3538/4917/2034 2751/4918/2034
f 1988/456/2035 242/455/2035 1986/4447/2035 3538/4917/2035
f 1695/3662/2036 3539/2745/2036 2752/2748/2036 351/3663/2036
f 143/591/2037 1444/2732/2037 3539/2745/2037 1695/3662/2037
f 1444/2732/2038 644/2731/2038 2751/2746/2038 3539/2745/2038
f 1151/146/2039 3540/2741/2039 1212/2744/2039 47/147/2039
f 351/3663/2040 2752/2748/2040 3540/4919/2040 1151/4920/2040
f 2752/2748/2041 977/2747/2041 2750/4921/2041 3540/4919/2041
f 2747/4922/2042 3541/2737/2042 2749/2740/2042 976/4923/2042
f 487/4924/2043 1287/4925/2043 3541/2737/2043 2747/4922/2043
f 1287/4925/2044 135/4926/2044 1987/2738/2044 3541/2737/2044
f 1839/2330/2045 3542/2733/2045 2748/2736/2045 495/2331/2045
f 6/4927/2046 1831/4928/2046 3542/2733/2046 1839/2330/2046
f 1831/4928/2047 487/4929/2047 2747/2734/2047 3542/2733/2047
f 1295/590/2048 3543/2729/2048 1444/2732/2048 143/591/2048
f 495/2331/2049 2748/2736/2049 3543/4930/2049 1295/4931/2049
f 2748/4932/2050 976/4923/2050 2746/2730/2050 3543/2729/2050
f 2743/2722/2051 3544/2725/2051 2745/2728/2051 975/2723/2051
f 343/4933/2052 1143/4934/2052 3544/2725/2052 2743/2722/2052
f 1143/4934/2053 39/4903/2053 1899/2726/2053 3544/2725/2053
f 1987/4935/2054 3545/2721/2054 2744/2724/2054 643/4936/2054
f 135/4937/2055 1687/4938/2055 3545/2721/2055 1987/4935/2055
f 1687/4938/2056 343/4933/2056 2743/2722/2056 3545/2721/2056
f 1443/454/2057 3546/2717/2057 1445/2720/2057 242/455/2057
f 643/4936/2058 2744/2724/2058 3546/2717/2058 1443/454/2058
f 2744/2724/2059 975/2723/2059 2742/2718/2059 3546/2717/2059
f 2739/2710/2060 3547/2713/2060 2741/2716/2060 974/2711/2060
f 648/4939/2061 1992/4940/2061 3547/2713/2061 2739/2710/2061
f 1992/4940/2062 243/4443/2062 1990/2714/2062 3547/2713/2062
f 1655/3986/2063 3548/2709/2063 2740/2712/2063 311/3987/2063
f 103/4180/2064 1448/4941/2064 3548/2709/2064 1655/3986/2064
f 1448/4941/2065 648/4939/2065 2739/2710/2065 3548/2709/2065
f 1111/38/2066 3549/2705/2066 1116/2708/2066 19/39/2066
f 311/3987/2067 2740/2712/2067 3549/2705/2067 1111/38/2067
f 2740/2712/2068 974/2711/2068 2738/2706/2068 3549/2705/2068
f 2735/2698/2069 3550/2701/2069 2737/2704/2069 973/2699/2069
f 412/4942/2070 1756/4943/2070 3550/2701/2070 2735/2698/2070
f 1756/4943/2071 204/4944/2071 1991/2702/2071 3550/2701/2071
f 1799/1358/2072 3551/2697/2072 2736/2700/2072 455/1359/2072
f 47/4945/2073 1212/4946/2073 3551/2697/2073 1799/1358/2073
f 1212/4946/2074 412/4942/2074 2735/2698/2074 3551/2697/2074
f 1255/914/2075 3552/2693/2075 1448/2696/2075 103/915/2075
f 455/1359/2076 2736/2700/2076 3552/2693/2076 1255/914/2076
f 2736/2700/2077 973/2699/2077 2734/2694/2077 3552/2693/2077
f 2731/2686/2078 3553/2689/2078 2733/2692/2078 972/2687/2078
f 556/4947/2079 1900/4948/2079 3553/4949/2079 2731/4950/2079
f 1900/192/2080 76/191/2080 1898/4951/2080 3553/4952/2080
f 1991/2702/2081 3554/2685/2081 2732/2688/2081 647/2703/2081
f 204/4944/2082 1356/4953/2082 3554/2685/2082 1991/2702/2082
f 1356/4953/2083 556/4954/2083 2731/2686/2083 3554/2685/2083
f 1447/466/2084 3555/2681/2084 1449/2684/2084 243/467/2084
f 647/2703/2085 2732/2688/2085 3555/2681/2085 1447/466/2085
f 2732/2688/2086 972/2687/2086 2730/2682/2086 3555/2681/2086
f 2727/4955/2087 3556/2677/2087 2729/2680/2087 971/4956/2087
f 652/2659/2088 1996/480/2088 3556/2677/2088 2727/4955/2088
f 1996/480/2089 244/479/2089 1994/2678/2089 3556/2677/2089
f 1751/4423/2090 3557/2673/2090 2728/2676/2090 407/4957/2090
f 199/495/2091 1452/4958/2091 3557/2673/2091 1751/4423/2091
f 1452/2660/2092 652/2659/2092 2727/4955/2092 3557/4959/2092
f 1207/178/2093 3558/2669/2093 1209/2672/2093 75/179/2093
f 407/4960/2094 2728/4961/2094 3558/4962/2094 1207/4963/2094
f 2728/2676/2095 971/2675/2095 2726/4964/2095 3558/4965/2095
f 2723/2662/2096 3559/4966/2096 2725/4967/2096 970/2663/2096
f 435/4968/2097 1235/4969/2097 3559/4966/2097 2723/2662/2097
f 1235/4969/2098 83/4970/2098 1995/4971/2098 3559/4966/2098
f 1895/2618/2099 3560/2661/2099 2724/2664/2099 551/2619/2099
f 27/4972/2100 1779/4973/2100 3560/2661/2100 1895/2618/2100
f 1779/4973/2101 435/4968/2101 2723/2662/2101 3560/2661/2101
f 1351/4974/2102 3561/2657/2102 1452/2660/2102 199/4975/2102
f 551/4976/2103 2724/4977/2103 3561/2657/2103 1351/4974/2103
f 2724/4977/2104 970/4978/2104 2722/2658/2104 3561/2657/2104
f 2719/2650/2105 3562/4979/2105 2721/4980/2105 969/2651/2105
f 291/4981/2106 1091/4982/2106 3562/2653/2106 2719/4983/2106
f 1091/4982/2107 2/4984/2107 1836/2654/2107 3562/2653/2107
f 1995/2666/2108 3563/4985/2108 2720/4986/2108 651/2667/2108
f 83/4987/2109 1635/4988/2109 3563/4985/2109 1995/2666/2109
f 1635/4988/2110 291/4981/2110 2719/4983/2110 3563/4985/2110
f 1451/478/2111 3564/2645/2111 1453/2648/2111 244/479/2111
f 651/4989/2112 2720/2652/2112 3564/4990/2112 1451/4991/2112
f 2720/2652/2113 969/2651/2113 2718/4992/2113 3564/4990/2113
f 2715/2638/2114 3565/2641/2114 2717/2644/2114 968/2639/2114
f 656/2623/2115 2000/492/2115 3565/2641/2115 2715/2638/2115
f 2000/492/2116 245/491/2116 1998/2642/2116 3565/2641/2116
f 1699/3518/2117 3566/2637/2117 2716/2640/2117 355/3519/2117
f 147/447/2118 1456/2624/2118 3566/2637/2118 1699/3518/2118
f 1456/2624/2119 656/2623/2119 2715/2638/2119 3566/2637/2119
f 1155/4993/2120 3567/2633/2120 1208/2636/2120 51/4994/2120
f 355/3519/2121 2716/2640/2121 3567/2633/2121 1155/4993/2121
f 2716/2640/2122 968/2639/2122 2714/2634/2122 3567/2633/2122
f 2711/4995/2123 3568/2629/2123 2713/2632/2123 967/4996/2123
f 475/4997/2124 1275/4998/2124 3568/4999/2124 2711/5000/2124
f 1275/4998/2125 123/5001/2125 1999/5002/2125 3568/4999/2125
f 1843/2762/2126 3569/2625/2126 2712/2628/2126 499/2763/2126
f 11/4910/2127 1819/5003/2127 3569/5004/2127 1843/4911/2127
f 1819/5005/2128 475/4997/2128 2711/5000/2128 3569/5006/2128
f 1299/446/2129 3570/2621/2129 1456/2624/2129 147/447/2129
f 499/5007/2130 2712/5008/2130 3570/2621/2130 1299/446/2130
f 2712/5009/2131 967/5010/2131 2710/5011/2131 3570/5012/2131
f 2707/2614/2132 3571/2617/2132 2709/2620/2132 966/2615/2132
f 331/5013/2133 1131/5014/2133 3571/2617/2133 2707/2614/2133
f 1131/5014/2134 27/4972/2134 1895/2618/2134 3571/2617/2134
f 1999/5002/2135 3572/2613/2135 2708/2616/2135 655/5015/2135
f 123/5001/2136 1675/5016/2136 3572/2613/2136 1999/5002/2136
f 1675/5016/2137 331/5013/2137 2707/2614/2137 3572/2613/2137
f 1455/5017/2138 3573/5018/2138 1457/5019/2138 245/5020/2138
f 655/5021/2139 2708/5022/2139 3573/2609/2139 1455/5023/2139
f 2708/5024/2140 966/5025/2140 2706/5026/2140 3573/5027/2140
f 2703/5028/2141 3574/2605/2141 2705/2608/2141 965/5029/2141
f 660/5030/2142 2004/504/2142 3574/2605/2142 2703/5028/2142
f 2004/504/2143 246/503/2143 2002/2606/2143 3574/2605/2143
f 1659/4034/2144 3575/2601/2144 2704/2604/2144 315/4035/2144
f 107/963/2145 1460/2588/2145 3575/2601/2145 1659/4034/2145
f 1460/2588/2146 660/2587/2146 2703/2602/2146 3575/2601/2146
f 1115/22/2147 3576/5031/2147 1117/5032/2147 22/23/2147
f 315/5033/2148 2704/5034/2148 3576/5031/2148 1115/22/2148
f 2704/5034/2149 965/5029/2149 2702/5035/2149 3576/5031/2149
f 2699/5036/2150 3577/5037/2150 2701/5038/2150 964/5039/2150
f 408/2635/2151 1752/488/2151 3577/2593/2151 2699/5040/2151
f 1752/488/2152 200/487/2152 2003/2594/2152 3577/2593/2152
f 1803/5041/2153 3578/2589/2153 2700/2592/2153 459/5042/2153
f 51/5043/2154 1208/5044/2154 3578/2589/2154 1803/5041/2154
f 1208/2636/2155 408/2635/2155 2699/5040/2155 3578/5045/2155
f 1259/962/2156 3579/2585/2156 1460/2588/2156 107/963/2156
f 459/1215/2157 2700/5046/2157 3579/2585/2157 1259/962/2157
f 2700/5046/2158 964/5047/2158 2698/2586/2158 3579/2585/2158
f 2695/2578/2159 3580/2581/2159 2697/2584/2159 963/2579/2159
f 552/3559/2160 1896/180/2160 3580/2581/2160 2695/2578/2160
f 1896/180/2161 75/179/2161 1894/2582/2161 3580/2581/2161
f 2003/2594/2162 3581/2577/2162 2696/2580/2162 659/2595/2162
f 200/487/2163 1352/3560/2163 3581/2577/2163 2003/2594/2163
f 1352/3560/2164 552/3559/2164 2695/2578/2164 3581/2577/2164
f 1459/5048/2165 3582/2573/2165 1461/2576/2165 246/5049/2165
f 659/2595/2166 2696/2580/2166 3582/2573/2166 1459/5048/2166
f 2696/2580/2167 963/2579/2167 2694/2574/2167 3582/2573/2167
f 2691/2566/2168 3583/2569/2168 2693/2572/2168 962/2567/2168
f 664/5050/2169 2008/516/2169 3583/2569/2169 2691/2566/2169
f 2008/516/2170 247/515/2170 2006/2570/2170 3583/2569/2170
f 1747/3602/2171 3584/5051/2171 2692/5052/2171 403/3603/2171
f 195/531/2172 1464/2552/2172 3584/5051/2172 1747/3602/2172
f 1464/2552/2173 664/2551/2173 2691/5053/2173 3584/5051/2173
f 1203/166/2174 3585/2561/2174 1205/2564/2174 74/167/2174
f 403/3603/2175 2692/5052/2175 3585/2561/2175 1203/166/2175
f 2692/2568/2176 962/2567/2176 2690/5054/2176 3585/5055/2176
f 2687/2554/2177 3586/5056/2177 2689/5057/2177 961/2555/2177
f 360/5058/2178 1704/5059/2178 3586/2557/2178 2687/5060/2178
f 1704/5059/2179 152/5061/2179 2007/2558/2179 3586/2557/2179
f 1891/2510/2180 3587/2553/2180 2688/2556/2180 547/2511/2180
f 56/5062/2181 1160/5063/2181 3587/2553/2181 1891/2510/2181
f 1160/5064/2182 360/5058/2182 2687/5060/2182 3587/5065/2182
f 1347/530/2183 3588/2549/2183 1464/2552/2183 195/531/2183
f 547/5066/2184 2688/5067/2184 3588/2549/2184 1347/530/2184
f 2688/5067/2185 961/5068/2185 2686/2550/2185 3588/2549/2185
f 2683/2542/2186 3589/2545/2186 2685/2548/2186 960/2543/2186
f 504/5069/2187 1848/36/2187 3589/2545/2187 2683/2542/2187
f 1848/36/2188 23/35/2188 1846/2546/2188 3589/2545/2188
f 2007/2558/2189 3590/2541/2189 2684/2544/2189 663/2559/2189
f 152/5070/2190 1304/5071/2190 3590/5072/2190 2007/5073/2190
f 1304/5071/2191 504/5074/2191 2683/5075/2191 3590/5072/2191
f 1463/5076/2192 3591/2537/2192 1465/2540/2192 247/4403/2192
f 663/2559/2193 2684/2544/2193 3591/2537/2193 1463/5076/2193
f 2684/2544/2194 960/2543/2194 2682/2538/2194 3591/2537/2194
f 2679/2530/2195 3592/2533/2195 2681/2536/2195 959/2531/2195
f 668/2515/2196 2012/528/2196 3592/2533/2196 2679/2530/2196
f 2012/528/2197 248/527/2197 2010/2534/2197 3592/2533/2197
f 1246/5077/2198 3593/2529/2198 2680/2532/2198 446/5078/2198
f 94/5079/2199 1468/2516/2199 3593/2529/2199 1246/5077/2199
f 1468/2516/2200 668/2515/2200 2679/2530/2200 3593/2529/2200
f 1790/5080/2201 3594/2525/2201 1204/2528/2201 38/5081/2201
f 446/5078/2202 2680/2532/2202 3594/2525/2202 1790/5080/2202
f 2680/2532/2203 959/2531/2203 2678/2526/2203 3594/2525/2203
f 2675/2518/2204 3595/2521/2204 2677/2524/2204 958/2519/2204
f 320/2383/2205 1664/572/2205 3595/5082/2205 2675/5083/2205
f 1664/572/2206 112/571/2206 2011/5084/2206 3595/5082/2206
f 1102/5085/2207 3596/2517/2207 2676/2520/2207 302/5086/2207
f 10/5087/2208 1120/5088/2208 3596/2517/2208 1102/5085/2208
f 1120/5088/2209 320/5089/2209 2675/2518/2209 3596/2517/2209
f 1646/5090/2210 3597/2513/2210 1468/2516/2210 94/5079/2210
f 302/5086/2211 2676/2520/2211 3597/2513/2211 1646/5090/2211
f 2676/2520/2212 958/2519/2212 2674/2514/2212 3597/2513/2212
f 2671/2506/2213 3598/2509/2213 2673/2512/2213 957/2507/2213
f 464/5091/2214 1808/5092/2214 3598/2509/2214 2671/2506/2214
f 1808/5092/2215 56/5062/2215 1891/2510/2215 3598/2509/2215
f 2011/5084/2216 3599/2505/2216 2672/2508/2216 667/5093/2216
f 112/571/2217 1264/5094/2217 3599/2505/2217 2011/5084/2217
f 1264/5094/2218 464/5091/2218 2671/2506/2218 3599/2505/2218
f 1467/526/2219 3600/2501/2219 1469/2504/2219 248/527/2219
f 667/2523/2220 2672/5095/2220 3600/2501/2220 1467/526/2220
f 2672/5095/2221 957/5096/2221 2670/2502/2221 3600/2501/2221
f 2667/2494/2222 3601/2497/2222 2669/2500/2222 956/2495/2222
f 672/2479/2223 2016/540/2223 3601/2497/2223 2667/2494/2223
f 2016/540/2224 249/539/2224 2014/2498/2224 3601/2497/2224
f 1286/5097/2225 3602/5098/2225 2668/5099/2225 486/5100/2225
f 134/5101/2226 1472/5102/2226 3602/5098/2226 1286/5097/2226
f 1472/2480/2227 672/2479/2227 2667/2494/2227 3602/2493/2227
f 1830/5103/2228 3603/2489/2228 1100/2492/2228 5/5104/2228
f 486/5100/2229 2668/5099/2229 3603/2489/2229 1830/5103/2229
f 2668/2496/2230 956/2495/2230 2666/5105/2230 3603/5106/2230
f 2663/2482/2231 3604/2485/2231 2665/2488/2231 955/2483/2231
f 404/2527/2232 1748/524/2232 3604/5107/2232 2663/5108/2232
f 1748/524/2233 196/523/2233 2015/5109/2233 3604/5107/2233
f 1142/5110/2234 3605/5111/2234 2664/5112/2234 342/5113/2234
f 38/5081/2235 1204/2528/2235 3605/5111/2235 1142/5110/2235
f 1204/2528/2236 404/2527/2236 2663/5108/2236 3605/5111/2236
f 1686/5114/2237 3606/2477/2237 1472/2480/2237 134/5115/2237
f 342/5116/2238 2664/2484/2238 3606/2477/2238 1686/5114/2238
f 2664/2484/2239 955/2483/2239 2662/2478/2239 3606/2477/2239
f 2659/2470/2240 3607/2473/2240 2661/2476/2240 954/2471/2240
f 548/3595/2241 1892/168/2241 3607/2473/2241 2659/2470/2241
f 1892/168/2242 74/167/2242 1890/2474/2242 3607/2473/2242
f 2015/5109/2243 3608/2469/2243 2660/2472/2243 671/5117/2243
f 196/523/2244 1348/3596/2244 3608/2469/2244 2015/5109/2244
f 1348/3596/2245 548/3595/2245 2659/2470/2245 3608/2469/2245
f 1471/538/2246 3609/2465/2246 1473/2468/2246 249/539/2246
f 671/2487/2247 2660/5118/2247 3609/2465/2247 1471/538/2247
f 2660/2472/2248 954/2471/2248 2658/5119/2248 3609/5120/2248
f 2655/2458/2249 3610/5121/2249 2657/5122/2249 953/2459/2249
f 676/5123/2250 2020/552/2250 3610/2461/2250 2655/5124/2250
f 2020/552/2251 250/551/2251 2018/2462/2251 3610/2461/2251
f 1743/3638/2252 3611/2457/2252 2656/2460/2252 399/3639/2252
f 191/567/2253 1476/5125/2253 3611/2457/2253 1743/3638/2253
f 1476/5125/2254 676/5126/2254 2655/2458/2254 3611/2457/2254
f 1199/5127/2255 3612/5128/2255 1201/5129/2255 73/5130/2255
f 399/3639/2256 2656/2460/2256 3612/5128/2256 1199/5127/2256
f 2656/2460/2257 953/2459/2257 2654/5131/2257 3612/5128/2257
f 2651/2446/2258 3613/2449/2258 2653/2452/2258 952/2447/2258
f 451/5132/2259 1251/5133/2259 3613/5134/2259 2651/5135/2259
f 1251/5133/2260 99/5136/2260 2019/5137/2260 3613/5134/2260
f 1887/2402/2261 3614/5138/2261 2652/5139/2261 543/2403/2261
f 43/5140/2262 1795/5141/2262 3614/5138/2262 1887/2402/2262
f 1795/5141/2263 451/5132/2263 2651/5135/2263 3614/5138/2263
f 1343/566/2264 3615/5142/2264 1476/5125/2264 191/567/2264
f 543/5143/2265 2652/2448/2265 3615/5142/2265 1343/566/2265
f 2652/2448/2266 952/2447/2266 2650/5144/2266 3615/5142/2266
f 2647/2434/2267 3616/2437/2267 2649/2440/2267 951/2435/2267
f 307/5145/2268 1107/5146/2268 3616/5147/2268 2647/5148/2268
f 1107/5146/2269 15/5149/2269 1847/5150/2269 3616/5147/2269
f 2019/5151/2270 3617/5152/2270 2648/5153/2270 675/5154/2270
f 99/5155/2271 1651/5156/2271 3617/5157/2271 2019/2450/2271
f 1651/5156/2272 307/5145/2272 2647/5148/2272 3617/5157/2272
f 1475/550/2273 3618/2429/2273 1477/2432/2273 250/551/2273
f 675/5158/2274 2648/2436/2274 3618/2429/2274 1475/550/2274
f 2648/2436/2275 951/2435/2275 2646/2430/2275 3618/2429/2275
f 2643/2422/2276 3619/5159/2276 2645/5160/2276 950/2423/2276
f 680/5161/2277 2024/564/2277 3619/5159/2277 2643/2422/2277
f 2024/564/2278 251/563/2278 2022/5162/2278 3619/5159/2278
f 1234/5163/2279 3620/5164/2279 2644/5165/2279 434/5166/2279
f 82/5167/2280 1480/2408/2280 3620/5164/2280 1234/5163/2280
f 1480/2408/2281 680/2407/2281 2643/5168/2281 3620/5164/2281
f 1778/5169/2282 3621/5170/2282 1200/5171/2282 26/5172/2282
f 434/5166/2283 2644/5165/2283 3621/5170/2283 1778/5169/2283
f 2644/2424/2284 950/2423/2284 2642/2418/2284 3621/2417/2284
f 2639/2410/2285 3622/2413/2285 2641/2416/2285 949/2411/2285
f 491/5173/2286 1291/5174/2286 3622/2413/2286 2639/2410/2286
f 1291/5174/2287 139/5175/2287 2023/2414/2287 3622/2413/2287
f 1090/5176/2288 3623/2409/2288 2640/2412/2288 290/5177/2288
f 1/5178/2289 1835/5179/2289 3623/2409/2289 1090/5176/2289
f 1835/5179/2290 491/5173/2290 2639/2410/2290 3623/2409/2290
f 1634/5180/2291 3624/2405/2291 1480/2408/2291 82/5167/2291
f 290/5177/2292 2640/2412/2292 3624/2405/2292 1634/5180/2292
f 2640/2412/2293 949/2411/2293 2638/2406/2293 3624/2405/2293
f 2635/2398/2294 3625/2401/2294 2637/2404/2294 948/2399/2294
f 347/5181/2295 1147/5182/2295 3625/2401/2295 2635/2398/2295
f 1147/5182/2296 43/5140/2296 1887/2402/2296 3625/2401/2296
f 2023/5183/2297 3626/2397/2297 2636/2400/2297 679/5184/2297
f 139/5175/2298 1691/5185/2298 3626/5186/2298 2023/2414/2298
f 1691/5185/2299 347/5187/2299 2635/5188/2299 3626/5186/2299
f 1479/562/2300 3627/2393/2300 1481/2396/2300 251/563/2300
f 679/5184/2301 2636/2400/2301 3627/2393/2301 1479/562/2301
f 2636/2400/2302 948/2399/2302 2634/2394/2302 3627/2393/2302
f 2631/2386/2303 3628/2389/2303 2633/2392/2303 947/2387/2303
f 684/2371/2304 2028/576/2304 3628/2389/2304 2631/2386/2304
f 2028/576/2305 252/575/2305 2026/2390/2305 3628/2389/2305
f 1274/5189/2306 3629/5190/2306 2632/5191/2306 474/5192/2306
f 122/5193/2307 1484/5194/2307 3629/5190/2307 1274/5189/2307
f 1484/2372/2308 684/2371/2308 2631/2386/2308 3629/2385/2308
f 1818/5195/2309 3630/5196/2309 1120/5088/2309 10/5087/2309
f 474/5192/2310 2632/5191/2310 3630/5196/2310 1818/5195/2310
f 2632/2388/2311 947/2387/2311 2630/2382/2311 3630/2381/2311
f 2627/2374/2312 3631/5197/2312 2629/5198/2312 946/2375/2312
f 400/5199/2313 1744/560/2313 3631/2377/2313 2627/5200/2313
f 1744/560/2314 192/559/2314 2027/2378/2314 3631/2377/2314
f 1130/5201/2315 3632/5202/2315 2628/5203/2315 330/5204/2315
f 26/5172/2316 1200/5171/2316 3632/5202/2316 1130/5201/2316
f 1200/2420/2317 400/2419/2317 2627/2374/2317 3632/2373/2317
f 1674/5205/2318 3633/5206/2318 1484/5194/2318 122/5193/2318
f 330/5204/2319 2628/5203/2319 3633/5206/2319 1674/5205/2319
f 2628/2376/2320 946/2375/2320 2626/2370/2320 3633/2369/2320
f 2623/2362/2321 3634/2365/2321 2625/2368/2321 945/2363/2321
f 544/3631/2322 1888/156/2322 3634/2365/2322 2623/2362/2322
f 1888/156/2323 73/155/2323 1886/2366/2323 3634/2365/2323
f 2027/2378/2324 3635/5207/2324 2624/5208/2324 683/2379/2324
f 192/4383/2325 1344/3632/2325 3635/2361/2325 2027/5209/2325
f 1344/3632/2326 544/3631/2326 2623/2362/2326 3635/2361/2326
f 1483/574/2327 3636/5210/2327 1485/4375/2327 252/575/2327
f 683/2379/2328 2624/5208/2328 3636/2357/2328 1483/5211/2328
f 2624/5208/2329 945/5212/2329 2622/2358/2329 3636/2357/2329
f 2619/2350/2330 3637/2353/2330 2621/2356/2330 944/2351/2330
f 688/5213/2331 2032/588/2331 3637/2353/2331 2619/2350/2331
f 2032/588/2332 253/587/2332 2030/2354/2332 3637/2353/2332
f 1739/4353/2333 3638/2349/2333 2620/2352/2333 395/5214/2333
f 187/4352/2334 1488/5215/2334 3638/2349/2334 1739/4353/2334
f 1488/5216/2335 688/5217/2335 2619/5218/2335 3638/5219/2335
f 1195/142/2336 3639/2345/2336 1197/2348/2336 72/143/2336
f 395/3675/2337 2620/5220/2337 3639/2345/2337 1195/142/2337
f 2620/5220/2338 944/5221/2338 2618/2346/2338 3639/2345/2338
f 2615/5222/2339 3640/2341/2339 2617/2344/2339 943/5223/2339
f 439/5224/2340 1239/5225/2340 3640/2341/2340 2615/5222/2340
f 1239/5226/2341 87/5227/2341 2031/5228/2341 3640/5229/2341
f 1883/2294/2342 3641/2337/2342 2616/2340/2342 539/2295/2342
f 31/5230/2343 1783/5231/2343 3641/5232/2343 1883/5233/2343
f 1783/5231/2344 439/5224/2344 2615/5222/2344 3641/5232/2344
f 1339/602/2345 3642/2333/2345 1488/2336/2345 187/603/2345
f 539/2295/2346 2616/2340/2346 3642/2333/2346 1339/602/2346
f 2616/2340/2347 943/2339/2347 2614/2334/2347 3642/2333/2347
f 2611/5234/2348 3643/2329/2348 2613/2332/2348 942/5235/2348
f 295/5236/2349 1095/5237/2349 3643/5238/2349 2611/2326/2349
f 1095/5239/2350 6/4927/2350 1839/2330/2350 3643/2329/2350
f 2031/2342/2351 3644/5240/2351 2612/5241/2351 687/2343/2351
f 87/5227/2352 1639/5242/2352 3644/2325/2352 2031/5228/2352
f 1639/5242/2353 295/5236/2353 2611/2326/2353 3644/2325/2353
f 1487/586/2354 3645/5243/2354 1489/4365/2354 253/587/2354
f 687/2343/2355 2612/5241/2355 3645/5243/2355 1487/586/2355
f 2612/5241/2356 942/5235/2356 2610/5244/2356 3645/5243/2356
f 2607/2314/2357 3646/2317/2357 2609/2320/2357 941/2315/2357
f 692/2299/2358 2036/600/2358 3646/2317/2358 2607/2314/2358
f 2036/600/2359 254/599/2359 2034/2318/2359 3646/2317/2359
f 1703/3626/2360 3647/2313/2360 2608/2316/2360 359/3627/2360
f 151/555/2361 1492/2300/2361 3647/2313/2361 1703/3626/2361
f 1492/2300/2362 692/2299/2362 2607/2314/2362 3647/2313/2362
f 1159/5245/2363 3648/2309/2363 1196/2312/2363 55/5246/2363
f 359/3627/2364 2608/2316/2364 3648/2309/2364 1159/5245/2364
f 2608/2316/2365 941/2315/2365 2606/2310/2365 3648/2309/2365
f 2603/2302/2366 3649/2305/2366 2605/2308/2366 940/2303/2366
f 479/5247/2367 1279/5248/2367 3649/5249/2367 2603/5250/2367
f 1279/5251/2368 127/5252/2368 2035/2306/2368 3649/2305/2368
f 1847/5150/2369 3650/2301/2369 2604/2304/2369 503/5253/2369
f 15/5254/2370 1823/5255/2370 3650/5256/2370 1847/5257/2370
f 1823/5255/2371 479/5247/2371 2603/5250/2371 3650/5256/2371
f 1303/554/2372 3651/2297/2372 1492/2300/2372 151/555/2372
f 503/2439/2373 2604/5258/2373 3651/2297/2373 1303/554/2373
f 2604/5258/2374 940/5259/2374 2602/2298/2374 3651/2297/2374
f 2599/2290/2375 3652/2293/2375 2601/2296/2375 939/2291/2375
f 335/5260/2376 1135/5261/2376 3652/2293/2376 2599/2290/2376
f 1135/5261/2377 31/5262/2377 1883/2294/2377 3652/2293/2377
f 2035/5263/2378 3653/5264/2378 2600/5265/2378 691/5266/2378
f 127/5252/2379 1679/5267/2379 3653/5268/2379 2035/2306/2379
f 1679/5269/2380 335/5270/2380 2599/5271/2380 3653/5264/2380
f 1491/5272/2381 3654/2285/2381 1493/2288/2381 254/4358/2381
f 691/5273/2382 2600/2292/2382 3654/5274/2382 1491/598/2382
f 2600/2292/2383 939/2291/2383 2598/5275/2383 3654/5274/2383
f 2595/2278/2384 3655/2281/2384 2597/2284/2384 938/2279/2384
f 696/2263/2385 2040/5276/2385 3655/2281/2385 2595/2278/2385
f 2040/612/2386 255/611/2386 2038/4343/2386 3655/5277/2386
f 1663/3998/2387 3656/5278/2387 2596/5279/2387 319/3999/2387
f 111/5280/2388 1496/2264/2388 3656/2277/2388 1663/5281/2388
f 1496/2264/2389 696/2263/2389 2595/2278/2389 3656/2277/2389
f 1119/5282/2390 3657/2273/2390 1121/2276/2390 23/4725/2390
f 319/3999/2391 2596/5279/2391 3657/2273/2391 1119/5282/2391
f 2596/5279/2392 938/5283/2392 2594/2274/2392 3657/2273/2392
f 2591/5284/2393 3658/2269/2393 2593/2272/2393 937/5285/2393
f 396/2311/2394 1740/596/2394 3658/2269/2394 2591/5284/2394
f 1740/596/2395 188/595/2395 2039/2270/2395 3658/2269/2395
f 1807/5286/2396 3659/2265/2396 2592/2268/2396 463/5287/2396
f 55/159/2397 1196/5288/2397 3659/2265/2397 1807/5286/2397
f 1196/2312/2398 396/2311/2398 2591/5284/2398 3659/5289/2398
f 1263/5290/2399 3660/2261/2399 1496/2264/2399 111/5280/2399
f 463/5287/2400 2592/2268/2400 3660/2261/2400 1263/5290/2400
f 2592/2268/2401 937/2267/2401 2590/2262/2401 3660/2261/2401
f 2587/2254/2402 3661/2257/2402 2589/2260/2402 936/2255/2402
f 540/5291/2403 1884/5292/2403 3661/5293/2403 2587/5294/2403
f 1884/5295/2404 72/5296/2404 1882/5297/2404 3661/5298/2404
f 2039/2270/2405 3662/2253/2405 2588/2256/2405 695/2271/2405
f 188/595/2406 1340/4360/2406 3662/2253/2406 2039/2270/2406
f 1340/4360/2407 540/5299/2407 2587/2254/2407 3662/2253/2407
f 1495/610/2408 3663/2249/2408 1497/2252/2408 255/611/2408
f 695/2271/2409 2588/2256/2409 3663/2249/2409 1495/610/2409
f 2588/2256/2410 936/2255/2410 2586/2250/2410 3663/2249/2410
f 2583/2242/2411 3664/2245/2411 2585/2248/2411 935/2243/2411
f 700/2227/2412 2044/624/2412 3664/2245/2412 2583/2242/2412
f 2044/624/2413 256/623/2413 2042/2246/2413 3664/2245/2413
f 1735/3710/2414 3665/2241/2414 2584/2244/2414 391/3711/2414
f 183/639/2415 1500/2228/2415 3665/2241/2415 1735/3710/2415
f 1500/2228/2416 700/2227/2416 2583/2242/2416 3665/2241/2416
f 1191/130/2417 3666/2237/2417 1193/2240/2417 71/131/2417
f 391/3711/2418 2584/2244/2418 3666/2237/2418 1191/130/2418
f 2584/2244/2419 935/2243/2419 2582/2238/2419 3666/2237/2419
f 2579/2230/2420 3667/2233/2420 2581/2236/2420 934/2231/2420
f 364/5300/2421 1708/884/2421 3667/2233/2421 2579/2230/2421
f 1708/884/2422 156/883/2422 2043/2234/2422 3667/2233/2422
f 1879/2186/2423 3668/2229/2423 2580/2232/2423 535/2187/2423
f 60/115/2424 1164/1448/2424 3668/5301/2424 1879/5302/2424
f 1164/1448/2425 364/1447/2425 2579/5303/2425 3668/5301/2425
f 1335/638/2426 3669/2225/2426 1500/2228/2426 183/639/2426
f 535/2187/2427 2580/2232/2427 3669/2225/2427 1335/638/2427
f 2580/2232/2428 934/2231/2428 2578/2226/2428 3669/2225/2428
f 2575/2218/2429 3670/2221/2429 2577/2224/2429 933/2219/2429
f 508/3955/2430 1852/48/2430 3670/2221/2430 2575/2218/2430
f 1852/48/2431 24/47/2431 1850/2222/2431 3670/2221/2431
f 2043/2234/2432 3671/2217/2432 2576/2220/2432 699/2235/2432
f 156/883/2433 1308/3956/2433 3671/2217/2433 2043/2234/2433
f 1308/3956/2434 508/3955/2434 2575/2218/2434 3671/2217/2434
f 1499/622/2435 3672/2213/2435 1501/2216/2435 256/623/2435
f 699/2235/2436 2576/2220/2436 3672/2213/2436 1499/622/2436
f 2576/2220/2437 933/2219/2437 2574/2214/2437 3672/2213/2437
f 2571/2206/2438 3673/2209/2438 2573/2212/2438 932/2207/2438
f 704/2191/2439 2048/636/2439 3673/2209/2439 2571/2206/2439
f 2048/636/2440 257/635/2440 2046/2210/2440 3673/2209/2440
f 1250/5304/2441 3674/2205/2441 2572/2208/2441 450/5305/2441
f 98/5306/2442 1504/2192/2442 3674/2205/2442 1250/5304/2442
f 1504/2192/2443 704/2191/2443 2571/2206/2443 3674/2205/2443
f 1794/5307/2444 3675/2201/2444 1192/2204/2444 42/5308/2444
f 450/5305/2445 2572/2208/2445 3675/2201/2445 1794/5307/2445
f 2572/2208/2446 932/2207/2446 2570/2202/2446 3675/2201/2446
f 2567/2194/2447 3676/2197/2447 2569/2200/2447 931/2195/2447
f 324/2059/2448 1668/5309/2448 3676/2197/2448 2567/2194/2448
f 1668/5309/2449 116/5310/2449 2047/2198/2449 3676/2197/2449
f 1106/5311/2450 3677/2193/2450 2568/2196/2450 306/5312/2450
f 14/5313/2451 1124/2060/2451 3677/2193/2451 1106/5311/2451
f 1124/2060/2452 324/2059/2452 2567/2194/2452 3677/2193/2452
f 1650/5314/2453 3678/2189/2453 1504/2192/2453 98/5306/2453
f 306/5312/2454 2568/2196/2454 3678/2189/2454 1650/5314/2454
f 2568/2196/2455 931/2195/2455 2566/2190/2455 3678/2189/2455
f 2563/2182/2456 3679/2185/2456 2565/2188/2456 930/2183/2456
f 468/3751/2457 1812/116/2457 3679/5315/2457 2563/5316/2457
f 1812/116/2458 60/115/2458 1879/5302/2458 3679/5315/2458
f 2047/2198/2459 3680/2181/2459 2564/2184/2459 703/2199/2459
f 116/679/2460 1268/3752/2460 3680/5317/2460 2047/5318/2460
f 1268/3752/2461 468/3751/2461 2563/5316/2461 3680/5317/2461
f 1503/634/2462 3681/2177/2462 1505/2180/2462 257/635/2462
f 703/2199/2463 2564/2184/2463 3681/2177/2463 1503/634/2463
f 2564/2184/2464 930/2183/2464 2562/2178/2464 3681/2177/2464
f 2559/2170/2465 3682/2173/2465 2561/2176/2465 929/2171/2465
f 708/5319/2466 2052/648/2466 3682/5320/2466 2559/5321/2466
f 2052/648/2467 258/647/2467 2050/4328/2467 3682/5320/2467
f 1290/5322/2468 3683/2169/2468 2560/2172/2468 490/5323/2468
f 138/5324/2469 1508/2156/2469 3683/2169/2469 1290/5322/2469
f 1508/5325/2470 708/5319/2470 2559/5321/2470 3683/5326/2470
f 1834/5327/2471 3684/2165/2471 1093/2168/2471 3/5328/2471
f 490/5329/2472 2560/5330/2472 3684/2165/2472 1834/5327/2472
f 2560/5330/2473 929/5331/2473 2558/2166/2473 3684/2165/2473
f 2555/2158/2474 3685/2161/2474 2557/2164/2474 928/2159/2474
f 392/2203/2475 1736/632/2475 3685/2161/2475 2555/2158/2475
f 1736/632/2476 184/631/2476 2051/2162/2476 3685/2161/2476
f 1146/5332/2477 3686/2157/2477 2556/2160/2477 346/5333/2477
f 42/5308/2478 1192/2204/2478 3686/2157/2478 1146/5332/2478
f 1192/2204/2479 392/2203/2479 2555/2158/2479 3686/2157/2479
f 1690/5334/2480 3687/2153/2480 1508/2156/2480 138/5324/2480
f 346/5333/2481 2556/2160/2481 3687/2153/2481 1690/5334/2481
f 2556/2160/2482 928/2159/2482 2554/2154/2482 3687/2153/2482
f 2551/5335/2483 3688/2149/2483 2553/2152/2483 927/5336/2483
f 536/3703/2484 1880/132/2484 3688/5337/2484 2551/2146/2484
f 1880/132/2485 71/131/2485 1878/5338/2485 3688/5337/2485
f 2051/2162/2486 3689/2145/2486 2552/2148/2486 707/2163/2486
f 184/631/2487 1336/3704/2487 3689/2145/2487 2051/2162/2487
f 1336/3704/2488 536/3703/2488 2551/2146/2488 3689/2145/2488
f 1507/646/2489 3690/2141/2489 1509/2144/2489 258/647/2489
f 707/5339/2490 2552/5340/2490 3690/2141/2490 1507/646/2490
f 2552/5340/2491 927/5336/2491 2550/2142/2491 3690/2141/2491
f 2547/2134/2492 3691/2137/2492 2549/2140/2492 926/2135/2492
f 712/2119/2493 2056/660/2493 3691/5341/2493 2547/5342/2493
f 2056/660/2494 259/659/2494 2054/4325/2494 3691/5341/2494
f 1731/3746/2495 3692/5343/2495 2548/5344/2495 387/3747/2495
f 179/4316/2496 1512/2120/2496 3692/5343/2496 1731/3746/2496
f 1512/2120/2497 712/2119/2497 2547/5342/2497 3692/5343/2497
f 1187/5345/2498 3693/2129/2498 1189/2132/2498 70/5346/2498
f 387/5347/2499 2548/2136/2499 3693/2129/2499 1187/5345/2499
f 2548/2136/2500 926/2135/2500 2546/2130/2500 3693/2129/2500
f 2543/2122/2501 3694/2125/2501 2545/2128/2501 925/2123/2501
f 340/1303/2502 1684/932/2502 3694/2125/2502 2543/2122/2502
f 1684/932/2503 132/931/2503 2055/2126/2503 3694/2125/2503
f 1875/2078/2504 3695/2121/2504 2544/2124/2504 531/2079/2504
f 36/163/2505 1140/1304/2505 3695/2121/2505 1875/2078/2505
f 1140/1304/2506 340/1303/2506 2543/2122/2506 3695/2121/2506
f 1331/5348/2507 3696/2117/2507 1512/2120/2507 179/4316/2507
f 531/2079/2508 2544/2124/2508 3696/5349/2508 1331/674/2508
f 2544/2124/2509 925/2123/2509 2542/5350/2509 3696/5349/2509
f 2539/2110/2510 3697/2113/2510 2541/2116/2510 924/2111/2510
f 484/4003/2511 1828/32/2511 3697/2113/2511 2539/2110/2511
f 1828/32/2512 20/31/2512 1851/2114/2512 3697/2113/2512
f 2055/2126/2513 3698/2109/2513 2540/2112/2513 711/2127/2513
f 132/931/2514 1284/4004/2514 3698/2109/2514 2055/2126/2514
f 1284/4004/2515 484/4003/2515 2539/2110/2515 3698/2109/2515
f 1511/658/2516 3699/2105/2516 1513/2108/2516 259/659/2516
f 711/2127/2517 2540/2112/2517 3699/5351/2517 1511/5352/2517
f 2540/2112/2518 924/2111/2518 2538/5353/2518 3699/5351/2518
f 2535/2098/2519 3700/2101/2519 2537/2104/2519 923/2099/2519
f 716/2083/2520 2060/672/2520 3700/2101/2520 2535/2098/2520
f 2060/672/2521 260/671/2521 2058/2102/2521 3700/2101/2521
f 1238/5354/2522 3701/2097/2522 2536/2100/2522 438/5355/2522
f 86/5356/2523 1516/2084/2523 3701/2097/2523 1238/5354/2523
f 1516/2084/2524 716/2083/2524 2535/2098/2524 3701/2097/2524
f 1782/5357/2525 3702/2093/2525 1188/2096/2525 30/5358/2525
f 438/5355/2526 2536/2100/2526 3702/2093/2526 1782/5357/2526
f 2536/2100/2527 923/2099/2527 2534/2094/2527 3702/2093/2527
f 2531/2086/2528 3703/2089/2528 2533/2092/2528 922/2087/2528
f 300/2491/2529 1644/5359/2529 3703/2089/2529 2531/2086/2529
f 1644/5359/2530 92/5360/2530 2059/2090/2530 3703/2089/2530
f 1094/5361/2531 3704/2085/2531 2532/2088/2531 294/5362/2531
f 5/5104/2532 1100/2492/2532 3704/2085/2532 1094/5361/2532
f 1100/2492/2533 300/2491/2533 2531/2086/2533 3704/2085/2533
f 1638/5363/2534 3705/2081/2534 1516/2084/2534 86/5356/2534
f 294/5362/2535 2532/2088/2535 3705/2081/2535 1638/5363/2535
f 2532/2088/2536 922/2087/2536 2530/2082/2536 3705/2081/2536
f 2527/2074/2537 3706/2077/2537 2529/2080/2537 921/2075/2537
f 444/5364/2538 1788/164/2538 3706/2077/2538 2527/2074/2538
f 1788/164/2539 36/163/2539 1875/2078/2539 3706/2077/2539
f 2059/2090/2540 3707/2073/2540 2528/2076/2540 715/2091/2540
f 92/535/2541 1244/3608/2541 3707/5365/2541 2059/5366/2541
f 1244/3608/2542 444/3607/2542 2527/5367/2542 3707/5365/2542
f 1515/670/2543 3708/2069/2543 1517/2072/2543 260/671/2543
f 715/2091/2544 2528/2076/2544 3708/2069/2544 1515/670/2544
f 2528/2076/2545 921/2075/2545 2526/2070/2545 3708/2069/2545
f 2523/2062/2546 3709/2065/2546 2525/2068/2546 920/2063/2546
f 720/2047/2547 2064/684/2547 3709/2065/2547 2523/2062/2547
f 2064/684/2548 261/683/2548 2062/2066/2548 3709/2065/2548
f 1278/5368/2549 3710/5369/2549 2524/5370/2549 478/5371/2549
f 126/5372/2550 1520/5373/2550 3710/5369/2550 1278/5368/2550
f 1520/2048/2551 720/2047/2551 2523/2062/2551 3710/2061/2551
f 1822/5374/2552 3711/2057/2552 1124/2060/2552 14/5313/2552
f 478/5371/2553 2524/5370/2553 3711/2057/2553 1822/5374/2553
f 2524/5370/2554 920/5375/2554 2522/2058/2554 3711/2057/2554
f 2519/2050/2555 3712/2053/2555 2521/2056/2555 919/2051/2555
f 388/5376/2556 1732/5377/2556 3712/2053/2556 2519/2050/2556
f 1732/5377/2557 180/4318/2557 2063/2054/2557 3712/2053/2557
f 1134/5378/2558 3713/5379/2558 2520/5380/2558 334/5381/2558
f 30/5358/2559 1188/2096/2559 3713/5379/2559 1134/5378/2559
f 1188/2096/2560 388/2095/2560 2519/5382/2560 3713/5379/2560
f 1678/5383/2561 3714/5384/2561 1520/5373/2561 126/5372/2561
f 334/5381/2562 2520/5380/2562 3714/5384/2562 1678/5383/2562
f 2520/2052/2563 919/2051/2563 2518/2046/2563 3714/2045/2563
f 2515/2038/2564 3715/2041/2564 2517/2044/2564 918/2039/2564
f 532/3739/2565 1876/120/2565 3715/2041/2565 2515/2038/2565
f 1876/120/2566 70/119/2566 1874/2042/2566 3715/2041/2566
f 2063/2054/2567 3716/2037/2567 2516/2040/2567 719/2055/2567
f 180/4318/2568 1332/3740/2568 3716/2037/2568 2063/2054/2568
f 1332/3740/2569 532/3739/2569 2515/2038/2569 3716/2037/2569
f 1519/682/2570 3717/2033/2570 1521/2036/2570 261/683/2570
f 719/2055/2571 2516/2040/2571 3717/2033/2571 1519/682/2571
f 2516/2040/2572 918/2039/2572 2514/2034/2572 3717/2033/2572
f 2511/2026/2573 3718/5385/2573 2513/5386/2573 917/2027/2573
f 724/2011/2574 2068/5387/2574 3718/2029/2574 2511/5388/2574
f 2068/5387/2575 262/4301/2575 2066/2030/2575 3718/2029/2575
f 1727/3782/2576 3719/2025/2576 2512/2028/2576 383/3783/2576
f 175/711/2577 1524/2012/2577 3719/5389/2577 1727/5390/2577
f 1524/2012/2578 724/2011/2578 2511/5388/2578 3719/5389/2578
f 1183/106/2579 3720/2021/2579 1185/2024/2579 69/107/2579
f 383/5391/2580 2512/5392/2580 3720/2021/2580 1183/106/2580
f 2512/2028/2581 917/2027/2581 2510/5393/2581 3720/5394/2581
f 2507/2014/2582 3721/2017/2582 2509/2020/2582 916/2015/2582
f 352/1123/2583 1696/5395/2583 3721/2017/2583 2507/2014/2583
f 1696/5395/2584 144/5396/2584 2067/2018/2584 3721/2017/2584
f 1871/5397/2585 3722/2013/2585 2508/2016/2585 527/5398/2585
f 48/5399/2586 1152/1124/2586 3722/2013/2586 1871/5397/2586
f 1152/1124/2587 352/1123/2587 2507/2014/2587 3722/2013/2587
f 1327/710/2588 3723/2009/2588 1524/2012/2588 175/711/2588
f 527/1971/2589 2508/5400/2589 3723/5401/2589 1327/5402/2589
f 2508/5400/2590 916/5403/2590 2506/5404/2590 3723/5401/2590
f 2503/5405/2591 3724/2005/2591 2505/2008/2591 915/5406/2591
f 496/4063/2592 1840/12/2592 3724/2005/2592 2503/5405/2592
f 1840/12/2593 9/11/2593 1838/2006/2593 3724/2005/2593
f 2067/2018/2594 3725/2001/2594 2504/2004/2594 723/2019/2594
f 144/5396/2595 1296/5407/2595 3725/2001/2595 2067/2018/2595
f 1296/4064/2596 496/4063/2596 2503/5405/2596 3725/5408/2596
f 1523/694/2597 3726/1997/2597 1525/2000/2597 262/695/2597
f 723/2019/2598 2504/2004/2598 3726/5409/2598 1523/5410/2598
f 2504/2004/2599 915/2003/2599 2502/5411/2599 3726/5409/2599
f 2499/1990/2600 3727/1993/2600 2501/1996/2600 914/1991/2600
f 728/1975/2601 2072/708/2601 3727/1993/2601 2499/1990/2601
f 2072/708/2602 263/707/2602 2070/1994/2602 3727/1993/2602
f 1707/3734/2603 3728/1989/2603 2500/1992/2603 363/3735/2603
f 155/663/2604 1528/1976/2604 3728/1989/2604 1707/3734/2604
f 1528/1976/2605 728/1975/2605 2499/1990/2605 3728/1989/2605
f 1163/5412/2606 3729/1985/2606 1184/1988/2606 59/5413/2606
f 363/3735/2607 2500/1992/2607 3729/1985/2607 1163/5412/2607
f 2500/1992/2608 914/1991/2608 2498/1986/2608 3729/1985/2608
f 2495/1978/2609 3730/5414/2609 2497/5415/2609 913/1979/2609
f 312/3031/2610 1656/5416/2610 3730/5414/2610 2495/1978/2610
f 1656/356/2611 104/355/2611 2071/1982/2611 3730/1981/2611
f 1851/2114/2612 3731/1977/2612 2496/1980/2612 507/2115/2612
f 20/31/2613 1112/3032/2613 3731/1977/2613 1851/2114/2613
f 1112/3032/2614 312/3031/2614 2495/1978/2614 3731/1977/2614
f 1307/662/2615 3732/1973/2615 1528/1976/2615 155/663/2615
f 507/2115/2616 2496/1980/2616 3732/5417/2616 1307/5418/2616
f 2496/1980/2617 913/1979/2617 2494/5419/2617 3732/5417/2617
f 2491/1966/2618 3733/5420/2618 2493/5421/2618 912/1967/2618
f 456/3427/2619 1800/224/2619 3733/5420/2619 2491/1966/2619
f 1800/5422/2620 48/5423/2620 1871/1970/2620 3733/1969/2620
f 2071/1982/2621 3734/5424/2621 2492/5425/2621 727/1983/2621
f 104/355/2622 1256/4510/2622 3734/5424/2622 2071/1982/2622
f 1256/3428/2623 456/3427/2623 2491/1966/2623 3734/1965/2623
f 1527/706/2624 3735/1961/2624 1529/1964/2624 263/707/2624
f 727/1983/2625 2492/5425/2625 3735/1961/2625 1527/706/2625
f 2492/5425/2626 912/5426/2626 2490/1962/2626 3735/1961/2626
f 2487/1954/2627 3736/1957/2627 2489/1960/2627 911/1955/2627
f 732/1939/2628 2076/720/2628 3736/1957/2628 2487/1954/2628
f 2076/720/2629 264/719/2629 2074/1958/2629 3736/1957/2629
f 1667/3962/2630 3737/1953/2630 2488/1956/2630 323/3963/2630
f 115/891/2631 1532/1940/2631 3737/1953/2631 1667/3962/2631
f 1532/1940/2632 732/1939/2632 2487/1954/2632 3737/1953/2632
f 1123/46/2633 3738/1949/2633 1125/1952/2633 24/47/2633
f 323/3963/2634 2488/1956/2634 3738/5427/2634 1123/5428/2634
f 2488/5429/2635 911/5430/2635 2486/1950/2635 3738/1949/2635
f 2483/1942/2636 3739/5431/2636 2485/5432/2636 910/1943/2636
f 384/5433/2637 1728/704/2637 3739/1945/2637 2483/5434/2637
f 1728/704/2638 176/703/2638 2075/1946/2638 3739/1945/2638
f 1811/1430/2639 3740/1941/2639 2484/1944/2639 467/1431/2639
f 59/5413/2640 1184/1988/2640 3740/1941/2640 1811/1430/2640
f 1184/1988/2641 384/1987/2641 2483/1942/2641 3740/1941/2641
f 1267/890/2642 3741/1937/2642 1532/1940/2642 115/891/2642
f 467/1431/2643 2484/1944/2643 3741/1937/2643 1267/890/2643
f 2484/1944/2644 910/1943/2644 2482/1938/2644 3741/1937/2644
f 2479/1930/2645 3742/1933/2645 2481/1936/2645 909/1931/2645
f 528/3775/2646 1872/108/2646 3742/1933/2646 2479/1930/2646
f 1872/108/2647 69/107/2647 1870/1934/2647 3742/1933/2647
f 2075/1946/2648 3743/1929/2648 2480/1932/2648 731/1947/2648
f 176/703/2649 1328/3776/2649 3743/1929/2649 2075/1946/2649
f 1328/3776/2650 528/3775/2650 2479/1930/2650 3743/1929/2650
f 1531/718/2651 3744/1925/2651 1533/1928/2651 264/719/2651
f 731/1947/2652 2480/1932/2652 3744/5435/2652 1531/5436/2652
f 2480/1932/2653 909/1931/2653 2478/5437/2653 3744/5435/2653
f 2475/1918/2654 3745/5438/2654 2477/5439/2654 908/1919/2654
f 736/5440/2655 2080/732/2655 3745/1921/2655 2475/5441/2655
f 2080/732/2656 265/731/2656 2078/1922/2656 3745/1921/2656
f 1723/3818/2657 3746/1917/2657 2476/1920/2657 379/3819/2657
f 171/747/2658 1536/1904/2658 3746/1917/2658 1723/3818/2658
f 1536/1904/2659 736/1903/2659 2475/1918/2659 3746/1917/2659
f 1179/94/2660 3747/1913/2660 1181/1916/2660 68/95/2660
f 379/3819/2661 2476/1920/2661 3747/1913/2661 1179/94/2661
f 2476/1920/2662 908/1919/2662 2474/1914/2662 3747/1913/2662
f 2471/1906/2663 3748/1909/2663 2473/1912/2663 907/1907/2663
f 368/1555/2664 1712/5442/2664 3748/1909/2664 2471/1906/2664
f 1712/848/2665 160/847/2665 2079/5443/2665 3748/5444/2665
f 1867/1862/2666 3749/1905/2666 2472/1908/2666 523/1863/2666
f 64/79/2667 1168/1556/2667 3749/1905/2667 1867/1862/2667
f 1168/1556/2668 368/1555/2668 2471/1906/2668 3749/1905/2668
f 1323/746/2669 3750/1901/2669 1536/1904/2669 171/747/2669
f 523/1863/2670 2472/1908/2670 3750/1901/2670 1323/746/2670
f 2472/1908/2671 907/1907/2671 2470/1902/2671 3750/1901/2671
f 2467/1894/2672 3751/1897/2672 2469/1900/2672 906/1895/2672
f 512/5445/2673 1856/5446/2673 3751/5447/2673 2467/5448/2673
f 1856/5446/2674 25/5449/2674 1854/5450/2674 3751/5447/2674
f 2079/5443/2675 3752/1893/2675 2468/1896/2675 735/5451/2675
f 160/847/2676 1312/5452/2676 3752/1893/2676 2079/5443/2676
f 1312/5453/2677 512/5445/2677 2467/5448/2677 3752/5454/2677
f 1535/730/2678 3753/1889/2678 1537/1892/2678 265/731/2678
f 735/1911/2679 2468/5455/2679 3753/5456/2679 1535/5457/2679
f 2468/5455/2680 906/5458/2680 2466/5459/2680 3753/5456/2680
f 2463/1882/2681 3754/1885/2681 2465/1888/2681 905/1883/2681
f 740/1867/2682 2084/5460/2682 3754/5461/2682 2463/5462/2682
f 2084/5460/2683 266/5463/2683 2082/5464/2683 3754/5461/2683
f 1682/3374/2684 3755/1881/2684 2464/1884/2684 338/3375/2684
f 130/303/2685 1540/5465/2685 3755/1881/2685 1682/3374/2685
f 1540/1868/2686 740/1867/2686 2463/5462/2686 3755/5466/2686
f 1138/242/2687 3756/1877/2687 1180/1880/2687 34/243/2687
f 338/3375/2688 2464/1884/2688 3756/1877/2688 1138/242/2688
f 2464/1884/2689 905/1883/2689 2462/1878/2689 3756/1877/2689
f 2459/5467/2690 3757/1873/2690 2461/1876/2690 904/5468/2690
f 328/5469/2691 1672/788/2691 3757/1873/2691 2459/5467/2691
f 1672/788/2692 120/787/2692 2083/1874/2692 3757/1873/2692
f 1826/3194/2693 3758/1869/2693 2460/1872/2693 482/3195/2693
f 18/51/2694 1128/1736/2694 3758/1869/2694 1826/3194/2694
f 1128/1736/2695 328/1735/2695 2459/1870/2695 3758/1869/2695
f 1282/5470/2696 3759/1865/2696 1540/1868/2696 130/5471/2696
f 482/3195/2697 2460/1872/2697 3759/1865/2697 1282/5470/2697
f 2460/1872/2698 904/1871/2698 2458/1866/2698 3759/1865/2698
f 2455/1858/2699 3760/1861/2699 2457/1864/2699 903/1859/2699
f 472/3859/2700 1816/80/2700 3760/1861/2700 2455/1858/2700
f 1816/80/2701 64/79/2701 1867/1862/2701 3760/1861/2701
f 2083/1874/2702 3761/1857/2702 2456/1860/2702 739/1875/2702
f 120/787/2703 1272/3860/2703 3761/1857/2703 2083/1874/2703
f 1272/3860/2704 472/3859/2704 2455/1858/2704 3761/1857/2704
f 1539/742/2705 3762/1853/2705 1541/1856/2705 266/743/2705
f 739/1875/2706 2456/1860/2706 3762/1853/2706 1539/742/2706
f 2456/1860/2707 903/1859/2707 2454/1854/2707 3762/1853/2707
f 2451/1846/2708 3763/1849/2708 2453/1852/2708 902/1847/2708
f 744/1831/2709 2088/5472/2709 3763/1849/2709 2451/1846/2709
f 2088/5472/2710 267/4273/2710 2086/1850/2710 3763/1849/2710
f 1642/4082/2711 3764/1845/2711 2452/1848/2711 298/4083/2711
f 90/1011/2712 1544/1832/2712 3764/1845/2712 1642/4082/2712
f 1544/1832/2713 744/1831/2713 2451/1846/2713 3764/1845/2713
f 1098/6/2714 3765/1841/2714 1097/1844/2714 8/7/2714
f 298/5473/2715 2452/5474/2715 3765/1841/2715 1098/6/2715
f 2452/5474/2716 902/5475/2716 2450/1842/2716 3765/1841/2716
f 2447/1834/2717 3766/1837/2717 2449/1840/2717 901/1835/2717
f 380/1879/2718 1724/740/2718 3766/5476/2718 2447/5477/2718
f 1724/740/2719 172/739/2719 2087/5478/2719 3766/5476/2719
f 1786/1070/2720 3767/5479/2720 2448/5480/2720 442/1071/2720
f 34/243/2721 1180/1880/2721 3767/5479/2721 1786/1070/2721
f 1180/1880/2722 380/1879/2722 2447/5477/2722 3767/5479/2722
f 1242/1010/2723 3768/1829/2723 1544/1832/2723 90/1011/2723
f 442/1071/2724 2448/5480/2724 3768/5481/2724 1242/5482/2724
f 2448/5480/2725 901/5483/2725 2446/5484/2725 3768/5481/2725
f 2443/5485/2726 3769/1825/2726 2445/1828/2726 900/5486/2726
f 524/3811/2727 1868/96/2727 3769/1825/2727 2443/5485/2727
f 1868/96/2728 68/95/2728 1866/1826/2728 3769/1825/2728
f 2087/1838/2729 3770/1821/2729 2444/1824/2729 743/1839/2729
f 172/739/2730 1324/3812/2730 3770/5487/2730 2087/5478/2730
f 1324/3812/2731 524/3811/2731 2443/5485/2731 3770/5487/2731
f 1543/754/2732 3771/1817/2732 1545/1820/2732 267/755/2732
f 743/1839/2733 2444/1824/2733 3771/5488/2733 1543/5489/2733
f 2444/1824/2734 900/1823/2734 2442/5490/2734 3771/5488/2734
f 2439/5491/2735 3772/1813/2735 2441/1816/2735 899/5492/2735
f 748/1795/2736 2092/768/2736 3772/1813/2736 2439/5491/2736
f 2092/768/2737 268/767/2737 2090/1814/2737 3772/1813/2737
f 1719/4263/2738 3773/1809/2738 2440/1812/2738 375/5493/2738
f 167/783/2739 1548/5494/2739 3773/1809/2739 1719/4263/2739
f 1548/1796/2740 748/1795/2740 2439/5491/2740 3773/5495/2740
f 1175/5496/2741 3774/5497/2741 1177/5498/2741 67/5499/2741
f 375/5493/2742 2440/1812/2742 3774/1805/2742 1175/82/2742
f 2440/1812/2743 899/1811/2743 2438/1806/2743 3774/1805/2743
f 2435/1798/2744 3775/1801/2744 2437/1804/2744 898/1799/2744
f 341/1195/2745 1685/968/2745 3775/1801/2745 2435/1798/2745
f 1685/968/2746 133/967/2746 2091/1802/2746 3775/1801/2746
f 1863/1754/2747 3776/5500/2747 2436/5501/2747 519/1755/2747
f 37/199/2748 1141/1196/2748 3776/1797/2748 1863/5502/2748
f 1141/1196/2749 341/1195/2749 2435/1798/2749 3776/1797/2749
f 1319/782/2750 3777/5503/2750 1548/5494/2750 167/783/2750
f 519/1755/2751 2436/5501/2751 3777/5504/2751 1319/5505/2751
f 2436/5501/2752 898/5506/2752 2434/5507/2752 3777/5504/2752
f 2431/1786/2753 3778/1789/2753 2433/1792/2753 897/1787/2753
f 485/5508/2754 1829/5509/2754 3778/1789/2754 2431/1786/2754
f 1829/20/2755 21/19/2755 1855/5510/2755 3778/5511/2755
f 2091/1802/2756 3779/1785/2756 2432/1788/2756 747/1803/2756
f 133/967/2757 1285/4137/2757 3779/1785/2757 2091/1802/2757
f 1285/4137/2758 485/5508/2758 2431/1786/2758 3779/1785/2758
f 1547/766/2759 3780/1781/2759 1549/1784/2759 268/767/2759
f 747/1803/2760 2432/1788/2760 3780/1781/2760 1547/766/2760
f 2432/1788/2761 897/1787/2761 2430/1782/2761 3780/1781/2761
f 2427/1774/2762 3781/1777/2762 2429/1780/2762 896/1775/2762
f 752/5512/2763 2096/780/2763 3781/5513/2763 2427/5514/2763
f 2096/780/2764 269/779/2764 2094/4265/2764 3781/5513/2764
f 1694/3770/2765 3782/1773/2765 2428/1776/2765 350/3771/2765
f 142/699/2766 1552/1760/2766 3782/1773/2766 1694/3770/2766
f 1552/1760/2767 752/1759/2767 2427/1774/2767 3782/1773/2767
f 1150/110/2768 3783/1769/2768 1176/1772/2768 46/111/2768
f 350/3771/2769 2428/1776/2769 3783/1769/2769 1150/110/2769
f 2428/1776/2770 896/1775/2770 2426/1770/2770 3783/1769/2770
f 2423/5515/2771 3784/5516/2771 2425/5517/2771 895/5518/2771
f 301/2815/2772 1645/5519/2772 3784/1765/2772 2423/1762/2772
f 1645/5519/2773 93/5520/2773 2095/1766/2773 3784/1765/2773
f 1838/2006/2774 3785/1761/2774 2424/1764/2774 494/2007/2774
f 9/11/2775 1101/2816/2775 3785/1761/2775 1838/2006/2775
f 1101/2816/2776 301/2815/2776 2423/1762/2776 3785/1761/2776
f 1294/698/2777 3786/1757/2777 1552/1760/2777 142/699/2777
f 494/2007/2778 2424/1764/2778 3786/1757/2778 1294/698/2778
f 2424/5521/2779 895/5518/2779 2422/5522/2779 3786/5523/2779
f 2419/1750/2780 3787/5524/2780 2421/5525/2780 894/1751/2780
f 445/3499/2781 1789/200/2781 3787/5526/2781 2419/5527/2781
f 1789/200/2782 37/199/2782 1863/5502/2782 3787/5526/2782
f 2095/1766/2783 3788/1749/2783 2420/1752/2783 751/1767/2783
f 93/427/2784 1245/5528/2784 3788/5529/2784 2095/5530/2784
f 1245/3500/2785 445/3499/2785 2419/5527/2785 3788/5531/2785
f 1551/778/2786 3789/1745/2786 1553/1748/2786 269/779/2786
f 751/5532/2787 2420/5533/2787 3789/1745/2787 1551/778/2787
f 2420/5533/2788 894/5534/2788 2418/1746/2788 3789/1745/2788
f 2415/1738/2789 3790/5535/2789 2417/5536/2789 893/1739/2789
f 756/1723/2790 2100/792/2790 3790/5535/2790 2415/1738/2790
f 2100/792/2791 270/791/2791 2098/4258/2791 3790/5535/2791
f 1654/3950/2792 3791/1737/2792 2416/1740/2792 310/3951/2792
f 102/879/2793 1556/1724/2793 3791/1737/2793 1654/3950/2793
f 1556/1724/2794 756/1723/2794 2415/1738/2794 3791/1737/2794
f 1110/50/2795 3792/1733/2795 1128/1736/2795 18/51/2795
f 310/5537/2796 2416/5538/2796 3792/1733/2796 1110/50/2796
f 2416/1740/2797 893/1739/2797 2414/5539/2797 3792/5540/2797
f 2411/1726/2798 3793/1729/2798 2413/1732/2798 892/1727/2798
f 376/1771/2799 1720/776/2799 3793/1729/2799 2411/1726/2799
f 1720/5541/2800 168/5542/2800 2099/5543/2800 3793/5544/2800
f 1798/5545/2801 3794/1725/2801 2412/1728/2801 454/5546/2801
f 46/111/2802 1176/1772/2802 3794/1725/2802 1798/5545/2802
f 1176/1772/2803 376/1771/2803 2411/1726/2803 3794/1725/2803
f 1254/878/2804 3795/1721/2804 1556/1724/2804 102/879/2804
f 454/1467/2805 2412/5547/2805 3795/1721/2805 1254/878/2805
f 2412/5547/2806 892/5548/2806 2410/1722/2806 3795/1721/2806
f 2407/5549/2807 3796/1717/2807 2409/1720/2807 891/5550/2807
f 520/3847/2808 1864/84/2808 3796/1717/2808 2407/5549/2808
f 1864/84/2809 67/83/2809 1862/1718/2809 3796/1717/2809
f 2099/1730/2810 3797/5551/2810 2408/5552/2810 755/1731/2810
f 168/5542/2811 1320/5553/2811 3797/1713/2811 2099/5543/2811
f 1320/5553/2812 520/5554/2812 2407/1714/2812 3797/1713/2812
f 1555/790/2813 3798/5555/2813 1557/4256/2813 270/791/2813
f 755/1731/2814 2408/5552/2814 3798/1709/2814 1555/5556/2814
f 2408/5552/2815 891/5550/2815 2406/1710/2815 3798/1709/2815
f 2403/1702/2816 3799/1705/2816 2405/1708/2816 890/1703/2816
f 760/5557/2817 2104/804/2817 3799/1705/2817 2403/1702/2817
f 2104/804/2818 271/803/2818 2102/1706/2818 3799/1705/2818
f 1715/3890/2819 3800/1701/2819 2404/1704/2819 371/3891/2819
f 163/4239/2820 1560/1688/2820 3800/5558/2820 1715/4240/2820
f 1560/5559/2821 760/5557/2821 2403/1702/2821 3800/1701/2821
f 1171/70/2822 3801/1697/2822 1173/1700/2822 66/71/2822
f 371/3891/2823 2404/1704/2823 3801/5560/2823 1171/5561/2823
f 2404/1704/2824 890/1703/2824 2402/5562/2824 3801/5560/2824
f 2399/5563/2825 3802/1693/2825 2401/1696/2825 889/5564/2825
f 353/1159/2826 1697/980/2826 3802/5565/2826 2399/1690/2826
f 1697/980/2827 145/979/2827 2103/5566/2827 3802/5565/2827
f 1859/1646/2828 3803/1689/2828 2400/1692/2828 515/1647/2828
f 49/5567/2829 1153/1160/2829 3803/1689/2829 1859/1646/2829
f 1153/1160/2830 353/1159/2830 2399/1690/2830 3803/1689/2830
f 1315/5568/2831 3804/1685/2831 1560/1688/2831 163/4239/2831
f 515/1647/2832 2400/1692/2832 3804/5569/2832 1315/818/2832
f 2400/5570/2833 889/5564/2833 2398/1686/2833 3804/1685/2833
f 2395/1678/2834 3805/5571/2834 2397/5572/2834 888/1679/2834
f 497/5573/2835 1841/16/2835 3805/5571/2835 2395/1678/2835
f 1841/16/2836 7/15/2836 1832/5574/2836 3805/5571/2836
f 2103/1694/2837 3806/1677/2837 2396/1680/2837 759/1695/2837
f 145/979/2838 1297/4052/2838 3806/5575/2838 2103/5566/2838
f 1297/4052/2839 497/4051/2839 2395/5576/2839 3806/5575/2839
f 1559/802/2840 3807/1673/2840 1561/1676/2840 271/803/2840
f 759/5577/2841 2396/5578/2841 3807/1673/2841 1559/802/2841
f 2396/5578/2842 888/5579/2842 2394/1674/2842 3807/1673/2842
f 2391/1666/2843 3808/5580/2843 2393/5581/2843 887/1667/2843
f 764/1651/2844 2108/816/2844 3808/5580/2844 2391/1666/2844
f 2108/5582/2845 272/5583/2845 2106/5584/2845 3808/5585/2845
f 1711/3842/2846 3809/1665/2846 2392/1668/2846 367/3843/2846
f 159/771/2847 1564/1652/2847 3809/1665/2847 1711/3842/2847
f 1564/1652/2848 764/1651/2848 2391/1666/2848 3809/1665/2848
f 1167/86/2849 3810/1661/2849 1172/1664/2849 63/87/2849
f 367/5586/2850 2392/5587/2850 3810/1661/2850 1167/86/2850
f 2392/5587/2851 887/5588/2851 2390/1662/2851 3810/1661/2851
f 2387/5589/2852 3811/1657/2852 2389/1660/2852 886/5590/2852
f 313/2923/2853 1657/392/2853 3811/1657/2853 2387/5589/2853
f 1657/392/2854 105/391/2854 2107/1658/2854 3811/1657/2854
f 1855/1790/2855 3812/5591/2855 2388/5592/2855 511/1791/2855
f 21/19/2856 1113/2924/2856 3812/5593/2856 1855/5510/2856
f 1113/2924/2857 313/2923/2857 2387/5589/2857 3812/5593/2857
f 1311/770/2858 3813/1649/2858 1564/1652/2858 159/771/2858
f 511/1791/2859 2388/5592/2859 3813/1649/2859 1311/770/2859
f 2388/5592/2860 886/5594/2860 2386/1650/2860 3813/1649/2860
f 2383/1642/2861 3814/1645/2861 2385/1648/2861 885/1643/2861
f 457/5595/2862 1801/5596/2862 3814/1645/2862 2383/1642/2862
f 1801/5596/2863 49/5567/2863 1859/1646/2863 3814/1645/2863
f 2107/1658/2864 3815/1641/2864 2384/1644/2864 763/1659/2864
f 105/391/2865 1257/5597/2865 3815/1641/2865 2107/1658/2865
f 1257/5597/2866 457/5595/2866 2383/1642/2866 3815/1641/2866
f 1563/5598/2867 3816/1637/2867 1565/1640/2867 272/4243/2867
f 763/5599/2868 2384/5600/2868 3816/5601/2868 1563/5602/2868
f 2384/1644/2869 885/1643/2869 2382/1638/2869 3816/1637/2869
f 2379/1630/2870 3817/1633/2870 2381/1636/2870 884/1631/2870
f 768/1615/2871 2112/828/2871 3817/1633/2871 2379/1630/2871
f 2112/828/2872 273/827/2872 2110/1634/2872 3817/1633/2872
f 1671/5603/2873 3818/1629/2873 2380/1632/2873 327/5604/2873
f 119/5605/2874 1568/5606/2874 3818/5607/2874 1671/5608/2874
f 1568/1616/2875 768/1615/2875 2379/1630/2875 3818/1629/2875
f 1127/5609/2876 3819/1625/2876 1129/1628/2876 25/5449/2876
f 327/5604/2877 2380/1632/2877 3819/5610/2877 1127/58/2877
f 2380/1632/2878 884/1631/2878 2378/5611/2878 3819/5610/2878
f 2375/1618/2879 3820/5612/2879 2377/5613/2879 883/1619/2879
f 372/1663/2880 1716/812/2880 3820/5612/2880 2375/1618/2880
f 1716/812/2881 164/811/2881 2111/5614/2881 3820/5612/2881
f 1815/1538/2882 3821/1617/2882 2376/1620/2882 471/1539/2882
f 63/87/2883 1172/1664/2883 3821/1617/2883 1815/1538/2883
f 1172/1664/2884 372/1663/2884 2375/1618/2884 3821/1617/2884
f 1271/5615/2885 3822/5616/2885 1568/5606/2885 119/5605/2885
f 471/1539/2886 2376/1620/2886 3822/5617/2886 1271/854/2886
f 2376/5618/2887 883/5619/2887 2374/5620/2887 3822/5616/2887
f 2371/1606/2888 3823/1609/2888 2373/1612/2888 882/1607/2888
f 516/5621/2889 1860/5622/2889 3823/5623/2889 2371/5624/2889
f 1860/5625/2890 66/5626/2890 1858/5627/2890 3823/5628/2890
f 2111/5629/2891 3824/1605/2891 2372/1608/2891 767/5630/2891
f 164/811/2892 1316/3884/2892 3824/5631/2892 2111/5614/2892
f 1316/5632/2893 516/5621/2893 2371/5624/2893 3824/5633/2893
f 1567/826/2894 3825/1601/2894 1569/1604/2894 273/827/2894
f 767/5630/2895 2372/1608/2895 3825/1601/2895 1567/826/2895
f 2372/1608/2896 882/1607/2896 2370/1602/2896 3825/1601/2896
f 2367/5634/2897 3826/1597/2897 2369/1600/2897 881/5635/2897
f 772/5636/2898 2116/5637/2898 3826/5638/2898 2367/1594/2898
f 2116/840/2899 274/839/2899 2114/1598/2899 3826/1597/2899
f 1714/5639/2900 3827/1593/2900 2368/1596/2900 370/5640/2900
f 162/831/2901 1572/1580/2901 3827/5641/2901 1714/3902/2901
f 1572/1580/2902 772/1579/2902 2367/5642/2902 3827/5641/2902
f 1170/66/2903 3828/1589/2903 1169/1592/2903 65/67/2903
f 370/5643/2904 2368/5644/2904 3828/1589/2904 1170/66/2904
f 2368/5644/2905 881/5635/2905 2366/1590/2905 3828/1589/2905
f 2363/1582/2906 3829/1585/2906 2365/1588/2906 880/1583/2906
f 373/5645/2907 1717/5646/2907 3829/1585/2907 2363/1582/2907
f 1717/5646/2908 165/5647/2908 2115/1586/2908 3829/1585/2908
f 1858/1610/2909 3830/5648/2909 2364/5649/2909 514/1611/2909
f 66/5626/2910 1173/5650/2910 3830/1581/2910 1858/5627/2910
f 1173/5650/2911 373/5645/2911 2363/1582/2911 3830/1581/2911
f 1314/830/2912 3831/1577/2912 1572/1580/2912 162/831/2912
f 514/1611/2913 2364/5649/2913 3831/1577/2913 1314/830/2913
f 2364/5649/2914 880/5651/2914 2362/1578/2914 3831/1577/2914
f 2359/1570/2915 3832/5652/2915 2361/5653/2915 879/1571/2915
f 517/5654/2916 1861/5655/2916 3832/5652/2916 2359/1570/2916
f 1861/76/2917 40/75/2917 1792/1574/2917 3832/1573/2917
f 2115/1586/2918 3833/1569/2918 2360/1572/2918 771/1587/2918
f 165/5647/2919 1317/5656/2919 3833/1569/2919 2115/1586/2919
f 1317/5656/2920 517/5654/2920 2359/1570/2920 3833/1569/2920
f 1571/5657/2921 3834/1565/2921 1573/1568/2921 274/4226/2921
f 771/1587/2922 2360/1572/2922 3834/5658/2922 1571/838/2922
f 2360/5659/2923 879/5660/2923 2358/1566/2923 3834/1565/2923
f 2355/5661/2924 3835/1561/2924 2357/1564/2924 878/5662/2924
f 776/1543/2925 2120/5663/2925 3835/5664/2925 2355/1558/2925
f 2120/5663/2926 275/4213/2926 2118/4215/2926 3835/5664/2926
f 1718/4254/2927 3836/1557/2927 2356/1560/2927 374/5665/2927
f 166/795/2928 1576/1544/2928 3836/1557/2928 1718/4254/2928
f 1576/1544/2929 776/1543/2929 2355/1558/2929 3836/1557/2929
f 1174/78/2930 3837/1553/2930 1168/1556/2930 64/79/2930
f 374/3867/2931 2356/5666/2931 3837/1553/2931 1174/78/2931
f 2356/1560/2932 878/1559/2932 2354/5667/2932 3837/5668/2932
f 2351/1546/2933 3838/1549/2933 2353/1552/2933 877/1547/2933
f 377/5669/2934 1721/5670/2934 3838/1549/2934 2351/1546/2934
f 1721/5670/2935 169/5671/2935 2119/1550/2935 3838/1549/2935
f 1862/1718/2936 3839/5672/2936 2352/5673/2936 518/1719/2936
f 67/5499/2937 1177/5498/2937 3839/1545/2937 1862/5674/2937
f 1177/5498/2938 377/5669/2938 2351/1546/2938 3839/1545/2938
f 1318/794/2939 3840/1541/2939 1576/1544/2939 166/795/2939
f 518/1719/2940 2352/5673/2940 3840/1541/2940 1318/794/2940
f 2352/1548/2941 877/1547/2941 2350/5675/2941 3840/5676/2941
f 2347/5677/2942 3841/1537/2942 2349/1540/2942 876/5678/2942
f 521/3835/2943 1865/88/2943 3841/1537/2943 2347/5677/2943
f 1865/88/2944 63/87/2944 1815/1538/2944 3841/1537/2944
f 2119/1550/2945 3842/1533/2945 2348/1536/2945 775/1551/2945
f 169/763/2946 1321/3836/2946 3842/5679/2946 2119/5680/2946
f 1321/3836/2947 521/3835/2947 2347/5677/2947 3842/5679/2947
f 1575/850/2948 3843/1529/2948 1577/1532/2948 275/851/2948
f 775/1551/2949 2348/1536/2949 3843/1529/2949 1575/850/2949
f 2348/1536/2950 876/1535/2950 2346/1530/2950 3843/1529/2950
f 2343/1522/2951 3844/1525/2951 2345/1528/2951 875/1523/2951
f 780/1507/2952 2124/864/2952 3844/1525/2952 2343/1522/2952
f 2124/864/2953 276/863/2953 2122/1526/2953 3844/1525/2953
f 1722/3830/2954 3845/1521/2954 2344/1524/2954 378/3831/2954
f 170/759/2955 1580/1508/2955 3845/1521/2955 1722/3830/2955
f 1580/1508/2956 780/1507/2956 2343/1522/2956 3845/1521/2956
f 1178/90/2957 3846/1517/2957 1137/1520/2957 33/91/2957
f 378/5681/2958 2344/5682/2958 3846/1517/2958 1178/90/2958
f 2344/5682/2959 875/5683/2959 2342/1518/2959 3846/1517/2959
f 2339/1510/2960 3847/1513/2960 2341/1516/2960 874/1511/2960
f 381/1915/2961 1725/728/2961 3847/1513/2961 2339/1510/2961
f 1725/728/2962 173/727/2962 2123/1514/2962 3847/1513/2962
f 1866/1826/2963 3848/1509/2963 2340/1512/2963 522/1827/2963
f 68/95/2964 1181/1916/2964 3848/1509/2964 1866/1826/2964
f 1181/1916/2965 381/1915/2965 2339/1510/2965 3848/1509/2965
f 1322/758/2966 3849/1505/2966 1580/1508/2966 170/759/2966
f 522/5684/2967 2340/5685/2967 3849/1505/2967 1322/758/2967
f 2340/5685/2968 874/5686/2968 2338/1506/2968 3849/1505/2968
f 2335/1498/2969 3850/1501/2969 2337/1504/2969 873/1499/2969
f 525/5687/2970 1869/100/2970 3850/1501/2970 2335/1498/2970
f 1869/100/2971 62/99/2971 1814/1502/2971 3850/1501/2971
f 2123/1514/2972 3851/5688/2972 2336/5689/2972 779/1515/2972
f 173/727/2973 1325/3800/2973 3851/5688/2973 2123/1514/2973
f 1325/3800/2974 525/3799/2974 2335/5690/2974 3851/5688/2974
f 1579/862/2975 3852/1493/2975 1581/1496/2975 276/863/2975
f 779/5691/2976 2336/1500/2976 3852/1493/2976 1579/862/2976
f 2336/1500/2977 873/1499/2977 2334/1494/2977 3852/1493/2977
f 2331/1486/2978 3853/1489/2978 2333/1492/2978 872/1487/2978
f 784/1471/2979 2128/876/2979 3853/1489/2979 2331/1486/2979
f 2128/876/2980 277/875/2980 2126/1490/2980 3853/1489/2980
f 1726/3794/2981 3854/1485/2981 2332/1488/2981 382/3795/2981
f 174/723/2982 1584/1472/2982 3854/1485/2982 1726/3794/2982
f 1584/1472/2983 784/1471/2983 2331/1486/2983 3854/1485/2983
f 1182/102/2984 3855/1481/2984 1165/1484/2984 61/103/2984
f 382/3795/2985 2332/1488/2985 3855/5692/2985 1182/5693/2985
f 2332/1488/2986 872/1487/2986 2330/5694/2986 3855/5692/2986
f 2327/1474/2987 3856/1477/2987 2329/1480/2987 871/1475/2987
f 385/2023/2988 1729/5695/2988 3856/1477/2988 2327/1474/2988
f 1729/692/2989 177/691/2989 2127/5696/2989 3856/5697/2989
f 1870/1934/2990 3857/1473/2990 2328/1476/2990 526/1935/2990
f 69/107/2991 1185/2024/2991 3857/1473/2991 1870/1934/2991
f 1185/2024/2992 385/2023/2992 2327/1474/2992 3857/1473/2992
f 1326/722/2993 3858/1469/2993 1584/1472/2993 174/723/2993
f 526/1935/2994 2328/1476/2994 3858/1469/2994 1326/722/2994
f 2328/1476/2995 871/1475/2995 2326/1470/2995 3858/1469/2995
f 2323/1462/2996 3859/1465/2996 2325/1468/2996 870/1463/2996
f 529/3763/2997 1873/112/2997 3859/5698/2997 2323/5699/2997
f 1873/112/2998 46/111/2998 1798/5545/2998 3859/5698/2998
f 2127/5696/2999 3860/1461/2999 2324/1464/2999 783/5700/2999
f 177/691/3000 1329/4304/3000 3860/1461/3000 2127/5696/3000
f 1329/4304/3001 529/5701/3001 2323/1462/3001 3860/1461/3001
f 1583/874/3002 3861/1457/3002 1585/1460/3002 277/875/3002
f 783/1479/3003 2324/5702/3003 3861/1457/3003 1583/874/3003
f 2324/1464/3004 870/1463/3004 2322/5703/3004 3861/5704/3004
f 2319/1450/3005 3862/1453/3005 2321/1456/3005 869/1451/3005
f 788/1435/3006 2132/5705/3006 3862/1453/3006 2319/1450/3006
f 2132/888/3007 278/887/3007 2130/4195/3007 3862/5706/3007
f 1730/3758/3008 3863/1449/3008 2320/1452/3008 386/3759/3008
f 178/687/3009 1588/1436/3009 3863/1449/3009 1730/3758/3009
f 1588/1436/3010 788/1435/3010 2319/1450/3010 3863/1449/3010
f 1186/114/3011 3864/1445/3011 1164/1448/3011 60/115/3011
f 386/3759/3012 2320/1452/3012 3864/5707/3012 1186/5708/3012
f 2320/1452/3013 869/1451/3013 2318/5709/3013 3864/5707/3013
f 2315/1438/3014 3865/1441/3014 2317/1444/3014 868/1439/3014
f 389/2131/3015 1733/656/3015 3865/5710/3015 2315/5711/3015
f 1733/656/3016 181/655/3016 2131/5712/3016 3865/5710/3016
f 1874/2042/3017 3866/1437/3017 2316/1440/3017 530/2043/3017
f 70/5346/3018 1189/2132/3018 3866/5713/3018 1874/5714/3018
f 1189/2132/3019 389/2131/3019 2315/5711/3019 3866/5713/3019
f 1330/686/3020 3867/1433/3020 1588/1436/3020 178/687/3020
f 530/2043/3021 2316/1440/3021 3867/5715/3021 1330/5716/3021
f 2316/1440/3022 868/1439/3022 2314/5717/3022 3867/5715/3022
f 2311/1426/3023 3868/1429/3023 2313/1432/3023 867/1427/3023
f 533/5718/3024 1877/5719/3024 3868/1429/3024 2311/1426/3024
f 1877/5719/3025 59/5413/3025 1811/1430/3025 3868/1429/3025
f 2131/1442/3026 3869/1425/3026 2312/1428/3026 787/1443/3026
f 181/655/3027 1333/3728/3027 3869/5720/3027 2131/5712/3027
f 1333/3728/3028 533/3727/3028 2311/5721/3028 3869/5720/3028
f 1587/886/3029 3870/1421/3029 1589/1424/3029 278/887/3029
f 787/1443/3030 2312/1428/3030 3870/1421/3030 1587/886/3030
f 2312/1428/3031 867/1427/3031 2310/1422/3031 3870/1421/3031
f 2307/1414/3032 3871/1417/3032 2309/1420/3032 866/1415/3032
f 792/1399/3033 2136/900/3033 3871/1417/3033 2307/1414/3033
f 2136/900/3034 279/899/3034 2134/1418/3034 3871/1417/3034
f 1734/3722/3035 3872/1413/3035 2308/1416/3035 390/3723/3035
f 182/651/3036 1592/1400/3036 3872/1413/3036 1734/3722/3036
f 1592/1400/3037 792/1399/3037 2307/1414/3037 3872/1413/3037
f 1190/126/3038 3873/1409/3038 1133/1412/3038 29/127/3038
f 390/5722/3039 2308/5723/3039 3873/1409/3039 1190/126/3039
f 2308/5723/3040 866/5724/3040 2306/1410/3040 3873/1409/3040
f 2303/1402/3041 3874/1405/3041 2305/1408/3041 865/1403/3041
f 393/5725/3042 1737/620/3042 3874/1405/3042 2303/1402/3042
f 1737/620/3043 185/619/3043 2135/1406/3043 3874/1405/3043
f 1878/2150/3044 3875/1401/3044 2304/1404/3044 534/2151/3044
f 71/5726/3045 1193/5727/3045 3875/1401/3045 1878/2150/3045
f 1193/5727/3046 393/5725/3046 2303/1402/3046 3875/1401/3046
f 1334/650/3047 3876/1397/3047 1592/1400/3047 182/651/3047
f 534/2151/3048 2304/1404/3048 3876/5728/3048 1334/5729/3048
f 2304/1404/3049 865/1403/3049 2302/5730/3049 3876/5728/3049
f 2299/1390/3050 3877/1393/3050 2301/1396/3050 864/1391/3050
f 537/5731/3051 1881/5732/3051 3877/1393/3051 2299/1390/3051
f 1881/5732/3052 58/4678/3052 1810/1394/3052 3877/1393/3052
f 2135/5733/3053 3878/1389/3053 2300/1392/3053 791/5734/3053
f 185/619/3054 1337/3692/3054 3878/5735/3054 2135/1406/3054
f 1337/3692/3055 537/3691/3055 2299/5736/3055 3878/5735/3055
f 1591/898/3056 3879/1385/3056 1593/1388/3056 279/899/3056
f 791/5734/3057 2300/1392/3057 3879/1385/3057 1591/898/3057
f 2300/1392/3058 864/1391/3058 2298/1386/3058 3879/1385/3058
f 2295/1378/3059 3880/1381/3059 2297/1384/3059 863/1379/3059
f 796/1363/3060 2140/912/3060 3880/1381/3060 2295/1378/3060
f 2140/912/3061 280/911/3061 2138/1382/3061 3880/1381/3061
f 1738/3686/3062 3881/1377/3062 2296/1380/3062 394/3687/3062
f 186/615/3063 1596/1364/3063 3881/1377/3063 1738/3686/3063
f 1596/1364/3064 796/1363/3064 2295/1378/3064 3881/1377/3064
f 1194/138/3065 3882/1373/3065 1161/1376/3065 57/139/3065
f 394/3687/3066 2296/1380/3066 3882/1373/3066 1194/138/3066
f 2296/1380/3067 863/1379/3067 2294/1374/3067 3882/1373/3067
f 2291/1366/3068 3883/5737/3068 2293/5738/3068 862/1367/3068
f 397/5739/3069 1741/584/3069 3883/5737/3069 2291/1366/3069
f 1741/584/3070 189/583/3070 2139/5740/3070 3883/5737/3070
f 1882/5741/3071 3884/5742/3071 2292/5743/3071 538/5744/3071
f 72/5296/3072 1197/5745/3072 3884/1365/3072 1882/5297/3072
f 1197/5745/3073 397/5739/3073 2291/1366/3073 3884/1365/3073
f 1338/614/3074 3885/1361/3074 1596/1364/3074 186/615/3074
f 538/2259/3075 2292/5746/3075 3885/1361/3075 1338/614/3075
f 2292/5746/3076 862/5747/3076 2290/1362/3076 3885/1361/3076
f 2287/1354/3077 3886/1357/3077 2289/1360/3077 861/1355/3077
f 541/5748/3078 1885/5749/3078 3886/1357/3078 2287/1354/3078
f 1885/5749/3079 47/4945/3079 1799/1358/3079 3886/1357/3079
f 2139/5750/3080 3887/1353/3080 2288/1356/3080 795/5751/3080
f 189/5752/3081 1341/3656/3081 3887/5753/3081 2139/1370/3081
f 1341/5754/3082 541/5748/3082 2287/1354/3082 3887/1353/3082
f 1595/5755/3083 3888/1349/3083 1597/1352/3083 280/4185/3083
f 795/5751/3084 2288/1356/3084 3888/5756/3084 1595/910/3084
f 2288/1356/3085 861/1355/3085 2286/5757/3085 3888/5756/3085
f 2283/1342/3086 3889/1345/3086 2285/1348/3086 860/1343/3086
f 800/1327/3087 2144/5758/3087 3889/1345/3087 2283/1342/3087
f 2144/5758/3088 281/5759/3088 2142/1346/3088 3889/1345/3088
f 1742/3650/3089 3890/1341/3089 2284/1344/3089 398/3651/3089
f 190/579/3090 1600/1328/3090 3890/1341/3090 1742/3650/3090
f 1600/1328/3091 800/1327/3091 2283/1342/3091 3890/1341/3091
f 1198/150/3092 3891/5760/3092 1160/5064/3092 56/151/3092
f 398/3651/3093 2284/1344/3093 3891/5761/3093 1198/5762/3093
f 2284/1344/3094 860/1343/3094 2282/5763/3094 3891/5761/3094
f 2279/5764/3095 3892/5765/3095 2281/5766/3095 859/5767/3095
f 401/5768/3096 1745/5769/3096 3892/1333/3096 2279/5770/3096
f 1745/5769/3097 193/5771/3097 2143/1334/3097 3892/1333/3097
f 1886/2366/3098 3893/5772/3098 2280/5773/3098 542/2367/3098
f 73/5130/3099 1201/5129/3099 3893/1329/3099 1886/5774/3099
f 1201/2456/3100 401/2455/3100 2279/5764/3100 3893/5775/3100
f 1342/578/3101 3894/1325/3101 1600/1328/3101 190/579/3101
f 542/2367/3102 2280/5773/3102 3894/1325/3102 1342/578/3102
f 2280/5776/3103 859/5777/3103 2278/5778/3103 3894/5779/3103
f 2275/5780/3104 3895/1321/3104 2277/1324/3104 858/5781/3104
f 545/5782/3105 1889/5783/3105 3895/1321/3105 2275/5780/3105
f 1889/160/3106 55/159/3106 1807/5286/3106 3895/5784/3106
f 2143/1334/3107 3896/1317/3107 2276/1320/3107 799/1335/3107
f 193/5771/3108 1345/5785/3108 3896/1317/3108 2143/1334/3108
f 1345/4388/3109 545/5782/3109 2275/5780/3109 3896/5786/3109
f 1599/5787/3110 3897/5788/3110 1601/5789/3110 281/5790/3110
f 799/1335/3111 2276/1320/3111 3897/1313/3111 1599/5791/3111
f 2276/1320/3112 858/1319/3112 2274/1314/3112 3897/1313/3112
f 2271/1306/3113 3898/1309/3113 2273/1312/3113 857/1307/3113
f 804/1291/3114 2148/5792/3114 3898/1309/3114 2271/1306/3114
f 2148/5792/3115 282/4162/3115 2146/1310/3115 3898/1309/3115
f 1746/3614/3116 3899/1305/3116 2272/1308/3116 402/3615/3116
f 194/4397/3117 1604/1292/3117 3899/1305/3117 1746/3614/3117
f 1604/1292/3118 804/1291/3118 2271/1306/3118 3899/1305/3118
f 1202/162/3119 3900/1301/3119 1140/1304/3119 36/163/3119
f 402/3615/3120 2272/1308/3120 3900/5793/3120 1202/5794/3120
f 2272/5795/3121 857/5796/3121 2270/1302/3121 3900/1301/3121
f 2267/5797/3122 3901/1297/3122 2269/1300/3122 856/5798/3122
f 405/2563/3123 1749/5799/3123 3901/5800/3123 2267/1294/3123
f 1749/512/3124 197/511/3124 2147/1298/3124 3901/1297/3124
f 1890/2474/3125 3902/1293/3125 2268/1296/3125 546/2475/3125
f 74/167/3126 1205/2564/3126 3902/1293/3126 1890/2474/3126
f 1205/2564/3127 405/2563/3127 2267/1294/3127 3902/1293/3127
f 1346/5801/3128 3903/1289/3128 1604/1292/3128 194/4397/3128
f 546/2475/3129 2268/1296/3129 3903/5802/3129 1346/542/3129
f 2268/5803/3130 856/5798/3130 2266/1290/3130 3903/1289/3130
f 2263/5804/3131 3904/5805/3131 2265/5806/3131 855/5807/3131
f 549/5808/3132 1893/172/3132 3904/5809/3132 2263/1282/3132
f 1893/5810/3133 54/4714/3133 1806/1286/3133 3904/1285/3133
f 2147/5811/3134 3905/1281/3134 2264/1284/3134 803/5812/3134
f 197/511/3135 1349/3584/3135 3905/5813/3135 2147/1298/3135
f 1349/5814/3136 549/5808/3136 2263/1282/3136 3905/1281/3136
f 1603/934/3137 3906/1277/3137 1605/1280/3137 282/935/3137
f 803/5812/3138 2264/1284/3138 3906/1277/3138 1603/934/3138
f 2264/1284/3139 855/1283/3139 2262/1278/3139 3906/1277/3139
f 2259/1270/3140 3907/1273/3140 2261/1276/3140 854/1271/3140
f 808/1255/3141 2152/948/3141 3907/1273/3141 2259/1270/3141
f 2152/948/3142 283/947/3142 2150/1274/3142 3907/1273/3142
f 1750/3578/3143 3908/1269/3143 2260/1272/3143 406/3579/3143
f 198/507/3144 1608/1256/3144 3908/1269/3144 1750/3578/3144
f 1608/1256/3145 808/1255/3145 2259/1270/3145 3908/1269/3145
f 1206/174/3146 3909/5815/3146 1157/4766/3146 53/175/3146
f 406/5816/3147 2260/5817/3147 3909/1265/3147 1206/5818/3147
f 2260/1272/3148 854/1271/3148 2258/5819/3148 3909/5820/3148
f 2255/1258/3149 3910/1261/3149 2257/1264/3149 853/1259/3149
f 409/2671/3150 1753/5821/3150 3910/1261/3150 2255/1258/3150
f 1753/5821/3151 201/5822/3151 2151/1262/3151 3910/1261/3151
f 1894/2582/3152 3911/1257/3152 2256/1260/3152 550/2583/3152
f 75/179/3153 1209/2672/3153 3911/1257/3153 1894/2582/3153
f 1209/2672/3154 409/2671/3154 2255/1258/3154 3911/1257/3154
f 1350/506/3155 3912/1253/3155 1608/1256/3155 198/507/3155
f 550/2583/3156 2256/1260/3156 3912/1253/3156 1350/506/3156
f 2256/1260/3157 853/1259/3157 2254/1254/3157 3912/1253/3157
f 2251/5823/3158 3913/1249/3158 2253/1252/3158 852/5824/3158
f 553/5825/3159 1897/5826/3159 3913/1249/3159 2251/5823/3159
f 1897/5827/3160 44/5828/3160 1796/5829/3160 3913/5830/3160
f 2151/1262/3161 3914/1245/3161 2252/1248/3161 807/1263/3161
f 201/5831/3162 1353/5832/3162 3914/5833/3162 2151/5834/3162
f 1353/5835/3163 553/5825/3163 2251/5823/3163 3914/5836/3163
f 1607/946/3164 3915/1241/3164 1609/1244/3164 283/947/3164
f 807/1263/3165 2252/1248/3165 3915/1241/3165 1607/946/3165
f 2252/1248/3166 852/1247/3166 2250/1242/3166 3915/1241/3166
f 2247/5837/3167 3916/5838/3167 2249/5839/3167 851/5840/3167
f 812/1219/3168 2156/5841/3168 3916/1237/3168 2247/5842/3168
f 2156/5841/3169 284/5843/3169 2154/1238/3169 3916/1237/3169
f 1754/5844/3170 3917/1233/3170 2248/1236/3170 410/5845/3170
f 202/5846/3171 1612/1220/3171 3917/5847/3171 1754/5848/3171
f 1612/1220/3172 812/1219/3172 2247/5842/3172 3917/5847/3172
f 1210/186/3173 3918/1229/3173 1156/1232/3173 52/187/3173
f 410/5845/3174 2248/1236/3174 3918/1229/3174 1210/186/3174
f 2248/1236/3175 851/1235/3175 2246/1230/3175 3918/1229/3175
f 2243/1222/3176 3919/5849/3176 2245/5850/3176 850/1223/3176
f 413/5851/3177 1757/5852/3177 3919/5849/3177 2243/1222/3177
f 1757/440/3178 205/439/3178 2155/1226/3178 3919/1225/3178
f 1898/4951/3179 3920/1221/3179 2244/1224/3179 554/5853/3179
f 76/191/3180 1213/5854/3180 3920/1221/3180 1898/4951/3180
f 1213/5854/3181 413/5851/3181 2243/1222/3181 3920/1221/3181
f 1354/5855/3182 3921/1217/3182 1612/1220/3182 202/5846/3182
f 554/5853/3183 2244/1224/3183 3921/1217/3183 1354/5855/3183
f 2244/1224/3184 850/1223/3184 2242/1218/3184 3921/1217/3184
f 2239/1210/3185 3922/1213/3185 2241/1216/3185 849/1211/3185
f 557/3511/3186 1901/5856/3186 3922/5857/3186 2239/5858/3186
f 1901/5856/3187 51/5043/3187 1803/5041/3187 3922/5857/3187
f 2155/1226/3188 3923/1209/3188 2240/1212/3188 811/1227/3188
f 205/439/3189 1357/4462/3189 3923/1209/3189 2155/1226/3189
f 1357/4462/3190 557/5859/3190 2239/1210/3190 3923/1209/3190
f 1611/958/3191 3924/5860/3191 1613/4142/3191 284/959/3191
f 811/1227/3192 2240/1212/3192 3924/5860/3192 1611/958/3192
f 2240/1212/3193 849/1211/3193 2238/5861/3193 3924/5860/3193
f 2235/1198/3194 3925/1201/3194 2237/1204/3194 848/1199/3194
f 816/1183/3195 2160/5862/3195 3925/1201/3195 2235/1198/3195
f 2160/5862/3196 285/4132/3196 2158/1202/3196 3925/1201/3196
f 1758/3506/3197 3926/1197/3197 2236/1200/3197 414/3507/3197
f 206/435/3198 1616/1184/3198 3926/1197/3198 1758/3506/3198
f 1616/1184/3199 816/1183/3199 2235/1198/3199 3926/1197/3199
f 1214/198/3200 3927/1193/3200 1141/1196/3200 37/199/3200
f 414/3507/3201 2236/1200/3201 3927/1193/3201 1214/198/3201
f 2236/1200/3202 848/1199/3202 2234/1194/3202 3927/1193/3202
f 2231/1186/3203 3928/1189/3203 2233/1192/3203 847/1187/3203
f 417/2887/3204 1761/5863/3204 3928/1189/3204 2231/1186/3204
f 1761/5863/3205 209/5864/3205 2159/1190/3205 3928/1189/3205
f 1902/2798/3206 3929/5865/3206 2232/5866/3206 558/2799/3206
f 77/203/3207 1217/2888/3207 3929/1185/3207 1902/4884/3207
f 1217/2888/3208 417/2887/3208 2231/1186/3208 3929/1185/3208
f 1358/434/3209 3930/1181/3209 1616/1184/3209 206/435/3209
f 558/5867/3210 2232/5868/3210 3930/1181/3210 1358/434/3210
f 2232/5868/3211 847/5869/3211 2230/1182/3211 3930/1181/3211
f 2227/5870/3212 3931/1177/3212 2229/1180/3212 846/5871/3212
f 561/3475/3213 1905/208/3213 3931/1177/3213 2227/5870/3213
f 1905/208/3214 50/207/3214 1802/1178/3214 3931/1177/3214
f 2159/1190/3215 3932/1173/3215 2228/1176/3215 815/1191/3215
f 209/403/3216 1361/3476/3216 3932/5872/3216 2159/5873/3216
f 1361/3476/3217 561/3475/3217 2227/5870/3217 3932/5872/3217
f 1615/970/3218 3933/5874/3218 1617/4134/3218 285/971/3218
f 815/1191/3219 2228/1176/3219 3933/1169/3219 1615/5875/3219
f 2228/1176/3220 846/1175/3220 2226/1170/3220 3933/1169/3220
f 2223/1162/3221 3934/1165/3221 2225/1168/3221 845/1163/3221
f 820/1147/3222 2164/984/3222 3934/5876/3222 2223/5877/3222
f 2164/984/3223 286/983/3223 2162/4124/3223 3934/5876/3223
f 1762/3470/3224 3935/5878/3224 2224/5879/3224 418/3471/3224
f 210/399/3225 1620/1148/3225 3935/5878/3225 1762/3470/3225
f 1620/1148/3226 820/1147/3226 2223/5877/3226 3935/5878/3226
f 1218/210/3227 3936/5880/3227 1153/5881/3227 49/211/3227
f 418/3471/3228 2224/5879/3228 3936/5880/3228 1218/210/3228
f 2224/1164/3229 845/1163/3229 2222/1158/3229 3936/1157/3229
f 2219/5882/3230 3937/1153/3230 2221/1156/3230 844/5883/3230
f 421/2995/3231 1765/368/3231 3937/1153/3231 2219/5882/3231
f 1765/368/3232 213/367/3232 2163/1154/3232 3937/1153/3232
f 1906/2906/3233 3938/1149/3233 2220/1152/3233 562/2907/3233
f 78/4820/3234 1221/5884/3234 3938/1149/3234 1906/2906/3234
f 1221/2996/3235 421/2995/3235 2219/5882/3235 3938/5885/3235
f 1362/398/3236 3939/1145/3236 1620/1148/3236 210/399/3236
f 562/2907/3237 2220/1152/3237 3939/1145/3237 1362/398/3237
f 2220/1152/3238 844/1151/3238 2218/1146/3238 3939/1145/3238
f 2215/1138/3239 3940/1141/3239 2217/1144/3239 843/1139/3239
f 565/3439/3240 1909/220/3240 3940/1141/3240 2215/1138/3240
f 1909/220/3241 32/219/3241 1784/1142/3241 3940/1141/3241
f 2163/1154/3242 3941/1137/3242 2216/1140/3242 819/1155/3242
f 213/367/3243 1365/3440/3243 3941/1137/3243 2163/1154/3243
f 1365/3440/3244 565/3439/3244 2215/1138/3244 3941/1137/3244
f 1619/982/3245 3942/5886/3245 1621/4123/3245 286/983/3245
f 819/1155/3246 2216/1140/3246 3942/1133/3246 1619/5887/3246
f 2216/1140/3247 843/1139/3247 2214/1134/3247 3942/1133/3247
f 2211/1126/3248 3943/1129/3248 2213/1132/3248 842/1127/3248
f 824/1111/3249 2168/996/3249 3943/5888/3249 2211/5889/3249
f 2168/996/3250 287/995/3250 2166/4113/3250 3943/5888/3250
f 1766/3434/3251 3944/1125/3251 2212/1128/3251 422/3435/3251
f 214/363/3252 1624/1112/3252 3944/5890/3252 1766/5891/3252
f 1624/1112/3253 824/1111/3253 2211/5889/3253 3944/5890/3253
f 1222/5892/3254 3945/5893/3254 1152/5894/3254 48/5423/3254
f 422/3435/3255 2212/1128/3255 3945/5895/3255 1222/222/3255
f 2212/1128/3256 842/1127/3256 2210/5896/3256 3945/5895/3256
f 2207/1114/3257 3946/1117/3257 2209/1120/3257 841/1115/3257
f 425/5897/3258 1769/332/3258 3946/5898/3258 2207/5899/3258
f 1769/332/3259 217/331/3259 2167/5900/3259 3946/5898/3259
f 1910/3014/3260 3947/5901/3260 2208/5902/3260 566/3015/3260
f 79/5903/3261 1225/5904/3261 3947/5901/3261 1910/3014/3261
f 1225/5904/3262 425/5897/3262 2207/5899/3262 3947/5901/3262
f 1366/362/3263 3948/1109/3263 1624/1112/3263 214/363/3263
f 566/5905/3264 2208/1116/3264 3948/1109/3264 1366/362/3264
f 2208/1116/3265 841/1115/3265 2206/1110/3265 3948/1109/3265
f 2203/1102/3266 3949/5906/3266 2205/5907/3266 840/1103/3266
f 569/3403/3267 1913/5908/3267 3949/1105/3267 2203/5909/3267
f 1913/5908/3268 35/4872/3268 1787/1106/3268 3949/1105/3268
f 2167/1118/3269 3950/1101/3269 2204/1104/3269 823/1119/3269
f 217/5910/3270 1369/5911/3270 3950/1101/3270 2167/1118/3270
f 1369/3404/3271 569/3403/3271 2203/5909/3271 3950/5912/3271
f 1623/994/3272 3951/1097/3272 1625/1100/3272 287/995/3272
f 823/5913/3273 2204/5914/3273 3951/5915/3273 1623/5916/3273
f 2204/1104/3274 840/1103/3274 2202/1098/3274 3951/1097/3274
f 2199/1090/3275 3952/1093/3275 2201/1096/3275 839/1091/3275
f 828/1075/3276 2172/1008/3276 3952/1093/3276 2199/1090/3276
f 2172/1008/3277 288/1007/3277 2170/1094/3277 3952/1093/3277
f 1770/4530/3278 3953/1089/3278 2200/1092/3278 426/5917/3278
f 218/327/3279 1628/1076/3279 3953/1089/3279 1770/4530/3279
f 1628/1076/3280 828/1075/3280 2199/1090/3280 3953/1089/3280
f 1226/234/3281 3954/1085/3281 1145/1088/3281 41/235/3281
f 426/3399/3282 2200/5918/3282 3954/1085/3282 1226/234/3282
f 2200/5918/3283 839/5919/3283 2198/1086/3283 3954/1085/3283
f 2195/5920/3284 3955/5921/3284 2197/5922/3284 838/5923/3284
f 429/3211/3285 1773/296/3285 3955/1081/3285 2195/5924/3285
f 1773/296/3286 221/295/3286 2171/1082/3286 3955/1081/3286
f 1914/3122/3287 3956/1077/3287 2196/1080/3287 570/3123/3287
f 80/239/3288 1229/4648/3288 3956/5925/3288 1914/4683/3288
f 1229/4648/3289 429/5926/3289 2195/5920/3289 3956/5925/3289
f 1370/326/3290 3957/1073/3290 1628/1076/3290 218/327/3290
f 570/3123/3291 2196/1080/3291 3957/1073/3291 1370/326/3291
f 2196/1080/3292 838/1079/3292 2194/1074/3292 3957/1073/3292
f 2191/1066/3293 3958/5927/3293 2193/5928/3293 837/1067/3293
f 573/3367/3294 1917/244/3294 3958/1069/3294 2191/5929/3294
f 1917/244/3295 34/243/3295 1786/1070/3295 3958/1069/3295
f 2171/1082/3296 3959/1065/3296 2192/1068/3296 827/1083/3296
f 221/295/3297 1373/4543/3297 3959/1065/3297 2171/1082/3297
f 1373/4543/3298 573/5930/3298 2191/1066/3298 3959/1065/3298
f 1627/5931/3299 3960/1061/3299 1629/1064/3299 288/4105/3299
f 827/5932/3300 2192/5933/3300 3960/1061/3300 1627/5931/3300
f 2192/1068/3301 837/1067/3301 2190/5934/3301 3960/5935/3301
f 2187/1054/3302 3961/1057/3302 2189/1060/3302 836/1055/3302
f 832/5936/3303 2176/1020/3303 3961/1057/3303 2187/1054/3303
f 2176/1020/3304 289/1019/3304 2174/1058/3304 3961/1057/3304
f 1774/3362/3305 3962/1053/3305 2188/1056/3305 430/3363/3305
f 222/4549/3306 1632/1040/3306 3962/5937/3306 1774/4550/3306
f 1632/5938/3307 832/5936/3307 2187/1054/3307 3962/1053/3307
f 1230/246/3308 3963/1049/3308 1149/1052/3308 45/247/3308
f 430/5939/3309 2188/5940/3309 3963/1049/3309 1230/246/3309
f 2188/5940/3310 836/5941/3310 2186/1050/3310 3963/1049/3310
f 2183/1042/3311 3964/1045/3311 2185/1048/3311 835/1043/3311
f 433/3319/3312 1777/5942/3312 3964/5943/3312 2183/5944/3312
f 1777/5942/3313 225/5945/3313 2175/5946/3313 3964/5943/3313
f 1918/3230/3314 3965/1041/3314 2184/1044/3314 574/3231/3314
f 81/4579/3315 1233/4578/3315 3965/5947/3315 1918/4636/3315
f 1233/4578/3316 433/5948/3316 2183/5949/3316 3965/5947/3316
f 1374/290/3317 3966/5950/3317 1632/5951/3317 222/291/3317
f 574/3231/3318 2184/1044/3318 3966/5950/3318 1374/290/3318
f 2184/1044/3319 835/1043/3319 2182/5952/3319 3966/5950/3319
f 2179/1030/3320 3967/1033/3320 2181/1036/3320 834/1031/3320
f 577/5953/3321 1921/256/3321 3967/5954/3321 2179/5955/3321
f 1921/256/3322 28/255/3322 1780/5956/3322 3967/5954/3322
f 2175/1046/3323 3968/1029/3323 2180/1032/3323 831/1047/3323
f 225/5957/3324 1377/5958/3324 3968/1029/3324 2175/1046/3324
f 1377/5958/3325 577/5959/3325 2179/1030/3325 3968/1029/3325
f 1631/1018/3326 3969/1025/3326 1633/1028/3326 289/1019/3326
f 831/5960/3327 2180/5961/3327 3969/5962/3327 1631/5963/3327
f 2180/5961/3328 834/5964/3328 2178/5965/3328 3969/5962/3328
f 2178/1026/3329 3970/1021/3329 2177/1024/3329 833/1027/3329
f 834/5964/3330 2181/5966/3330 3970/5967/3330 2178/5965/3330
f 2181/5968/3331 436/5969/3331 1236/1022/3331 3970/1021/3331
f 2182/5970/3332 3971/1017/3332 2176/1020/3332 832/5936/3332
f 835/5971/3333 2185/5972/3333 3971/5973/3333 2182/1038/3333
f 2185/5972/3334 831/5960/3334 1631/5963/3334 3971/5973/3334
f 2186/1050/3335 3972/1013/3335 1693/1016/3335 349/1051/3335
f 836/5941/3336 2189/5974/3336 3972/1013/3336 2186/1050/3336
f 2189/5974/3337 830/4097/3337 1630/1014/3337 3972/1013/3337
f 2190/5934/3338 3973/1009/3338 2173/1012/3338 829/4100/3338
f 837/1067/3339 2193/5928/3339 3973/1009/3339 2190/5934/3339
f 2193/5928/3340 442/5975/3340 1242/1010/3340 3973/1009/3340
f 2194/1074/3341 3974/1005/3341 2172/1008/3341 828/1075/3341
f 838/1079/3342 2197/5976/3342 3974/1005/3342 2194/1074/3342
f 2197/5922/3343 827/5932/3343 1627/5931/3343 3974/5977/3343
f 2198/1086/3344 3975/1001/3344 1689/1004/3344 345/1087/3344
f 839/5919/3345 2201/5978/3345 3975/1001/3345 2198/1086/3345
f 2201/5978/3346 826/4104/3346 1626/1002/3346 3975/1001/3346
f 2202/1098/3347 3976/5979/3347 2169/4110/3347 825/1099/3347
f 840/1103/3348 2205/5907/3348 3976/5979/3348 2202/1098/3348
f 2205/1108/3349 443/1107/3349 1243/998/3349 3976/997/3349
f 2206/1110/3350 3977/993/3350 2168/996/3350 824/1111/3350
f 841/1115/3351 2209/1120/3351 3977/993/3351 2206/1110/3351
f 2209/5980/3352 823/5913/3352 1623/5916/3352 3977/5981/3352
f 2210/1122/3353 3978/5982/3353 1696/5395/3353 352/1123/3353
f 842/1127/3354 2213/1132/3354 3978/5983/3354 2210/5896/3354
f 2213/1132/3355 822/1131/3355 1622/4114/3355 3978/5983/3355
f 2214/1134/3356 3979/985/3356 2165/988/3356 821/1135/3356
f 843/1139/3357 2217/1144/3357 3979/985/3357 2214/1134/3357
f 2217/1144/3358 440/1143/3358 1240/986/3358 3979/985/3358
f 2218/1146/3359 3980/981/3359 2164/984/3359 820/1147/3359
f 844/1151/3360 2221/5984/3360 3980/981/3360 2218/1146/3360
f 2221/1156/3361 819/1155/3361 1619/5887/3361 3980/5985/3361
f 2222/1158/3362 3981/977/3362 1697/980/3362 353/1159/3362
f 845/1163/3363 2225/1168/3363 3981/977/3363 2222/1158/3363
f 2225/1168/3364 818/1167/3364 1618/978/3364 3981/977/3364
f 2226/1170/3365 3982/973/3365 2161/976/3365 817/1171/3365
f 846/1175/3366 2229/5986/3366 3982/973/3366 2226/1170/3366
f 2229/1180/3367 458/1179/3367 1258/4817/3367 3982/5987/3367
f 2230/1182/3368 3983/5988/3368 2160/5862/3368 816/1183/3368
f 847/5989/3369 2233/5990/3369 3983/969/3369 2230/5991/3369
f 2233/1192/3370 815/1191/3370 1615/5875/3370 3983/5992/3370
f 2234/1194/3371 3984/965/3371 1685/968/3371 341/1195/3371
f 848/1199/3372 2237/1204/3372 3984/965/3372 2234/1194/3372
f 2237/1204/3373 814/1203/3373 1614/966/3373 3984/965/3373
f 2238/1206/3374 3985/5993/3374 2157/5994/3374 813/1207/3374
f 849/1211/3375 2241/1216/3375 3985/961/3375 2238/5861/3375
f 2241/1216/3376 459/1215/3376 1259/962/3376 3985/961/3376
f 2242/1218/3377 3986/5995/3377 2156/5841/3377 812/1219/3377
f 850/1223/3378 2245/5850/3378 3986/5995/3378 2242/1218/3378
f 2245/1228/3379 811/1227/3379 1611/958/3379 3986/957/3379
f 2246/1230/3380 3987/953/3380 1700/956/3380 356/1231/3380
f 851/1235/3381 2249/5996/3381 3987/953/3381 2246/1230/3381
f 2249/5996/3382 810/4145/3382 1610/954/3382 3987/953/3382
f 2250/5997/3383 3988/5998/3383 2153/5999/3383 809/6000/3383
f 852/1247/3384 2253/6001/3384 3988/6002/3384 2250/1242/3384
f 2253/1252/3385 452/1251/3385 1252/950/3385 3988/949/3385
f 2254/1254/3386 3989/945/3386 2152/948/3386 808/1255/3386
f 853/1259/3387 2257/1264/3387 3989/945/3387 2254/1254/3387
f 2257/1264/3388 807/1263/3388 1607/946/3388 3989/945/3388
f 2258/6003/3389 3990/6004/3389 1701/6005/3389 357/6006/3389
f 854/1271/3390 2261/1276/3390 3990/941/3390 2258/5819/3390
f 2261/1276/3391 806/1275/3391 1606/942/3391 3990/941/3391
f 2262/1278/3392 3991/937/3392 2149/940/3392 805/1279/3392
f 855/5807/3393 2265/5806/3393 3991/6007/3393 2262/6008/3393
f 2265/1288/3394 462/1287/3394 1262/4746/3394 3991/6009/3394
f 2266/1290/3395 3992/6010/3395 2148/5792/3395 804/1291/3395
f 856/5798/3396 2269/1300/3396 3992/6010/3396 2266/1290/3396
f 2269/1300/3397 803/1299/3397 1603/6011/3397 3992/6010/3397
f 2270/1302/3398 3993/929/3398 1684/932/3398 340/1303/3398
f 857/5796/3399 2273/6012/3399 3993/929/3399 2270/1302/3399
f 2273/6012/3400 802/4164/3400 1602/930/3400 3993/929/3400
f 2274/6013/3401 3994/925/3401 2145/928/3401 801/4169/3401
f 858/1319/3402 2277/6014/3402 3994/6015/3402 2274/1314/3402
f 2277/1324/3403 463/1323/3403 1263/926/3403 3994/925/3403
f 2278/1326/3404 3995/6016/3404 2144/5758/3404 800/1327/3404
f 859/1331/3405 2281/6017/3405 3995/921/3405 2278/6018/3405
f 2281/1336/3406 799/1335/3406 1599/5791/3406 3995/6019/3406
f 2282/5763/3407 3996/917/3407 1704/920/3407 360/6020/3407
f 860/1343/3408 2285/1348/3408 3996/917/3408 2282/5763/3408
f 2285/1348/3409 798/1347/3409 1598/918/3409 3996/917/3409
f 2286/5757/3410 3997/913/3410 2141/916/3410 797/6021/3410
f 861/1355/3411 2289/1360/3411 3997/913/3411 2286/5757/3411
f 2289/1360/3412 455/1359/3412 1255/914/3412 3997/913/3412
f 2290/1362/3413 3998/909/3413 2140/912/3413 796/1363/3413
f 862/5747/3414 2293/6022/3414 3998/909/3414 2290/1362/3414
f 2293/1372/3415 795/1371/3415 1595/5755/3415 3998/6023/3415
f 2294/1374/3416 3999/905/3416 1705/908/3416 361/1375/3416
f 863/1379/3417 2297/1384/3417 3999/905/3417 2294/1374/3417
f 2297/1384/3418 794/1383/3418 1594/906/3418 3999/905/3418
f 2298/1386/3419 4000/901/3419 2137/904/3419 793/1387/3419
f 864/1391/3420 2301/1396/3420 4000/901/3420 2298/1386/3420
f 2301/1396/3421 466/1395/3421 1266/902/3421 4000/901/3421
f 2302/1398/3422 4001/897/3422 2136/900/3422 792/1399/3422
f 865/6024/3423 2305/6025/3423 4001/897/3423 2302/1398/3423
f 2305/6025/3424 791/5734/3424 1591/898/3424 4001/897/3424
f 2306/1410/3425 4002/893/3425 1677/896/3425 333/1411/3425
f 866/5724/3426 2309/6026/3426 4002/893/3426 2306/1410/3426
f 2309/6026/3427 790/4192/3427 1590/894/3427 4002/893/3427
f 2310/1422/3428 4003/889/3428 2133/892/3428 789/1423/3428
f 867/1427/3429 2313/1432/3429 4003/889/3429 2310/1422/3429
f 2313/1432/3430 467/1431/3430 1267/890/3430 4003/889/3430
f 2314/5717/3431 4004/885/3431 2132/888/3431 788/6027/3431
f 868/1439/3432 2317/1444/3432 4004/885/3432 2314/5717/3432
f 2317/1444/3433 787/1443/3433 1587/886/3433 4004/885/3433
f 2318/5709/3434 4005/881/3434 1708/884/3434 364/5300/3434
f 869/1451/3435 2321/1456/3435 4005/881/3435 2318/5709/3435
f 2321/1456/3436 786/1455/3436 1586/882/3436 4005/881/3436
f 2322/5703/3437 4006/877/3437 2129/880/3437 785/4202/3437
f 870/1463/3438 2325/1468/3438 4006/877/3438 2322/5703/3438
f 2325/1468/3439 454/1467/3439 1254/878/3439 4006/877/3439
f 2326/1470/3440 4007/873/3440 2128/876/3440 784/1471/3440
f 871/1475/3441 2329/1480/3441 4007/873/3441 2326/1470/3441
f 2329/1480/3442 783/1479/3442 1583/874/3442 4007/873/3442
f 2330/1482/3443 4008/6028/3443 1709/4650/3443 365/1483/3443
f 872/1487/3444 2333/1492/3444 4008/869/3444 2330/5694/3444
f 2333/1492/3445 782/1491/3445 1582/870/3445 4008/869/3445
f 2334/1494/3446 4009/865/3446 2125/868/3446 781/1495/3446
f 873/1499/3447 2337/1504/3447 4009/865/3447 2334/1494/3447
f 2337/1504/3448 470/1503/3448 1270/866/3448 4009/865/3448
f 2338/1506/3449 4010/861/3449 2124/864/3449 780/1507/3449
f 874/5686/3450 2341/6029/3450 4010/861/3450 2338/1506/3450
f 2341/6029/3451 779/5691/3451 1579/862/3451 4010/861/3451
f 2342/1518/3452 4011/857/3452 1681/860/3452 337/1519/3452
f 875/5683/3453 2345/6030/3453 4011/857/3453 2342/1518/3453
f 2345/6030/3454 778/4207/3454 1578/858/3454 4011/857/3454
f 2346/6031/3455 4012/853/3455 2121/856/3455 777/4210/3455
f 876/5678/3456 2349/1540/3456 4012/853/3456 2346/6031/3456
f 2349/1540/3457 471/1539/3457 1271/854/3457 4012/853/3457
f 2350/1542/3458 4013/6032/3458 2120/5663/3458 776/1543/3458
f 877/1547/3459 2353/1552/3459 4013/849/3459 2350/5675/3459
f 2353/1552/3460 775/1551/3460 1575/850/3460 4013/849/3460
f 2354/5667/3461 4014/845/3461 1712/848/3461 368/6033/3461
f 878/1559/3462 2357/6034/3462 4014/845/3462 2354/5667/3462
f 2357/6035/3463 774/4218/3463 1574/4216/3463 4014/6036/3463
f 2358/6037/3464 4015/841/3464 2117/844/3464 773/4223/3464
f 879/5660/3465 2361/1576/3465 4015/6038/3465 2358/1566/3465
f 2361/1576/3466 448/1575/3466 1248/6039/3466 4015/6038/3466
f 2362/6040/3467 4016/6041/3467 2116/5637/3467 772/5636/3467
f 880/6042/3468 2365/6043/3468 4016/6041/3468 2362/6040/3468
f 2365/1588/3469 771/1587/3469 1571/838/3469 4016/837/3469
f 2366/1590/3470 4017/833/3470 1713/836/3470 369/1591/3470
f 881/5635/3471 2369/1600/3471 4017/833/3471 2366/1590/3471
f 2369/1600/3472 770/1599/3472 1570/834/3472 4017/833/3472
f 2370/1602/3473 4018/829/3473 2113/832/3473 769/1603/3473
f 882/1607/3474 2373/1612/3474 4018/829/3474 2370/1602/3474
f 2373/1612/3475 514/1611/3475 1314/830/3475 4018/829/3475
f 2374/1614/3476 4019/825/3476 2112/828/3476 768/1615/3476
f 883/6044/3477 2377/6045/3477 4019/825/3477 2374/1614/3477
f 2377/6045/3478 767/5630/3478 1567/826/3478 4019/825/3478
f 2378/1626/3479 4020/6046/3479 1673/6047/3479 329/1627/3479
f 884/1631/3480 2381/1636/3480 4020/821/3480 2378/5611/3480
f 2381/1636/3481 766/1635/3481 1566/822/3481 4020/821/3481
f 2382/1638/3482 4021/817/3482 2109/820/3482 765/1639/3482
f 885/1643/3483 2385/1648/3483 4021/817/3483 2382/1638/3483
f 2385/1648/3484 515/1647/3484 1315/818/3484 4021/817/3484
f 2386/1650/3485 4022/813/3485 2108/816/3485 764/1651/3485
f 886/5594/3486 2389/6048/3486 4022/813/3486 2386/1650/3486
f 2389/6048/3487 763/6049/3487 1563/814/3487 4022/813/3487
f 2390/1662/3488 4023/809/3488 1716/812/3488 372/1663/3488
f 887/5588/3489 2393/1672/3489 4023/809/3489 2390/1662/3489
f 2393/1672/3490 762/1671/3490 1562/810/3490 4023/809/3490
f 2394/1674/3491 4024/805/3491 2105/808/3491 761/1675/3491
f 888/5579/3492 2397/1684/3492 4024/805/3492 2394/1674/3492
f 2397/1684/3493 488/1683/3493 1288/806/3493 4024/805/3493
f 2398/6050/3494 4025/801/3494 2104/804/3494 760/5557/3494
f 889/5564/3495 2401/1696/3495 4025/6051/3495 2398/1686/3495
f 2401/1696/3496 759/1695/3496 1559/6052/3496 4025/6051/3496
f 2402/1698/3497 4026/797/3497 1717/800/3497 373/1699/3497
f 890/6053/3498 2405/6054/3498 4026/797/3498 2402/1698/3498
f 2405/6054/3499 758/4247/3499 1558/798/3499 4026/797/3499
f 2406/1710/3500 4027/793/3500 2101/796/3500 757/1711/3500
f 891/5550/3501 2409/1720/3501 4027/793/3501 2406/1710/3501
f 2409/1720/3502 518/1719/3502 1318/794/3502 4027/793/3502
f 2410/1722/3503 4028/789/3503 2100/792/3503 756/1723/3503
f 892/1727/3504 2413/1732/3504 4028/6055/3504 2410/6056/3504
f 2413/1732/3505 755/1731/3505 1555/5556/3505 4028/6055/3505
f 2414/5539/3506 4029/785/3506 1672/788/3506 328/5469/3506
f 893/1739/3507 2417/5536/3507 4029/785/3507 2414/5539/3507
f 2417/1744/3508 754/1743/3508 1554/4260/3508 4029/6057/3508
f 2418/1746/3509 4030/6058/3509 2097/4262/3509 753/1747/3509
f 894/1751/3510 2421/5525/3510 4030/781/3510 2418/6059/3510
f 2421/5525/3511 519/6060/3511 1319/782/3511 4030/781/3511
f 2422/5522/3512 4031/777/3512 2096/780/3512 752/5512/3512
f 895/5518/3513 2425/5517/3513 4031/777/3513 2422/5522/3513
f 2425/5517/3514 751/5532/3514 1551/778/3514 4031/777/3514
f 2426/1770/3515 4032/773/3515 1720/776/3515 376/1771/3515
f 896/1775/3516 2429/1780/3516 4032/773/3516 2426/1770/3516
f 2429/1780/3517 750/1779/3517 1550/774/3517 4032/773/3517
f 2430/1782/3518 4033/769/3518 2093/772/3518 749/1783/3518
f 897/1787/3519 2433/1792/3519 4033/769/3519 2430/1782/3519
f 2433/1792/3520 511/1791/3520 1311/770/3520 4033/769/3520
f 2434/1794/3521 4034/765/3521 2092/768/3521 748/1795/3521
f 898/1799/3522 2437/1804/3522 4034/765/3522 2434/1794/3522
f 2437/1804/3523 747/1803/3523 1547/766/3523 4034/765/3523
f 2438/1806/3524 4035/761/3524 1721/764/3524 377/1807/3524
f 899/6061/3525 2441/6062/3525 4035/6063/3525 2438/6064/3525
f 2441/1816/3526 746/1815/3526 1546/4270/3526 4035/6065/3526
f 2442/1818/3527 4036/6066/3527 2089/6067/3527 745/1819/3527
f 900/5486/3528 2445/1828/3528 4036/6066/3528 2442/1818/3528
f 2445/1828/3529 522/1827/3529 1322/6068/3529 4036/6066/3529
f 2446/5484/3530 4037/753/3530 2088/756/3530 744/6069/3530
f 901/5483/3531 2449/6070/3531 4037/753/3531 2446/5484/3531
f 2449/1840/3532 743/1839/3532 1543/5489/3532 4037/6071/3532
f 2450/1842/3533 4038/749/3533 1641/752/3533 297/1843/3533
f 902/5475/3534 2453/6072/3534 4038/749/3534 2450/1842/3534
f 2453/6072/3535 742/4275/3535 1542/750/3535 4038/749/3535
f 2454/1854/3536 4039/745/3536 2085/748/3536 741/1855/3536
f 903/1859/3537 2457/1864/3537 4039/745/3537 2454/1854/3537
f 2457/1864/3538 523/1863/3538 1323/746/3538 4039/745/3538
f 2458/1866/3539 4040/6073/3539 2084/5460/3539 740/1867/3539
f 904/5468/3540 2461/1876/3540 4040/741/3540 2458/6074/3540
f 2461/1876/3541 739/1875/3541 1539/742/3541 4040/741/3541
f 2462/1878/3542 4041/737/3542 1724/740/3542 380/1879/3542
f 905/1883/3543 2465/1888/3543 4041/737/3543 2462/1878/3543
f 2465/1888/3544 738/1887/3544 1538/738/3544 4041/737/3544
f 2466/1890/3545 4042/6075/3545 2081/4284/3545 737/1891/3545
f 906/5458/3546 2469/6076/3546 4042/733/3546 2466/5459/3546
f 2469/6076/3547 510/4612/3547 1310/734/3547 4042/733/3547
f 2470/6077/3548 4043/729/3548 2080/732/3548 736/5440/3548
f 907/1907/3549 2473/1912/3549 4043/6078/3549 2470/1902/3549
f 2473/1912/3550 735/1911/3550 1535/5457/3550 4043/6078/3550
f 2474/1914/3551 4044/725/3551 1725/728/3551 381/1915/3551
f 908/1919/3552 2477/5439/3552 4044/725/3552 2474/1914/3552
f 2477/5439/3553 734/4285/3553 1534/726/3553 4044/725/3553
f 2478/5437/3554 4045/721/3554 2077/724/3554 733/4289/3554
f 909/1931/3555 2481/1936/3555 4045/721/3555 2478/5437/3555
f 2481/1936/3556 526/1935/3556 1326/722/3556 4045/721/3556
f 2482/1938/3557 4046/717/3557 2076/720/3557 732/1939/3557
f 910/1943/3558 2485/5432/3558 4046/717/3558 2482/1938/3558
f 2485/5432/3559 731/6079/3559 1531/718/3559 4046/717/3559
f 2486/1950/3560 4047/713/3560 1669/716/3560 325/1951/3560
f 911/5430/3561 2489/6080/3561 4047/713/3561 2486/1950/3561
f 2489/6080/3562 730/4293/3562 1530/714/3562 4047/713/3562
f 2490/1962/3563 4048/6081/3563 2073/4294/3563 729/1963/3563
f 912/1967/3564 2493/5421/3564 4048/709/3564 2490/6082/3564
f 2493/5421/3565 527/6083/3565 1327/710/3565 4048/709/3565
f 2494/1974/3566 4049/705/3566 2072/708/3566 728/1975/3566
f 913/6084/3567 2497/1984/3567 4049/705/3567 2494/1974/3567
f 2497/1984/3568 727/1983/3568 1527/706/3568 4049/705/3568
f 2498/1986/3569 4050/6085/3569 1728/6086/3569 384/1987/3569
f 914/1991/3570 2501/1996/3570 4050/6085/3570 2498/1986/3570
f 2501/1996/3571 726/1995/3571 1526/4297/3571 4050/6085/3571
f 2502/6087/3572 4051/697/3572 2069/700/3572 725/4300/3572
f 915/6088/3573 2505/6089/3573 4051/6090/3573 2502/1998/3573
f 2505/2008/3574 494/2007/3574 1294/698/3574 4051/697/3574
f 2506/5404/3575 4052/693/3575 2068/696/3575 724/6091/3575
f 916/2015/3576 2509/2020/3576 4052/6092/3576 2506/6093/3576
f 2509/2020/3577 723/2019/3577 1523/5410/3577 4052/6092/3577
f 2510/2022/3578 4053/6094/3578 1729/5695/3578 385/2023/3578
f 917/2027/3579 2513/5386/3579 4053/689/3579 2510/5393/3579
f 2513/5386/3580 722/4305/3580 1522/690/3580 4053/689/3580
f 2514/6095/3581 4054/685/3581 2065/688/3581 721/4309/3581
f 918/2039/3582 2517/2044/3582 4054/6096/3582 2514/2034/3582
f 2517/2044/3583 530/2043/3583 1330/5716/3583 4054/6096/3583
f 2518/2046/3584 4055/681/3584 2064/684/3584 720/2047/3584
f 919/2051/3585 2521/2056/3585 4055/681/3585 2518/2046/3585
f 2521/2056/3586 719/2055/3586 1519/682/3586 4055/681/3586
f 2522/6097/3587 4056/677/3587 1668/680/3587 324/6098/3587
f 920/2063/3588 2525/2068/3588 4056/677/3588 2522/6097/3588
f 2525/2068/3589 718/2067/3589 1518/678/3589 4056/677/3589
f 2526/2070/3590 4057/673/3590 2061/676/3590 717/2071/3590
f 921/2075/3591 2529/2080/3591 4057/673/3591 2526/2070/3591
f 2529/2080/3592 531/2079/3592 1331/674/3592 4057/673/3592
f 2530/2082/3593 4058/669/3593 2060/672/3593 716/2083/3593
f 922/2087/3594 2533/2092/3594 4058/669/3594 2530/2082/3594
f 2533/2092/3595 715/2091/3595 1515/670/3595 4058/669/3595
f 2534/2094/3596 4059/665/3596 1732/668/3596 388/2095/3596
f 923/2099/3597 2537/2104/3597 4059/665/3597 2534/2094/3597
f 2537/2104/3598 714/2103/3598 1514/666/3598 4059/665/3598
f 2538/2106/3599 4060/661/3599 2057/664/3599 713/2107/3599
f 924/2111/3600 2541/2116/3600 4060/6099/3600 2538/5353/3600
f 2541/2116/3601 507/2115/3601 1307/5418/3601 4060/6099/3601
f 2542/2118/3602 4061/657/3602 2056/660/3602 712/2119/3602
f 925/2123/3603 2545/2128/3603 4061/6100/3603 2542/5350/3603
f 2545/2128/3604 711/2127/3604 1511/5352/3604 4061/6100/3604
f 2546/2130/3605 4062/653/3605 1733/656/3605 389/2131/3605
f 926/2135/3606 2549/2140/3606 4062/653/3606 2546/2130/3606
f 2549/2140/3607 710/2139/3607 1510/654/3607 4062/653/3607
f 2550/2142/3608 4063/6101/3608 2053/6102/3608 709/2143/3608
f 927/5336/3609 2553/2152/3609 4063/6101/3609 2550/2142/3609
f 2553/2152/3610 534/2151/3610 1334/5729/3610 4063/6101/3610
f 2554/6103/3611 4064/645/3611 2052/648/3611 708/5319/3611
f 928/2159/3612 2557/2164/3612 4064/6104/3612 2554/2154/3612
f 2557/6105/3613 707/5339/3613 1507/646/3613 4064/645/3613
f 2558/2166/3614 4065/641/3614 1637/644/3614 293/2167/3614
f 929/5331/3615 2561/6106/3615 4065/641/3615 2558/2166/3615
f 2561/6106/3616 706/4330/3616 1506/642/3616 4065/641/3616
f 2562/2178/3617 4066/637/3617 2049/640/3617 705/2179/3617
f 930/2183/3618 2565/2188/3618 4066/637/3618 2562/2178/3618
f 2565/2188/3619 535/2187/3619 1335/638/3619 4066/637/3619
f 2566/2190/3620 4067/633/3620 2048/636/3620 704/2191/3620
f 931/2195/3621 2569/2200/3621 4067/633/3621 2566/2190/3621
f 2569/2200/3622 703/2199/3622 1503/634/3622 4067/633/3622
f 2570/2202/3623 4068/629/3623 1736/632/3623 392/2203/3623
f 932/2207/3624 2573/2212/3624 4068/629/3624 2570/2202/3624
f 2573/2212/3625 702/2211/3625 1502/630/3625 4068/629/3625
f 2574/6107/3626 4069/625/3626 2045/628/3626 701/4333/3626
f 933/2219/3627 2577/2224/3627 4069/6108/3627 2574/2214/3627
f 2577/6109/3628 506/4665/3628 1306/626/3628 4069/625/3628
f 2578/2226/3629 4070/621/3629 2044/624/3629 700/2227/3629
f 934/2231/3630 2581/2236/3630 4070/621/3630 2578/2226/3630
f 2581/2236/3631 699/2235/3631 1499/622/3631 4070/621/3631
f 2582/2238/3632 4071/6110/3632 1737/6111/3632 393/2239/3632
f 935/2243/3633 2585/2248/3633 4071/6110/3633 2582/2238/3633
f 2585/2248/3634 698/2247/3634 1498/4338/3634 4071/6110/3634
f 2586/2250/3635 4072/613/3635 2041/616/3635 697/2251/3635
f 936/2255/3636 2589/2260/3636 4072/613/3636 2586/2250/3636
f 2589/2260/3637 538/2259/3637 1338/614/3637 4072/613/3637
f 2590/6112/3638 4073/609/3638 2040/612/3638 696/6113/3638
f 937/5285/3639 2593/2272/3639 4073/609/3639 2590/6112/3639
f 2593/2272/3640 695/2271/3640 1495/610/3640 4073/609/3640
f 2594/6114/3641 4074/6115/3641 1665/4720/3641 321/4719/3641
f 938/5283/3642 2597/6116/3642 4074/605/3642 2594/2274/3642
f 2597/6116/3643 694/6117/3643 1494/606/3643 4074/605/3643
f 2598/5275/3644 4075/601/3644 2037/604/3644 693/6118/3644
f 939/2291/3645 2601/2296/3645 4075/601/3645 2598/5275/3645
f 2601/2296/3646 539/2295/3646 1339/602/3646 4075/601/3646
f 2602/2298/3647 4076/597/3647 2036/600/3647 692/2299/3647
f 940/5259/3648 2605/6119/3648 4076/597/3648 2602/2298/3648
f 2605/6120/3649 691/5266/3649 1491/6121/3649 4076/6122/3649
f 2606/2310/3650 4077/593/3650 1740/596/3650 396/2311/3650
f 941/2315/3651 2609/2320/3651 4077/593/3651 2606/2310/3651
f 2609/2320/3652 690/2319/3652 1490/594/3652 4077/593/3652
f 2610/2322/3653 4078/589/3653 2033/592/3653 689/2323/3653
f 942/2327/3654 2613/6123/3654 4078/589/3654 2610/2322/3654
f 2613/2332/3655 495/2331/3655 1295/4931/3655 4078/6124/3655
f 2614/2334/3656 4079/6125/3656 2032/6126/3656 688/2335/3656
f 943/2339/3657 2617/6127/3657 4079/6125/3657 2614/2334/3657
f 2617/2344/3658 687/2343/3658 1487/586/3658 4079/585/3658
f 2618/6128/3659 4080/581/3659 1741/584/3659 397/5739/3659
f 944/2351/3660 2621/2356/3660 4080/581/3660 2618/6128/3660
f 2621/2356/3661 686/2355/3661 1486/582/3661 4080/581/3661
f 2622/6129/3662 4081/6130/3662 2029/6131/3662 685/6132/3662
f 945/2363/3663 2625/2368/3663 4081/577/3663 2622/6133/3663
f 2625/2368/3664 542/2367/3664 1342/578/3664 4081/577/3664
f 2626/2370/3665 4082/573/3665 2028/576/3665 684/2371/3665
f 946/2375/3666 2629/5198/3666 4082/573/3666 2626/2370/3666
f 2629/5198/3667 683/6134/3667 1483/574/3667 4082/573/3667
f 2630/2382/3668 4083/569/3668 1664/572/3668 320/2383/3668
f 947/2387/3669 2633/2392/3669 4083/569/3669 2630/2382/3669
f 2633/2392/3670 682/2391/3670 1482/570/3670 4083/569/3670
f 2634/2394/3671 4084/6135/3671 2025/6136/3671 681/2395/3671
f 948/2399/3672 2637/2404/3672 4084/6135/3672 2634/2394/3672
f 2637/2404/3673 543/2403/3673 1343/6137/3673 4084/6135/3673
f 2638/2406/3674 4085/6138/3674 2024/6139/3674 680/2407/3674
f 949/2411/3675 2641/2416/3675 4085/6138/3675 2638/2406/3675
f 2641/2416/3676 679/2415/3676 1479/6140/3676 4085/6138/3676
f 2642/6141/3677 4086/557/3677 1744/560/3677 400/5199/3677
f 950/6142/3678 2645/2428/3678 4086/557/3678 2642/6141/3678
f 2645/2428/3679 678/2427/3679 1478/558/3679 4086/557/3679
f 2646/2430/3680 4087/553/3680 2021/556/3680 677/2431/3680
f 951/2435/3681 2649/2440/3681 4087/553/3681 2646/2430/3681
f 2649/2440/3682 503/2439/3682 1303/554/3682 4087/553/3682
f 2650/6143/3683 4088/549/3683 2020/552/3683 676/5123/3683
f 952/6144/3684 2653/6145/3684 4088/549/3684 2650/6143/3684
f 2653/6145/3685 675/5158/3685 1475/550/3685 4088/549/3685
f 2654/2454/3686 4089/545/3686 1745/548/3686 401/2455/3686
f 953/2459/3687 2657/5122/3687 4089/6146/3687 2654/5131/3687
f 2657/5122/3688 674/4389/3688 1474/4391/3688 4089/6146/3688
f 2658/5119/3689 4090/541/3689 2017/544/3689 673/6147/3689
f 954/2471/3690 2661/2476/3690 4090/541/3690 2658/5119/3690
f 2661/2476/3691 546/2475/3691 1346/542/3691 4090/541/3691
f 2662/2478/3692 4091/537/3692 2016/540/3692 672/2479/3692
f 955/2483/3693 2665/2488/3693 4091/537/3693 2662/2478/3693
f 2665/2488/3694 671/2487/3694 1471/538/3694 4091/537/3694
f 2666/5105/3695 4092/533/3695 1644/536/3695 300/6148/3695
f 956/2495/3696 2669/2500/3696 4092/533/3696 2666/5105/3696
f 2669/2500/3697 670/2499/3697 1470/534/3697 4092/533/3697
f 2670/2502/3698 4093/529/3698 2013/532/3698 669/2503/3698
f 957/5096/3699 2673/6149/3699 4093/529/3699 2670/2502/3699
f 2673/6149/3700 547/5066/3700 1347/530/3700 4093/529/3700
f 2674/2514/3701 4094/525/3701 2012/528/3701 668/2515/3701
f 958/2519/3702 2677/2524/3702 4094/525/3702 2674/2514/3702
f 2677/2524/3703 667/2523/3703 1467/526/3703 4094/525/3703
f 2678/2526/3704 4095/521/3704 1748/524/3704 404/2527/3704
f 959/2531/3705 2681/2536/3705 4095/521/3705 2678/2526/3705
f 2681/2536/3706 666/2535/3706 1466/522/3706 4095/521/3706
f 2682/6150/3707 4096/517/3707 2009/520/3707 665/6151/3707
f 960/6152/3708 2685/6153/3708 4096/517/3708 2682/6150/3708
f 2685/6153/3709 502/6154/3709 1302/518/3709 4096/517/3709
f 2686/6155/3710 4097/513/3710 2008/516/3710 664/5050/3710
f 961/2555/3711 2689/5057/3711 4097/513/3711 2686/6155/3711
f 2689/5057/3712 663/6156/3712 1463/514/3712 4097/513/3712
f 2690/5054/3713 4098/509/3713 1749/512/3713 405/6157/3713
f 962/2567/3714 2693/2572/3714 4098/509/3714 2690/5054/3714
f 2693/2572/3715 662/2571/3715 1462/510/3715 4098/509/3715
f 2694/2574/3716 4099/505/3716 2005/508/3716 661/2575/3716
f 963/2579/3717 2697/2584/3717 4099/505/3717 2694/2574/3717
f 2697/2584/3718 550/2583/3718 1350/506/3718 4099/505/3718
f 2698/6158/3719 4100/501/3719 2004/504/3719 660/5030/3719
f 964/2591/3720 2701/6159/3720 4100/501/3720 2698/6158/3720
f 2701/2596/3721 659/2595/3721 1459/5048/3721 4100/6160/3721
f 2702/2598/3722 4101/497/3722 1661/500/3722 317/2599/3722
f 965/5029/3723 2705/2608/3723 4101/6161/3723 2702/5035/3723
f 2705/2608/3724 658/2607/3724 1458/4416/3724 4101/6161/3724
f 2706/2610/3725 4102/493/3725 2001/496/3725 657/2611/3725
f 966/5025/3726 2709/6162/3726 4102/6163/3726 2706/5026/3726
f 2709/6162/3727 551/4976/3727 1351/4974/3727 4102/6163/3727
f 2710/2622/3728 4103/489/3728 2000/492/3728 656/2623/3728
f 967/2627/3729 2713/6164/3729 4103/6165/3729 2710/6166/3729
f 2713/6164/3730 655/5021/3730 1455/5023/3730 4103/6165/3730
f 2714/2634/3731 4104/485/3731 1752/488/3731 408/2635/3731
f 968/2639/3732 2717/2644/3732 4104/485/3732 2714/2634/3732
f 2717/2644/3733 654/2643/3733 1454/486/3733 4104/485/3733
f 2718/2646/3734 4105/481/3734 1997/484/3734 653/2647/3734
f 969/2651/3735 2721/4980/3735 4105/6167/3735 2718/4992/3735
f 2721/2656/3736 492/2655/3736 1292/482/3736 4105/481/3736
f 2722/2658/3737 4106/477/3737 1996/480/3737 652/2659/3737
f 970/4978/3738 2725/2668/3738 4106/477/3738 2722/2658/3738
f 2725/2668/3739 651/2667/3739 1451/478/3739 4106/477/3739
f 2726/4964/3740 4107/473/3740 1753/476/3740 409/6168/3740
f 971/4956/3741 2729/2680/3741 4107/6169/3741 2726/6170/3741
f 2729/2680/3742 650/2679/3742 1450/4434/3742 4107/6169/3742
f 2730/2682/3743 4108/6171/3743 1993/6172/3743 649/2683/3743
f 972/2687/3744 2733/2692/3744 4108/6171/3744 2730/2682/3744
f 2733/2692/3745 554/2691/3745 1354/6173/3745 4108/6171/3745
f 2734/2694/3746 4109/465/3746 1992/468/3746 648/2695/3746
f 973/2699/3747 2737/2704/3747 4109/465/3747 2734/2694/3747
f 2737/2704/3748 647/2703/3748 1447/466/3748 4109/465/3748
f 2738/2706/3749 4110/461/3749 1660/464/3749 316/2707/3749
f 974/2711/3750 2741/2716/3750 4110/461/3750 2738/2706/3750
f 2741/2716/3751 646/2715/3751 1446/462/3751 4110/461/3751
f 2742/2718/3752 4111/457/3752 1989/460/3752 645/2719/3752
f 975/2723/3753 2745/2728/3753 4111/457/3753 2742/2718/3753
f 2745/2728/3754 555/2727/3754 1355/458/3754 4111/457/3754
f 2746/2730/3755 4112/6174/3755 1988/6175/3755 644/2731/3755
f 976/4923/3756 2749/2740/3756 4112/6174/3756 2746/2730/3756
f 2749/2740/3757 643/2739/3757 1443/6176/3757 4112/6174/3757
f 2750/2742/3758 4113/449/3758 1756/452/3758 412/2743/3758
f 977/2747/3759 2753/2752/3759 4113/6177/3759 2750/4921/3759
f 2753/2752/3760 642/2751/3760 1442/4449/3760 4113/6177/3760
f 2754/6178/3761 4114/445/3761 1985/448/3761 641/4454/3761
f 978/6179/3762 2757/6180/3762 4114/6181/3762 2754/6182/3762
f 2757/6183/3763 499/5007/3763 1299/446/3763 4114/445/3763
f 2758/2766/3764 4115/6184/3764 1984/4888/3764 640/2767/3764
f 979/2771/3765 2761/4896/3765 4115/441/3765 2758/6185/3765
f 2761/4896/3766 639/6186/3766 1439/442/3766 4115/441/3766
f 2762/2778/3767 4116/437/3767 1757/440/3767 413/2779/3767
f 980/2783/3768 2765/2788/3768 4116/6187/3768 2762/4894/3768
f 2765/6188/3769 638/4459/3769 1438/438/3769 4116/437/3769
f 2766/2790/3770 4117/433/3770 1981/436/3770 637/2791/3770
f 981/2795/3771 2769/4881/3771 4117/433/3771 2766/2790/3771
f 2769/4881/3772 558/5867/3772 1358/434/3772 4117/433/3772
f 2770/6189/3773 4118/429/3773 1980/432/3773 636/4861/3773
f 982/4866/3774 2773/2812/3774 4118/429/3774 2770/6189/3774
f 2773/2812/3775 635/2811/3775 1435/430/3775 4118/429/3775
f 2774/2814/3776 4119/6190/3776 1645/5519/3776 301/2815/3776
f 983/2819/3777 2777/6191/3777 4119/6190/3777 2774/2814/3777
f 2777/2824/3778 634/2823/3778 1434/4463/3778 4119/6192/3778
f 2778/2826/3779 4120/6193/3779 1977/6194/3779 633/2827/3779
f 984/2831/3780 2781/2836/3780 4120/6193/3780 2778/2826/3780
f 2781/6195/3781 559/6196/3781 1359/6197/3781 4120/6198/3781
f 2782/2838/3782 4121/417/3782 1976/420/3782 632/2839/3782
f 985/2843/3783 2785/2848/3783 4121/417/3783 2782/2838/3783
f 2785/2848/3784 631/2847/3784 1431/418/3784 4121/417/3784
f 2786/6199/3785 4122/6200/3785 1760/4868/3785 416/4874/3785
f 986/6201/3786 2789/2860/3786 4122/6200/3786 2786/6199/3786
f 2789/6202/3787 630/4467/3787 1430/414/3787 4122/413/3787
f 2790/6203/3788 4123/409/3788 1973/412/3788 629/4476/3788
f 987/2867/3789 2793/4838/3789 4123/6204/3789 2790/4842/3789
f 2793/2872/3790 498/2871/3790 1298/4802/3790 4123/6205/3790
f 2794/2874/3791 4124/405/3791 1972/408/3791 628/2875/3791
f 988/6206/3792 2797/6207/3792 4124/6208/3792 2794/6209/3792
f 2797/6207/3793 627/6210/3793 1427/6211/3793 4124/6208/3793
f 2798/2886/3794 4125/6212/3794 1761/5863/3794 417/2887/3794
f 989/2891/3795 2801/2896/3795 4125/401/3795 2798/4832/3795
f 2801/2896/3796 626/2895/3796 1426/402/3796 4125/401/3796
f 2802/2898/3797 4126/397/3797 1969/400/3797 625/2899/3797
f 990/2903/3798 2805/2908/3798 4126/397/3798 2802/2898/3798
f 2805/2908/3799 562/2907/3799 1362/398/3799 4126/397/3799
f 2806/2910/3800 4127/393/3800 1968/396/3800 624/2911/3800
f 991/2915/3801 2809/2920/3801 4127/393/3801 2806/2910/3801
f 2809/2920/3802 623/2919/3802 1423/394/3802 4127/393/3802
f 2810/2922/3803 4128/389/3803 1657/392/3803 313/2923/3803
f 992/4812/3804 2813/2932/3804 4128/6213/3804 2810/6214/3804
f 2813/2932/3805 622/2931/3805 1422/4487/3805 4128/6213/3805
f 2814/2934/3806 4129/385/3806 1965/388/3806 621/2935/3806
f 993/2939/3807 2817/2944/3807 4129/385/3807 2814/2934/3807
f 2817/2944/3808 563/2943/3808 1363/386/3808 4129/385/3808
f 2818/4805/3809 4130/6215/3809 1964/4785/3809 620/4784/3809
f 994/4795/3810 2821/2956/3810 4130/381/3810 2818/6216/3810
f 2821/2956/3811 619/2955/3811 1419/382/3811 4130/381/3811
f 2822/2958/3812 4131/6217/3812 1764/6218/3812 420/2959/3812
f 995/2963/3813 2825/4783/3813 4131/6217/3813 2822/2958/3813
f 2825/2968/3814 618/2967/3814 1418/378/3814 4131/377/3814
f 2826/2970/3815 4132/373/3815 1961/376/3815 617/2971/3815
f 996/2975/3816 2829/2980/3816 4132/6219/3816 2826/4780/3816
f 2829/6220/3817 480/6221/3817 1280/374/3817 4132/373/3817
f 2830/2982/3818 4133/6222/3818 1960/4757/3818 616/2983/3818
f 997/2987/3819 2833/4760/3819 4133/369/3819 2830/4769/3819
f 2833/4760/3820 615/4778/3820 1415/370/3820 4133/369/3820
f 2834/2994/3821 4134/365/3821 1765/368/3821 421/2995/3821
f 998/2999/3822 2837/3004/3822 4134/365/3822 2834/2994/3822
f 2837/3004/3823 614/3003/3823 1414/366/3823 4134/365/3823
f 2838/3006/3824 4135/6223/3824 1957/4505/3824 613/3007/3824
f 999/4756/3825 2841/3016/3825 4135/6223/3825 2838/3006/3825
f 2841/3016/3826 566/3015/3826 1366/6224/3826 4135/6223/3826
f 2842/3018/3827 4136/357/3827 1956/360/3827 612/3019/3827
f 1000/3023/3828 2845/3028/3828 4136/6225/3828 2842/4747/3828
f 2845/3028/3829 611/3027/3829 1411/6226/3829 4136/6225/3829
f 2846/3030/3830 4137/6227/3830 1656/5416/3830 312/3031/3830
f 1001/3035/3831 2849/4739/3831 4137/6227/3831 2846/3030/3831
f 2849/3040/3832 610/3039/3832 1410/354/3832 4137/353/3832
f 2850/3042/3833 4138/349/3833 1953/352/3833 609/3043/3833
f 1002/3047/3834 2853/4731/3834 4138/349/3834 2850/3042/3834
f 2853/4731/3835 567/6228/3835 1367/350/3835 4138/349/3835
f 2854/3054/3836 4139/345/3836 1952/348/3836 608/3055/3836
f 1003/4729/3837 2857/6229/3837 4139/345/3837 2854/3054/3837
f 2857/3064/3838 607/3063/3838 1407/4736/3838 4139/6230/3838
f 2858/3066/3839 4140/341/3839 1768/344/3839 424/3067/3839
f 1004/4718/3840 2861/6231/3840 4140/341/3840 2858/3066/3840
f 2861/6231/3841 606/4520/3841 1406/342/3841 4140/341/3841
f 2862/3078/3842 4141/337/3842 1949/340/3842 605/3079/3842
f 1005/3083/3843 2865/3088/3843 4141/337/3843 2862/3078/3843
f 2865/3088/3844 483/3087/3844 1283/338/3844 4141/337/3844
f 2866/6232/3845 4142/333/3845 1948/336/3845 604/4688/3845
f 1006/3095/3846 2869/3100/3846 4142/333/3846 2866/6232/3846
f 2869/3100/3847 603/3099/3847 1403/334/3847 4142/333/3847
f 2870/6233/3848 4143/329/3848 1769/332/3848 425/5897/3848
f 1007/3107/3849 2873/3112/3849 4143/6234/3849 2870/4698/3849
f 2873/3112/3850 602/3111/3850 1402/4524/3850 4143/6234/3850
f 2874/6235/3851 4144/6236/3851 1945/4529/3851 601/4528/3851
f 1008/3119/3852 2877/6237/3852 4144/6236/3852 2874/6235/3852
f 2877/3124/3853 570/3123/3853 1370/326/3853 4144/325/3853
f 2878/3126/3854 4145/321/3854 1944/324/3854 600/3127/3854
f 1009/3131/3855 2881/3136/3855 4145/321/3855 2878/3126/3855
f 2881/3136/3856 599/3135/3856 1399/322/3856 4145/321/3856
f 2882/3138/3857 4146/317/3857 1649/320/3857 305/3139/3857
f 1010/4674/3858 2885/6238/3858 4146/317/3858 2882/3138/3858
f 2885/6238/3859 598/4532/3859 1398/318/3859 4146/317/3859
f 2886/3150/3860 4147/313/3860 1941/316/3860 597/3151/3860
f 1011/3155/3861 2889/3160/3861 4147/313/3861 2886/3150/3861
f 2889/3160/3862 571/3159/3862 1371/314/3862 4147/313/3862
f 2890/3162/3863 4148/6239/3863 1940/4656/3863 596/3163/3863
f 1012/3167/3864 2893/3172/3864 4148/309/3864 2890/4668/3864
f 2893/3172/3865 595/3171/3865 1395/310/3865 4148/309/3865
f 2894/3174/3866 4149/305/3866 1772/308/3866 428/3175/3866
f 1013/4660/3867 2897/6240/3867 4149/305/3867 2894/3174/3867
f 2897/3184/3868 594/3183/3868 1394/4540/3868 4149/6241/3868
f 2898/3186/3869 4150/301/3869 1937/304/3869 593/3187/3869
f 1014/4655/3870 2901/6242/3870 4150/301/3870 2898/3186/3870
f 2901/3196/3871 482/3195/3871 1282/5470/3871 4150/6243/3871
f 2902/3198/3872 4151/297/3872 1936/300/3872 592/3199/3872
f 1015/3203/3873 2905/3208/3873 4151/297/3873 2902/3198/3873
f 2905/3208/3874 591/3207/3874 1391/298/3874 4151/297/3874
f 2906/3210/3875 4152/293/3875 1773/296/3875 429/3211/3875
f 1016/3215/3876 2909/4640/3876 4152/293/3876 2906/3210/3876
f 2909/4640/3877 590/4544/3877 1390/294/3877 4152/293/3877
f 2910/6244/3878 4153/289/3878 1933/292/3878 589/6245/3878
f 1017/6246/3879 2913/3232/3879 4153/289/3879 2910/6244/3879
f 2913/3232/3880 574/3231/3880 1374/290/3880 4153/289/3880
f 2914/3234/3881 4154/285/3881 1932/288/3881 588/3235/3881
f 1018/3239/3882 2917/3244/3882 4154/285/3882 2914/3234/3882
f 2917/3244/3883 587/3243/3883 1387/286/3883 4154/285/3883
f 2918/3246/3884 4155/281/3884 1653/284/3884 309/3247/3884
f 1019/3251/3885 2921/3256/3885 4155/281/3885 2918/3246/3885
f 2921/3256/3886 586/3255/3886 1386/282/3886 4155/281/3886
f 2922/4625/3887 4156/277/3887 1929/280/3887 585/6247/3887
f 1020/4617/3888 2925/3268/3888 4156/277/3888 2922/4625/3888
f 2925/3268/3889 575/3267/3889 1375/278/3889 4156/277/3889
f 2926/4614/3890 4157/273/3890 1928/276/3890 584/6248/3890
f 1021/3275/3891 2929/3280/3891 4157/273/3891 2926/4614/3891
f 2929/3280/3892 583/3279/3892 1383/274/3892 4157/273/3892
f 2930/3282/3893 4158/269/3893 1776/272/3893 432/3283/3893
f 1022/3287/3894 2933/3292/3894 4158/6249/3894 2930/4606/3894
f 2933/3292/3895 582/3291/3895 1382/4565/3895 4158/6249/3895
f 2934/3294/3896 4159/6250/3896 1925/4571/3896 581/3295/3896
f 1023/4594/3897 2937/4593/3897 4159/6250/3897 2934/3294/3897
f 2937/3304/3898 476/3303/3898 1276/266/3898 4159/265/3898
f 2938/3306/3899 4160/261/3899 1924/264/3899 580/3307/3899
f 1024/3311/3900 2941/3316/3900 4160/261/3900 2938/3306/3900
f 2941/3316/3901 579/3315/3901 1379/262/3901 4160/261/3901
f 2942/3318/3902 4161/6251/3902 1777/5942/3902 433/3319/3902
f 1025/6252/3903 2945/6253/3903 4161/6254/3903 2942/6255/3903
f 2945/3328/3904 578/3327/3904 1378/258/3904 4161/257/3904
f 2946/6256/3905 4162/6257/3905 1921/6258/3905 577/5959/3905
f 1026/6259/3906 2949/6260/3906 4162/6257/3906 2946/6256/3906
f 2949/4569/3907 332/6261/3907 1132/254/3907 4162/253/3907
f 2950/3342/3908 4163/249/3908 1920/252/3908 576/3343/3908
f 1027/3347/3909 2953/6262/3909 4163/6263/3909 2950/4566/3909
f 2953/6262/3910 431/4580/3910 1231/4576/3910 4163/6263/3910
f 2954/3354/3911 4164/245/3911 1797/248/3911 453/3355/3911
f 1028/4556/3912 2957/6264/3912 4164/245/3912 2954/3354/3912
f 2957/6264/3913 430/5939/3913 1230/246/3913 4164/245/3913
f 2958/3366/3914 4165/241/3914 1917/244/3914 573/3367/3914
f 1029/3371/3915 2961/3376/3915 4165/241/3915 2958/3366/3915
f 2961/3376/3916 338/3375/3916 1138/242/3916 4165/241/3916
f 2962/3378/3917 4166/237/3917 1916/240/3917 572/3379/3917
f 1030/4535/3918 2965/3388/3918 4166/237/3918 2962/3378/3918
f 2965/3388/3919 427/3387/3919 1227/238/3919 4166/237/3919
f 2966/3390/3920 4167/233/3920 1793/236/3920 449/3391/3920
f 1031/4527/3921 2969/3400/3921 4167/233/3921 2966/3390/3921
f 2969/3400/3922 426/3399/3922 1226/234/3922 4167/233/3922
f 2970/3402/3923 4168/6265/3923 1913/5908/3923 569/3403/3923
f 1032/3407/3924 2973/3412/3924 4168/6266/3924 2970/4525/3924
f 2973/3412/3925 339/3411/3925 1139/4847/3925 4168/6266/3925
f 2974/3414/3926 4169/225/3926 1912/228/3926 568/3415/3926
f 1033/4522/3927 2977/6267/3927 4169/225/3927 2974/3414/3927
f 2977/6267/3928 423/4697/3928 1223/226/3928 4169/225/3928
f 2978/3426/3929 4170/221/3929 1800/224/3929 456/3427/3929
f 1034/4502/3930 2981/3436/3930 4170/221/3930 2978/3426/3930
f 2981/3436/3931 422/3435/3931 1222/222/3931 4170/221/3931
f 2982/3438/3932 4171/217/3932 1909/220/3932 565/3439/3932
f 1035/4500/3933 2985/3448/3933 4171/217/3933 2982/3438/3933
f 2985/3448/3934 336/3447/3934 1136/218/3934 4171/217/3934
f 2986/3450/3935 4172/6268/3935 1908/4819/3935 564/3451/3935
f 1036/3455/3936 2989/3460/3936 4172/213/3936 2986/4492/3936
f 2989/3460/3937 419/3459/3937 1219/214/3937 4172/213/3937
f 2990/3462/3938 4173/209/3938 1801/212/3938 457/3463/3938
f 1037/3467/3939 2993/3472/3939 4173/209/3939 2990/3462/3939
f 2993/3472/3940 418/3471/3940 1218/210/3940 4173/209/3940
f 2994/3474/3941 4174/205/3941 1905/208/3941 561/3475/3941
f 1038/3479/3942 2997/4475/3942 4174/6269/3942 2994/6270/3942
f 2997/4475/3943 354/4793/3943 1154/4791/3943 4174/6269/3943
f 2998/3486/3944 4175/201/3944 1904/204/3944 560/3487/3944
f 1039/3491/3945 3001/3496/3945 4175/201/3945 2998/3486/3945
f 3001/3496/3946 415/3495/3946 1215/202/3946 4175/201/3946
f 3002/3498/3947 4176/197/3947 1789/200/3947 445/3499/3947
f 1040/3503/3948 3005/3508/3948 4176/197/3948 3002/3498/3948
f 3005/3508/3949 414/3507/3949 1214/198/3949 4176/197/3949
f 3006/3510/3950 4177/6271/3950 1901/5856/3950 557/3511/3950
f 1041/3515/3951 3009/4453/3951 4177/6271/3951 3006/3510/3951
f 3009/3520/3952 355/3519/3952 1155/4993/3952 4177/6272/3952
f 3010/3522/3953 4178/189/3953 1900/192/3953 556/3523/3953
f 1042/4450/3954 3013/6273/3954 4178/6274/3954 3010/4451/3954
f 3013/6273/3955 411/6275/3955 1211/4890/3955 4178/6274/3955
f 3014/6276/3956 4179/6277/3956 1804/6278/3956 460/6279/3956
f 1043/3539/3957 3017/4440/3957 4179/6280/3957 3014/3534/3957
f 3017/6281/3958 410/5845/3958 1210/186/3958 4179/185/3958
f 3018/3546/3959 4180/6282/3959 1897/5827/3959 553/3547/3959
f 1044/3551/3960 3021/3556/3960 4180/181/3960 3018/4438/3960
f 3021/3556/3961 348/3555/3961 1148/182/3961 4180/181/3961
f 3022/3558/3962 4181/177/3962 1896/180/3962 552/3559/3962
f 1045/3563/3963 3025/3568/3963 4181/177/3963 3022/3558/3963
f 3025/3568/3964 407/3567/3964 1207/178/3964 4181/177/3964
f 3026/3570/3965 4182/173/3965 1805/176/3965 461/3571/3965
f 1046/4417/3966 3029/6283/3966 4182/6284/3966 3026/4418/3966
f 3029/6283/3967 406/5816/3967 1206/5818/3967 4182/6284/3967
f 3030/4405/3968 4183/169/3968 1893/172/3968 549/5808/3968
f 1047/3587/3969 3033/3592/3969 4183/169/3969 3030/4405/3969
f 3033/3592/3970 358/3591/3970 1158/170/3970 4183/169/3970
f 3034/3594/3971 4184/165/3971 1892/168/3971 548/3595/3971
f 1048/3599/3972 3037/3604/3972 4184/165/3972 3034/3594/3972
f 3037/3604/3973 403/3603/3973 1203/166/3973 4184/165/3973
f 3038/3606/3974 4185/6285/3974 1788/6286/3974 444/3607/3974
f 1049/3611/3975 3041/3616/3975 4185/6285/3975 3038/3606/3975
f 3041/3616/3976 402/3615/3976 1202/5794/3976 4185/6285/3976
f 3042/3618/3977 4186/157/3977 1889/160/3977 545/3619/3977
f 1050/3623/3978 3045/3628/3978 4186/6287/3978 3042/6288/3978
f 3045/3628/3979 359/3627/3979 1159/5245/3979 4186/6287/3979
f 3046/3630/3980 4187/153/3980 1888/156/3980 544/3631/3980
f 1051/4386/3981 3049/6289/3981 4187/153/3981 3046/3630/3981
f 3049/3640/3982 399/3639/3982 1199/5127/3982 4187/6290/3982
f 3050/3642/3983 4188/149/3983 1808/152/3983 464/3643/3983
f 1052/3647/3984 3053/4371/3984 4188/149/3984 3050/3642/3984
f 3053/4371/3985 398/6291/3985 1198/150/3985 4188/149/3985
f 3054/3654/3986 4189/6292/3986 1885/6293/3986 541/3655/3986
f 1053/4368/3987 3057/6294/3987 4189/145/3987 3054/4369/3987
f 3057/6294/3988 351/6295/3988 1151/146/3988 4189/145/3988
f 3058/3666/3989 4190/6296/3989 1884/5295/3989 540/3667/3989
f 1054/3671/3990 3061/3676/3990 4190/141/3990 3058/6297/3990
f 3061/3676/3991 395/3675/3991 1195/142/3991 4190/141/3991
f 3062/3678/3992 4191/6298/3992 1809/4732/3992 465/3679/3992
f 1055/3683/3993 3065/3688/3993 4191/137/3993 3062/6299/3993
f 3065/3688/3994 394/3687/3994 1194/138/3994 4191/137/3994
f 3066/3690/3995 4192/133/3995 1881/136/3995 537/3691/3995
f 1056/3695/3996 3069/3700/3996 4192/133/3996 3066/3690/3996
f 3069/3700/3997 362/3699/3997 1162/134/3997 4192/133/3997
f 3070/3702/3998 4193/129/3998 1880/132/3998 536/3703/3998
f 1057/3707/3999 3073/3712/3999 4193/129/3999 3070/3702/3999
f 3073/3712/4000 391/3711/4000 1191/130/4000 4193/129/4000
f 3074/3714/4001 4194/125/4001 1781/128/4001 437/3715/4001
f 1058/4332/4002 3077/6300/4002 4194/125/4002 3074/3714/4002
f 3077/6300/4003 390/5722/4003 1190/126/4003 4194/125/4003
f 3078/3726/4004 4195/121/4004 1877/124/4004 533/3727/4004
f 1059/3731/4005 3081/4322/4005 4195/121/4005 3078/3726/4005
f 3081/4322/4006 363/6301/4006 1163/122/4006 4195/121/4006
f 3082/3738/4007 4196/117/4007 1876/120/4007 532/3739/4007
f 1060/4313/4008 3085/3748/4008 4196/117/4008 3082/3738/4008
f 3085/3748/4009 387/3747/4009 1187/118/4009 4196/117/4009
f 3086/3750/4010 4197/113/4010 1812/116/4010 468/3751/4010
f 1061/3755/4011 3089/6302/4011 4197/113/4011 3086/3750/4011
f 3089/6302/4012 386/6303/4012 1186/114/4012 4197/113/4012
f 3090/3762/4013 4198/109/4013 1873/112/4013 529/3763/4013
f 1062/3767/4014 3093/3772/4014 4198/109/4014 3090/3762/4014
f 3093/3772/4015 350/3771/4015 1150/110/4015 4198/109/4015
f 3094/3774/4016 4199/105/4016 1872/108/4016 528/3775/4016
f 1063/4299/4017 3097/6304/4017 4199/105/4017 3094/3774/4017
f 3097/6304/4018 383/5391/4018 1183/106/4018 4199/105/4018
f 3098/6305/4019 4200/101/4019 1813/104/4019 469/4669/4019
f 1064/3791/4020 3101/3796/4020 4200/6306/4020 3098/3786/4020
f 3101/3796/4021 382/3795/4021 1182/5693/4021 4200/6306/4021
f 3102/4287/4022 4201/97/4022 1869/100/4022 525/5687/4022
f 1065/3803/4023 3105/4283/4023 4201/97/4023 3102/4287/4023
f 3105/4283/4024 366/6307/4024 1166/98/4024 4201/97/4024
f 3106/4280/4025 4202/6308/4025 1868/6309/4025 524/6310/4025
f 1066/3815/4026 3109/3820/4026 4202/93/4026 3106/3810/4026
f 3109/3820/4027 379/3819/4027 1179/94/4027 4202/93/4027
f 3110/3822/4028 4203/89/4028 1785/92/4028 441/3823/4028
f 1067/4277/4029 3113/6311/4029 4203/89/4029 3110/3822/4029
f 3113/6311/4030 378/5681/4030 1178/90/4030 4203/89/4030
f 3114/3834/4031 4204/85/4031 1865/88/4031 521/3835/4031
f 1068/3839/4032 3117/3844/4032 4204/6312/4032 3114/4271/4032
f 3117/6313/4033 367/6314/4033 1167/6315/4033 4204/6316/4033
f 3118/3846/4034 4205/81/4034 1864/84/4034 520/3847/4034
f 1069/3851/4035 3121/3856/4035 4205/6317/4035 3118/6318/4035
f 3121/3856/4036 375/3855/4036 1175/5496/4036 4205/6317/4036
f 3122/3858/4037 4206/77/4037 1816/80/4037 472/3859/4037
f 1070/4251/4038 3125/3868/4038 4206/77/4038 3122/3858/4038
f 3125/3868/4039 374/3867/4039 1174/78/4039 4206/77/4039
f 3126/3870/4040 4207/73/4040 1861/76/4040 517/3871/4040
f 1071/4249/4041 3129/6319/4041 4207/73/4041 3126/3870/4041
f 3129/3880/4042 344/3879/4042 1144/6320/4042 4207/6321/4042
f 3130/3882/4043 4208/6322/4043 1860/5625/4043 516/3883/4043
f 1072/3887/4044 3133/4236/4044 4208/69/4044 3130/4245/4044
f 3133/4236/4045 371/6323/4045 1171/70/4045 4208/69/4045
f 3134/6324/4046 4209/65/4046 1817/68/4046 473/4618/4046
f 1073/6325/4047 3137/6326/4047 4209/65/4047 3134/6324/4047
f 3137/6326/4048 370/5643/4048 1170/66/4048 4209/65/4048
f 3138/4228/4049 4210/61/4049 1857/64/4049 513/6327/4049
f 1074/4222/4050 3141/3916/4050 4210/6328/4050 3138/6329/4050
f 3141/3916/4051 304/3915/4051 1104/6330/4051 4210/6328/4051
f 3142/3918/4052 4211/57/4052 1856/60/4052 512/3919/4052
f 1075/4220/4053 3145/6331/4053 4211/57/4053 3142/3918/4053
f 3145/6331/4054 327/5604/4054 1127/58/4054 4211/57/4054
f 3146/3930/4055 4212/53/4055 1825/56/4055 481/3931/4055
f 1076/4209/4056 3149/3940/4056 4212/53/4056 3146/3930/4056
f 3149/3940/4057 326/3939/4057 1126/54/4057 4212/53/4057
f 3150/3942/4058 4213/49/4058 1853/52/4058 509/3943/4058
f 1077/3947/4059 3153/4201/4059 4213/49/4059 3150/3942/4059
f 3153/4201/4060 310/5537/4060 1110/50/4060 4213/49/4060
f 3154/3954/4061 4214/45/4061 1852/48/4061 508/3955/4061
f 1078/3959/4062 3157/3964/4062 4214/6332/4062 3154/4199/4062
f 3157/3964/4063 323/3963/4063 1123/5428/4063 4214/6332/4063
f 3158/3966/4064 4215/41/4064 1821/44/4064 477/3967/4064
f 1079/4194/4065 3161/6333/4065 4215/41/4065 3158/3966/4065
f 3161/6333/4066 322/4672/4066 1122/42/4066 4215/41/4066
f 3162/4190/4067 4216/37/4067 1849/40/4067 505/6334/4067
f 1080/3983/4068 3165/3988/4068 4216/37/4068 3162/4190/4068
f 3165/3988/4069 311/3987/4069 1111/38/4069 4216/37/4069
f 3166/6335/4070 4217/33/4070 1848/36/4070 504/5069/4070
f 1081/4168/4071 3169/4167/4071 4217/33/4071 3166/6335/4071
f 3169/4167/4072 319/6336/4072 1119/34/4072 4217/33/4072
f 3170/4002/4073 4218/29/4073 1828/32/4073 484/4003/4073
f 1082/4007/4074 3173/4012/4074 4218/29/4074 3170/4002/4074
f 3173/4012/4075 318/4011/4075 1118/30/4075 4218/29/4075
f 3174/6337/4076 4219/6338/4076 1845/4772/4076 501/4771/4076
f 1083/6339/4077 3177/6340/4077 4219/6338/4077 3174/6337/4077
f 3177/4024/4078 308/4023/4078 1108/26/4078 4219/25/4078
f 3178/4026/4079 4220/6341/4079 1844/4839/4079 500/4027/4079
f 1084/4031/4080 3181/6342/4080 4220/21/4080 3178/6343/4080
f 3181/6342/4081 315/5033/4081 1115/22/4081 4220/21/4081
f 3182/6344/4082 4221/17/4082 1829/20/4082 485/6345/4082
f 1085/6346/4083 3185/4048/4083 4221/17/4083 3182/6344/4083
f 3185/4048/4084 314/4047/4084 1114/18/4084 4221/17/4084
f 3186/4050/4085 4222/6347/4085 1841/6348/4085 497/4051/4085
f 1086/4125/4086 3189/6349/4086 4222/6347/4086 3186/4050/4086
f 3189/4060/4087 296/4059/4087 1096/14/4087 4222/13/4087
f 3190/4062/4088 4223/9/4088 1840/12/4088 496/4063/4088
f 1087/4116/4089 3193/4072/4089 4223/9/4089 3190/4062/4089
f 3193/4072/4090 299/4071/4090 1099/10/4090 4223/9/4090
f 3194/4074/4091 4224/5/4091 1833/8/4091 489/4075/4091
f 1088/4107/4092 3197/6350/4092 4224/5/4092 3194/4074/4092
f 3197/6350/4093 298/5473/4093 1098/6/4093 4224/5/4093
f 3198/4086/4094 4225/1/4094 1837/4/4094 493/4087/4094
f 1089/4099/4095 3201/6351/4095 4225/1/4095 3198/4086/4095
f 3201/6351/4096 292/6352/4096 1092/2/4096 4225/1/4096
